ISO-10303-21;
HEADER;
FILE_DESCRIPTION(('KiCad electronic assembly'),'2;1');
FILE_NAME('pcb model2.step','2026-05-09T01:13:08',('Pcbnew'),('Kicad'),
  'Open CASCADE STEP processor 7.9','KiCad to STEP converter','Unknown'
  );
FILE_SCHEMA(('AUTOMOTIVE_DESIGN { 1 0 10303 214 1 1 1 1 }'));
ENDSEC;
DATA;
#1 = APPLICATION_PROTOCOL_DEFINITION('international standard',
  'automotive_design',2000,#2);
#2 = APPLICATION_CONTEXT(
  'core data for automotive mechanical design processes');
#3 = SHAPE_DEFINITION_REPRESENTATION(#4,#10);
#4 = PRODUCT_DEFINITION_SHAPE('','',#5);
#5 = PRODUCT_DEFINITION('design','',#6,#9);
#6 = PRODUCT_DEFINITION_FORMATION('','',#7);
#7 = PRODUCT('pcb model2 1','pcb model2 1','',(#8));
#8 = PRODUCT_CONTEXT('',#2,'mechanical');
#9 = PRODUCT_DEFINITION_CONTEXT('part definition',#2,'design');
#10 = SHAPE_REPRESENTATION('',(#11,#15,#19,#23,#27,#31,#35,#39,#43,#47,
    #51),#55);
#11 = AXIS2_PLACEMENT_3D('',#12,#13,#14);
#12 = CARTESIAN_POINT('',(0.,0.,0.));
#13 = DIRECTION('',(0.,0.,1.));
#14 = DIRECTION('',(1.,0.,-0.));
#15 = AXIS2_PLACEMENT_3D('',#16,#17,#18);
#16 = CARTESIAN_POINT('',(84.5,-141.5,1.595));
#17 = DIRECTION('',(0.,-0.,1.));
#18 = DIRECTION('',(1.110223024625E-16,1.,0.));
#19 = AXIS2_PLACEMENT_3D('',#20,#21,#22);
#20 = CARTESIAN_POINT('',(84.45,-109.25,1.595));
#21 = DIRECTION('',(0.,-0.,1.));
#22 = DIRECTION('',(1.110223024625E-16,1.,0.));
#23 = AXIS2_PLACEMENT_3D('',#24,#25,#26);
#24 = CARTESIAN_POINT('',(84.45,-125.,1.595));
#25 = DIRECTION('',(0.,-0.,1.));
#26 = DIRECTION('',(1.110223024625E-16,1.,0.));
#27 = AXIS2_PLACEMENT_3D('',#28,#29,#30);
#28 = CARTESIAN_POINT('',(101.95,-125.,1.595));
#29 = DIRECTION('',(0.,-0.,1.));
#30 = DIRECTION('',(1.110223024625E-16,1.,0.));
#31 = AXIS2_PLACEMENT_3D('',#32,#33,#34);
#32 = CARTESIAN_POINT('',(65.,-89.69,1.595));
#33 = DIRECTION('',(1.224646799147E-16,0.,-1.));
#34 = DIRECTION('',(-1.,0.,-1.224646799147E-16));
#35 = AXIS2_PLACEMENT_3D('',#36,#37,#38);
#36 = CARTESIAN_POINT('',(57.,-134.,1.595));
#37 = DIRECTION('',(0.,0.,1.));
#38 = DIRECTION('',(1.,0.,0.));
#39 = AXIS2_PLACEMENT_3D('',#40,#41,#42);
#40 = CARTESIAN_POINT('',(67.,-125.,1.595));
#41 = DIRECTION('',(0.,-0.,1.));
#42 = DIRECTION('',(1.110223024625E-16,1.,0.));
#43 = AXIS2_PLACEMENT_3D('',#44,#45,#46);
#44 = CARTESIAN_POINT('',(111.,-64.38,1.595));
#45 = DIRECTION('',(0.,0.,1.));
#46 = DIRECTION('',(1.,0.,0.));
#47 = AXIS2_PLACEMENT_3D('',#48,#49,#50);
#48 = CARTESIAN_POINT('',(62.,-149.5,-8.5E-02));
#49 = DIRECTION('',(-1.224646799147E-16,-1.359631073447E-32,-1.));
#50 = DIRECTION('',(1.110223024625E-16,-1.,0.));
#51 = AXIS2_PLACEMENT_3D('',#52,#53,#54);
#52 = CARTESIAN_POINT('',(0.,0.,0.));
#53 = DIRECTION('',(0.,0.,1.));
#54 = DIRECTION('',(1.,0.,-0.));
#55 = ( GEOMETRIC_REPRESENTATION_CONTEXT(3) 
GLOBAL_UNCERTAINTY_ASSIGNED_CONTEXT((#59)) GLOBAL_UNIT_ASSIGNED_CONTEXT(
(#56,#57,#58)) REPRESENTATION_CONTEXT('Context #1',
  '3D Context with UNIT and UNCERTAINTY') );
#56 = ( LENGTH_UNIT() NAMED_UNIT(*) SI_UNIT(.MILLI.,.METRE.) );
#57 = ( NAMED_UNIT(*) PLANE_ANGLE_UNIT() SI_UNIT($,.RADIAN.) );
#58 = ( NAMED_UNIT(*) SI_UNIT($,.STERADIAN.) SOLID_ANGLE_UNIT() );
#59 = UNCERTAINTY_MEASURE_WITH_UNIT(LENGTH_MEASURE(1.E-06),#56,
  'distance_accuracy_value','confusion accuracy');
#60 = PRODUCT_RELATED_PRODUCT_CATEGORY('part',$,(#7));
#61 = SHAPE_DEFINITION_REPRESENTATION(#62,#68);
#62 = PRODUCT_DEFINITION_SHAPE('','',#63);
#63 = PRODUCT_DEFINITION('design','',#64,#67);
#64 = PRODUCT_DEFINITION_FORMATION('','',#65);
#65 = PRODUCT('TS04-66-50','TS04-66-50','',(#66));
#66 = PRODUCT_CONTEXT('',#2,'mechanical');
#67 = PRODUCT_DEFINITION_CONTEXT('part definition',#2,'design');
#68 = SHAPE_REPRESENTATION('',(#11,#69,#73,#77,#81),#85);
#69 = AXIS2_PLACEMENT_3D('',#70,#71,#72);
#70 = CARTESIAN_POINT('',(0.,0.,0.));
#71 = DIRECTION('',(0.,0.,1.));
#72 = DIRECTION('',(1.,0.,0.));
#73 = AXIS2_PLACEMENT_3D('',#74,#75,#76);
#74 = CARTESIAN_POINT('',(0.,0.,0.));
#75 = DIRECTION('',(0.,0.,1.));
#76 = DIRECTION('',(1.,0.,0.));
#77 = AXIS2_PLACEMENT_3D('',#78,#79,#80);
#78 = CARTESIAN_POINT('',(0.,0.,0.));
#79 = DIRECTION('',(0.,0.,1.));
#80 = DIRECTION('',(1.,0.,0.));
#81 = AXIS2_PLACEMENT_3D('',#82,#83,#84);
#82 = CARTESIAN_POINT('',(0.,0.,0.));
#83 = DIRECTION('',(0.,0.,1.));
#84 = DIRECTION('',(1.,0.,0.));
#85 = ( GEOMETRIC_REPRESENTATION_CONTEXT(3) 
GLOBAL_UNCERTAINTY_ASSIGNED_CONTEXT((#89)) GLOBAL_UNIT_ASSIGNED_CONTEXT(
(#86,#87,#88)) REPRESENTATION_CONTEXT('Context #1',
  '3D Context with UNIT and UNCERTAINTY') );
#86 = ( LENGTH_UNIT() NAMED_UNIT(*) SI_UNIT(.MILLI.,.METRE.) );
#87 = ( NAMED_UNIT(*) PLANE_ANGLE_UNIT() SI_UNIT($,.RADIAN.) );
#88 = ( NAMED_UNIT(*) SI_UNIT($,.STERADIAN.) SOLID_ANGLE_UNIT() );
#89 = UNCERTAINTY_MEASURE_WITH_UNIT(LENGTH_MEASURE(2.E-06),#86,
  'distance_accuracy_value','confusion accuracy');
#90 = CONTEXT_DEPENDENT_SHAPE_REPRESENTATION(#91,#93);
#91 = ( REPRESENTATION_RELATIONSHIP('','',#68,#10) 
REPRESENTATION_RELATIONSHIP_WITH_TRANSFORMATION(#92) 
SHAPE_REPRESENTATION_RELATIONSHIP() );
#92 = ITEM_DEFINED_TRANSFORMATION('','',#11,#15);
#93 = PRODUCT_DEFINITION_SHAPE('Placement','Placement of an item',#94);
#94 = NEXT_ASSEMBLY_USAGE_OCCURRENCE('5','SW2','',#5,#63,$);
#95 = PRODUCT_RELATED_PRODUCT_CATEGORY('part',$,(#65));
#96 = SHAPE_DEFINITION_REPRESENTATION(#97,#103);
#97 = PRODUCT_DEFINITION_SHAPE('','',#98);
#98 = PRODUCT_DEFINITION('design','',#99,#102);
#99 = PRODUCT_DEFINITION_FORMATION('','',#100);
#100 = PRODUCT('TS02-66-43-BK-160_body','TS02-66-43-BK-160_body','',(
    #101));
#101 = PRODUCT_CONTEXT('',#2,'mechanical');
#102 = PRODUCT_DEFINITION_CONTEXT('part definition',#2,'design');
#103 = ADVANCED_BREP_SHAPE_REPRESENTATION('',(#11,#104),#2524);
#104 = MANIFOLD_SOLID_BREP('',#105);
#105 = CLOSED_SHELL('',(#106,#148,#190,#232,#274,#316,#358,#400,#442,
    #484,#526,#568,#610,#652,#694,#736,#778,#815,#839,#848,#868,#892,
    #929,#953,#962,#982,#1006,#1043,#1067,#1076,#1096,#1120,#1188,#1226,
    #1266,#1306,#1346,#1423,#1447,#1517,#1539,#1561,#1578,#1609,#1633,
    #1650,#1681,#1705,#1722,#1760,#1784,#1808,#1825,#1863,#1887,#1904,
    #1942,#1966,#1983,#2020,#2037,#2054,#2078,#2102,#2119,#2162,#2205,
    #2237,#2269,#2294,#2306,#2318,#2330,#2342,#2385,#2409,#2418,#2442,
    #2474,#2491,#2503));
#106 = ADVANCED_FACE('',(#107),#143,.T.);
#107 = FACE_BOUND('',#108,.T.);
#108 = EDGE_LOOP('',(#109,#119,#128,#136));
#109 = ORIENTED_EDGE('',*,*,#110,.T.);
#110 = EDGE_CURVE('',#111,#113,#115,.T.);
#111 = VERTEX_POINT('',#112);
#112 = CARTESIAN_POINT('',(3.000002224251,-1.597981848718,0.35));
#113 = VERTEX_POINT('',#114);
#114 = CARTESIAN_POINT('',(3.000002224251,-1.597981848718,
    -8.673617379884E-16));
#115 = LINE('',#116,#117);
#116 = CARTESIAN_POINT('',(3.000002224251,-1.597981848718,0.35));
#117 = VECTOR('',#118,1.);
#118 = DIRECTION('',(0.,0.,-1.));
#119 = ORIENTED_EDGE('',*,*,#120,.F.);
#120 = EDGE_CURVE('',#121,#113,#123,.T.);
#121 = VERTEX_POINT('',#122);
#122 = CARTESIAN_POINT('',(2.900002224251,-1.497981848718,
    -8.673617379884E-16));
#123 = CIRCLE('',#124,1.E-01);
#124 = AXIS2_PLACEMENT_3D('',#125,#126,#127);
#125 = CARTESIAN_POINT('',(2.900002224251,-1.597981848718,
    -8.673617379884E-16));
#126 = DIRECTION('',(0.,0.,-1.));
#127 = DIRECTION('',(0.,1.,0.));
#128 = ORIENTED_EDGE('',*,*,#129,.F.);
#129 = EDGE_CURVE('',#130,#121,#132,.T.);
#130 = VERTEX_POINT('',#131);
#131 = CARTESIAN_POINT('',(2.900002224251,-1.497981848718,0.35));
#132 = LINE('',#133,#134);
#133 = CARTESIAN_POINT('',(2.900002224251,-1.497981848718,0.35));
#134 = VECTOR('',#135,1.);
#135 = DIRECTION('',(0.,0.,-1.));
#136 = ORIENTED_EDGE('',*,*,#137,.T.);
#137 = EDGE_CURVE('',#130,#111,#138,.T.);
#138 = CIRCLE('',#139,1.E-01);
#139 = AXIS2_PLACEMENT_3D('',#140,#141,#142);
#140 = CARTESIAN_POINT('',(2.900002224251,-1.597981848718,0.35));
#141 = DIRECTION('',(0.,0.,-1.));
#142 = DIRECTION('',(-1.,0.,0.));
#143 = CYLINDRICAL_SURFACE('',#144,1.E-01);
#144 = AXIS2_PLACEMENT_3D('',#145,#146,#147);
#145 = CARTESIAN_POINT('',(2.900002224251,-1.597981848718,0.35));
#146 = DIRECTION('',(0.,0.,-1.));
#147 = DIRECTION('',(-1.,0.,0.));
#148 = ADVANCED_FACE('',(#149),#185,.T.);
#149 = FACE_BOUND('',#150,.T.);
#150 = EDGE_LOOP('',(#151,#161,#170,#178));
#151 = ORIENTED_EDGE('',*,*,#152,.T.);
#152 = EDGE_CURVE('',#153,#155,#157,.T.);
#153 = VERTEX_POINT('',#154);
#154 = CARTESIAN_POINT('',(2.900002224251,-2.497981848718,0.35));
#155 = VERTEX_POINT('',#156);
#156 = CARTESIAN_POINT('',(2.900002224251,-2.497981848718,
    -8.673617379884E-16));
#157 = LINE('',#158,#159);
#158 = CARTESIAN_POINT('',(2.900002224251,-2.497981848718,0.35));
#159 = VECTOR('',#160,1.);
#160 = DIRECTION('',(0.,0.,-1.));
#161 = ORIENTED_EDGE('',*,*,#162,.F.);
#162 = EDGE_CURVE('',#163,#155,#165,.T.);
#163 = VERTEX_POINT('',#164);
#164 = CARTESIAN_POINT('',(3.000002224251,-2.397981848718,
    -8.673617379884E-16));
#165 = CIRCLE('',#166,0.1);
#166 = AXIS2_PLACEMENT_3D('',#167,#168,#169);
#167 = CARTESIAN_POINT('',(2.900002224251,-2.397981848718,
    -8.673617379884E-16));
#168 = DIRECTION('',(0.,0.,-1.));
#169 = DIRECTION('',(0.,1.,0.));
#170 = ORIENTED_EDGE('',*,*,#171,.F.);
#171 = EDGE_CURVE('',#172,#163,#174,.T.);
#172 = VERTEX_POINT('',#173);
#173 = CARTESIAN_POINT('',(3.000002224251,-2.397981848718,0.35));
#174 = LINE('',#175,#176);
#175 = CARTESIAN_POINT('',(3.000002224251,-2.397981848718,0.35));
#176 = VECTOR('',#177,1.);
#177 = DIRECTION('',(0.,0.,-1.));
#178 = ORIENTED_EDGE('',*,*,#179,.T.);
#179 = EDGE_CURVE('',#172,#153,#180,.T.);
#180 = CIRCLE('',#181,0.1);
#181 = AXIS2_PLACEMENT_3D('',#182,#183,#184);
#182 = CARTESIAN_POINT('',(2.900002224251,-2.397981848718,0.35));
#183 = DIRECTION('',(0.,0.,-1.));
#184 = DIRECTION('',(-1.,0.,0.));
#185 = CYLINDRICAL_SURFACE('',#186,0.1);
#186 = AXIS2_PLACEMENT_3D('',#187,#188,#189);
#187 = CARTESIAN_POINT('',(2.900002224251,-2.397981848718,0.35));
#188 = DIRECTION('',(0.,0.,-1.));
#189 = DIRECTION('',(-1.,0.,0.));
#190 = ADVANCED_FACE('',(#191),#227,.T.);
#191 = FACE_BOUND('',#192,.T.);
#192 = EDGE_LOOP('',(#193,#203,#212,#220));
#193 = ORIENTED_EDGE('',*,*,#194,.T.);
#194 = EDGE_CURVE('',#195,#197,#199,.T.);
#195 = VERTEX_POINT('',#196);
#196 = CARTESIAN_POINT('',(2.900002224251,1.502018151282,0.35));
#197 = VERTEX_POINT('',#198);
#198 = CARTESIAN_POINT('',(2.900002224251,1.502018151282,
    -8.673617379884E-16));
#199 = LINE('',#200,#201);
#200 = CARTESIAN_POINT('',(2.900002224251,1.502018151282,0.35));
#201 = VECTOR('',#202,1.);
#202 = DIRECTION('',(0.,0.,-1.));
#203 = ORIENTED_EDGE('',*,*,#204,.F.);
#204 = EDGE_CURVE('',#205,#197,#207,.T.);
#205 = VERTEX_POINT('',#206);
#206 = CARTESIAN_POINT('',(3.000002224251,1.602018151282,
    -8.673617379884E-16));
#207 = CIRCLE('',#208,1.E-01);
#208 = AXIS2_PLACEMENT_3D('',#209,#210,#211);
#209 = CARTESIAN_POINT('',(2.900002224251,1.602018151282,
    -8.673617379884E-16));
#210 = DIRECTION('',(0.,0.,-1.));
#211 = DIRECTION('',(0.,1.,0.));
#212 = ORIENTED_EDGE('',*,*,#213,.F.);
#213 = EDGE_CURVE('',#214,#205,#216,.T.);
#214 = VERTEX_POINT('',#215);
#215 = CARTESIAN_POINT('',(3.000002224251,1.602018151282,0.35));
#216 = LINE('',#217,#218);
#217 = CARTESIAN_POINT('',(3.000002224251,1.602018151282,0.35));
#218 = VECTOR('',#219,1.);
#219 = DIRECTION('',(0.,0.,-1.));
#220 = ORIENTED_EDGE('',*,*,#221,.F.);
#221 = EDGE_CURVE('',#195,#214,#222,.T.);
#222 = CIRCLE('',#223,1.E-01);
#223 = AXIS2_PLACEMENT_3D('',#224,#225,#226);
#224 = CARTESIAN_POINT('',(2.900002224251,1.602018151282,0.35));
#225 = DIRECTION('',(0.,0.,1.));
#226 = DIRECTION('',(-1.,0.,0.));
#227 = CYLINDRICAL_SURFACE('',#228,1.E-01);
#228 = AXIS2_PLACEMENT_3D('',#229,#230,#231);
#229 = CARTESIAN_POINT('',(2.900002224251,1.602018151282,0.35));
#230 = DIRECTION('',(0.,0.,-1.));
#231 = DIRECTION('',(-1.,0.,0.));
#232 = ADVANCED_FACE('',(#233),#269,.T.);
#233 = FACE_BOUND('',#234,.T.);
#234 = EDGE_LOOP('',(#235,#245,#254,#262));
#235 = ORIENTED_EDGE('',*,*,#236,.T.);
#236 = EDGE_CURVE('',#237,#239,#241,.T.);
#237 = VERTEX_POINT('',#238);
#238 = CARTESIAN_POINT('',(3.000002224251,2.402018151282,0.35));
#239 = VERTEX_POINT('',#240);
#240 = CARTESIAN_POINT('',(3.000002224251,2.402018151282,
    -8.673617379884E-16));
#241 = LINE('',#242,#243);
#242 = CARTESIAN_POINT('',(3.000002224251,2.402018151282,0.35));
#243 = VECTOR('',#244,1.);
#244 = DIRECTION('',(0.,0.,-1.));
#245 = ORIENTED_EDGE('',*,*,#246,.F.);
#246 = EDGE_CURVE('',#247,#239,#249,.T.);
#247 = VERTEX_POINT('',#248);
#248 = CARTESIAN_POINT('',(2.900002224251,2.502018151282,
    -8.673617379884E-16));
#249 = CIRCLE('',#250,1.E-01);
#250 = AXIS2_PLACEMENT_3D('',#251,#252,#253);
#251 = CARTESIAN_POINT('',(2.900002224251,2.402018151282,
    -8.673617379884E-16));
#252 = DIRECTION('',(0.,0.,-1.));
#253 = DIRECTION('',(0.,1.,0.));
#254 = ORIENTED_EDGE('',*,*,#255,.F.);
#255 = EDGE_CURVE('',#256,#247,#258,.T.);
#256 = VERTEX_POINT('',#257);
#257 = CARTESIAN_POINT('',(2.900002224251,2.502018151282,0.35));
#258 = LINE('',#259,#260);
#259 = CARTESIAN_POINT('',(2.900002224251,2.502018151282,0.35));
#260 = VECTOR('',#261,1.);
#261 = DIRECTION('',(0.,0.,-1.));
#262 = ORIENTED_EDGE('',*,*,#263,.T.);
#263 = EDGE_CURVE('',#256,#237,#264,.T.);
#264 = CIRCLE('',#265,1.E-01);
#265 = AXIS2_PLACEMENT_3D('',#266,#267,#268);
#266 = CARTESIAN_POINT('',(2.900002224251,2.402018151282,0.35));
#267 = DIRECTION('',(0.,0.,-1.));
#268 = DIRECTION('',(-1.,0.,0.));
#269 = CYLINDRICAL_SURFACE('',#270,1.E-01);
#270 = AXIS2_PLACEMENT_3D('',#271,#272,#273);
#271 = CARTESIAN_POINT('',(2.900002224251,2.402018151282,0.35));
#272 = DIRECTION('',(0.,0.,-1.));
#273 = DIRECTION('',(-1.,0.,0.));
#274 = ADVANCED_FACE('',(#275),#311,.T.);
#275 = FACE_BOUND('',#276,.T.);
#276 = EDGE_LOOP('',(#277,#287,#296,#304));
#277 = ORIENTED_EDGE('',*,*,#278,.T.);
#278 = EDGE_CURVE('',#279,#281,#283,.T.);
#279 = VERTEX_POINT('',#280);
#280 = CARTESIAN_POINT('',(-2.999997775749,1.602018151282,0.35));
#281 = VERTEX_POINT('',#282);
#282 = CARTESIAN_POINT('',(-2.999997775749,1.602018151282,
    -8.673617379884E-16));
#283 = LINE('',#284,#285);
#284 = CARTESIAN_POINT('',(-2.999997775749,1.602018151282,0.35));
#285 = VECTOR('',#286,1.);
#286 = DIRECTION('',(0.,0.,-1.));
#287 = ORIENTED_EDGE('',*,*,#288,.F.);
#288 = EDGE_CURVE('',#289,#281,#291,.T.);
#289 = VERTEX_POINT('',#290);
#290 = CARTESIAN_POINT('',(-2.899997775749,1.502018151282,
    -8.673617379884E-16));
#291 = CIRCLE('',#292,1.E-01);
#292 = AXIS2_PLACEMENT_3D('',#293,#294,#295);
#293 = CARTESIAN_POINT('',(-2.899997775749,1.602018151282,
    -8.673617379884E-16));
#294 = DIRECTION('',(0.,0.,-1.));
#295 = DIRECTION('',(0.,1.,0.));
#296 = ORIENTED_EDGE('',*,*,#297,.F.);
#297 = EDGE_CURVE('',#298,#289,#300,.T.);
#298 = VERTEX_POINT('',#299);
#299 = CARTESIAN_POINT('',(-2.899997775749,1.502018151282,0.35));
#300 = LINE('',#301,#302);
#301 = CARTESIAN_POINT('',(-2.899997775749,1.502018151282,0.35));
#302 = VECTOR('',#303,1.);
#303 = DIRECTION('',(0.,0.,-1.));
#304 = ORIENTED_EDGE('',*,*,#305,.T.);
#305 = EDGE_CURVE('',#298,#279,#306,.T.);
#306 = CIRCLE('',#307,1.E-01);
#307 = AXIS2_PLACEMENT_3D('',#308,#309,#310);
#308 = CARTESIAN_POINT('',(-2.899997775749,1.602018151282,0.35));
#309 = DIRECTION('',(0.,0.,-1.));
#310 = DIRECTION('',(-1.,0.,0.));
#311 = CYLINDRICAL_SURFACE('',#312,1.E-01);
#312 = AXIS2_PLACEMENT_3D('',#313,#314,#315);
#313 = CARTESIAN_POINT('',(-2.899997775749,1.602018151282,0.35));
#314 = DIRECTION('',(0.,0.,-1.));
#315 = DIRECTION('',(-1.,0.,0.));
#316 = ADVANCED_FACE('',(#317),#353,.T.);
#317 = FACE_BOUND('',#318,.T.);
#318 = EDGE_LOOP('',(#319,#329,#338,#346));
#319 = ORIENTED_EDGE('',*,*,#320,.T.);
#320 = EDGE_CURVE('',#321,#323,#325,.T.);
#321 = VERTEX_POINT('',#322);
#322 = CARTESIAN_POINT('',(-2.899997775749,2.502018151282,0.35));
#323 = VERTEX_POINT('',#324);
#324 = CARTESIAN_POINT('',(-2.899997775749,2.502018151282,
    -8.673617379884E-16));
#325 = LINE('',#326,#327);
#326 = CARTESIAN_POINT('',(-2.899997775749,2.502018151282,0.35));
#327 = VECTOR('',#328,1.);
#328 = DIRECTION('',(0.,0.,-1.));
#329 = ORIENTED_EDGE('',*,*,#330,.F.);
#330 = EDGE_CURVE('',#331,#323,#333,.T.);
#331 = VERTEX_POINT('',#332);
#332 = CARTESIAN_POINT('',(-2.999997775749,2.402018151282,
    -8.673617379884E-16));
#333 = CIRCLE('',#334,1.E-01);
#334 = AXIS2_PLACEMENT_3D('',#335,#336,#337);
#335 = CARTESIAN_POINT('',(-2.899997775749,2.402018151282,
    -8.673617379884E-16));
#336 = DIRECTION('',(0.,0.,-1.));
#337 = DIRECTION('',(0.,1.,0.));
#338 = ORIENTED_EDGE('',*,*,#339,.F.);
#339 = EDGE_CURVE('',#340,#331,#342,.T.);
#340 = VERTEX_POINT('',#341);
#341 = CARTESIAN_POINT('',(-2.999997775749,2.402018151282,0.35));
#342 = LINE('',#343,#344);
#343 = CARTESIAN_POINT('',(-2.999997775749,2.402018151282,0.35));
#344 = VECTOR('',#345,1.);
#345 = DIRECTION('',(0.,0.,-1.));
#346 = ORIENTED_EDGE('',*,*,#347,.T.);
#347 = EDGE_CURVE('',#340,#321,#348,.T.);
#348 = CIRCLE('',#349,1.E-01);
#349 = AXIS2_PLACEMENT_3D('',#350,#351,#352);
#350 = CARTESIAN_POINT('',(-2.899997775749,2.402018151282,0.35));
#351 = DIRECTION('',(0.,0.,-1.));
#352 = DIRECTION('',(-1.,0.,0.));
#353 = CYLINDRICAL_SURFACE('',#354,1.E-01);
#354 = AXIS2_PLACEMENT_3D('',#355,#356,#357);
#355 = CARTESIAN_POINT('',(-2.899997775749,2.402018151282,0.35));
#356 = DIRECTION('',(0.,0.,-1.));
#357 = DIRECTION('',(-1.,0.,0.));
#358 = ADVANCED_FACE('',(#359),#395,.T.);
#359 = FACE_BOUND('',#360,.T.);
#360 = EDGE_LOOP('',(#361,#371,#380,#388));
#361 = ORIENTED_EDGE('',*,*,#362,.T.);
#362 = EDGE_CURVE('',#363,#365,#367,.T.);
#363 = VERTEX_POINT('',#364);
#364 = CARTESIAN_POINT('',(-2.899997775749,-1.497981848718,0.35));
#365 = VERTEX_POINT('',#366);
#366 = CARTESIAN_POINT('',(-2.899997775749,-1.497981848718,
    -8.673617379884E-16));
#367 = LINE('',#368,#369);
#368 = CARTESIAN_POINT('',(-2.899997775749,-1.497981848718,0.35));
#369 = VECTOR('',#370,1.);
#370 = DIRECTION('',(0.,0.,-1.));
#371 = ORIENTED_EDGE('',*,*,#372,.F.);
#372 = EDGE_CURVE('',#373,#365,#375,.T.);
#373 = VERTEX_POINT('',#374);
#374 = CARTESIAN_POINT('',(-2.999997775749,-1.597981848718,
    -8.673617379884E-16));
#375 = CIRCLE('',#376,1.E-01);
#376 = AXIS2_PLACEMENT_3D('',#377,#378,#379);
#377 = CARTESIAN_POINT('',(-2.899997775749,-1.597981848718,
    -8.673617379884E-16));
#378 = DIRECTION('',(0.,0.,-1.));
#379 = DIRECTION('',(0.,1.,0.));
#380 = ORIENTED_EDGE('',*,*,#381,.F.);
#381 = EDGE_CURVE('',#382,#373,#384,.T.);
#382 = VERTEX_POINT('',#383);
#383 = CARTESIAN_POINT('',(-2.999997775749,-1.597981848718,0.35));
#384 = LINE('',#385,#386);
#385 = CARTESIAN_POINT('',(-2.999997775749,-1.597981848718,0.35));
#386 = VECTOR('',#387,1.);
#387 = DIRECTION('',(0.,0.,-1.));
#388 = ORIENTED_EDGE('',*,*,#389,.T.);
#389 = EDGE_CURVE('',#382,#363,#390,.T.);
#390 = CIRCLE('',#391,1.E-01);
#391 = AXIS2_PLACEMENT_3D('',#392,#393,#394);
#392 = CARTESIAN_POINT('',(-2.899997775749,-1.597981848718,0.35));
#393 = DIRECTION('',(0.,0.,-1.));
#394 = DIRECTION('',(-1.,0.,0.));
#395 = CYLINDRICAL_SURFACE('',#396,1.E-01);
#396 = AXIS2_PLACEMENT_3D('',#397,#398,#399);
#397 = CARTESIAN_POINT('',(-2.899997775749,-1.597981848718,0.35));
#398 = DIRECTION('',(0.,0.,-1.));
#399 = DIRECTION('',(-1.,0.,0.));
#400 = ADVANCED_FACE('',(#401),#437,.T.);
#401 = FACE_BOUND('',#402,.T.);
#402 = EDGE_LOOP('',(#403,#413,#422,#430));
#403 = ORIENTED_EDGE('',*,*,#404,.T.);
#404 = EDGE_CURVE('',#405,#407,#409,.T.);
#405 = VERTEX_POINT('',#406);
#406 = CARTESIAN_POINT('',(-2.999997775749,-2.397981848718,0.35));
#407 = VERTEX_POINT('',#408);
#408 = CARTESIAN_POINT('',(-2.999997775749,-2.397981848718,
    -8.673617379884E-16));
#409 = LINE('',#410,#411);
#410 = CARTESIAN_POINT('',(-2.999997775749,-2.397981848718,0.35));
#411 = VECTOR('',#412,1.);
#412 = DIRECTION('',(0.,0.,-1.));
#413 = ORIENTED_EDGE('',*,*,#414,.F.);
#414 = EDGE_CURVE('',#415,#407,#417,.T.);
#415 = VERTEX_POINT('',#416);
#416 = CARTESIAN_POINT('',(-2.899997775749,-2.497981848718,
    -8.673617379884E-16));
#417 = CIRCLE('',#418,1.E-01);
#418 = AXIS2_PLACEMENT_3D('',#419,#420,#421);
#419 = CARTESIAN_POINT('',(-2.899997775749,-2.397981848718,
    -8.673617379884E-16));
#420 = DIRECTION('',(0.,0.,-1.));
#421 = DIRECTION('',(0.,1.,0.));
#422 = ORIENTED_EDGE('',*,*,#423,.F.);
#423 = EDGE_CURVE('',#424,#415,#426,.T.);
#424 = VERTEX_POINT('',#425);
#425 = CARTESIAN_POINT('',(-2.899997775749,-2.497981848718,0.35));
#426 = LINE('',#427,#428);
#427 = CARTESIAN_POINT('',(-2.899997775749,-2.497981848718,0.35));
#428 = VECTOR('',#429,1.);
#429 = DIRECTION('',(0.,0.,-1.));
#430 = ORIENTED_EDGE('',*,*,#431,.T.);
#431 = EDGE_CURVE('',#424,#405,#432,.T.);
#432 = CIRCLE('',#433,1.E-01);
#433 = AXIS2_PLACEMENT_3D('',#434,#435,#436);
#434 = CARTESIAN_POINT('',(-2.899997775749,-2.397981848718,0.35));
#435 = DIRECTION('',(0.,0.,-1.));
#436 = DIRECTION('',(-1.,0.,0.));
#437 = CYLINDRICAL_SURFACE('',#438,1.E-01);
#438 = AXIS2_PLACEMENT_3D('',#439,#440,#441);
#439 = CARTESIAN_POINT('',(-2.899997775749,-2.397981848718,0.35));
#440 = DIRECTION('',(0.,0.,-1.));
#441 = DIRECTION('',(-1.,0.,0.));
#442 = ADVANCED_FACE('',(#443),#479,.T.);
#443 = FACE_BOUND('',#444,.T.);
#444 = EDGE_LOOP('',(#445,#455,#464,#472));
#445 = ORIENTED_EDGE('',*,*,#446,.T.);
#446 = EDGE_CURVE('',#447,#449,#451,.T.);
#447 = VERTEX_POINT('',#448);
#448 = CARTESIAN_POINT('',(-1.349997775749,3.002018151282,0.35));
#449 = VERTEX_POINT('',#450);
#450 = CARTESIAN_POINT('',(-1.349997775749,3.002018151282,
    -8.673617379884E-16));
#451 = LINE('',#452,#453);
#452 = CARTESIAN_POINT('',(-1.349997775749,3.002018151282,0.35));
#453 = VECTOR('',#454,1.);
#454 = DIRECTION('',(0.,0.,-1.));
#455 = ORIENTED_EDGE('',*,*,#456,.F.);
#456 = EDGE_CURVE('',#457,#449,#459,.T.);
#457 = VERTEX_POINT('',#458);
#458 = CARTESIAN_POINT('',(-1.449997775749,2.902018151282,
    -8.673617379884E-16));
#459 = CIRCLE('',#460,1.E-01);
#460 = AXIS2_PLACEMENT_3D('',#461,#462,#463);
#461 = CARTESIAN_POINT('',(-1.349997775749,2.902018151282,
    -8.673617379884E-16));
#462 = DIRECTION('',(0.,0.,-1.));
#463 = DIRECTION('',(0.,1.,0.));
#464 = ORIENTED_EDGE('',*,*,#465,.F.);
#465 = EDGE_CURVE('',#466,#457,#468,.T.);
#466 = VERTEX_POINT('',#467);
#467 = CARTESIAN_POINT('',(-1.449997775749,2.902018151282,0.35));
#468 = LINE('',#469,#470);
#469 = CARTESIAN_POINT('',(-1.449997775749,2.902018151282,0.35));
#470 = VECTOR('',#471,1.);
#471 = DIRECTION('',(0.,0.,-1.));
#472 = ORIENTED_EDGE('',*,*,#473,.F.);
#473 = EDGE_CURVE('',#447,#466,#474,.T.);
#474 = CIRCLE('',#475,1.E-01);
#475 = AXIS2_PLACEMENT_3D('',#476,#477,#478);
#476 = CARTESIAN_POINT('',(-1.349997775749,2.902018151282,0.35));
#477 = DIRECTION('',(0.,0.,1.));
#478 = DIRECTION('',(-1.,0.,0.));
#479 = CYLINDRICAL_SURFACE('',#480,1.E-01);
#480 = AXIS2_PLACEMENT_3D('',#481,#482,#483);
#481 = CARTESIAN_POINT('',(-1.349997775749,2.902018151282,0.35));
#482 = DIRECTION('',(0.,0.,-1.));
#483 = DIRECTION('',(-1.,0.,0.));
#484 = ADVANCED_FACE('',(#485),#521,.T.);
#485 = FACE_BOUND('',#486,.T.);
#486 = EDGE_LOOP('',(#487,#497,#506,#514));
#487 = ORIENTED_EDGE('',*,*,#488,.T.);
#488 = EDGE_CURVE('',#489,#491,#493,.T.);
#489 = VERTEX_POINT('',#490);
#490 = CARTESIAN_POINT('',(1.450002224251,2.902018151282,0.35));
#491 = VERTEX_POINT('',#492);
#492 = CARTESIAN_POINT('',(1.450002224251,2.902018151282,
    -8.673617379884E-16));
#493 = LINE('',#494,#495);
#494 = CARTESIAN_POINT('',(1.450002224251,2.902018151282,0.35));
#495 = VECTOR('',#496,1.);
#496 = DIRECTION('',(0.,0.,-1.));
#497 = ORIENTED_EDGE('',*,*,#498,.F.);
#498 = EDGE_CURVE('',#499,#491,#501,.T.);
#499 = VERTEX_POINT('',#500);
#500 = CARTESIAN_POINT('',(1.350002224251,3.002018151282,
    -8.673617379884E-16));
#501 = CIRCLE('',#502,1.E-01);
#502 = AXIS2_PLACEMENT_3D('',#503,#504,#505);
#503 = CARTESIAN_POINT('',(1.350002224251,2.902018151282,
    -8.673617379884E-16));
#504 = DIRECTION('',(0.,0.,-1.));
#505 = DIRECTION('',(0.,1.,0.));
#506 = ORIENTED_EDGE('',*,*,#507,.F.);
#507 = EDGE_CURVE('',#508,#499,#510,.T.);
#508 = VERTEX_POINT('',#509);
#509 = CARTESIAN_POINT('',(1.350002224251,3.002018151282,0.35));
#510 = LINE('',#511,#512);
#511 = CARTESIAN_POINT('',(1.350002224251,3.002018151282,0.35));
#512 = VECTOR('',#513,1.);
#513 = DIRECTION('',(0.,0.,-1.));
#514 = ORIENTED_EDGE('',*,*,#515,.F.);
#515 = EDGE_CURVE('',#489,#508,#516,.T.);
#516 = CIRCLE('',#517,1.E-01);
#517 = AXIS2_PLACEMENT_3D('',#518,#519,#520);
#518 = CARTESIAN_POINT('',(1.350002224251,2.902018151282,0.35));
#519 = DIRECTION('',(0.,0.,1.));
#520 = DIRECTION('',(-1.,0.,0.));
#521 = CYLINDRICAL_SURFACE('',#522,1.E-01);
#522 = AXIS2_PLACEMENT_3D('',#523,#524,#525);
#523 = CARTESIAN_POINT('',(1.350002224251,2.902018151282,0.35));
#524 = DIRECTION('',(0.,0.,-1.));
#525 = DIRECTION('',(-1.,0.,0.));
#526 = ADVANCED_FACE('',(#527),#563,.T.);
#527 = FACE_BOUND('',#528,.T.);
#528 = EDGE_LOOP('',(#529,#539,#548,#556));
#529 = ORIENTED_EDGE('',*,*,#530,.T.);
#530 = EDGE_CURVE('',#531,#533,#535,.T.);
#531 = VERTEX_POINT('',#532);
#532 = CARTESIAN_POINT('',(1.350002224251,-2.997981848718,0.35));
#533 = VERTEX_POINT('',#534);
#534 = CARTESIAN_POINT('',(1.350002224251,-2.997981848718,
    -8.673617379884E-16));
#535 = LINE('',#536,#537);
#536 = CARTESIAN_POINT('',(1.350002224251,-2.997981848718,0.35));
#537 = VECTOR('',#538,1.);
#538 = DIRECTION('',(0.,0.,-1.));
#539 = ORIENTED_EDGE('',*,*,#540,.F.);
#540 = EDGE_CURVE('',#541,#533,#543,.T.);
#541 = VERTEX_POINT('',#542);
#542 = CARTESIAN_POINT('',(1.450002224251,-2.897981848718,
    -8.673617379884E-16));
#543 = CIRCLE('',#544,1.E-01);
#544 = AXIS2_PLACEMENT_3D('',#545,#546,#547);
#545 = CARTESIAN_POINT('',(1.350002224251,-2.897981848718,
    -8.673617379884E-16));
#546 = DIRECTION('',(0.,0.,-1.));
#547 = DIRECTION('',(0.,1.,0.));
#548 = ORIENTED_EDGE('',*,*,#549,.F.);
#549 = EDGE_CURVE('',#550,#541,#552,.T.);
#550 = VERTEX_POINT('',#551);
#551 = CARTESIAN_POINT('',(1.450002224251,-2.897981848718,0.35));
#552 = LINE('',#553,#554);
#553 = CARTESIAN_POINT('',(1.450002224251,-2.897981848718,0.35));
#554 = VECTOR('',#555,1.);
#555 = DIRECTION('',(0.,0.,-1.));
#556 = ORIENTED_EDGE('',*,*,#557,.F.);
#557 = EDGE_CURVE('',#531,#550,#558,.T.);
#558 = CIRCLE('',#559,1.E-01);
#559 = AXIS2_PLACEMENT_3D('',#560,#561,#562);
#560 = CARTESIAN_POINT('',(1.350002224251,-2.897981848718,0.35));
#561 = DIRECTION('',(0.,0.,1.));
#562 = DIRECTION('',(-1.,0.,0.));
#563 = CYLINDRICAL_SURFACE('',#564,1.E-01);
#564 = AXIS2_PLACEMENT_3D('',#565,#566,#567);
#565 = CARTESIAN_POINT('',(1.350002224251,-2.897981848718,0.35));
#566 = DIRECTION('',(0.,0.,-1.));
#567 = DIRECTION('',(-1.,0.,0.));
#568 = ADVANCED_FACE('',(#569),#605,.T.);
#569 = FACE_BOUND('',#570,.T.);
#570 = EDGE_LOOP('',(#571,#581,#590,#598));
#571 = ORIENTED_EDGE('',*,*,#572,.T.);
#572 = EDGE_CURVE('',#573,#575,#577,.T.);
#573 = VERTEX_POINT('',#574);
#574 = CARTESIAN_POINT('',(-1.449997775749,-2.897981848718,0.35));
#575 = VERTEX_POINT('',#576);
#576 = CARTESIAN_POINT('',(-1.449997775749,-2.897981848718,
    -8.673617379884E-16));
#577 = LINE('',#578,#579);
#578 = CARTESIAN_POINT('',(-1.449997775749,-2.897981848718,0.35));
#579 = VECTOR('',#580,1.);
#580 = DIRECTION('',(0.,0.,-1.));
#581 = ORIENTED_EDGE('',*,*,#582,.F.);
#582 = EDGE_CURVE('',#583,#575,#585,.T.);
#583 = VERTEX_POINT('',#584);
#584 = CARTESIAN_POINT('',(-1.349997775749,-2.997981848718,
    -8.673617379884E-16));
#585 = CIRCLE('',#586,1.E-01);
#586 = AXIS2_PLACEMENT_3D('',#587,#588,#589);
#587 = CARTESIAN_POINT('',(-1.349997775749,-2.897981848718,
    -8.673617379884E-16));
#588 = DIRECTION('',(0.,0.,-1.));
#589 = DIRECTION('',(0.,1.,0.));
#590 = ORIENTED_EDGE('',*,*,#591,.F.);
#591 = EDGE_CURVE('',#592,#583,#594,.T.);
#592 = VERTEX_POINT('',#593);
#593 = CARTESIAN_POINT('',(-1.349997775749,-2.997981848718,0.35));
#594 = LINE('',#595,#596);
#595 = CARTESIAN_POINT('',(-1.349997775749,-2.997981848718,0.35));
#596 = VECTOR('',#597,1.);
#597 = DIRECTION('',(0.,0.,-1.));
#598 = ORIENTED_EDGE('',*,*,#599,.T.);
#599 = EDGE_CURVE('',#592,#573,#600,.T.);
#600 = CIRCLE('',#601,1.E-01);
#601 = AXIS2_PLACEMENT_3D('',#602,#603,#604);
#602 = CARTESIAN_POINT('',(-1.349997775749,-2.897981848718,0.35));
#603 = DIRECTION('',(0.,0.,-1.));
#604 = DIRECTION('',(-1.,0.,0.));
#605 = CYLINDRICAL_SURFACE('',#606,1.E-01);
#606 = AXIS2_PLACEMENT_3D('',#607,#608,#609);
#607 = CARTESIAN_POINT('',(-1.349997775749,-2.897981848718,0.35));
#608 = DIRECTION('',(0.,0.,-1.));
#609 = DIRECTION('',(-1.,0.,0.));
#610 = ADVANCED_FACE('',(#611),#647,.T.);
#611 = FACE_BOUND('',#612,.T.);
#612 = EDGE_LOOP('',(#613,#623,#632,#640));
#613 = ORIENTED_EDGE('',*,*,#614,.T.);
#614 = EDGE_CURVE('',#615,#617,#619,.T.);
#615 = VERTEX_POINT('',#616);
#616 = CARTESIAN_POINT('',(-1.049997775749,2.902018151282,0.35));
#617 = VERTEX_POINT('',#618);
#618 = CARTESIAN_POINT('',(-1.049997775749,2.902018151282,
    -8.673617379884E-16));
#619 = LINE('',#620,#621);
#620 = CARTESIAN_POINT('',(-1.049997775749,2.902018151282,0.35));
#621 = VECTOR('',#622,1.);
#622 = DIRECTION('',(0.,0.,-1.));
#623 = ORIENTED_EDGE('',*,*,#624,.F.);
#624 = EDGE_CURVE('',#625,#617,#627,.T.);
#625 = VERTEX_POINT('',#626);
#626 = CARTESIAN_POINT('',(-1.149997775749,3.002018151282,
    -8.673617379884E-16));
#627 = CIRCLE('',#628,1.E-01);
#628 = AXIS2_PLACEMENT_3D('',#629,#630,#631);
#629 = CARTESIAN_POINT('',(-1.149997775749,2.902018151282,
    -8.673617379884E-16));
#630 = DIRECTION('',(0.,0.,-1.));
#631 = DIRECTION('',(0.,1.,0.));
#632 = ORIENTED_EDGE('',*,*,#633,.F.);
#633 = EDGE_CURVE('',#634,#625,#636,.T.);
#634 = VERTEX_POINT('',#635);
#635 = CARTESIAN_POINT('',(-1.149997775749,3.002018151282,0.35));
#636 = LINE('',#637,#638);
#637 = CARTESIAN_POINT('',(-1.149997775749,3.002018151282,0.35));
#638 = VECTOR('',#639,1.);
#639 = DIRECTION('',(0.,0.,-1.));
#640 = ORIENTED_EDGE('',*,*,#641,.F.);
#641 = EDGE_CURVE('',#615,#634,#642,.T.);
#642 = CIRCLE('',#643,1.E-01);
#643 = AXIS2_PLACEMENT_3D('',#644,#645,#646);
#644 = CARTESIAN_POINT('',(-1.149997775749,2.902018151282,0.35));
#645 = DIRECTION('',(0.,0.,1.));
#646 = DIRECTION('',(-1.,0.,0.));
#647 = CYLINDRICAL_SURFACE('',#648,1.E-01);
#648 = AXIS2_PLACEMENT_3D('',#649,#650,#651);
#649 = CARTESIAN_POINT('',(-1.149997775749,2.902018151282,0.35));
#650 = DIRECTION('',(0.,0.,-1.));
#651 = DIRECTION('',(-1.,0.,0.));
#652 = ADVANCED_FACE('',(#653),#689,.T.);
#653 = FACE_BOUND('',#654,.T.);
#654 = EDGE_LOOP('',(#655,#665,#674,#682));
#655 = ORIENTED_EDGE('',*,*,#656,.T.);
#656 = EDGE_CURVE('',#657,#659,#661,.T.);
#657 = VERTEX_POINT('',#658);
#658 = CARTESIAN_POINT('',(-1.149997775749,-2.997981848718,0.35));
#659 = VERTEX_POINT('',#660);
#660 = CARTESIAN_POINT('',(-1.149997775749,-2.997981848718,
    -8.673617379884E-16));
#661 = LINE('',#662,#663);
#662 = CARTESIAN_POINT('',(-1.149997775749,-2.997981848718,0.35));
#663 = VECTOR('',#664,1.);
#664 = DIRECTION('',(0.,0.,-1.));
#665 = ORIENTED_EDGE('',*,*,#666,.F.);
#666 = EDGE_CURVE('',#667,#659,#669,.T.);
#667 = VERTEX_POINT('',#668);
#668 = CARTESIAN_POINT('',(-1.049997775749,-2.897981848718,
    -8.673617379884E-16));
#669 = CIRCLE('',#670,1.E-01);
#670 = AXIS2_PLACEMENT_3D('',#671,#672,#673);
#671 = CARTESIAN_POINT('',(-1.149997775749,-2.897981848718,
    -8.673617379884E-16));
#672 = DIRECTION('',(0.,0.,-1.));
#673 = DIRECTION('',(0.,1.,0.));
#674 = ORIENTED_EDGE('',*,*,#675,.F.);
#675 = EDGE_CURVE('',#676,#667,#678,.T.);
#676 = VERTEX_POINT('',#677);
#677 = CARTESIAN_POINT('',(-1.049997775749,-2.897981848718,0.35));
#678 = LINE('',#679,#680);
#679 = CARTESIAN_POINT('',(-1.049997775749,-2.897981848718,0.35));
#680 = VECTOR('',#681,1.);
#681 = DIRECTION('',(0.,0.,-1.));
#682 = ORIENTED_EDGE('',*,*,#683,.F.);
#683 = EDGE_CURVE('',#657,#676,#684,.T.);
#684 = CIRCLE('',#685,1.E-01);
#685 = AXIS2_PLACEMENT_3D('',#686,#687,#688);
#686 = CARTESIAN_POINT('',(-1.149997775749,-2.897981848718,0.35));
#687 = DIRECTION('',(0.,0.,1.));
#688 = DIRECTION('',(-1.,0.,0.));
#689 = CYLINDRICAL_SURFACE('',#690,1.E-01);
#690 = AXIS2_PLACEMENT_3D('',#691,#692,#693);
#691 = CARTESIAN_POINT('',(-1.149997775749,-2.897981848718,0.35));
#692 = DIRECTION('',(0.,0.,-1.));
#693 = DIRECTION('',(-1.,0.,0.));
#694 = ADVANCED_FACE('',(#695),#731,.T.);
#695 = FACE_BOUND('',#696,.T.);
#696 = EDGE_LOOP('',(#697,#707,#716,#724));
#697 = ORIENTED_EDGE('',*,*,#698,.T.);
#698 = EDGE_CURVE('',#699,#701,#703,.T.);
#699 = VERTEX_POINT('',#700);
#700 = CARTESIAN_POINT('',(1.150002224251,3.002018151282,0.35));
#701 = VERTEX_POINT('',#702);
#702 = CARTESIAN_POINT('',(1.150002224251,3.002018151282,
    -8.673617379884E-16));
#703 = LINE('',#704,#705);
#704 = CARTESIAN_POINT('',(1.150002224251,3.002018151282,0.35));
#705 = VECTOR('',#706,1.);
#706 = DIRECTION('',(0.,0.,-1.));
#707 = ORIENTED_EDGE('',*,*,#708,.F.);
#708 = EDGE_CURVE('',#709,#701,#711,.T.);
#709 = VERTEX_POINT('',#710);
#710 = CARTESIAN_POINT('',(1.050002224251,2.902018151282,
    -8.673617379884E-16));
#711 = CIRCLE('',#712,1.E-01);
#712 = AXIS2_PLACEMENT_3D('',#713,#714,#715);
#713 = CARTESIAN_POINT('',(1.150002224251,2.902018151282,
    -8.673617379884E-16));
#714 = DIRECTION('',(0.,0.,-1.));
#715 = DIRECTION('',(0.,1.,0.));
#716 = ORIENTED_EDGE('',*,*,#717,.F.);
#717 = EDGE_CURVE('',#718,#709,#720,.T.);
#718 = VERTEX_POINT('',#719);
#719 = CARTESIAN_POINT('',(1.050002224251,2.902018151282,0.35));
#720 = LINE('',#721,#722);
#721 = CARTESIAN_POINT('',(1.050002224251,2.902018151282,0.35));
#722 = VECTOR('',#723,1.);
#723 = DIRECTION('',(0.,0.,-1.));
#724 = ORIENTED_EDGE('',*,*,#725,.F.);
#725 = EDGE_CURVE('',#699,#718,#726,.T.);
#726 = CIRCLE('',#727,1.E-01);
#727 = AXIS2_PLACEMENT_3D('',#728,#729,#730);
#728 = CARTESIAN_POINT('',(1.150002224251,2.902018151282,0.35));
#729 = DIRECTION('',(0.,0.,1.));
#730 = DIRECTION('',(-1.,0.,0.));
#731 = CYLINDRICAL_SURFACE('',#732,1.E-01);
#732 = AXIS2_PLACEMENT_3D('',#733,#734,#735);
#733 = CARTESIAN_POINT('',(1.150002224251,2.902018151282,0.35));
#734 = DIRECTION('',(0.,0.,-1.));
#735 = DIRECTION('',(-1.,0.,0.));
#736 = ADVANCED_FACE('',(#737),#773,.T.);
#737 = FACE_BOUND('',#738,.T.);
#738 = EDGE_LOOP('',(#739,#749,#758,#766));
#739 = ORIENTED_EDGE('',*,*,#740,.T.);
#740 = EDGE_CURVE('',#741,#743,#745,.T.);
#741 = VERTEX_POINT('',#742);
#742 = CARTESIAN_POINT('',(1.050002224251,-2.897981848718,0.35));
#743 = VERTEX_POINT('',#744);
#744 = CARTESIAN_POINT('',(1.050002224251,-2.897981848718,
    -8.673617379884E-16));
#745 = LINE('',#746,#747);
#746 = CARTESIAN_POINT('',(1.050002224251,-2.897981848718,0.35));
#747 = VECTOR('',#748,1.);
#748 = DIRECTION('',(0.,0.,-1.));
#749 = ORIENTED_EDGE('',*,*,#750,.F.);
#750 = EDGE_CURVE('',#751,#743,#753,.T.);
#751 = VERTEX_POINT('',#752);
#752 = CARTESIAN_POINT('',(1.150002224251,-2.997981848718,
    -8.673617379884E-16));
#753 = CIRCLE('',#754,1.E-01);
#754 = AXIS2_PLACEMENT_3D('',#755,#756,#757);
#755 = CARTESIAN_POINT('',(1.150002224251,-2.897981848718,
    -8.673617379884E-16));
#756 = DIRECTION('',(0.,0.,-1.));
#757 = DIRECTION('',(0.,1.,0.));
#758 = ORIENTED_EDGE('',*,*,#759,.F.);
#759 = EDGE_CURVE('',#760,#751,#762,.T.);
#760 = VERTEX_POINT('',#761);
#761 = CARTESIAN_POINT('',(1.150002224251,-2.997981848718,0.35));
#762 = LINE('',#763,#764);
#763 = CARTESIAN_POINT('',(1.150002224251,-2.997981848718,0.35));
#764 = VECTOR('',#765,1.);
#765 = DIRECTION('',(0.,0.,-1.));
#766 = ORIENTED_EDGE('',*,*,#767,.T.);
#767 = EDGE_CURVE('',#760,#741,#768,.T.);
#768 = CIRCLE('',#769,1.E-01);
#769 = AXIS2_PLACEMENT_3D('',#770,#771,#772);
#770 = CARTESIAN_POINT('',(1.150002224251,-2.897981848718,0.35));
#771 = DIRECTION('',(0.,0.,-1.));
#772 = DIRECTION('',(-1.,0.,0.));
#773 = CYLINDRICAL_SURFACE('',#774,1.E-01);
#774 = AXIS2_PLACEMENT_3D('',#775,#776,#777);
#775 = CARTESIAN_POINT('',(1.150002224251,-2.897981848718,0.35));
#776 = DIRECTION('',(0.,0.,-1.));
#777 = DIRECTION('',(-1.,0.,0.));
#778 = ADVANCED_FACE('',(#779),#810,.T.);
#779 = FACE_BOUND('',#780,.T.);
#780 = EDGE_LOOP('',(#781,#790,#802,#809));
#781 = ORIENTED_EDGE('',*,*,#782,.T.);
#782 = EDGE_CURVE('',#783,#783,#785,.T.);
#783 = VERTEX_POINT('',#784);
#784 = CARTESIAN_POINT('',(2.300002224251,2.677018151282,4.1));
#785 = CIRCLE('',#786,0.375);
#786 = AXIS2_PLACEMENT_3D('',#787,#788,#789);
#787 = CARTESIAN_POINT('',(2.300002224251,2.302018151282,4.1));
#788 = DIRECTION('',(0.,0.,-1.));
#789 = DIRECTION('',(0.,1.,0.));
#790 = ORIENTED_EDGE('',*,*,#791,.T.);
#791 = EDGE_CURVE('',#783,#792,#794,.T.);
#792 = VERTEX_POINT('',#793);
#793 = CARTESIAN_POINT('',(2.300002224251,2.927018151282,3.85));
#794 = ( BOUNDED_CURVE() B_SPLINE_CURVE(6,(#795,#796,#797,#798,#799,#800
,#801),.UNSPECIFIED.,.F.,.F.) B_SPLINE_CURVE_WITH_KNOTS((7,7),(
4.712388980385,6.28318530718),.PIECEWISE_BEZIER_KNOTS.) CURVE() 
GEOMETRIC_REPRESENTATION_ITEM() RATIONAL_B_SPLINE_CURVE((1.031393471788,
    1.010025407661,0.997924642725,0.993958444137,0.997924642725,
1.010025407661,1.031393471788)) REPRESENTATION_ITEM('') );
#795 = CARTESIAN_POINT('',(2.300002224251,2.677018151282,4.1));
#796 = CARTESIAN_POINT('',(2.300002224251,2.74385234707,4.1));
#797 = CARTESIAN_POINT('',(2.300002224251,2.808945294428,4.078748912342)
  );
#798 = CARTESIAN_POINT('',(2.300002224251,2.864998029583,4.037979878301)
  );
#799 = CARTESIAN_POINT('',(2.300002224251,2.905767063624,3.981927143146)
  );
#800 = CARTESIAN_POINT('',(2.300002224251,2.927018151282,3.916834195788)
  );
#801 = CARTESIAN_POINT('',(2.300002224251,2.927018151282,3.85));
#802 = ORIENTED_EDGE('',*,*,#803,.F.);
#803 = EDGE_CURVE('',#792,#792,#804,.T.);
#804 = CIRCLE('',#805,0.625);
#805 = AXIS2_PLACEMENT_3D('',#806,#807,#808);
#806 = CARTESIAN_POINT('',(2.300002224251,2.302018151282,3.85));
#807 = DIRECTION('',(0.,0.,-1.));
#808 = DIRECTION('',(0.,1.,0.));
#809 = ORIENTED_EDGE('',*,*,#791,.F.);
#810 = TOROIDAL_SURFACE('',#811,0.375,0.25);
#811 = AXIS2_PLACEMENT_3D('',#812,#813,#814);
#812 = CARTESIAN_POINT('',(2.300002224251,2.302018151282,3.85));
#813 = DIRECTION('',(0.,0.,-1.));
#814 = DIRECTION('',(0.,1.,0.));
#815 = ADVANCED_FACE('',(#816),#834,.T.);
#816 = FACE_BOUND('',#817,.T.);
#817 = EDGE_LOOP('',(#818,#819,#826,#833));
#818 = ORIENTED_EDGE('',*,*,#803,.T.);
#819 = ORIENTED_EDGE('',*,*,#820,.T.);
#820 = EDGE_CURVE('',#792,#821,#823,.T.);
#821 = VERTEX_POINT('',#822);
#822 = CARTESIAN_POINT('',(2.300002224251,2.927018151282,3.6));
#823 = B_SPLINE_CURVE_WITH_KNOTS('',1,(#824,#825),.UNSPECIFIED.,.F.,.F.,
  (2,2),(0.25,0.5),.PIECEWISE_BEZIER_KNOTS.);
#824 = CARTESIAN_POINT('',(2.300002224251,2.927018151282,3.85));
#825 = CARTESIAN_POINT('',(2.300002224251,2.927018151282,3.6));
#826 = ORIENTED_EDGE('',*,*,#827,.F.);
#827 = EDGE_CURVE('',#821,#821,#828,.T.);
#828 = CIRCLE('',#829,0.625);
#829 = AXIS2_PLACEMENT_3D('',#830,#831,#832);
#830 = CARTESIAN_POINT('',(2.300002224251,2.302018151282,3.6));
#831 = DIRECTION('',(0.,0.,-1.));
#832 = DIRECTION('',(0.,1.,0.));
#833 = ORIENTED_EDGE('',*,*,#820,.F.);
#834 = CYLINDRICAL_SURFACE('',#835,0.625);
#835 = AXIS2_PLACEMENT_3D('',#836,#837,#838);
#836 = CARTESIAN_POINT('',(2.300002224251,2.302018151282,4.1));
#837 = DIRECTION('',(0.,0.,-1.));
#838 = DIRECTION('',(0.,1.,0.));
#839 = ADVANCED_FACE('',(#840),#843,.F.);
#840 = FACE_BOUND('',#841,.T.);
#841 = EDGE_LOOP('',(#842));
#842 = ORIENTED_EDGE('',*,*,#782,.F.);
#843 = PLANE('',#844);
#844 = AXIS2_PLACEMENT_3D('',#845,#846,#847);
#845 = CARTESIAN_POINT('',(2.300002224251,2.302018151282,4.1));
#846 = DIRECTION('',(0.,0.,-1.));
#847 = DIRECTION('',(0.,1.,0.));
#848 = ADVANCED_FACE('',(#849,#860),#863,.T.);
#849 = FACE_BOUND('',#850,.T.);
#850 = EDGE_LOOP('',(#851));
#851 = ORIENTED_EDGE('',*,*,#852,.F.);
#852 = EDGE_CURVE('',#853,#853,#855,.T.);
#853 = VERTEX_POINT('',#854);
#854 = CARTESIAN_POINT('',(2.700002224251,2.302018151282,3.6));
#855 = CIRCLE('',#856,0.4);
#856 = AXIS2_PLACEMENT_3D('',#857,#858,#859);
#857 = CARTESIAN_POINT('',(2.300002224251,2.302018151282,3.6));
#858 = DIRECTION('',(0.,0.,-1.));
#859 = DIRECTION('',(1.,0.,0.));
#860 = FACE_BOUND('',#861,.T.);
#861 = EDGE_LOOP('',(#862));
#862 = ORIENTED_EDGE('',*,*,#827,.T.);
#863 = PLANE('',#864);
#864 = AXIS2_PLACEMENT_3D('',#865,#866,#867);
#865 = CARTESIAN_POINT('',(2.300002224251,2.302018151282,3.6));
#866 = DIRECTION('',(0.,0.,-1.));
#867 = DIRECTION('',(0.,1.,0.));
#868 = ADVANCED_FACE('',(#869),#887,.T.);
#869 = FACE_BOUND('',#870,.T.);
#870 = EDGE_LOOP('',(#871,#872,#879,#886));
#871 = ORIENTED_EDGE('',*,*,#852,.T.);
#872 = ORIENTED_EDGE('',*,*,#873,.T.);
#873 = EDGE_CURVE('',#853,#874,#876,.T.);
#874 = VERTEX_POINT('',#875);
#875 = CARTESIAN_POINT('',(2.700002224251,2.302018151282,3.2));
#876 = B_SPLINE_CURVE_WITH_KNOTS('',1,(#877,#878),.UNSPECIFIED.,.F.,.F.,
  (2,2),(0.,0.4),.PIECEWISE_BEZIER_KNOTS.);
#877 = CARTESIAN_POINT('',(2.700002224251,2.302018151282,3.6));
#878 = CARTESIAN_POINT('',(2.700002224251,2.302018151282,3.2));
#879 = ORIENTED_EDGE('',*,*,#880,.F.);
#880 = EDGE_CURVE('',#874,#874,#881,.T.);
#881 = CIRCLE('',#882,0.4);
#882 = AXIS2_PLACEMENT_3D('',#883,#884,#885);
#883 = CARTESIAN_POINT('',(2.300002224251,2.302018151282,3.2));
#884 = DIRECTION('',(0.,0.,-1.));
#885 = DIRECTION('',(1.,0.,0.));
#886 = ORIENTED_EDGE('',*,*,#873,.F.);
#887 = CYLINDRICAL_SURFACE('',#888,0.4);
#888 = AXIS2_PLACEMENT_3D('',#889,#890,#891);
#889 = CARTESIAN_POINT('',(2.300002224251,2.302018151282,3.6));
#890 = DIRECTION('',(0.,0.,-1.));
#891 = DIRECTION('',(0.,1.,0.));
#892 = ADVANCED_FACE('',(#893),#924,.T.);
#893 = FACE_BOUND('',#894,.T.);
#894 = EDGE_LOOP('',(#895,#904,#916,#923));
#895 = ORIENTED_EDGE('',*,*,#896,.T.);
#896 = EDGE_CURVE('',#897,#897,#899,.T.);
#897 = VERTEX_POINT('',#898);
#898 = CARTESIAN_POINT('',(2.300002224251,-1.922981848718,4.1));
#899 = CIRCLE('',#900,0.375);
#900 = AXIS2_PLACEMENT_3D('',#901,#902,#903);
#901 = CARTESIAN_POINT('',(2.300002224251,-2.297981848718,4.1));
#902 = DIRECTION('',(0.,0.,-1.));
#903 = DIRECTION('',(0.,1.,0.));
#904 = ORIENTED_EDGE('',*,*,#905,.T.);
#905 = EDGE_CURVE('',#897,#906,#908,.T.);
#906 = VERTEX_POINT('',#907);
#907 = CARTESIAN_POINT('',(2.300002224251,-1.672981848718,3.85));
#908 = ( BOUNDED_CURVE() B_SPLINE_CURVE(6,(#909,#910,#911,#912,#913,#914
,#915),.UNSPECIFIED.,.F.,.F.) B_SPLINE_CURVE_WITH_KNOTS((7,7),(
4.712388980385,6.28318530718),.PIECEWISE_BEZIER_KNOTS.) CURVE() 
GEOMETRIC_REPRESENTATION_ITEM() RATIONAL_B_SPLINE_CURVE((1.031393471788,
    1.010025407661,0.997924642725,0.993958444137,0.997924642725,
1.010025407661,1.031393471788)) REPRESENTATION_ITEM('') );
#909 = CARTESIAN_POINT('',(2.300002224251,-1.922981848718,4.1));
#910 = CARTESIAN_POINT('',(2.300002224251,-1.85614765293,4.1));
#911 = CARTESIAN_POINT('',(2.300002224251,-1.791054705572,4.078748912342
    ));
#912 = CARTESIAN_POINT('',(2.300002224251,-1.735001970417,4.037979878301
    ));
#913 = CARTESIAN_POINT('',(2.300002224251,-1.694232936376,3.981927143146
    ));
#914 = CARTESIAN_POINT('',(2.300002224251,-1.672981848718,3.916834195788
    ));
#915 = CARTESIAN_POINT('',(2.300002224251,-1.672981848718,3.85));
#916 = ORIENTED_EDGE('',*,*,#917,.F.);
#917 = EDGE_CURVE('',#906,#906,#918,.T.);
#918 = CIRCLE('',#919,0.625);
#919 = AXIS2_PLACEMENT_3D('',#920,#921,#922);
#920 = CARTESIAN_POINT('',(2.300002224251,-2.297981848718,3.85));
#921 = DIRECTION('',(0.,0.,-1.));
#922 = DIRECTION('',(0.,1.,0.));
#923 = ORIENTED_EDGE('',*,*,#905,.F.);
#924 = TOROIDAL_SURFACE('',#925,0.375,0.25);
#925 = AXIS2_PLACEMENT_3D('',#926,#927,#928);
#926 = CARTESIAN_POINT('',(2.300002224251,-2.297981848718,3.85));
#927 = DIRECTION('',(0.,0.,-1.));
#928 = DIRECTION('',(0.,1.,0.));
#929 = ADVANCED_FACE('',(#930),#948,.T.);
#930 = FACE_BOUND('',#931,.T.);
#931 = EDGE_LOOP('',(#932,#933,#940,#947));
#932 = ORIENTED_EDGE('',*,*,#917,.T.);
#933 = ORIENTED_EDGE('',*,*,#934,.T.);
#934 = EDGE_CURVE('',#906,#935,#937,.T.);
#935 = VERTEX_POINT('',#936);
#936 = CARTESIAN_POINT('',(2.300002224251,-1.672981848718,3.6));
#937 = B_SPLINE_CURVE_WITH_KNOTS('',1,(#938,#939),.UNSPECIFIED.,.F.,.F.,
  (2,2),(0.25,0.5),.PIECEWISE_BEZIER_KNOTS.);
#938 = CARTESIAN_POINT('',(2.300002224251,-1.672981848718,3.85));
#939 = CARTESIAN_POINT('',(2.300002224251,-1.672981848718,3.6));
#940 = ORIENTED_EDGE('',*,*,#941,.F.);
#941 = EDGE_CURVE('',#935,#935,#942,.T.);
#942 = CIRCLE('',#943,0.625);
#943 = AXIS2_PLACEMENT_3D('',#944,#945,#946);
#944 = CARTESIAN_POINT('',(2.300002224251,-2.297981848718,3.6));
#945 = DIRECTION('',(0.,0.,-1.));
#946 = DIRECTION('',(0.,1.,0.));
#947 = ORIENTED_EDGE('',*,*,#934,.F.);
#948 = CYLINDRICAL_SURFACE('',#949,0.625);
#949 = AXIS2_PLACEMENT_3D('',#950,#951,#952);
#950 = CARTESIAN_POINT('',(2.300002224251,-2.297981848718,4.1));
#951 = DIRECTION('',(0.,0.,-1.));
#952 = DIRECTION('',(0.,1.,0.));
#953 = ADVANCED_FACE('',(#954),#957,.F.);
#954 = FACE_BOUND('',#955,.T.);
#955 = EDGE_LOOP('',(#956));
#956 = ORIENTED_EDGE('',*,*,#896,.F.);
#957 = PLANE('',#958);
#958 = AXIS2_PLACEMENT_3D('',#959,#960,#961);
#959 = CARTESIAN_POINT('',(2.300002224251,-2.297981848718,4.1));
#960 = DIRECTION('',(0.,0.,-1.));
#961 = DIRECTION('',(0.,1.,0.));
#962 = ADVANCED_FACE('',(#963,#974),#977,.T.);
#963 = FACE_BOUND('',#964,.T.);
#964 = EDGE_LOOP('',(#965));
#965 = ORIENTED_EDGE('',*,*,#966,.F.);
#966 = EDGE_CURVE('',#967,#967,#969,.T.);
#967 = VERTEX_POINT('',#968);
#968 = CARTESIAN_POINT('',(2.700002224251,-2.297981848718,3.6));
#969 = CIRCLE('',#970,0.4);
#970 = AXIS2_PLACEMENT_3D('',#971,#972,#973);
#971 = CARTESIAN_POINT('',(2.300002224251,-2.297981848718,3.6));
#972 = DIRECTION('',(0.,0.,-1.));
#973 = DIRECTION('',(1.,0.,0.));
#974 = FACE_BOUND('',#975,.T.);
#975 = EDGE_LOOP('',(#976));
#976 = ORIENTED_EDGE('',*,*,#941,.T.);
#977 = PLANE('',#978);
#978 = AXIS2_PLACEMENT_3D('',#979,#980,#981);
#979 = CARTESIAN_POINT('',(2.300002224251,-2.297981848718,3.6));
#980 = DIRECTION('',(0.,0.,-1.));
#981 = DIRECTION('',(0.,1.,0.));
#982 = ADVANCED_FACE('',(#983),#1001,.T.);
#983 = FACE_BOUND('',#984,.T.);
#984 = EDGE_LOOP('',(#985,#986,#993,#1000));
#985 = ORIENTED_EDGE('',*,*,#966,.T.);
#986 = ORIENTED_EDGE('',*,*,#987,.T.);
#987 = EDGE_CURVE('',#967,#988,#990,.T.);
#988 = VERTEX_POINT('',#989);
#989 = CARTESIAN_POINT('',(2.700002224251,-2.297981848718,3.2));
#990 = B_SPLINE_CURVE_WITH_KNOTS('',1,(#991,#992),.UNSPECIFIED.,.F.,.F.,
  (2,2),(0.,0.4),.PIECEWISE_BEZIER_KNOTS.);
#991 = CARTESIAN_POINT('',(2.700002224251,-2.297981848718,3.6));
#992 = CARTESIAN_POINT('',(2.700002224251,-2.297981848718,3.2));
#993 = ORIENTED_EDGE('',*,*,#994,.F.);
#994 = EDGE_CURVE('',#988,#988,#995,.T.);
#995 = CIRCLE('',#996,0.4);
#996 = AXIS2_PLACEMENT_3D('',#997,#998,#999);
#997 = CARTESIAN_POINT('',(2.300002224251,-2.297981848718,3.2));
#998 = DIRECTION('',(0.,0.,-1.));
#999 = DIRECTION('',(1.,0.,0.));
#1000 = ORIENTED_EDGE('',*,*,#987,.F.);
#1001 = CYLINDRICAL_SURFACE('',#1002,0.4);
#1002 = AXIS2_PLACEMENT_3D('',#1003,#1004,#1005);
#1003 = CARTESIAN_POINT('',(2.300002224251,-2.297981848718,3.6));
#1004 = DIRECTION('',(0.,0.,-1.));
#1005 = DIRECTION('',(0.,1.,0.));
#1006 = ADVANCED_FACE('',(#1007),#1038,.T.);
#1007 = FACE_BOUND('',#1008,.T.);
#1008 = EDGE_LOOP('',(#1009,#1018,#1030,#1037));
#1009 = ORIENTED_EDGE('',*,*,#1010,.T.);
#1010 = EDGE_CURVE('',#1011,#1011,#1013,.T.);
#1011 = VERTEX_POINT('',#1012);
#1012 = CARTESIAN_POINT('',(-2.299997775749,2.677018151282,4.1));
#1013 = CIRCLE('',#1014,0.375);
#1014 = AXIS2_PLACEMENT_3D('',#1015,#1016,#1017);
#1015 = CARTESIAN_POINT('',(-2.299997775749,2.302018151282,4.1));
#1016 = DIRECTION('',(0.,0.,-1.));
#1017 = DIRECTION('',(0.,1.,0.));
#1018 = ORIENTED_EDGE('',*,*,#1019,.T.);
#1019 = EDGE_CURVE('',#1011,#1020,#1022,.T.);
#1020 = VERTEX_POINT('',#1021);
#1021 = CARTESIAN_POINT('',(-2.299997775749,2.927018151282,3.85));
#1022 = ( BOUNDED_CURVE() B_SPLINE_CURVE(6,(#1023,#1024,#1025,#1026,
#1027,#1028,#1029),.UNSPECIFIED.,.F.,.F.) B_SPLINE_CURVE_WITH_KNOTS((7,7
),(4.712388980385,6.28318530718),.PIECEWISE_BEZIER_KNOTS.) CURVE() 
GEOMETRIC_REPRESENTATION_ITEM() RATIONAL_B_SPLINE_CURVE((1.031393471788,
    1.010025407661,0.997924642725,0.993958444137,0.997924642725,
1.010025407661,1.031393471788)) REPRESENTATION_ITEM('') );
#1023 = CARTESIAN_POINT('',(-2.299997775749,2.677018151282,4.1));
#1024 = CARTESIAN_POINT('',(-2.299997775749,2.74385234707,4.1));
#1025 = CARTESIAN_POINT('',(-2.299997775749,2.808945294428,
    4.078748912342));
#1026 = CARTESIAN_POINT('',(-2.299997775749,2.864998029583,
    4.037979878301));
#1027 = CARTESIAN_POINT('',(-2.299997775749,2.905767063624,
    3.981927143146));
#1028 = CARTESIAN_POINT('',(-2.299997775749,2.927018151282,
    3.916834195788));
#1029 = CARTESIAN_POINT('',(-2.299997775749,2.927018151282,3.85));
#1030 = ORIENTED_EDGE('',*,*,#1031,.F.);
#1031 = EDGE_CURVE('',#1020,#1020,#1032,.T.);
#1032 = CIRCLE('',#1033,0.625);
#1033 = AXIS2_PLACEMENT_3D('',#1034,#1035,#1036);
#1034 = CARTESIAN_POINT('',(-2.299997775749,2.302018151282,3.85));
#1035 = DIRECTION('',(0.,0.,-1.));
#1036 = DIRECTION('',(0.,1.,0.));
#1037 = ORIENTED_EDGE('',*,*,#1019,.F.);
#1038 = TOROIDAL_SURFACE('',#1039,0.375,0.25);
#1039 = AXIS2_PLACEMENT_3D('',#1040,#1041,#1042);
#1040 = CARTESIAN_POINT('',(-2.299997775749,2.302018151282,3.85));
#1041 = DIRECTION('',(0.,0.,-1.));
#1042 = DIRECTION('',(0.,1.,0.));
#1043 = ADVANCED_FACE('',(#1044),#1062,.T.);
#1044 = FACE_BOUND('',#1045,.T.);
#1045 = EDGE_LOOP('',(#1046,#1047,#1054,#1061));
#1046 = ORIENTED_EDGE('',*,*,#1031,.T.);
#1047 = ORIENTED_EDGE('',*,*,#1048,.T.);
#1048 = EDGE_CURVE('',#1020,#1049,#1051,.T.);
#1049 = VERTEX_POINT('',#1050);
#1050 = CARTESIAN_POINT('',(-2.299997775749,2.927018151282,3.6));
#1051 = B_SPLINE_CURVE_WITH_KNOTS('',1,(#1052,#1053),.UNSPECIFIED.,.F.,
  .F.,(2,2),(0.25,0.5),.PIECEWISE_BEZIER_KNOTS.);
#1052 = CARTESIAN_POINT('',(-2.299997775749,2.927018151282,3.85));
#1053 = CARTESIAN_POINT('',(-2.299997775749,2.927018151282,3.6));
#1054 = ORIENTED_EDGE('',*,*,#1055,.F.);
#1055 = EDGE_CURVE('',#1049,#1049,#1056,.T.);
#1056 = CIRCLE('',#1057,0.625);
#1057 = AXIS2_PLACEMENT_3D('',#1058,#1059,#1060);
#1058 = CARTESIAN_POINT('',(-2.299997775749,2.302018151282,3.6));
#1059 = DIRECTION('',(0.,0.,-1.));
#1060 = DIRECTION('',(0.,1.,0.));
#1061 = ORIENTED_EDGE('',*,*,#1048,.F.);
#1062 = CYLINDRICAL_SURFACE('',#1063,0.625);
#1063 = AXIS2_PLACEMENT_3D('',#1064,#1065,#1066);
#1064 = CARTESIAN_POINT('',(-2.299997775749,2.302018151282,4.1));
#1065 = DIRECTION('',(0.,0.,-1.));
#1066 = DIRECTION('',(0.,1.,0.));
#1067 = ADVANCED_FACE('',(#1068),#1071,.F.);
#1068 = FACE_BOUND('',#1069,.T.);
#1069 = EDGE_LOOP('',(#1070));
#1070 = ORIENTED_EDGE('',*,*,#1010,.F.);
#1071 = PLANE('',#1072);
#1072 = AXIS2_PLACEMENT_3D('',#1073,#1074,#1075);
#1073 = CARTESIAN_POINT('',(-2.299997775749,2.302018151282,4.1));
#1074 = DIRECTION('',(0.,0.,-1.));
#1075 = DIRECTION('',(0.,1.,0.));
#1076 = ADVANCED_FACE('',(#1077,#1088),#1091,.T.);
#1077 = FACE_BOUND('',#1078,.T.);
#1078 = EDGE_LOOP('',(#1079));
#1079 = ORIENTED_EDGE('',*,*,#1080,.F.);
#1080 = EDGE_CURVE('',#1081,#1081,#1083,.T.);
#1081 = VERTEX_POINT('',#1082);
#1082 = CARTESIAN_POINT('',(-1.899997775749,2.302018151282,3.6));
#1083 = CIRCLE('',#1084,0.4);
#1084 = AXIS2_PLACEMENT_3D('',#1085,#1086,#1087);
#1085 = CARTESIAN_POINT('',(-2.299997775749,2.302018151282,3.6));
#1086 = DIRECTION('',(0.,0.,-1.));
#1087 = DIRECTION('',(1.,0.,0.));
#1088 = FACE_BOUND('',#1089,.T.);
#1089 = EDGE_LOOP('',(#1090));
#1090 = ORIENTED_EDGE('',*,*,#1055,.T.);
#1091 = PLANE('',#1092);
#1092 = AXIS2_PLACEMENT_3D('',#1093,#1094,#1095);
#1093 = CARTESIAN_POINT('',(-2.299997775749,2.302018151282,3.6));
#1094 = DIRECTION('',(0.,0.,-1.));
#1095 = DIRECTION('',(0.,1.,0.));
#1096 = ADVANCED_FACE('',(#1097),#1115,.T.);
#1097 = FACE_BOUND('',#1098,.T.);
#1098 = EDGE_LOOP('',(#1099,#1100,#1107,#1114));
#1099 = ORIENTED_EDGE('',*,*,#1080,.T.);
#1100 = ORIENTED_EDGE('',*,*,#1101,.T.);
#1101 = EDGE_CURVE('',#1081,#1102,#1104,.T.);
#1102 = VERTEX_POINT('',#1103);
#1103 = CARTESIAN_POINT('',(-1.899997775749,2.302018151282,3.2));
#1104 = B_SPLINE_CURVE_WITH_KNOTS('',1,(#1105,#1106),.UNSPECIFIED.,.F.,
  .F.,(2,2),(0.,0.4),.PIECEWISE_BEZIER_KNOTS.);
#1105 = CARTESIAN_POINT('',(-1.899997775749,2.302018151282,3.6));
#1106 = CARTESIAN_POINT('',(-1.899997775749,2.302018151282,3.2));
#1107 = ORIENTED_EDGE('',*,*,#1108,.F.);
#1108 = EDGE_CURVE('',#1102,#1102,#1109,.T.);
#1109 = CIRCLE('',#1110,0.4);
#1110 = AXIS2_PLACEMENT_3D('',#1111,#1112,#1113);
#1111 = CARTESIAN_POINT('',(-2.299997775749,2.302018151282,3.2));
#1112 = DIRECTION('',(0.,0.,-1.));
#1113 = DIRECTION('',(1.,0.,0.));
#1114 = ORIENTED_EDGE('',*,*,#1101,.F.);
#1115 = CYLINDRICAL_SURFACE('',#1116,0.4);
#1116 = AXIS2_PLACEMENT_3D('',#1117,#1118,#1119);
#1117 = CARTESIAN_POINT('',(-2.299997775749,2.302018151282,3.6));
#1118 = DIRECTION('',(0.,0.,-1.));
#1119 = DIRECTION('',(0.,1.,0.));
#1120 = ADVANCED_FACE('',(#1121),#1183,.T.);
#1121 = FACE_BOUND('',#1122,.T.);
#1122 = EDGE_LOOP('',(#1123,#1129,#1130,#1138,#1146,#1154,#1162,#1168,
    #1169,#1175,#1176,#1182));
#1123 = ORIENTED_EDGE('',*,*,#1124,.T.);
#1124 = EDGE_CURVE('',#625,#449,#1125,.T.);
#1125 = LINE('',#1126,#1127);
#1126 = CARTESIAN_POINT('',(-2.999997775749,3.002018151282,
    -8.673617379884E-16));
#1127 = VECTOR('',#1128,1.);
#1128 = DIRECTION('',(-1.,0.,0.));
#1129 = ORIENTED_EDGE('',*,*,#446,.F.);
#1130 = ORIENTED_EDGE('',*,*,#1131,.F.);
#1131 = EDGE_CURVE('',#1132,#447,#1134,.T.);
#1132 = VERTEX_POINT('',#1133);
#1133 = CARTESIAN_POINT('',(-2.999997775749,3.002018151282,0.35));
#1134 = LINE('',#1135,#1136);
#1135 = CARTESIAN_POINT('',(2.22425068904E-06,3.002018151282,0.35));
#1136 = VECTOR('',#1137,1.);
#1137 = DIRECTION('',(1.,0.,0.));
#1138 = ORIENTED_EDGE('',*,*,#1139,.T.);
#1139 = EDGE_CURVE('',#1132,#1140,#1142,.T.);
#1140 = VERTEX_POINT('',#1141);
#1141 = CARTESIAN_POINT('',(-2.999997775749,3.002018151282,3.2));
#1142 = LINE('',#1143,#1144);
#1143 = CARTESIAN_POINT('',(-2.999997775749,3.002018151282,
    -8.673617379884E-16));
#1144 = VECTOR('',#1145,1.);
#1145 = DIRECTION('',(0.,0.,1.));
#1146 = ORIENTED_EDGE('',*,*,#1147,.F.);
#1147 = EDGE_CURVE('',#1148,#1140,#1150,.T.);
#1148 = VERTEX_POINT('',#1149);
#1149 = CARTESIAN_POINT('',(3.000002224251,3.002018151282,3.2));
#1150 = LINE('',#1151,#1152);
#1151 = CARTESIAN_POINT('',(3.000002224251,3.002018151282,3.2));
#1152 = VECTOR('',#1153,1.);
#1153 = DIRECTION('',(-1.,0.,1.471447201289E-17));
#1154 = ORIENTED_EDGE('',*,*,#1155,.F.);
#1155 = EDGE_CURVE('',#1156,#1148,#1158,.T.);
#1156 = VERTEX_POINT('',#1157);
#1157 = CARTESIAN_POINT('',(3.000002224251,3.002018151282,0.35));
#1158 = LINE('',#1159,#1160);
#1159 = CARTESIAN_POINT('',(3.000002224251,3.002018151282,
    -8.673617379884E-16));
#1160 = VECTOR('',#1161,1.);
#1161 = DIRECTION('',(0.,0.,1.));
#1162 = ORIENTED_EDGE('',*,*,#1163,.F.);
#1163 = EDGE_CURVE('',#508,#1156,#1164,.T.);
#1164 = LINE('',#1165,#1166);
#1165 = CARTESIAN_POINT('',(2.22425068904E-06,3.002018151282,0.35));
#1166 = VECTOR('',#1167,1.);
#1167 = DIRECTION('',(1.,0.,0.));
#1168 = ORIENTED_EDGE('',*,*,#507,.T.);
#1169 = ORIENTED_EDGE('',*,*,#1170,.F.);
#1170 = EDGE_CURVE('',#701,#499,#1171,.T.);
#1171 = LINE('',#1172,#1173);
#1172 = CARTESIAN_POINT('',(2.22425068904E-06,3.002018151282,
    -8.673617379884E-16));
#1173 = VECTOR('',#1174,1.);
#1174 = DIRECTION('',(1.,0.,0.));
#1175 = ORIENTED_EDGE('',*,*,#698,.F.);
#1176 = ORIENTED_EDGE('',*,*,#1177,.F.);
#1177 = EDGE_CURVE('',#634,#699,#1178,.T.);
#1178 = LINE('',#1179,#1180);
#1179 = CARTESIAN_POINT('',(2.22425068904E-06,3.002018151282,0.35));
#1180 = VECTOR('',#1181,1.);
#1181 = DIRECTION('',(1.,0.,0.));
#1182 = ORIENTED_EDGE('',*,*,#633,.T.);
#1183 = PLANE('',#1184);
#1184 = AXIS2_PLACEMENT_3D('',#1185,#1186,#1187);
#1185 = CARTESIAN_POINT('',(-2.999997775749,3.002018151282,
    -8.673617379884E-16));
#1186 = DIRECTION('',(0.,1.,0.));
#1187 = DIRECTION('',(0.,-0.,1.));
#1188 = ADVANCED_FACE('',(#1189),#1221,.T.);
#1189 = FACE_BOUND('',#1190,.T.);
#1190 = EDGE_LOOP('',(#1191,#1197,#1198,#1206,#1214,#1220));
#1191 = ORIENTED_EDGE('',*,*,#1192,.T.);
#1192 = EDGE_CURVE('',#214,#111,#1193,.T.);
#1193 = LINE('',#1194,#1195);
#1194 = CARTESIAN_POINT('',(3.000002224251,2.018151282182E-03,0.35));
#1195 = VECTOR('',#1196,1.);
#1196 = DIRECTION('',(0.,-1.,0.));
#1197 = ORIENTED_EDGE('',*,*,#137,.F.);
#1198 = ORIENTED_EDGE('',*,*,#1199,.F.);
#1199 = EDGE_CURVE('',#1200,#130,#1202,.T.);
#1200 = VERTEX_POINT('',#1201);
#1201 = CARTESIAN_POINT('',(1.450002224251,-1.497981848718,0.35));
#1202 = LINE('',#1203,#1204);
#1203 = CARTESIAN_POINT('',(2.224250689935E-06,-1.497981848718,0.35));
#1204 = VECTOR('',#1205,1.);
#1205 = DIRECTION('',(1.,5.981805089575E-16,0.));
#1206 = ORIENTED_EDGE('',*,*,#1207,.T.);
#1207 = EDGE_CURVE('',#1200,#1208,#1210,.T.);
#1208 = VERTEX_POINT('',#1209);
#1209 = CARTESIAN_POINT('',(1.450002224251,1.502018151282,0.35));
#1210 = LINE('',#1211,#1212);
#1211 = CARTESIAN_POINT('',(1.450002224251,2.018151282182E-03,0.35));
#1212 = VECTOR('',#1213,1.);
#1213 = DIRECTION('',(0.,1.,0.));
#1214 = ORIENTED_EDGE('',*,*,#1215,.T.);
#1215 = EDGE_CURVE('',#1208,#195,#1216,.T.);
#1216 = LINE('',#1217,#1218);
#1217 = CARTESIAN_POINT('',(2.224250688363E-06,1.502018151282,0.35));
#1218 = VECTOR('',#1219,1.);
#1219 = DIRECTION('',(1.,4.486353817181E-16,0.));
#1220 = ORIENTED_EDGE('',*,*,#221,.T.);
#1221 = PLANE('',#1222);
#1222 = AXIS2_PLACEMENT_3D('',#1223,#1224,#1225);
#1223 = CARTESIAN_POINT('',(2.22425068904E-06,2.018151282182E-03,0.35));
#1224 = DIRECTION('',(0.,0.,-1.));
#1225 = DIRECTION('',(-1.,0.,0.));
#1226 = ADVANCED_FACE('',(#1227),#1261,.T.);
#1227 = FACE_BOUND('',#1228,.T.);
#1228 = EDGE_LOOP('',(#1229,#1239,#1247,#1255));
#1229 = ORIENTED_EDGE('',*,*,#1230,.T.);
#1230 = EDGE_CURVE('',#1231,#1233,#1235,.T.);
#1231 = VERTEX_POINT('',#1232);
#1232 = CARTESIAN_POINT('',(0.850002224251,1.735351484616,0.4));
#1233 = VERTEX_POINT('',#1234);
#1234 = CARTESIAN_POINT('',(0.850002224251,0.435351484616,0.4));
#1235 = LINE('',#1236,#1237);
#1236 = CARTESIAN_POINT('',(0.850002224251,2.602018151282,0.4));
#1237 = VECTOR('',#1238,1.);
#1238 = DIRECTION('',(0.,-1.,0.));
#1239 = ORIENTED_EDGE('',*,*,#1240,.T.);
#1240 = EDGE_CURVE('',#1233,#1241,#1243,.T.);
#1241 = VERTEX_POINT('',#1242);
#1242 = CARTESIAN_POINT('',(-0.849997775749,0.435351484616,0.4));
#1243 = LINE('',#1244,#1245);
#1244 = CARTESIAN_POINT('',(0.850002224251,0.435351484616,0.4));
#1245 = VECTOR('',#1246,1.);
#1246 = DIRECTION('',(-1.,0.,0.));
#1247 = ORIENTED_EDGE('',*,*,#1248,.T.);
#1248 = EDGE_CURVE('',#1241,#1249,#1251,.T.);
#1249 = VERTEX_POINT('',#1250);
#1250 = CARTESIAN_POINT('',(-0.849997775749,1.735351484616,0.4));
#1251 = LINE('',#1252,#1253);
#1252 = CARTESIAN_POINT('',(-0.849997775749,2.602018151282,0.4));
#1253 = VECTOR('',#1254,1.);
#1254 = DIRECTION('',(0.,1.,0.));
#1255 = ORIENTED_EDGE('',*,*,#1256,.T.);
#1256 = EDGE_CURVE('',#1249,#1231,#1257,.T.);
#1257 = LINE('',#1258,#1259);
#1258 = CARTESIAN_POINT('',(0.850002224251,1.735351484616,0.4));
#1259 = VECTOR('',#1260,1.);
#1260 = DIRECTION('',(1.,0.,0.));
#1261 = PLANE('',#1262);
#1262 = AXIS2_PLACEMENT_3D('',#1263,#1264,#1265);
#1263 = CARTESIAN_POINT('',(2.22425068904E-06,2.018151282182E-03,0.4));
#1264 = DIRECTION('',(0.,0.,-1.));
#1265 = DIRECTION('',(-1.,0.,0.));
#1266 = ADVANCED_FACE('',(#1267),#1301,.T.);
#1267 = FACE_BOUND('',#1268,.T.);
#1268 = EDGE_LOOP('',(#1269,#1279,#1287,#1295));
#1269 = ORIENTED_EDGE('',*,*,#1270,.T.);
#1270 = EDGE_CURVE('',#1271,#1273,#1275,.T.);
#1271 = VERTEX_POINT('',#1272);
#1272 = CARTESIAN_POINT('',(0.850002224251,-0.431315182051,0.4));
#1273 = VERTEX_POINT('',#1274);
#1274 = CARTESIAN_POINT('',(0.850002224251,-1.731315182051,0.4));
#1275 = LINE('',#1276,#1277);
#1276 = CARTESIAN_POINT('',(0.850002224251,2.602018151282,0.4));
#1277 = VECTOR('',#1278,1.);
#1278 = DIRECTION('',(0.,-1.,0.));
#1279 = ORIENTED_EDGE('',*,*,#1280,.T.);
#1280 = EDGE_CURVE('',#1273,#1281,#1283,.T.);
#1281 = VERTEX_POINT('',#1282);
#1282 = CARTESIAN_POINT('',(-0.849997775749,-1.731315182051,0.4));
#1283 = LINE('',#1284,#1285);
#1284 = CARTESIAN_POINT('',(0.850002224251,-1.731315182051,0.4));
#1285 = VECTOR('',#1286,1.);
#1286 = DIRECTION('',(-1.,0.,0.));
#1287 = ORIENTED_EDGE('',*,*,#1288,.T.);
#1288 = EDGE_CURVE('',#1281,#1289,#1291,.T.);
#1289 = VERTEX_POINT('',#1290);
#1290 = CARTESIAN_POINT('',(-0.849997775749,-0.431315182051,0.4));
#1291 = LINE('',#1292,#1293);
#1292 = CARTESIAN_POINT('',(-0.849997775749,2.602018151282,0.4));
#1293 = VECTOR('',#1294,1.);
#1294 = DIRECTION('',(0.,1.,0.));
#1295 = ORIENTED_EDGE('',*,*,#1296,.T.);
#1296 = EDGE_CURVE('',#1289,#1271,#1297,.T.);
#1297 = LINE('',#1298,#1299);
#1298 = CARTESIAN_POINT('',(0.850002224251,-0.431315182051,0.4));
#1299 = VECTOR('',#1300,1.);
#1300 = DIRECTION('',(1.,0.,0.));
#1301 = PLANE('',#1302);
#1302 = AXIS2_PLACEMENT_3D('',#1303,#1304,#1305);
#1303 = CARTESIAN_POINT('',(2.22425068904E-06,2.018151282182E-03,0.4));
#1304 = DIRECTION('',(0.,0.,-1.));
#1305 = DIRECTION('',(-1.,0.,0.));
#1306 = ADVANCED_FACE('',(#1307),#1341,.F.);
#1307 = FACE_BOUND('',#1308,.T.);
#1308 = EDGE_LOOP('',(#1309,#1319,#1327,#1335));
#1309 = ORIENTED_EDGE('',*,*,#1310,.T.);
#1310 = EDGE_CURVE('',#1311,#1313,#1315,.T.);
#1311 = VERTEX_POINT('',#1312);
#1312 = CARTESIAN_POINT('',(-0.849997775749,-2.597981848718,0.55));
#1313 = VERTEX_POINT('',#1314);
#1314 = CARTESIAN_POINT('',(-0.849997775749,-1.731315182051,0.55));
#1315 = LINE('',#1316,#1317);
#1316 = CARTESIAN_POINT('',(-0.849997775749,-2.597981848718,0.55));
#1317 = VECTOR('',#1318,1.);
#1318 = DIRECTION('',(0.,1.,0.));
#1319 = ORIENTED_EDGE('',*,*,#1320,.T.);
#1320 = EDGE_CURVE('',#1313,#1321,#1323,.T.);
#1321 = VERTEX_POINT('',#1322);
#1322 = CARTESIAN_POINT('',(0.850002224251,-1.731315182051,0.55));
#1323 = LINE('',#1324,#1325);
#1324 = CARTESIAN_POINT('',(0.850002224251,-1.731315182051,0.55));
#1325 = VECTOR('',#1326,1.);
#1326 = DIRECTION('',(1.,0.,0.));
#1327 = ORIENTED_EDGE('',*,*,#1328,.T.);
#1328 = EDGE_CURVE('',#1321,#1329,#1331,.T.);
#1329 = VERTEX_POINT('',#1330);
#1330 = CARTESIAN_POINT('',(0.850002224251,-2.597981848718,0.55));
#1331 = LINE('',#1332,#1333);
#1332 = CARTESIAN_POINT('',(0.850002224251,-2.597981848718,0.55));
#1333 = VECTOR('',#1334,1.);
#1334 = DIRECTION('',(0.,-1.,0.));
#1335 = ORIENTED_EDGE('',*,*,#1336,.T.);
#1336 = EDGE_CURVE('',#1329,#1311,#1337,.T.);
#1337 = LINE('',#1338,#1339);
#1338 = CARTESIAN_POINT('',(0.850002224251,-2.597981848718,0.55));
#1339 = VECTOR('',#1340,1.);
#1340 = DIRECTION('',(-1.,0.,0.));
#1341 = PLANE('',#1342);
#1342 = AXIS2_PLACEMENT_3D('',#1343,#1344,#1345);
#1343 = CARTESIAN_POINT('',(2.22425068904E-06,2.018151282182E-03,0.55));
#1344 = DIRECTION('',(0.,0.,1.));
#1345 = DIRECTION('',(1.,0.,-0.));
#1346 = ADVANCED_FACE('',(#1347),#1418,.F.);
#1347 = FACE_BOUND('',#1348,.T.);
#1348 = EDGE_LOOP('',(#1349,#1359,#1365,#1366,#1372,#1373,#1381,#1389,
    #1395,#1396,#1404,#1412));
#1349 = ORIENTED_EDGE('',*,*,#1350,.T.);
#1350 = EDGE_CURVE('',#1351,#1353,#1355,.T.);
#1351 = VERTEX_POINT('',#1352);
#1352 = CARTESIAN_POINT('',(0.850002224251,2.602018151282,0.35));
#1353 = VERTEX_POINT('',#1354);
#1354 = CARTESIAN_POINT('',(0.850002224251,-2.597981848718,0.35));
#1355 = LINE('',#1356,#1357);
#1356 = CARTESIAN_POINT('',(0.850002224251,-2.597981848718,0.35));
#1357 = VECTOR('',#1358,1.);
#1358 = DIRECTION('',(0.,-1.,0.));
#1359 = ORIENTED_EDGE('',*,*,#1360,.F.);
#1360 = EDGE_CURVE('',#1329,#1353,#1361,.T.);
#1361 = LINE('',#1362,#1363);
#1362 = CARTESIAN_POINT('',(0.850002224251,-2.597981848718,0.55));
#1363 = VECTOR('',#1364,1.);
#1364 = DIRECTION('',(0.,0.,-1.));
#1365 = ORIENTED_EDGE('',*,*,#1328,.F.);
#1366 = ORIENTED_EDGE('',*,*,#1367,.T.);
#1367 = EDGE_CURVE('',#1321,#1273,#1368,.T.);
#1368 = LINE('',#1369,#1370);
#1369 = CARTESIAN_POINT('',(0.850002224251,-1.731315182051,0.55));
#1370 = VECTOR('',#1371,1.);
#1371 = DIRECTION('',(0.,0.,-1.));
#1372 = ORIENTED_EDGE('',*,*,#1270,.F.);
#1373 = ORIENTED_EDGE('',*,*,#1374,.F.);
#1374 = EDGE_CURVE('',#1375,#1271,#1377,.T.);
#1375 = VERTEX_POINT('',#1376);
#1376 = CARTESIAN_POINT('',(0.850002224251,-0.431315182051,0.55));
#1377 = LINE('',#1378,#1379);
#1378 = CARTESIAN_POINT('',(0.850002224251,-0.431315182051,0.55));
#1379 = VECTOR('',#1380,1.);
#1380 = DIRECTION('',(0.,0.,-1.));
#1381 = ORIENTED_EDGE('',*,*,#1382,.F.);
#1382 = EDGE_CURVE('',#1383,#1375,#1385,.T.);
#1383 = VERTEX_POINT('',#1384);
#1384 = CARTESIAN_POINT('',(0.850002224251,0.435351484616,0.55));
#1385 = LINE('',#1386,#1387);
#1386 = CARTESIAN_POINT('',(0.850002224251,-0.431315182051,0.55));
#1387 = VECTOR('',#1388,1.);
#1388 = DIRECTION('',(0.,-1.,0.));
#1389 = ORIENTED_EDGE('',*,*,#1390,.T.);
#1390 = EDGE_CURVE('',#1383,#1233,#1391,.T.);
#1391 = LINE('',#1392,#1393);
#1392 = CARTESIAN_POINT('',(0.850002224251,0.435351484616,0.55));
#1393 = VECTOR('',#1394,1.);
#1394 = DIRECTION('',(0.,0.,-1.));
#1395 = ORIENTED_EDGE('',*,*,#1230,.F.);
#1396 = ORIENTED_EDGE('',*,*,#1397,.F.);
#1397 = EDGE_CURVE('',#1398,#1231,#1400,.T.);
#1398 = VERTEX_POINT('',#1399);
#1399 = CARTESIAN_POINT('',(0.850002224251,1.735351484616,0.55));
#1400 = LINE('',#1401,#1402);
#1401 = CARTESIAN_POINT('',(0.850002224251,1.735351484616,0.55));
#1402 = VECTOR('',#1403,1.);
#1403 = DIRECTION('',(0.,0.,-1.));
#1404 = ORIENTED_EDGE('',*,*,#1405,.F.);
#1405 = EDGE_CURVE('',#1406,#1398,#1408,.T.);
#1406 = VERTEX_POINT('',#1407);
#1407 = CARTESIAN_POINT('',(0.850002224251,2.602018151282,0.55));
#1408 = LINE('',#1409,#1410);
#1409 = CARTESIAN_POINT('',(0.850002224251,2.602018151282,0.55));
#1410 = VECTOR('',#1411,1.);
#1411 = DIRECTION('',(0.,-1.,0.));
#1412 = ORIENTED_EDGE('',*,*,#1413,.T.);
#1413 = EDGE_CURVE('',#1406,#1351,#1414,.T.);
#1414 = LINE('',#1415,#1416);
#1415 = CARTESIAN_POINT('',(0.850002224251,2.602018151282,0.55));
#1416 = VECTOR('',#1417,1.);
#1417 = DIRECTION('',(0.,0.,-1.));
#1418 = PLANE('',#1419);
#1419 = AXIS2_PLACEMENT_3D('',#1420,#1421,#1422);
#1420 = CARTESIAN_POINT('',(0.850002224251,-2.597981848718,0.55));
#1421 = DIRECTION('',(1.,0.,0.));
#1422 = DIRECTION('',(0.,0.,-1.));
#1423 = ADVANCED_FACE('',(#1424),#1442,.F.);
#1424 = FACE_BOUND('',#1425,.T.);
#1425 = EDGE_LOOP('',(#1426,#1434,#1440,#1441));
#1426 = ORIENTED_EDGE('',*,*,#1427,.T.);
#1427 = EDGE_CURVE('',#1353,#1428,#1430,.T.);
#1428 = VERTEX_POINT('',#1429);
#1429 = CARTESIAN_POINT('',(-0.849997775749,-2.597981848718,0.35));
#1430 = LINE('',#1431,#1432);
#1431 = CARTESIAN_POINT('',(0.850002224251,-2.597981848718,0.35));
#1432 = VECTOR('',#1433,1.);
#1433 = DIRECTION('',(-1.,0.,0.));
#1434 = ORIENTED_EDGE('',*,*,#1435,.F.);
#1435 = EDGE_CURVE('',#1311,#1428,#1436,.T.);
#1436 = LINE('',#1437,#1438);
#1437 = CARTESIAN_POINT('',(-0.849997775749,-2.597981848718,0.55));
#1438 = VECTOR('',#1439,1.);
#1439 = DIRECTION('',(0.,0.,-1.));
#1440 = ORIENTED_EDGE('',*,*,#1336,.F.);
#1441 = ORIENTED_EDGE('',*,*,#1360,.T.);
#1442 = PLANE('',#1443);
#1443 = AXIS2_PLACEMENT_3D('',#1444,#1445,#1446);
#1444 = CARTESIAN_POINT('',(0.850002224251,-2.597981848718,0.55));
#1445 = DIRECTION('',(0.,-1.,0.));
#1446 = DIRECTION('',(0.,0.,-1.));
#1447 = ADVANCED_FACE('',(#1448),#1512,.F.);
#1448 = FACE_BOUND('',#1449,.T.);
#1449 = EDGE_LOOP('',(#1450,#1458,#1466,#1474,#1480,#1481,#1489,#1497,
    #1503,#1504,#1510,#1511));
#1450 = ORIENTED_EDGE('',*,*,#1451,.T.);
#1451 = EDGE_CURVE('',#1428,#1452,#1454,.T.);
#1452 = VERTEX_POINT('',#1453);
#1453 = CARTESIAN_POINT('',(-0.849997775749,2.602018151282,0.35));
#1454 = LINE('',#1455,#1456);
#1455 = CARTESIAN_POINT('',(-0.849997775749,-2.597981848718,0.35));
#1456 = VECTOR('',#1457,1.);
#1457 = DIRECTION('',(0.,1.,0.));
#1458 = ORIENTED_EDGE('',*,*,#1459,.F.);
#1459 = EDGE_CURVE('',#1460,#1452,#1462,.T.);
#1460 = VERTEX_POINT('',#1461);
#1461 = CARTESIAN_POINT('',(-0.849997775749,2.602018151282,0.55));
#1462 = LINE('',#1463,#1464);
#1463 = CARTESIAN_POINT('',(-0.849997775749,2.602018151282,0.55));
#1464 = VECTOR('',#1465,1.);
#1465 = DIRECTION('',(0.,0.,-1.));
#1466 = ORIENTED_EDGE('',*,*,#1467,.F.);
#1467 = EDGE_CURVE('',#1468,#1460,#1470,.T.);
#1468 = VERTEX_POINT('',#1469);
#1469 = CARTESIAN_POINT('',(-0.849997775749,1.735351484616,0.55));
#1470 = LINE('',#1471,#1472);
#1471 = CARTESIAN_POINT('',(-0.849997775749,2.602018151282,0.55));
#1472 = VECTOR('',#1473,1.);
#1473 = DIRECTION('',(0.,1.,0.));
#1474 = ORIENTED_EDGE('',*,*,#1475,.T.);
#1475 = EDGE_CURVE('',#1468,#1249,#1476,.T.);
#1476 = LINE('',#1477,#1478);
#1477 = CARTESIAN_POINT('',(-0.849997775749,1.735351484616,0.55));
#1478 = VECTOR('',#1479,1.);
#1479 = DIRECTION('',(0.,0.,-1.));
#1480 = ORIENTED_EDGE('',*,*,#1248,.F.);
#1481 = ORIENTED_EDGE('',*,*,#1482,.F.);
#1482 = EDGE_CURVE('',#1483,#1241,#1485,.T.);
#1483 = VERTEX_POINT('',#1484);
#1484 = CARTESIAN_POINT('',(-0.849997775749,0.435351484616,0.55));
#1485 = LINE('',#1486,#1487);
#1486 = CARTESIAN_POINT('',(-0.849997775749,0.435351484616,0.55));
#1487 = VECTOR('',#1488,1.);
#1488 = DIRECTION('',(0.,0.,-1.));
#1489 = ORIENTED_EDGE('',*,*,#1490,.F.);
#1490 = EDGE_CURVE('',#1491,#1483,#1493,.T.);
#1491 = VERTEX_POINT('',#1492);
#1492 = CARTESIAN_POINT('',(-0.849997775749,-0.431315182051,0.55));
#1493 = LINE('',#1494,#1495);
#1494 = CARTESIAN_POINT('',(-0.849997775749,-0.431315182051,0.55));
#1495 = VECTOR('',#1496,1.);
#1496 = DIRECTION('',(0.,1.,0.));
#1497 = ORIENTED_EDGE('',*,*,#1498,.T.);
#1498 = EDGE_CURVE('',#1491,#1289,#1499,.T.);
#1499 = LINE('',#1500,#1501);
#1500 = CARTESIAN_POINT('',(-0.849997775749,-0.431315182051,0.55));
#1501 = VECTOR('',#1502,1.);
#1502 = DIRECTION('',(0.,0.,-1.));
#1503 = ORIENTED_EDGE('',*,*,#1288,.F.);
#1504 = ORIENTED_EDGE('',*,*,#1505,.F.);
#1505 = EDGE_CURVE('',#1313,#1281,#1506,.T.);
#1506 = LINE('',#1507,#1508);
#1507 = CARTESIAN_POINT('',(-0.849997775749,-1.731315182051,0.55));
#1508 = VECTOR('',#1509,1.);
#1509 = DIRECTION('',(0.,0.,-1.));
#1510 = ORIENTED_EDGE('',*,*,#1310,.F.);
#1511 = ORIENTED_EDGE('',*,*,#1435,.T.);
#1512 = PLANE('',#1513);
#1513 = AXIS2_PLACEMENT_3D('',#1514,#1515,#1516);
#1514 = CARTESIAN_POINT('',(-0.849997775749,-2.597981848718,0.55));
#1515 = DIRECTION('',(-1.,0.,0.));
#1516 = DIRECTION('',(0.,0.,1.));
#1517 = ADVANCED_FACE('',(#1518),#1534,.F.);
#1518 = FACE_BOUND('',#1519,.T.);
#1519 = EDGE_LOOP('',(#1520,#1521,#1527,#1528));
#1520 = ORIENTED_EDGE('',*,*,#1490,.T.);
#1521 = ORIENTED_EDGE('',*,*,#1522,.T.);
#1522 = EDGE_CURVE('',#1483,#1383,#1523,.T.);
#1523 = LINE('',#1524,#1525);
#1524 = CARTESIAN_POINT('',(0.850002224251,0.435351484616,0.55));
#1525 = VECTOR('',#1526,1.);
#1526 = DIRECTION('',(1.,0.,0.));
#1527 = ORIENTED_EDGE('',*,*,#1382,.T.);
#1528 = ORIENTED_EDGE('',*,*,#1529,.T.);
#1529 = EDGE_CURVE('',#1375,#1491,#1530,.T.);
#1530 = LINE('',#1531,#1532);
#1531 = CARTESIAN_POINT('',(0.850002224251,-0.431315182051,0.55));
#1532 = VECTOR('',#1533,1.);
#1533 = DIRECTION('',(-1.,0.,0.));
#1534 = PLANE('',#1535);
#1535 = AXIS2_PLACEMENT_3D('',#1536,#1537,#1538);
#1536 = CARTESIAN_POINT('',(2.22425068904E-06,2.018151282182E-03,0.55));
#1537 = DIRECTION('',(0.,0.,1.));
#1538 = DIRECTION('',(1.,0.,-0.));
#1539 = ADVANCED_FACE('',(#1540),#1556,.T.);
#1540 = FACE_BOUND('',#1541,.T.);
#1541 = EDGE_LOOP('',(#1542,#1543,#1549,#1550));
#1542 = ORIENTED_EDGE('',*,*,#1405,.T.);
#1543 = ORIENTED_EDGE('',*,*,#1544,.T.);
#1544 = EDGE_CURVE('',#1398,#1468,#1545,.T.);
#1545 = LINE('',#1546,#1547);
#1546 = CARTESIAN_POINT('',(0.850002224251,1.735351484616,0.55));
#1547 = VECTOR('',#1548,1.);
#1548 = DIRECTION('',(-1.,0.,0.));
#1549 = ORIENTED_EDGE('',*,*,#1467,.T.);
#1550 = ORIENTED_EDGE('',*,*,#1551,.T.);
#1551 = EDGE_CURVE('',#1460,#1406,#1552,.T.);
#1552 = LINE('',#1553,#1554);
#1553 = CARTESIAN_POINT('',(0.850002224251,2.602018151282,0.55));
#1554 = VECTOR('',#1555,1.);
#1555 = DIRECTION('',(1.,0.,0.));
#1556 = PLANE('',#1557);
#1557 = AXIS2_PLACEMENT_3D('',#1558,#1559,#1560);
#1558 = CARTESIAN_POINT('',(2.22425068904E-06,2.018151282182E-03,0.55));
#1559 = DIRECTION('',(0.,0.,-1.));
#1560 = DIRECTION('',(-1.,0.,0.));
#1561 = ADVANCED_FACE('',(#1562),#1573,.F.);
#1562 = FACE_BOUND('',#1563,.T.);
#1563 = EDGE_LOOP('',(#1564,#1570,#1571,#1572));
#1564 = ORIENTED_EDGE('',*,*,#1565,.T.);
#1565 = EDGE_CURVE('',#1452,#1351,#1566,.T.);
#1566 = LINE('',#1567,#1568);
#1567 = CARTESIAN_POINT('',(0.850002224251,2.602018151282,0.35));
#1568 = VECTOR('',#1569,1.);
#1569 = DIRECTION('',(1.,0.,0.));
#1570 = ORIENTED_EDGE('',*,*,#1413,.F.);
#1571 = ORIENTED_EDGE('',*,*,#1551,.F.);
#1572 = ORIENTED_EDGE('',*,*,#1459,.T.);
#1573 = PLANE('',#1574);
#1574 = AXIS2_PLACEMENT_3D('',#1575,#1576,#1577);
#1575 = CARTESIAN_POINT('',(0.850002224251,2.602018151282,0.55));
#1576 = DIRECTION('',(0.,1.,0.));
#1577 = DIRECTION('',(0.,-0.,1.));
#1578 = ADVANCED_FACE('',(#1579),#1604,.T.);
#1579 = FACE_BOUND('',#1580,.T.);
#1580 = EDGE_LOOP('',(#1581,#1589,#1590,#1591,#1597,#1598));
#1581 = ORIENTED_EDGE('',*,*,#1582,.T.);
#1582 = EDGE_CURVE('',#1583,#489,#1585,.T.);
#1583 = VERTEX_POINT('',#1584);
#1584 = CARTESIAN_POINT('',(1.450002224251,2.502018151282,0.35));
#1585 = LINE('',#1586,#1587);
#1586 = CARTESIAN_POINT('',(1.450002224251,2.018151282182E-03,0.35));
#1587 = VECTOR('',#1588,1.);
#1588 = DIRECTION('',(0.,1.,0.));
#1589 = ORIENTED_EDGE('',*,*,#515,.T.);
#1590 = ORIENTED_EDGE('',*,*,#1163,.T.);
#1591 = ORIENTED_EDGE('',*,*,#1592,.T.);
#1592 = EDGE_CURVE('',#1156,#237,#1593,.T.);
#1593 = LINE('',#1594,#1595);
#1594 = CARTESIAN_POINT('',(3.000002224251,2.018151282182E-03,0.35));
#1595 = VECTOR('',#1596,1.);
#1596 = DIRECTION('',(0.,-1.,0.));
#1597 = ORIENTED_EDGE('',*,*,#263,.F.);
#1598 = ORIENTED_EDGE('',*,*,#1599,.F.);
#1599 = EDGE_CURVE('',#1583,#256,#1600,.T.);
#1600 = LINE('',#1601,#1602);
#1601 = CARTESIAN_POINT('',(2.22425069129E-06,2.502018151282,0.35));
#1602 = VECTOR('',#1603,1.);
#1603 = DIRECTION('',(1.,-8.972707634363E-16,0.));
#1604 = PLANE('',#1605);
#1605 = AXIS2_PLACEMENT_3D('',#1606,#1607,#1608);
#1606 = CARTESIAN_POINT('',(2.22425068904E-06,2.018151282182E-03,0.35));
#1607 = DIRECTION('',(0.,0.,-1.));
#1608 = DIRECTION('',(-1.,0.,0.));
#1609 = ADVANCED_FACE('',(#1610),#1628,.T.);
#1610 = FACE_BOUND('',#1611,.T.);
#1611 = EDGE_LOOP('',(#1612,#1613,#1621,#1627));
#1612 = ORIENTED_EDGE('',*,*,#255,.T.);
#1613 = ORIENTED_EDGE('',*,*,#1614,.T.);
#1614 = EDGE_CURVE('',#247,#1615,#1617,.T.);
#1615 = VERTEX_POINT('',#1616);
#1616 = CARTESIAN_POINT('',(1.450002224251,2.502018151282,
    -8.673617379884E-16));
#1617 = LINE('',#1618,#1619);
#1618 = CARTESIAN_POINT('',(2.22425069129E-06,2.502018151282,
    -8.673617379884E-16));
#1619 = VECTOR('',#1620,1.);
#1620 = DIRECTION('',(-1.,8.972707634363E-16,0.));
#1621 = ORIENTED_EDGE('',*,*,#1622,.F.);
#1622 = EDGE_CURVE('',#1583,#1615,#1623,.T.);
#1623 = LINE('',#1624,#1625);
#1624 = CARTESIAN_POINT('',(1.450002224251,2.502018151282,0.35));
#1625 = VECTOR('',#1626,1.);
#1626 = DIRECTION('',(0.,0.,-1.));
#1627 = ORIENTED_EDGE('',*,*,#1599,.T.);
#1628 = PLANE('',#1629);
#1629 = AXIS2_PLACEMENT_3D('',#1630,#1631,#1632);
#1630 = CARTESIAN_POINT('',(2.22425069129E-06,2.502018151282,0.35));
#1631 = DIRECTION('',(8.972707634363E-16,1.,0.));
#1632 = DIRECTION('',(-1.,8.972707634363E-16,0.));
#1633 = ADVANCED_FACE('',(#1634),#1645,.F.);
#1634 = FACE_BOUND('',#1635,.T.);
#1635 = EDGE_LOOP('',(#1636,#1642,#1643,#1644));
#1636 = ORIENTED_EDGE('',*,*,#1637,.T.);
#1637 = EDGE_CURVE('',#1615,#491,#1638,.T.);
#1638 = LINE('',#1639,#1640);
#1639 = CARTESIAN_POINT('',(1.450002224251,2.018151282182E-03,
    -8.673617379884E-16));
#1640 = VECTOR('',#1641,1.);
#1641 = DIRECTION('',(0.,1.,0.));
#1642 = ORIENTED_EDGE('',*,*,#488,.F.);
#1643 = ORIENTED_EDGE('',*,*,#1582,.F.);
#1644 = ORIENTED_EDGE('',*,*,#1622,.T.);
#1645 = PLANE('',#1646);
#1646 = AXIS2_PLACEMENT_3D('',#1647,#1648,#1649);
#1647 = CARTESIAN_POINT('',(1.450002224251,2.018151282182E-03,0.35));
#1648 = DIRECTION('',(-1.,0.,0.));
#1649 = DIRECTION('',(0.,0.,1.));
#1650 = ADVANCED_FACE('',(#1651),#1676,.T.);
#1651 = FACE_BOUND('',#1652,.T.);
#1652 = EDGE_LOOP('',(#1653,#1654,#1660,#1661,#1662,#1670));
#1653 = ORIENTED_EDGE('',*,*,#347,.F.);
#1654 = ORIENTED_EDGE('',*,*,#1655,.T.);
#1655 = EDGE_CURVE('',#340,#1132,#1656,.T.);
#1656 = LINE('',#1657,#1658);
#1657 = CARTESIAN_POINT('',(-2.999997775749,2.018151282182E-03,0.35));
#1658 = VECTOR('',#1659,1.);
#1659 = DIRECTION('',(0.,1.,0.));
#1660 = ORIENTED_EDGE('',*,*,#1131,.T.);
#1661 = ORIENTED_EDGE('',*,*,#473,.T.);
#1662 = ORIENTED_EDGE('',*,*,#1663,.F.);
#1663 = EDGE_CURVE('',#1664,#466,#1666,.T.);
#1664 = VERTEX_POINT('',#1665);
#1665 = CARTESIAN_POINT('',(-1.449997775749,2.502018151282,0.35));
#1666 = LINE('',#1667,#1668);
#1667 = CARTESIAN_POINT('',(-1.449997775749,2.018151282182E-03,0.35));
#1668 = VECTOR('',#1669,1.);
#1669 = DIRECTION('',(0.,1.,0.));
#1670 = ORIENTED_EDGE('',*,*,#1671,.T.);
#1671 = EDGE_CURVE('',#1664,#321,#1672,.T.);
#1672 = LINE('',#1673,#1674);
#1673 = CARTESIAN_POINT('',(2.224250683809E-06,2.502018151282,0.35));
#1674 = VECTOR('',#1675,1.);
#1675 = DIRECTION('',(-1.,-2.093631781351E-15,0.));
#1676 = PLANE('',#1677);
#1677 = AXIS2_PLACEMENT_3D('',#1678,#1679,#1680);
#1678 = CARTESIAN_POINT('',(2.22425068904E-06,2.018151282182E-03,0.35));
#1679 = DIRECTION('',(0.,0.,-1.));
#1680 = DIRECTION('',(-1.,0.,0.));
#1681 = ADVANCED_FACE('',(#1682),#1700,.T.);
#1682 = FACE_BOUND('',#1683,.T.);
#1683 = EDGE_LOOP('',(#1684,#1685,#1693,#1699));
#1684 = ORIENTED_EDGE('',*,*,#465,.T.);
#1685 = ORIENTED_EDGE('',*,*,#1686,.T.);
#1686 = EDGE_CURVE('',#457,#1687,#1689,.T.);
#1687 = VERTEX_POINT('',#1688);
#1688 = CARTESIAN_POINT('',(-1.449997775749,2.502018151282,
    -8.673617379884E-16));
#1689 = LINE('',#1690,#1691);
#1690 = CARTESIAN_POINT('',(-1.449997775749,2.018151282182E-03,
    -8.673617379884E-16));
#1691 = VECTOR('',#1692,1.);
#1692 = DIRECTION('',(0.,-1.,0.));
#1693 = ORIENTED_EDGE('',*,*,#1694,.F.);
#1694 = EDGE_CURVE('',#1664,#1687,#1695,.T.);
#1695 = LINE('',#1696,#1697);
#1696 = CARTESIAN_POINT('',(-1.449997775749,2.502018151282,0.35));
#1697 = VECTOR('',#1698,1.);
#1698 = DIRECTION('',(0.,0.,-1.));
#1699 = ORIENTED_EDGE('',*,*,#1663,.T.);
#1700 = PLANE('',#1701);
#1701 = AXIS2_PLACEMENT_3D('',#1702,#1703,#1704);
#1702 = CARTESIAN_POINT('',(-1.449997775749,2.018151282182E-03,0.35));
#1703 = DIRECTION('',(-1.,0.,0.));
#1704 = DIRECTION('',(0.,0.,1.));
#1705 = ADVANCED_FACE('',(#1706),#1717,.F.);
#1706 = FACE_BOUND('',#1707,.T.);
#1707 = EDGE_LOOP('',(#1708,#1714,#1715,#1716));
#1708 = ORIENTED_EDGE('',*,*,#1709,.T.);
#1709 = EDGE_CURVE('',#1687,#323,#1710,.T.);
#1710 = LINE('',#1711,#1712);
#1711 = CARTESIAN_POINT('',(2.224250683809E-06,2.502018151282,
    -8.673617379884E-16));
#1712 = VECTOR('',#1713,1.);
#1713 = DIRECTION('',(-1.,-2.093631781351E-15,0.));
#1714 = ORIENTED_EDGE('',*,*,#320,.F.);
#1715 = ORIENTED_EDGE('',*,*,#1671,.F.);
#1716 = ORIENTED_EDGE('',*,*,#1694,.T.);
#1717 = PLANE('',#1718);
#1718 = AXIS2_PLACEMENT_3D('',#1719,#1720,#1721);
#1719 = CARTESIAN_POINT('',(2.224250683809E-06,2.502018151282,0.35));
#1720 = DIRECTION('',(2.093631781351E-15,-1.,0.));
#1721 = DIRECTION('',(1.,2.093631781351E-15,0.));
#1722 = ADVANCED_FACE('',(#1723),#1755,.T.);
#1723 = FACE_BOUND('',#1724,.T.);
#1724 = EDGE_LOOP('',(#1725,#1731,#1732,#1740,#1748,#1754));
#1725 = ORIENTED_EDGE('',*,*,#1726,.T.);
#1726 = EDGE_CURVE('',#382,#279,#1727,.T.);
#1727 = LINE('',#1728,#1729);
#1728 = CARTESIAN_POINT('',(-2.999997775749,2.018151282182E-03,0.35));
#1729 = VECTOR('',#1730,1.);
#1730 = DIRECTION('',(0.,1.,0.));
#1731 = ORIENTED_EDGE('',*,*,#305,.F.);
#1732 = ORIENTED_EDGE('',*,*,#1733,.F.);
#1733 = EDGE_CURVE('',#1734,#298,#1736,.T.);
#1734 = VERTEX_POINT('',#1735);
#1735 = CARTESIAN_POINT('',(-1.449997775749,1.502018151282,0.35));
#1736 = LINE('',#1737,#1738);
#1737 = CARTESIAN_POINT('',(2.224250689257E-06,1.502018151282,0.35));
#1738 = VECTOR('',#1739,1.);
#1739 = DIRECTION('',(-1.,1.495451272394E-16,0.));
#1740 = ORIENTED_EDGE('',*,*,#1741,.F.);
#1741 = EDGE_CURVE('',#1742,#1734,#1744,.T.);
#1742 = VERTEX_POINT('',#1743);
#1743 = CARTESIAN_POINT('',(-1.449997775749,-1.497981848718,0.35));
#1744 = LINE('',#1745,#1746);
#1745 = CARTESIAN_POINT('',(-1.449997775749,2.018151282182E-03,0.35));
#1746 = VECTOR('',#1747,1.);
#1747 = DIRECTION('',(0.,1.,0.));
#1748 = ORIENTED_EDGE('',*,*,#1749,.T.);
#1749 = EDGE_CURVE('',#1742,#363,#1750,.T.);
#1750 = LINE('',#1751,#1752);
#1751 = CARTESIAN_POINT('',(2.224250688363E-06,-1.497981848718,0.35));
#1752 = VECTOR('',#1753,1.);
#1753 = DIRECTION('',(-1.,4.486353817181E-16,0.));
#1754 = ORIENTED_EDGE('',*,*,#389,.F.);
#1755 = PLANE('',#1756);
#1756 = AXIS2_PLACEMENT_3D('',#1757,#1758,#1759);
#1757 = CARTESIAN_POINT('',(2.22425068904E-06,2.018151282182E-03,0.35));
#1758 = DIRECTION('',(0.,0.,-1.));
#1759 = DIRECTION('',(-1.,0.,0.));
#1760 = ADVANCED_FACE('',(#1761),#1779,.T.);
#1761 = FACE_BOUND('',#1762,.T.);
#1762 = EDGE_LOOP('',(#1763,#1764,#1772,#1778));
#1763 = ORIENTED_EDGE('',*,*,#297,.T.);
#1764 = ORIENTED_EDGE('',*,*,#1765,.T.);
#1765 = EDGE_CURVE('',#289,#1766,#1768,.T.);
#1766 = VERTEX_POINT('',#1767);
#1767 = CARTESIAN_POINT('',(-1.449997775749,1.502018151282,
    -8.673617379884E-16));
#1768 = LINE('',#1769,#1770);
#1769 = CARTESIAN_POINT('',(2.224250689257E-06,1.502018151282,
    -8.673617379884E-16));
#1770 = VECTOR('',#1771,1.);
#1771 = DIRECTION('',(1.,-1.495451272394E-16,0.));
#1772 = ORIENTED_EDGE('',*,*,#1773,.F.);
#1773 = EDGE_CURVE('',#1734,#1766,#1774,.T.);
#1774 = LINE('',#1775,#1776);
#1775 = CARTESIAN_POINT('',(-1.449997775749,1.502018151282,0.35));
#1776 = VECTOR('',#1777,1.);
#1777 = DIRECTION('',(0.,0.,-1.));
#1778 = ORIENTED_EDGE('',*,*,#1733,.T.);
#1779 = PLANE('',#1780);
#1780 = AXIS2_PLACEMENT_3D('',#1781,#1782,#1783);
#1781 = CARTESIAN_POINT('',(2.224250689257E-06,1.502018151282,0.35));
#1782 = DIRECTION('',(-1.495451272394E-16,-1.,0.));
#1783 = DIRECTION('',(1.,-1.495451272394E-16,0.));
#1784 = ADVANCED_FACE('',(#1785),#1803,.T.);
#1785 = FACE_BOUND('',#1786,.T.);
#1786 = EDGE_LOOP('',(#1787,#1788,#1796,#1802));
#1787 = ORIENTED_EDGE('',*,*,#1773,.T.);
#1788 = ORIENTED_EDGE('',*,*,#1789,.F.);
#1789 = EDGE_CURVE('',#1790,#1766,#1792,.T.);
#1790 = VERTEX_POINT('',#1791);
#1791 = CARTESIAN_POINT('',(-1.449997775749,-1.497981848718,
    -8.673617379884E-16));
#1792 = LINE('',#1793,#1794);
#1793 = CARTESIAN_POINT('',(-1.449997775749,2.018151282182E-03,
    -8.673617379884E-16));
#1794 = VECTOR('',#1795,1.);
#1795 = DIRECTION('',(0.,1.,0.));
#1796 = ORIENTED_EDGE('',*,*,#1797,.F.);
#1797 = EDGE_CURVE('',#1742,#1790,#1798,.T.);
#1798 = LINE('',#1799,#1800);
#1799 = CARTESIAN_POINT('',(-1.449997775749,-1.497981848718,0.35));
#1800 = VECTOR('',#1801,1.);
#1801 = DIRECTION('',(0.,0.,-1.));
#1802 = ORIENTED_EDGE('',*,*,#1741,.T.);
#1803 = PLANE('',#1804);
#1804 = AXIS2_PLACEMENT_3D('',#1805,#1806,#1807);
#1805 = CARTESIAN_POINT('',(-1.449997775749,2.018151282182E-03,0.35));
#1806 = DIRECTION('',(-1.,0.,0.));
#1807 = DIRECTION('',(0.,0.,1.));
#1808 = ADVANCED_FACE('',(#1809),#1820,.F.);
#1809 = FACE_BOUND('',#1810,.T.);
#1810 = EDGE_LOOP('',(#1811,#1817,#1818,#1819));
#1811 = ORIENTED_EDGE('',*,*,#1812,.F.);
#1812 = EDGE_CURVE('',#365,#1790,#1813,.T.);
#1813 = LINE('',#1814,#1815);
#1814 = CARTESIAN_POINT('',(2.224250688363E-06,-1.497981848718,
    -8.673617379884E-16));
#1815 = VECTOR('',#1816,1.);
#1816 = DIRECTION('',(1.,-4.486353817181E-16,0.));
#1817 = ORIENTED_EDGE('',*,*,#362,.F.);
#1818 = ORIENTED_EDGE('',*,*,#1749,.F.);
#1819 = ORIENTED_EDGE('',*,*,#1797,.T.);
#1820 = PLANE('',#1821);
#1821 = AXIS2_PLACEMENT_3D('',#1822,#1823,#1824);
#1822 = CARTESIAN_POINT('',(2.224250688363E-06,-1.497981848718,0.35));
#1823 = DIRECTION('',(-4.486353817181E-16,-1.,0.));
#1824 = DIRECTION('',(1.,-4.486353817181E-16,0.));
#1825 = ADVANCED_FACE('',(#1826),#1858,.T.);
#1826 = FACE_BOUND('',#1827,.T.);
#1827 = EDGE_LOOP('',(#1828,#1829,#1837,#1843,#1844,#1852));
#1828 = ORIENTED_EDGE('',*,*,#599,.F.);
#1829 = ORIENTED_EDGE('',*,*,#1830,.T.);
#1830 = EDGE_CURVE('',#592,#1831,#1833,.T.);
#1831 = VERTEX_POINT('',#1832);
#1832 = CARTESIAN_POINT('',(-2.999997775749,-2.997981848718,0.35));
#1833 = LINE('',#1834,#1835);
#1834 = CARTESIAN_POINT('',(2.22425068904E-06,-2.997981848718,0.35));
#1835 = VECTOR('',#1836,1.);
#1836 = DIRECTION('',(-1.,0.,0.));
#1837 = ORIENTED_EDGE('',*,*,#1838,.T.);
#1838 = EDGE_CURVE('',#1831,#405,#1839,.T.);
#1839 = LINE('',#1840,#1841);
#1840 = CARTESIAN_POINT('',(-2.999997775749,2.018151282182E-03,0.35));
#1841 = VECTOR('',#1842,1.);
#1842 = DIRECTION('',(0.,1.,0.));
#1843 = ORIENTED_EDGE('',*,*,#431,.F.);
#1844 = ORIENTED_EDGE('',*,*,#1845,.F.);
#1845 = EDGE_CURVE('',#1846,#424,#1848,.T.);
#1846 = VERTEX_POINT('',#1847);
#1847 = CARTESIAN_POINT('',(-1.449997775749,-2.497981848718,0.35));
#1848 = LINE('',#1849,#1850);
#1849 = CARTESIAN_POINT('',(2.224250682318E-06,-2.497981848718,0.35));
#1850 = VECTOR('',#1851,1.);
#1851 = DIRECTION('',(-1.,2.691812290309E-15,0.));
#1852 = ORIENTED_EDGE('',*,*,#1853,.F.);
#1853 = EDGE_CURVE('',#573,#1846,#1854,.T.);
#1854 = LINE('',#1855,#1856);
#1855 = CARTESIAN_POINT('',(-1.449997775749,2.018151282182E-03,0.35));
#1856 = VECTOR('',#1857,1.);
#1857 = DIRECTION('',(0.,1.,0.));
#1858 = PLANE('',#1859);
#1859 = AXIS2_PLACEMENT_3D('',#1860,#1861,#1862);
#1860 = CARTESIAN_POINT('',(2.22425068904E-06,2.018151282182E-03,0.35));
#1861 = DIRECTION('',(0.,0.,-1.));
#1862 = DIRECTION('',(-1.,0.,0.));
#1863 = ADVANCED_FACE('',(#1864),#1882,.T.);
#1864 = FACE_BOUND('',#1865,.T.);
#1865 = EDGE_LOOP('',(#1866,#1867,#1875,#1881));
#1866 = ORIENTED_EDGE('',*,*,#423,.T.);
#1867 = ORIENTED_EDGE('',*,*,#1868,.T.);
#1868 = EDGE_CURVE('',#415,#1869,#1871,.T.);
#1869 = VERTEX_POINT('',#1870);
#1870 = CARTESIAN_POINT('',(-1.449997775749,-2.497981848718,
    -8.673617379884E-16));
#1871 = LINE('',#1872,#1873);
#1872 = CARTESIAN_POINT('',(2.224250682318E-06,-2.497981848718,
    -8.673617379884E-16));
#1873 = VECTOR('',#1874,1.);
#1874 = DIRECTION('',(1.,-2.691812290309E-15,0.));
#1875 = ORIENTED_EDGE('',*,*,#1876,.F.);
#1876 = EDGE_CURVE('',#1846,#1869,#1877,.T.);
#1877 = LINE('',#1878,#1879);
#1878 = CARTESIAN_POINT('',(-1.449997775749,-2.497981848718,0.35));
#1879 = VECTOR('',#1880,1.);
#1880 = DIRECTION('',(0.,0.,-1.));
#1881 = ORIENTED_EDGE('',*,*,#1845,.T.);
#1882 = PLANE('',#1883);
#1883 = AXIS2_PLACEMENT_3D('',#1884,#1885,#1886);
#1884 = CARTESIAN_POINT('',(2.224250682318E-06,-2.497981848718,0.35));
#1885 = DIRECTION('',(-2.691812290309E-15,-1.,0.));
#1886 = DIRECTION('',(1.,-2.691812290309E-15,0.));
#1887 = ADVANCED_FACE('',(#1888),#1899,.T.);
#1888 = FACE_BOUND('',#1889,.T.);
#1889 = EDGE_LOOP('',(#1890,#1896,#1897,#1898));
#1890 = ORIENTED_EDGE('',*,*,#1891,.F.);
#1891 = EDGE_CURVE('',#575,#1869,#1892,.T.);
#1892 = LINE('',#1893,#1894);
#1893 = CARTESIAN_POINT('',(-1.449997775749,2.018151282182E-03,
    -8.673617379884E-16));
#1894 = VECTOR('',#1895,1.);
#1895 = DIRECTION('',(0.,1.,0.));
#1896 = ORIENTED_EDGE('',*,*,#572,.F.);
#1897 = ORIENTED_EDGE('',*,*,#1853,.T.);
#1898 = ORIENTED_EDGE('',*,*,#1876,.T.);
#1899 = PLANE('',#1900);
#1900 = AXIS2_PLACEMENT_3D('',#1901,#1902,#1903);
#1901 = CARTESIAN_POINT('',(-1.449997775749,2.018151282182E-03,0.35));
#1902 = DIRECTION('',(-1.,0.,0.));
#1903 = DIRECTION('',(0.,0.,1.));
#1904 = ADVANCED_FACE('',(#1905),#1937,.T.);
#1905 = FACE_BOUND('',#1906,.T.);
#1906 = EDGE_LOOP('',(#1907,#1908,#1916,#1922,#1923,#1931));
#1907 = ORIENTED_EDGE('',*,*,#179,.F.);
#1908 = ORIENTED_EDGE('',*,*,#1909,.T.);
#1909 = EDGE_CURVE('',#172,#1910,#1912,.T.);
#1910 = VERTEX_POINT('',#1911);
#1911 = CARTESIAN_POINT('',(3.000002224251,-2.997981848718,0.35));
#1912 = LINE('',#1913,#1914);
#1913 = CARTESIAN_POINT('',(3.000002224251,2.018151282182E-03,0.35));
#1914 = VECTOR('',#1915,1.);
#1915 = DIRECTION('',(0.,-1.,0.));
#1916 = ORIENTED_EDGE('',*,*,#1917,.T.);
#1917 = EDGE_CURVE('',#1910,#531,#1918,.T.);
#1918 = LINE('',#1919,#1920);
#1919 = CARTESIAN_POINT('',(2.22425068904E-06,-2.997981848718,0.35));
#1920 = VECTOR('',#1921,1.);
#1921 = DIRECTION('',(-1.,0.,0.));
#1922 = ORIENTED_EDGE('',*,*,#557,.T.);
#1923 = ORIENTED_EDGE('',*,*,#1924,.T.);
#1924 = EDGE_CURVE('',#550,#1925,#1927,.T.);
#1925 = VERTEX_POINT('',#1926);
#1926 = CARTESIAN_POINT('',(1.450002224251,-2.497981848718,0.35));
#1927 = LINE('',#1928,#1929);
#1928 = CARTESIAN_POINT('',(1.450002224251,2.018151282182E-03,0.35));
#1929 = VECTOR('',#1930,1.);
#1930 = DIRECTION('',(0.,1.,0.));
#1931 = ORIENTED_EDGE('',*,*,#1932,.T.);
#1932 = EDGE_CURVE('',#1925,#153,#1933,.T.);
#1933 = LINE('',#1934,#1935);
#1934 = CARTESIAN_POINT('',(2.224250695762E-06,-2.497981848718,0.35));
#1935 = VECTOR('',#1936,1.);
#1936 = DIRECTION('',(1.,2.691812290309E-15,0.));
#1937 = PLANE('',#1938);
#1938 = AXIS2_PLACEMENT_3D('',#1939,#1940,#1941);
#1939 = CARTESIAN_POINT('',(2.22425068904E-06,2.018151282182E-03,0.35));
#1940 = DIRECTION('',(0.,0.,-1.));
#1941 = DIRECTION('',(-1.,0.,0.));
#1942 = ADVANCED_FACE('',(#1943),#1961,.F.);
#1943 = FACE_BOUND('',#1944,.T.);
#1944 = EDGE_LOOP('',(#1945,#1946,#1954,#1960));
#1945 = ORIENTED_EDGE('',*,*,#549,.T.);
#1946 = ORIENTED_EDGE('',*,*,#1947,.F.);
#1947 = EDGE_CURVE('',#1948,#541,#1950,.T.);
#1948 = VERTEX_POINT('',#1949);
#1949 = CARTESIAN_POINT('',(1.450002224251,-2.497981848718,
    -8.673617379884E-16));
#1950 = LINE('',#1951,#1952);
#1951 = CARTESIAN_POINT('',(1.450002224251,2.018151282182E-03,
    -8.673617379884E-16));
#1952 = VECTOR('',#1953,1.);
#1953 = DIRECTION('',(0.,-1.,0.));
#1954 = ORIENTED_EDGE('',*,*,#1955,.F.);
#1955 = EDGE_CURVE('',#1925,#1948,#1956,.T.);
#1956 = LINE('',#1957,#1958);
#1957 = CARTESIAN_POINT('',(1.450002224251,-2.497981848718,0.35));
#1958 = VECTOR('',#1959,1.);
#1959 = DIRECTION('',(0.,0.,-1.));
#1960 = ORIENTED_EDGE('',*,*,#1924,.F.);
#1961 = PLANE('',#1962);
#1962 = AXIS2_PLACEMENT_3D('',#1963,#1964,#1965);
#1963 = CARTESIAN_POINT('',(1.450002224251,2.018151282182E-03,0.35));
#1964 = DIRECTION('',(-1.,0.,0.));
#1965 = DIRECTION('',(0.,0.,1.));
#1966 = ADVANCED_FACE('',(#1967),#1978,.F.);
#1967 = FACE_BOUND('',#1968,.T.);
#1968 = EDGE_LOOP('',(#1969,#1975,#1976,#1977));
#1969 = ORIENTED_EDGE('',*,*,#1970,.F.);
#1970 = EDGE_CURVE('',#155,#1948,#1971,.T.);
#1971 = LINE('',#1972,#1973);
#1972 = CARTESIAN_POINT('',(2.224250695762E-06,-2.497981848718,
    -8.673617379884E-16));
#1973 = VECTOR('',#1974,1.);
#1974 = DIRECTION('',(-1.,-2.691812290309E-15,0.));
#1975 = ORIENTED_EDGE('',*,*,#152,.F.);
#1976 = ORIENTED_EDGE('',*,*,#1932,.F.);
#1977 = ORIENTED_EDGE('',*,*,#1955,.T.);
#1978 = PLANE('',#1979);
#1979 = AXIS2_PLACEMENT_3D('',#1980,#1981,#1982);
#1980 = CARTESIAN_POINT('',(2.224250695762E-06,-2.497981848718,0.35));
#1981 = DIRECTION('',(-2.691812290309E-15,1.,0.));
#1982 = DIRECTION('',(-1.,-2.691812290309E-15,0.));
#1983 = ADVANCED_FACE('',(#1984,#2009),#2015,.T.);
#1984 = FACE_BOUND('',#1985,.T.);
#1985 = EDGE_LOOP('',(#1986,#1987,#1993,#1994,#2000,#2001,#2002,#2003));
#1986 = ORIENTED_EDGE('',*,*,#767,.F.);
#1987 = ORIENTED_EDGE('',*,*,#1988,.T.);
#1988 = EDGE_CURVE('',#760,#657,#1989,.T.);
#1989 = LINE('',#1990,#1991);
#1990 = CARTESIAN_POINT('',(2.22425068904E-06,-2.997981848718,0.35));
#1991 = VECTOR('',#1992,1.);
#1992 = DIRECTION('',(-1.,0.,0.));
#1993 = ORIENTED_EDGE('',*,*,#683,.T.);
#1994 = ORIENTED_EDGE('',*,*,#1995,.T.);
#1995 = EDGE_CURVE('',#676,#615,#1996,.T.);
#1996 = LINE('',#1997,#1998);
#1997 = CARTESIAN_POINT('',(-1.049997775749,2.018151282182E-03,0.35));
#1998 = VECTOR('',#1999,1.);
#1999 = DIRECTION('',(0.,1.,0.));
#2000 = ORIENTED_EDGE('',*,*,#641,.T.);
#2001 = ORIENTED_EDGE('',*,*,#1177,.T.);
#2002 = ORIENTED_EDGE('',*,*,#725,.T.);
#2003 = ORIENTED_EDGE('',*,*,#2004,.F.);
#2004 = EDGE_CURVE('',#741,#718,#2005,.T.);
#2005 = LINE('',#2006,#2007);
#2006 = CARTESIAN_POINT('',(1.050002224251,2.018151282182E-03,0.35));
#2007 = VECTOR('',#2008,1.);
#2008 = DIRECTION('',(0.,1.,0.));
#2009 = FACE_BOUND('',#2010,.T.);
#2010 = EDGE_LOOP('',(#2011,#2012,#2013,#2014));
#2011 = ORIENTED_EDGE('',*,*,#1350,.F.);
#2012 = ORIENTED_EDGE('',*,*,#1565,.F.);
#2013 = ORIENTED_EDGE('',*,*,#1451,.F.);
#2014 = ORIENTED_EDGE('',*,*,#1427,.F.);
#2015 = PLANE('',#2016);
#2016 = AXIS2_PLACEMENT_3D('',#2017,#2018,#2019);
#2017 = CARTESIAN_POINT('',(2.22425068904E-06,2.018151282182E-03,0.35));
#2018 = DIRECTION('',(0.,0.,-1.));
#2019 = DIRECTION('',(-1.,0.,0.));
#2020 = ADVANCED_FACE('',(#2021),#2032,.F.);
#2021 = FACE_BOUND('',#2022,.T.);
#2022 = EDGE_LOOP('',(#2023,#2029,#2030,#2031));
#2023 = ORIENTED_EDGE('',*,*,#2024,.T.);
#2024 = EDGE_CURVE('',#667,#617,#2025,.T.);
#2025 = LINE('',#2026,#2027);
#2026 = CARTESIAN_POINT('',(-1.049997775749,2.018151282182E-03,
    -8.673617379884E-16));
#2027 = VECTOR('',#2028,1.);
#2028 = DIRECTION('',(0.,1.,0.));
#2029 = ORIENTED_EDGE('',*,*,#614,.F.);
#2030 = ORIENTED_EDGE('',*,*,#1995,.F.);
#2031 = ORIENTED_EDGE('',*,*,#675,.T.);
#2032 = PLANE('',#2033);
#2033 = AXIS2_PLACEMENT_3D('',#2034,#2035,#2036);
#2034 = CARTESIAN_POINT('',(-1.049997775749,2.018151282182E-03,0.35));
#2035 = DIRECTION('',(-1.,0.,0.));
#2036 = DIRECTION('',(0.,0.,1.));
#2037 = ADVANCED_FACE('',(#2038),#2049,.T.);
#2038 = FACE_BOUND('',#2039,.T.);
#2039 = EDGE_LOOP('',(#2040,#2041,#2047,#2048));
#2040 = ORIENTED_EDGE('',*,*,#717,.T.);
#2041 = ORIENTED_EDGE('',*,*,#2042,.F.);
#2042 = EDGE_CURVE('',#743,#709,#2043,.T.);
#2043 = LINE('',#2044,#2045);
#2044 = CARTESIAN_POINT('',(1.050002224251,2.018151282182E-03,
    -8.673617379884E-16));
#2045 = VECTOR('',#2046,1.);
#2046 = DIRECTION('',(0.,1.,0.));
#2047 = ORIENTED_EDGE('',*,*,#740,.F.);
#2048 = ORIENTED_EDGE('',*,*,#2004,.T.);
#2049 = PLANE('',#2050);
#2050 = AXIS2_PLACEMENT_3D('',#2051,#2052,#2053);
#2051 = CARTESIAN_POINT('',(1.050002224251,2.018151282182E-03,0.35));
#2052 = DIRECTION('',(-1.,0.,0.));
#2053 = DIRECTION('',(0.,0.,1.));
#2054 = ADVANCED_FACE('',(#2055),#2073,.T.);
#2055 = FACE_BOUND('',#2056,.T.);
#2056 = EDGE_LOOP('',(#2057,#2058,#2066,#2072));
#2057 = ORIENTED_EDGE('',*,*,#129,.T.);
#2058 = ORIENTED_EDGE('',*,*,#2059,.T.);
#2059 = EDGE_CURVE('',#121,#2060,#2062,.T.);
#2060 = VERTEX_POINT('',#2061);
#2061 = CARTESIAN_POINT('',(1.450002224251,-1.497981848718,
    -8.673617379884E-16));
#2062 = LINE('',#2063,#2064);
#2063 = CARTESIAN_POINT('',(2.224250689935E-06,-1.497981848718,
    -8.673617379884E-16));
#2064 = VECTOR('',#2065,1.);
#2065 = DIRECTION('',(-1.,-5.981805089575E-16,0.));
#2066 = ORIENTED_EDGE('',*,*,#2067,.F.);
#2067 = EDGE_CURVE('',#1200,#2060,#2068,.T.);
#2068 = LINE('',#2069,#2070);
#2069 = CARTESIAN_POINT('',(1.450002224251,-1.497981848718,0.35));
#2070 = VECTOR('',#2071,1.);
#2071 = DIRECTION('',(0.,0.,-1.));
#2072 = ORIENTED_EDGE('',*,*,#1199,.T.);
#2073 = PLANE('',#2074);
#2074 = AXIS2_PLACEMENT_3D('',#2075,#2076,#2077);
#2075 = CARTESIAN_POINT('',(2.224250689935E-06,-1.497981848718,0.35));
#2076 = DIRECTION('',(-5.981805089575E-16,1.,0.));
#2077 = DIRECTION('',(-1.,-5.981805089575E-16,0.));
#2078 = ADVANCED_FACE('',(#2079),#2097,.F.);
#2079 = FACE_BOUND('',#2080,.T.);
#2080 = EDGE_LOOP('',(#2081,#2082,#2090,#2096));
#2081 = ORIENTED_EDGE('',*,*,#2067,.T.);
#2082 = ORIENTED_EDGE('',*,*,#2083,.T.);
#2083 = EDGE_CURVE('',#2060,#2084,#2086,.T.);
#2084 = VERTEX_POINT('',#2085);
#2085 = CARTESIAN_POINT('',(1.450002224251,1.502018151282,
    -8.673617379884E-16));
#2086 = LINE('',#2087,#2088);
#2087 = CARTESIAN_POINT('',(1.450002224251,2.018151282182E-03,
    -8.673617379884E-16));
#2088 = VECTOR('',#2089,1.);
#2089 = DIRECTION('',(0.,1.,0.));
#2090 = ORIENTED_EDGE('',*,*,#2091,.F.);
#2091 = EDGE_CURVE('',#1208,#2084,#2092,.T.);
#2092 = LINE('',#2093,#2094);
#2093 = CARTESIAN_POINT('',(1.450002224251,1.502018151282,0.35));
#2094 = VECTOR('',#2095,1.);
#2095 = DIRECTION('',(0.,0.,-1.));
#2096 = ORIENTED_EDGE('',*,*,#1207,.F.);
#2097 = PLANE('',#2098);
#2098 = AXIS2_PLACEMENT_3D('',#2099,#2100,#2101);
#2099 = CARTESIAN_POINT('',(1.450002224251,2.018151282182E-03,0.35));
#2100 = DIRECTION('',(-1.,0.,0.));
#2101 = DIRECTION('',(0.,0.,1.));
#2102 = ADVANCED_FACE('',(#2103),#2114,.F.);
#2103 = FACE_BOUND('',#2104,.T.);
#2104 = EDGE_LOOP('',(#2105,#2111,#2112,#2113));
#2105 = ORIENTED_EDGE('',*,*,#2106,.F.);
#2106 = EDGE_CURVE('',#197,#2084,#2107,.T.);
#2107 = LINE('',#2108,#2109);
#2108 = CARTESIAN_POINT('',(2.224250688363E-06,1.502018151282,
    -8.673617379884E-16));
#2109 = VECTOR('',#2110,1.);
#2110 = DIRECTION('',(-1.,-4.486353817181E-16,0.));
#2111 = ORIENTED_EDGE('',*,*,#194,.F.);
#2112 = ORIENTED_EDGE('',*,*,#1215,.F.);
#2113 = ORIENTED_EDGE('',*,*,#2091,.T.);
#2114 = PLANE('',#2115);
#2115 = AXIS2_PLACEMENT_3D('',#2116,#2117,#2118);
#2116 = CARTESIAN_POINT('',(2.224250688363E-06,1.502018151282,0.35));
#2117 = DIRECTION('',(-4.486353817181E-16,1.,0.));
#2118 = DIRECTION('',(-1.,-4.486353817181E-16,0.));
#2119 = ADVANCED_FACE('',(#2120),#2157,.T.);
#2120 = FACE_BOUND('',#2121,.T.);
#2121 = EDGE_LOOP('',(#2122,#2123,#2124,#2130,#2131,#2132,#2133,#2134,
    #2140,#2141,#2142,#2143,#2144,#2145,#2146,#2147,#2148,#2154,#2155,
    #2156));
#2122 = ORIENTED_EDGE('',*,*,#2059,.F.);
#2123 = ORIENTED_EDGE('',*,*,#120,.T.);
#2124 = ORIENTED_EDGE('',*,*,#2125,.F.);
#2125 = EDGE_CURVE('',#163,#113,#2126,.T.);
#2126 = LINE('',#2127,#2128);
#2127 = CARTESIAN_POINT('',(3.000002224251,-2.997981848718,
    -8.673617379884E-16));
#2128 = VECTOR('',#2129,1.);
#2129 = DIRECTION('',(0.,1.,0.));
#2130 = ORIENTED_EDGE('',*,*,#162,.T.);
#2131 = ORIENTED_EDGE('',*,*,#1970,.T.);
#2132 = ORIENTED_EDGE('',*,*,#1947,.T.);
#2133 = ORIENTED_EDGE('',*,*,#540,.T.);
#2134 = ORIENTED_EDGE('',*,*,#2135,.F.);
#2135 = EDGE_CURVE('',#751,#533,#2136,.T.);
#2136 = LINE('',#2137,#2138);
#2137 = CARTESIAN_POINT('',(-2.999997775749,-2.997981848718,
    -8.673617379884E-16));
#2138 = VECTOR('',#2139,1.);
#2139 = DIRECTION('',(1.,0.,0.));
#2140 = ORIENTED_EDGE('',*,*,#750,.T.);
#2141 = ORIENTED_EDGE('',*,*,#2042,.T.);
#2142 = ORIENTED_EDGE('',*,*,#708,.T.);
#2143 = ORIENTED_EDGE('',*,*,#1170,.T.);
#2144 = ORIENTED_EDGE('',*,*,#498,.T.);
#2145 = ORIENTED_EDGE('',*,*,#1637,.F.);
#2146 = ORIENTED_EDGE('',*,*,#1614,.F.);
#2147 = ORIENTED_EDGE('',*,*,#246,.T.);
#2148 = ORIENTED_EDGE('',*,*,#2149,.T.);
#2149 = EDGE_CURVE('',#239,#205,#2150,.T.);
#2150 = LINE('',#2151,#2152);
#2151 = CARTESIAN_POINT('',(3.000002224251,2.018151282182E-03,
    -8.673617379884E-16));
#2152 = VECTOR('',#2153,1.);
#2153 = DIRECTION('',(0.,-1.,0.));
#2154 = ORIENTED_EDGE('',*,*,#204,.T.);
#2155 = ORIENTED_EDGE('',*,*,#2106,.T.);
#2156 = ORIENTED_EDGE('',*,*,#2083,.F.);
#2157 = PLANE('',#2158);
#2158 = AXIS2_PLACEMENT_3D('',#2159,#2160,#2161);
#2159 = CARTESIAN_POINT('',(2.22425068904E-06,2.018151282182E-03,
    -8.673617379884E-16));
#2160 = DIRECTION('',(0.,0.,-1.));
#2161 = DIRECTION('',(-1.,0.,0.));
#2162 = ADVANCED_FACE('',(#2163),#2200,.T.);
#2163 = FACE_BOUND('',#2164,.T.);
#2164 = EDGE_LOOP('',(#2165,#2166,#2167,#2173,#2174,#2175,#2176,#2177,
    #2178,#2179,#2180,#2181,#2187,#2188,#2189,#2190,#2191,#2197,#2198,
    #2199));
#2165 = ORIENTED_EDGE('',*,*,#1765,.F.);
#2166 = ORIENTED_EDGE('',*,*,#288,.T.);
#2167 = ORIENTED_EDGE('',*,*,#2168,.F.);
#2168 = EDGE_CURVE('',#331,#281,#2169,.T.);
#2169 = LINE('',#2170,#2171);
#2170 = CARTESIAN_POINT('',(-2.999997775749,-2.997981848718,
    -8.673617379884E-16));
#2171 = VECTOR('',#2172,1.);
#2172 = DIRECTION('',(0.,-1.,0.));
#2173 = ORIENTED_EDGE('',*,*,#330,.T.);
#2174 = ORIENTED_EDGE('',*,*,#1709,.F.);
#2175 = ORIENTED_EDGE('',*,*,#1686,.F.);
#2176 = ORIENTED_EDGE('',*,*,#456,.T.);
#2177 = ORIENTED_EDGE('',*,*,#1124,.F.);
#2178 = ORIENTED_EDGE('',*,*,#624,.T.);
#2179 = ORIENTED_EDGE('',*,*,#2024,.F.);
#2180 = ORIENTED_EDGE('',*,*,#666,.T.);
#2181 = ORIENTED_EDGE('',*,*,#2182,.T.);
#2182 = EDGE_CURVE('',#659,#583,#2183,.T.);
#2183 = LINE('',#2184,#2185);
#2184 = CARTESIAN_POINT('',(2.22425068904E-06,-2.997981848718,
    -8.673617379884E-16));
#2185 = VECTOR('',#2186,1.);
#2186 = DIRECTION('',(-1.,0.,0.));
#2187 = ORIENTED_EDGE('',*,*,#582,.T.);
#2188 = ORIENTED_EDGE('',*,*,#1891,.T.);
#2189 = ORIENTED_EDGE('',*,*,#1868,.F.);
#2190 = ORIENTED_EDGE('',*,*,#414,.T.);
#2191 = ORIENTED_EDGE('',*,*,#2192,.T.);
#2192 = EDGE_CURVE('',#407,#373,#2193,.T.);
#2193 = LINE('',#2194,#2195);
#2194 = CARTESIAN_POINT('',(-2.999997775749,2.018151282182E-03,
    -8.673617379884E-16));
#2195 = VECTOR('',#2196,1.);
#2196 = DIRECTION('',(0.,1.,0.));
#2197 = ORIENTED_EDGE('',*,*,#372,.T.);
#2198 = ORIENTED_EDGE('',*,*,#1812,.T.);
#2199 = ORIENTED_EDGE('',*,*,#1789,.T.);
#2200 = PLANE('',#2201);
#2201 = AXIS2_PLACEMENT_3D('',#2202,#2203,#2204);
#2202 = CARTESIAN_POINT('',(2.22425068904E-06,2.018151282182E-03,
    -8.673617379884E-16));
#2203 = DIRECTION('',(0.,0.,-1.));
#2204 = DIRECTION('',(-1.,0.,0.));
#2205 = ADVANCED_FACE('',(#2206),#2232,.T.);
#2206 = FACE_BOUND('',#2207,.T.);
#2207 = EDGE_LOOP('',(#2208,#2209,#2210,#2211,#2212,#2213,#2214,#2215,
    #2223,#2229,#2230,#2231));
#2208 = ORIENTED_EDGE('',*,*,#2168,.T.);
#2209 = ORIENTED_EDGE('',*,*,#278,.F.);
#2210 = ORIENTED_EDGE('',*,*,#1726,.F.);
#2211 = ORIENTED_EDGE('',*,*,#381,.T.);
#2212 = ORIENTED_EDGE('',*,*,#2192,.F.);
#2213 = ORIENTED_EDGE('',*,*,#404,.F.);
#2214 = ORIENTED_EDGE('',*,*,#1838,.F.);
#2215 = ORIENTED_EDGE('',*,*,#2216,.T.);
#2216 = EDGE_CURVE('',#1831,#2217,#2219,.T.);
#2217 = VERTEX_POINT('',#2218);
#2218 = CARTESIAN_POINT('',(-2.999997775749,-2.997981848718,3.2));
#2219 = LINE('',#2220,#2221);
#2220 = CARTESIAN_POINT('',(-2.999997775749,-2.997981848718,
    -8.673617379884E-16));
#2221 = VECTOR('',#2222,1.);
#2222 = DIRECTION('',(0.,0.,1.));
#2223 = ORIENTED_EDGE('',*,*,#2224,.F.);
#2224 = EDGE_CURVE('',#1140,#2217,#2225,.T.);
#2225 = LINE('',#2226,#2227);
#2226 = CARTESIAN_POINT('',(-2.999997775749,-2.997981848718,3.2));
#2227 = VECTOR('',#2228,1.);
#2228 = DIRECTION('',(0.,-1.,0.));
#2229 = ORIENTED_EDGE('',*,*,#1139,.F.);
#2230 = ORIENTED_EDGE('',*,*,#1655,.F.);
#2231 = ORIENTED_EDGE('',*,*,#339,.T.);
#2232 = PLANE('',#2233);
#2233 = AXIS2_PLACEMENT_3D('',#2234,#2235,#2236);
#2234 = CARTESIAN_POINT('',(-2.999997775749,-2.997981848718,
    -8.673617379884E-16));
#2235 = DIRECTION('',(-1.,0.,0.));
#2236 = DIRECTION('',(0.,0.,1.));
#2237 = ADVANCED_FACE('',(#2238),#2264,.T.);
#2238 = FACE_BOUND('',#2239,.T.);
#2239 = EDGE_LOOP('',(#2240,#2241,#2242,#2243,#2251,#2257,#2258,#2259,
    #2260,#2261,#2262,#2263));
#2240 = ORIENTED_EDGE('',*,*,#2135,.T.);
#2241 = ORIENTED_EDGE('',*,*,#530,.F.);
#2242 = ORIENTED_EDGE('',*,*,#1917,.F.);
#2243 = ORIENTED_EDGE('',*,*,#2244,.T.);
#2244 = EDGE_CURVE('',#1910,#2245,#2247,.T.);
#2245 = VERTEX_POINT('',#2246);
#2246 = CARTESIAN_POINT('',(3.000002224251,-2.997981848718,3.2));
#2247 = LINE('',#2248,#2249);
#2248 = CARTESIAN_POINT('',(3.000002224251,-2.997981848718,
    -8.673617379884E-16));
#2249 = VECTOR('',#2250,1.);
#2250 = DIRECTION('',(0.,0.,1.));
#2251 = ORIENTED_EDGE('',*,*,#2252,.F.);
#2252 = EDGE_CURVE('',#2217,#2245,#2253,.T.);
#2253 = LINE('',#2254,#2255);
#2254 = CARTESIAN_POINT('',(-2.999997775749,-2.997981848718,3.2));
#2255 = VECTOR('',#2256,1.);
#2256 = DIRECTION('',(1.,0.,-1.471447201289E-17));
#2257 = ORIENTED_EDGE('',*,*,#2216,.F.);
#2258 = ORIENTED_EDGE('',*,*,#1830,.F.);
#2259 = ORIENTED_EDGE('',*,*,#591,.T.);
#2260 = ORIENTED_EDGE('',*,*,#2182,.F.);
#2261 = ORIENTED_EDGE('',*,*,#656,.F.);
#2262 = ORIENTED_EDGE('',*,*,#1988,.F.);
#2263 = ORIENTED_EDGE('',*,*,#759,.T.);
#2264 = PLANE('',#2265);
#2265 = AXIS2_PLACEMENT_3D('',#2266,#2267,#2268);
#2266 = CARTESIAN_POINT('',(-2.999997775749,-2.997981848718,
    -8.673617379884E-16));
#2267 = DIRECTION('',(0.,-1.,0.));
#2268 = DIRECTION('',(0.,0.,-1.));
#2269 = ADVANCED_FACE('',(#2270),#2289,.T.);
#2270 = FACE_BOUND('',#2271,.T.);
#2271 = EDGE_LOOP('',(#2272,#2273,#2274,#2275,#2276,#2277,#2278,#2279,
    #2280,#2286,#2287,#2288));
#2272 = ORIENTED_EDGE('',*,*,#2125,.T.);
#2273 = ORIENTED_EDGE('',*,*,#110,.F.);
#2274 = ORIENTED_EDGE('',*,*,#1192,.F.);
#2275 = ORIENTED_EDGE('',*,*,#213,.T.);
#2276 = ORIENTED_EDGE('',*,*,#2149,.F.);
#2277 = ORIENTED_EDGE('',*,*,#236,.F.);
#2278 = ORIENTED_EDGE('',*,*,#1592,.F.);
#2279 = ORIENTED_EDGE('',*,*,#1155,.T.);
#2280 = ORIENTED_EDGE('',*,*,#2281,.T.);
#2281 = EDGE_CURVE('',#1148,#2245,#2282,.T.);
#2282 = LINE('',#2283,#2284);
#2283 = CARTESIAN_POINT('',(3.000002224251,-2.997981848718,3.2));
#2284 = VECTOR('',#2285,1.);
#2285 = DIRECTION('',(0.,-1.,0.));
#2286 = ORIENTED_EDGE('',*,*,#2244,.F.);
#2287 = ORIENTED_EDGE('',*,*,#1909,.F.);
#2288 = ORIENTED_EDGE('',*,*,#171,.T.);
#2289 = PLANE('',#2290);
#2290 = AXIS2_PLACEMENT_3D('',#2291,#2292,#2293);
#2291 = CARTESIAN_POINT('',(3.000002224251,-2.997981848718,
    -8.673617379884E-16));
#2292 = DIRECTION('',(1.,0.,0.));
#2293 = DIRECTION('',(0.,0.,-1.));
#2294 = ADVANCED_FACE('',(#2295),#2301,.F.);
#2295 = FACE_BOUND('',#2296,.T.);
#2296 = EDGE_LOOP('',(#2297,#2298,#2299,#2300));
#2297 = ORIENTED_EDGE('',*,*,#1505,.T.);
#2298 = ORIENTED_EDGE('',*,*,#1280,.F.);
#2299 = ORIENTED_EDGE('',*,*,#1367,.F.);
#2300 = ORIENTED_EDGE('',*,*,#1320,.F.);
#2301 = PLANE('',#2302);
#2302 = AXIS2_PLACEMENT_3D('',#2303,#2304,#2305);
#2303 = CARTESIAN_POINT('',(0.850002224251,-1.731315182051,0.55));
#2304 = DIRECTION('',(0.,1.,0.));
#2305 = DIRECTION('',(0.,-0.,1.));
#2306 = ADVANCED_FACE('',(#2307),#2313,.F.);
#2307 = FACE_BOUND('',#2308,.T.);
#2308 = EDGE_LOOP('',(#2309,#2310,#2311,#2312));
#2309 = ORIENTED_EDGE('',*,*,#1482,.T.);
#2310 = ORIENTED_EDGE('',*,*,#1240,.F.);
#2311 = ORIENTED_EDGE('',*,*,#1390,.F.);
#2312 = ORIENTED_EDGE('',*,*,#1522,.F.);
#2313 = PLANE('',#2314);
#2314 = AXIS2_PLACEMENT_3D('',#2315,#2316,#2317);
#2315 = CARTESIAN_POINT('',(0.850002224251,0.435351484616,0.55));
#2316 = DIRECTION('',(0.,1.,0.));
#2317 = DIRECTION('',(0.,-0.,1.));
#2318 = ADVANCED_FACE('',(#2319),#2325,.F.);
#2319 = FACE_BOUND('',#2320,.T.);
#2320 = EDGE_LOOP('',(#2321,#2322,#2323,#2324));
#2321 = ORIENTED_EDGE('',*,*,#1374,.T.);
#2322 = ORIENTED_EDGE('',*,*,#1296,.F.);
#2323 = ORIENTED_EDGE('',*,*,#1498,.F.);
#2324 = ORIENTED_EDGE('',*,*,#1529,.F.);
#2325 = PLANE('',#2326);
#2326 = AXIS2_PLACEMENT_3D('',#2327,#2328,#2329);
#2327 = CARTESIAN_POINT('',(0.850002224251,-0.431315182051,0.55));
#2328 = DIRECTION('',(0.,-1.,0.));
#2329 = DIRECTION('',(0.,0.,-1.));
#2330 = ADVANCED_FACE('',(#2331),#2337,.F.);
#2331 = FACE_BOUND('',#2332,.T.);
#2332 = EDGE_LOOP('',(#2333,#2334,#2335,#2336));
#2333 = ORIENTED_EDGE('',*,*,#1397,.T.);
#2334 = ORIENTED_EDGE('',*,*,#1256,.F.);
#2335 = ORIENTED_EDGE('',*,*,#1475,.F.);
#2336 = ORIENTED_EDGE('',*,*,#1544,.F.);
#2337 = PLANE('',#2338);
#2338 = AXIS2_PLACEMENT_3D('',#2339,#2340,#2341);
#2339 = CARTESIAN_POINT('',(0.850002224251,1.735351484616,0.55));
#2340 = DIRECTION('',(0.,-1.,0.));
#2341 = DIRECTION('',(0.,0.,-1.));
#2342 = ADVANCED_FACE('',(#2343,#2346,#2349,#2352,#2363,#2374),#2380,.F.
  );
#2343 = FACE_BOUND('',#2344,.T.);
#2344 = EDGE_LOOP('',(#2345));
#2345 = ORIENTED_EDGE('',*,*,#880,.T.);
#2346 = FACE_BOUND('',#2347,.T.);
#2347 = EDGE_LOOP('',(#2348));
#2348 = ORIENTED_EDGE('',*,*,#994,.T.);
#2349 = FACE_BOUND('',#2350,.T.);
#2350 = EDGE_LOOP('',(#2351));
#2351 = ORIENTED_EDGE('',*,*,#1108,.T.);
#2352 = FACE_BOUND('',#2353,.T.);
#2353 = EDGE_LOOP('',(#2354));
#2354 = ORIENTED_EDGE('',*,*,#2355,.T.);
#2355 = EDGE_CURVE('',#2356,#2356,#2358,.T.);
#2356 = VERTEX_POINT('',#2357);
#2357 = CARTESIAN_POINT('',(-1.899997775749,-2.297981848718,3.2));
#2358 = CIRCLE('',#2359,0.4);
#2359 = AXIS2_PLACEMENT_3D('',#2360,#2361,#2362);
#2360 = CARTESIAN_POINT('',(-2.299997775749,-2.297981848718,3.2));
#2361 = DIRECTION('',(0.,0.,-1.));
#2362 = DIRECTION('',(1.,0.,0.));
#2363 = FACE_BOUND('',#2364,.T.);
#2364 = EDGE_LOOP('',(#2365));
#2365 = ORIENTED_EDGE('',*,*,#2366,.T.);
#2366 = EDGE_CURVE('',#2367,#2367,#2369,.T.);
#2367 = VERTEX_POINT('',#2368);
#2368 = CARTESIAN_POINT('',(2.224250688851E-06,2.702018151282,3.2));
#2369 = CIRCLE('',#2370,2.7);
#2370 = AXIS2_PLACEMENT_3D('',#2371,#2372,#2373);
#2371 = CARTESIAN_POINT('',(2.224250688851E-06,2.018151282182E-03,3.2));
#2372 = DIRECTION('',(0.,0.,-1.));
#2373 = DIRECTION('',(0.,1.,0.));
#2374 = FACE_BOUND('',#2375,.T.);
#2375 = EDGE_LOOP('',(#2376,#2377,#2378,#2379));
#2376 = ORIENTED_EDGE('',*,*,#2252,.T.);
#2377 = ORIENTED_EDGE('',*,*,#2281,.F.);
#2378 = ORIENTED_EDGE('',*,*,#1147,.T.);
#2379 = ORIENTED_EDGE('',*,*,#2224,.T.);
#2380 = PLANE('',#2381);
#2381 = AXIS2_PLACEMENT_3D('',#2382,#2383,#2384);
#2382 = CARTESIAN_POINT('',(2.22425068904E-06,2.018151282182E-03,3.2));
#2383 = DIRECTION('',(0.,0.,-1.));
#2384 = DIRECTION('',(-1.,0.,0.));
#2385 = ADVANCED_FACE('',(#2386),#2404,.F.);
#2386 = FACE_BOUND('',#2387,.F.);
#2387 = EDGE_LOOP('',(#2388,#2397,#2402,#2403));
#2388 = ORIENTED_EDGE('',*,*,#2389,.F.);
#2389 = EDGE_CURVE('',#2390,#2390,#2392,.T.);
#2390 = VERTEX_POINT('',#2391);
#2391 = CARTESIAN_POINT('',(2.224250688851E-06,2.702018151282,0.6));
#2392 = CIRCLE('',#2393,2.7);
#2393 = AXIS2_PLACEMENT_3D('',#2394,#2395,#2396);
#2394 = CARTESIAN_POINT('',(2.224250688851E-06,2.018151282182E-03,0.6));
#2395 = DIRECTION('',(0.,0.,-1.));
#2396 = DIRECTION('',(0.,1.,0.));
#2397 = ORIENTED_EDGE('',*,*,#2398,.T.);
#2398 = EDGE_CURVE('',#2390,#2367,#2399,.T.);
#2399 = B_SPLINE_CURVE_WITH_KNOTS('',1,(#2400,#2401),.UNSPECIFIED.,.F.,
  .F.,(2,2),(0.,2.6),.PIECEWISE_BEZIER_KNOTS.);
#2400 = CARTESIAN_POINT('',(2.224250689181E-06,2.702018151282,0.6));
#2401 = CARTESIAN_POINT('',(2.224250689181E-06,2.702018151282,3.2));
#2402 = ORIENTED_EDGE('',*,*,#2366,.T.);
#2403 = ORIENTED_EDGE('',*,*,#2398,.F.);
#2404 = CYLINDRICAL_SURFACE('',#2405,2.7);
#2405 = AXIS2_PLACEMENT_3D('',#2406,#2407,#2408);
#2406 = CARTESIAN_POINT('',(2.224250688851E-06,2.018151282182E-03,0.6));
#2407 = DIRECTION('',(0.,0.,1.));
#2408 = DIRECTION('',(0.,-1.,0.));
#2409 = ADVANCED_FACE('',(#2410),#2413,.F.);
#2410 = FACE_BOUND('',#2411,.T.);
#2411 = EDGE_LOOP('',(#2412));
#2412 = ORIENTED_EDGE('',*,*,#2389,.F.);
#2413 = PLANE('',#2414);
#2414 = AXIS2_PLACEMENT_3D('',#2415,#2416,#2417);
#2415 = CARTESIAN_POINT('',(2.224250688851E-06,2.018151282182E-03,0.6));
#2416 = DIRECTION('',(0.,0.,-1.));
#2417 = DIRECTION('',(0.,1.,0.));
#2418 = ADVANCED_FACE('',(#2419),#2437,.T.);
#2419 = FACE_BOUND('',#2420,.T.);
#2420 = EDGE_LOOP('',(#2421,#2430,#2435,#2436));
#2421 = ORIENTED_EDGE('',*,*,#2422,.T.);
#2422 = EDGE_CURVE('',#2423,#2423,#2425,.T.);
#2423 = VERTEX_POINT('',#2424);
#2424 = CARTESIAN_POINT('',(-1.899997775749,-2.297981848718,3.6));
#2425 = CIRCLE('',#2426,0.4);
#2426 = AXIS2_PLACEMENT_3D('',#2427,#2428,#2429);
#2427 = CARTESIAN_POINT('',(-2.299997775749,-2.297981848718,3.6));
#2428 = DIRECTION('',(0.,0.,-1.));
#2429 = DIRECTION('',(1.,0.,0.));
#2430 = ORIENTED_EDGE('',*,*,#2431,.T.);
#2431 = EDGE_CURVE('',#2423,#2356,#2432,.T.);
#2432 = B_SPLINE_CURVE_WITH_KNOTS('',1,(#2433,#2434),.UNSPECIFIED.,.F.,
  .F.,(2,2),(0.,0.4),.PIECEWISE_BEZIER_KNOTS.);
#2433 = CARTESIAN_POINT('',(-1.899997775749,-2.297981848718,3.6));
#2434 = CARTESIAN_POINT('',(-1.899997775749,-2.297981848718,3.2));
#2435 = ORIENTED_EDGE('',*,*,#2355,.F.);
#2436 = ORIENTED_EDGE('',*,*,#2431,.F.);
#2437 = CYLINDRICAL_SURFACE('',#2438,0.4);
#2438 = AXIS2_PLACEMENT_3D('',#2439,#2440,#2441);
#2439 = CARTESIAN_POINT('',(-2.299997775749,-2.297981848718,3.6));
#2440 = DIRECTION('',(0.,0.,-1.));
#2441 = DIRECTION('',(0.,1.,0.));
#2442 = ADVANCED_FACE('',(#2443),#2469,.T.);
#2443 = FACE_BOUND('',#2444,.T.);
#2444 = EDGE_LOOP('',(#2445,#2454,#2461,#2468));
#2445 = ORIENTED_EDGE('',*,*,#2446,.T.);
#2446 = EDGE_CURVE('',#2447,#2447,#2449,.T.);
#2447 = VERTEX_POINT('',#2448);
#2448 = CARTESIAN_POINT('',(-2.299997775749,-1.672981848718,3.85));
#2449 = CIRCLE('',#2450,0.625);
#2450 = AXIS2_PLACEMENT_3D('',#2451,#2452,#2453);
#2451 = CARTESIAN_POINT('',(-2.299997775749,-2.297981848718,3.85));
#2452 = DIRECTION('',(0.,0.,-1.));
#2453 = DIRECTION('',(0.,1.,0.));
#2454 = ORIENTED_EDGE('',*,*,#2455,.T.);
#2455 = EDGE_CURVE('',#2447,#2456,#2458,.T.);
#2456 = VERTEX_POINT('',#2457);
#2457 = CARTESIAN_POINT('',(-2.299997775749,-1.672981848718,3.6));
#2458 = B_SPLINE_CURVE_WITH_KNOTS('',1,(#2459,#2460),.UNSPECIFIED.,.F.,
  .F.,(2,2),(0.25,0.5),.PIECEWISE_BEZIER_KNOTS.);
#2459 = CARTESIAN_POINT('',(-2.299997775749,-1.672981848718,3.85));
#2460 = CARTESIAN_POINT('',(-2.299997775749,-1.672981848718,3.6));
#2461 = ORIENTED_EDGE('',*,*,#2462,.F.);
#2462 = EDGE_CURVE('',#2456,#2456,#2463,.T.);
#2463 = CIRCLE('',#2464,0.625);
#2464 = AXIS2_PLACEMENT_3D('',#2465,#2466,#2467);
#2465 = CARTESIAN_POINT('',(-2.299997775749,-2.297981848718,3.6));
#2466 = DIRECTION('',(0.,0.,-1.));
#2467 = DIRECTION('',(0.,1.,0.));
#2468 = ORIENTED_EDGE('',*,*,#2455,.F.);
#2469 = CYLINDRICAL_SURFACE('',#2470,0.625);
#2470 = AXIS2_PLACEMENT_3D('',#2471,#2472,#2473);
#2471 = CARTESIAN_POINT('',(-2.299997775749,-2.297981848718,4.1));
#2472 = DIRECTION('',(0.,0.,-1.));
#2473 = DIRECTION('',(0.,1.,0.));
#2474 = ADVANCED_FACE('',(#2475),#2486,.F.);
#2475 = FACE_BOUND('',#2476,.T.);
#2476 = EDGE_LOOP('',(#2477));
#2477 = ORIENTED_EDGE('',*,*,#2478,.F.);
#2478 = EDGE_CURVE('',#2479,#2479,#2481,.T.);
#2479 = VERTEX_POINT('',#2480);
#2480 = CARTESIAN_POINT('',(-2.299997775749,-1.922981848718,4.1));
#2481 = CIRCLE('',#2482,0.375);
#2482 = AXIS2_PLACEMENT_3D('',#2483,#2484,#2485);
#2483 = CARTESIAN_POINT('',(-2.299997775749,-2.297981848718,4.1));
#2484 = DIRECTION('',(0.,0.,-1.));
#2485 = DIRECTION('',(0.,1.,0.));
#2486 = PLANE('',#2487);
#2487 = AXIS2_PLACEMENT_3D('',#2488,#2489,#2490);
#2488 = CARTESIAN_POINT('',(-2.299997775749,-2.297981848718,4.1));
#2489 = DIRECTION('',(0.,0.,-1.));
#2490 = DIRECTION('',(0.,1.,0.));
#2491 = ADVANCED_FACE('',(#2492,#2495),#2498,.T.);
#2492 = FACE_BOUND('',#2493,.T.);
#2493 = EDGE_LOOP('',(#2494));
#2494 = ORIENTED_EDGE('',*,*,#2422,.F.);
#2495 = FACE_BOUND('',#2496,.T.);
#2496 = EDGE_LOOP('',(#2497));
#2497 = ORIENTED_EDGE('',*,*,#2462,.T.);
#2498 = PLANE('',#2499);
#2499 = AXIS2_PLACEMENT_3D('',#2500,#2501,#2502);
#2500 = CARTESIAN_POINT('',(-2.299997775749,-2.297981848718,3.6));
#2501 = DIRECTION('',(0.,0.,-1.));
#2502 = DIRECTION('',(0.,1.,0.));
#2503 = ADVANCED_FACE('',(#2504),#2519,.T.);
#2504 = FACE_BOUND('',#2505,.T.);
#2505 = EDGE_LOOP('',(#2506,#2507,#2517,#2518));
#2506 = ORIENTED_EDGE('',*,*,#2478,.T.);
#2507 = ORIENTED_EDGE('',*,*,#2508,.T.);
#2508 = EDGE_CURVE('',#2479,#2447,#2509,.T.);
#2509 = ( BOUNDED_CURVE() B_SPLINE_CURVE(6,(#2510,#2511,#2512,#2513,
#2514,#2515,#2516),.UNSPECIFIED.,.F.,.F.) B_SPLINE_CURVE_WITH_KNOTS((7,7
),(4.712388980385,6.28318530718),.PIECEWISE_BEZIER_KNOTS.) CURVE() 
GEOMETRIC_REPRESENTATION_ITEM() RATIONAL_B_SPLINE_CURVE((1.031393471788,
    1.010025407661,0.997924642725,0.993958444137,0.997924642725,
1.010025407661,1.031393471788)) REPRESENTATION_ITEM('') );
#2510 = CARTESIAN_POINT('',(-2.299997775749,-1.922981848718,4.1));
#2511 = CARTESIAN_POINT('',(-2.299997775749,-1.85614765293,4.1));
#2512 = CARTESIAN_POINT('',(-2.299997775749,-1.791054705572,
    4.078748912342));
#2513 = CARTESIAN_POINT('',(-2.299997775749,-1.735001970417,
    4.037979878301));
#2514 = CARTESIAN_POINT('',(-2.299997775749,-1.694232936376,
    3.981927143146));
#2515 = CARTESIAN_POINT('',(-2.299997775749,-1.672981848718,
    3.916834195788));
#2516 = CARTESIAN_POINT('',(-2.299997775749,-1.672981848718,3.85));
#2517 = ORIENTED_EDGE('',*,*,#2446,.F.);
#2518 = ORIENTED_EDGE('',*,*,#2508,.F.);
#2519 = TOROIDAL_SURFACE('',#2520,0.375,0.25);
#2520 = AXIS2_PLACEMENT_3D('',#2521,#2522,#2523);
#2521 = CARTESIAN_POINT('',(-2.299997775749,-2.297981848718,3.85));
#2522 = DIRECTION('',(0.,0.,-1.));
#2523 = DIRECTION('',(0.,1.,0.));
#2524 = ( GEOMETRIC_REPRESENTATION_CONTEXT(3) 
GLOBAL_UNCERTAINTY_ASSIGNED_CONTEXT((#2528)) 
GLOBAL_UNIT_ASSIGNED_CONTEXT((#2525,#2526,#2527)) REPRESENTATION_CONTEXT
('Context #1','3D Context with UNIT and UNCERTAINTY') );
#2525 = ( LENGTH_UNIT() NAMED_UNIT(*) SI_UNIT(.MILLI.,.METRE.) );
#2526 = ( NAMED_UNIT(*) PLANE_ANGLE_UNIT() SI_UNIT($,.RADIAN.) );
#2527 = ( NAMED_UNIT(*) SI_UNIT($,.STERADIAN.) SOLID_ANGLE_UNIT() );
#2528 = UNCERTAINTY_MEASURE_WITH_UNIT(LENGTH_MEASURE(2.E-06),#2525,
  'distance_accuracy_value','confusion accuracy');
#2529 = CONTEXT_DEPENDENT_SHAPE_REPRESENTATION(#2530,#2532);
#2530 = ( REPRESENTATION_RELATIONSHIP('','',#103,#68) 
REPRESENTATION_RELATIONSHIP_WITH_TRANSFORMATION(#2531) 
SHAPE_REPRESENTATION_RELATIONSHIP() );
#2531 = ITEM_DEFINED_TRANSFORMATION('','',#11,#69);
#2532 = PRODUCT_DEFINITION_SHAPE('Placement','Placement of an item',
  #2533);
#2533 = NEXT_ASSEMBLY_USAGE_OCCURRENCE('1','TS02-66-43-BK-160_body','',
  #63,#98,$);
#2534 = PRODUCT_RELATED_PRODUCT_CATEGORY('part',$,(#100));
#2535 = SHAPE_DEFINITION_REPRESENTATION(#2536,#2542);
#2536 = PRODUCT_DEFINITION_SHAPE('','',#2537);
#2537 = PRODUCT_DEFINITION('design','',#2538,#2541);
#2538 = PRODUCT_DEFINITION_FORMATION('','',#2539);
#2539 = PRODUCT('TS02-66-43-BK-160_shield','TS02-66-43-BK-160_shield',''
  ,(#2540));
#2540 = PRODUCT_CONTEXT('',#2,'mechanical');
#2541 = PRODUCT_DEFINITION_CONTEXT('part definition',#2,'design');
#2542 = ADVANCED_BREP_SHAPE_REPRESENTATION('',(#11,#2543),#2923);
#2543 = MANIFOLD_SOLID_BREP('',#2544);
#2544 = CLOSED_SHELL('',(#2545,#2585,#2626,#2667,#2708,#2770,#2794,#2818
    ,#2835,#2890,#2906));
#2545 = ADVANCED_FACE('',(#2546),#2580,.T.);
#2546 = FACE_BOUND('',#2547,.T.);
#2547 = EDGE_LOOP('',(#2548,#2558,#2566,#2574));
#2548 = ORIENTED_EDGE('',*,*,#2549,.F.);
#2549 = EDGE_CURVE('',#2550,#2552,#2554,.T.);
#2550 = VERTEX_POINT('',#2551);
#2551 = CARTESIAN_POINT('',(3.,3.,3.2));
#2552 = VERTEX_POINT('',#2553);
#2553 = CARTESIAN_POINT('',(3.,3.,3.6));
#2554 = LINE('',#2555,#2556);
#2555 = CARTESIAN_POINT('',(3.,3.,3.2));
#2556 = VECTOR('',#2557,1.);
#2557 = DIRECTION('',(-1.591815266739E-30,3.523657060578E-15,1.));
#2558 = ORIENTED_EDGE('',*,*,#2559,.T.);
#2559 = EDGE_CURVE('',#2550,#2560,#2562,.T.);
#2560 = VERTEX_POINT('',#2561);
#2561 = CARTESIAN_POINT('',(-3.,3.,3.2));
#2562 = LINE('',#2563,#2564);
#2563 = CARTESIAN_POINT('',(0.,3.,3.2));
#2564 = VECTOR('',#2565,1.);
#2565 = DIRECTION('',(-1.,0.,0.));
#2566 = ORIENTED_EDGE('',*,*,#2567,.T.);
#2567 = EDGE_CURVE('',#2560,#2568,#2570,.T.);
#2568 = VERTEX_POINT('',#2569);
#2569 = CARTESIAN_POINT('',(-3.,3.,3.6));
#2570 = LINE('',#2571,#2572);
#2571 = CARTESIAN_POINT('',(-3.,3.,3.2));
#2572 = VECTOR('',#2573,1.);
#2573 = DIRECTION('',(0.,3.523657060578E-15,1.));
#2574 = ORIENTED_EDGE('',*,*,#2575,.F.);
#2575 = EDGE_CURVE('',#2552,#2568,#2576,.T.);
#2576 = LINE('',#2577,#2578);
#2577 = CARTESIAN_POINT('',(0.,3.,3.6));
#2578 = VECTOR('',#2579,1.);
#2579 = DIRECTION('',(-1.,0.,0.));
#2580 = PLANE('',#2581);
#2581 = AXIS2_PLACEMENT_3D('',#2582,#2583,#2584);
#2582 = CARTESIAN_POINT('',(-3.,3.,-8.673617379884E-16));
#2583 = DIRECTION('',(0.,1.,0.));
#2584 = DIRECTION('',(0.,-0.,1.));
#2585 = ADVANCED_FACE('',(#2586),#2621,.F.);
#2586 = FACE_BOUND('',#2587,.F.);
#2587 = EDGE_LOOP('',(#2588,#2599,#2606,#2613,#2614));
#2588 = ORIENTED_EDGE('',*,*,#2589,.T.);
#2589 = EDGE_CURVE('',#2590,#2592,#2594,.T.);
#2590 = VERTEX_POINT('',#2591);
#2591 = CARTESIAN_POINT('',(2.7,2.3,3.6));
#2592 = VERTEX_POINT('',#2593);
#2593 = CARTESIAN_POINT('',(2.3,1.9,3.6));
#2594 = CIRCLE('',#2595,0.4);
#2595 = AXIS2_PLACEMENT_3D('',#2596,#2597,#2598);
#2596 = CARTESIAN_POINT('',(2.3,2.3,3.6));
#2597 = DIRECTION('',(0.,0.,-1.));
#2598 = DIRECTION('',(1.,2.168404344971E-16,0.));
#2599 = ORIENTED_EDGE('',*,*,#2600,.F.);
#2600 = EDGE_CURVE('',#2601,#2592,#2603,.T.);
#2601 = VERTEX_POINT('',#2602);
#2602 = CARTESIAN_POINT('',(2.3,1.9,3.2));
#2603 = B_SPLINE_CURVE_WITH_KNOTS('',1,(#2604,#2605),.UNSPECIFIED.,.F.,
  .F.,(2,2),(0.1,0.5),.PIECEWISE_BEZIER_KNOTS.);
#2604 = CARTESIAN_POINT('',(2.3,1.9,3.2));
#2605 = CARTESIAN_POINT('',(2.3,1.9,3.6));
#2606 = ORIENTED_EDGE('',*,*,#2607,.T.);
#2607 = EDGE_CURVE('',#2601,#2601,#2608,.T.);
#2608 = CIRCLE('',#2609,0.4);
#2609 = AXIS2_PLACEMENT_3D('',#2610,#2611,#2612);
#2610 = CARTESIAN_POINT('',(2.3,2.3,3.2));
#2611 = DIRECTION('',(0.,0.,1.));
#2612 = DIRECTION('',(0.,-1.,0.));
#2613 = ORIENTED_EDGE('',*,*,#2600,.T.);
#2614 = ORIENTED_EDGE('',*,*,#2615,.T.);
#2615 = EDGE_CURVE('',#2592,#2590,#2616,.T.);
#2616 = CIRCLE('',#2617,0.4);
#2617 = AXIS2_PLACEMENT_3D('',#2618,#2619,#2620);
#2618 = CARTESIAN_POINT('',(2.3,2.3,3.6));
#2619 = DIRECTION('',(0.,0.,-1.));
#2620 = DIRECTION('',(1.,2.168404344971E-16,0.));
#2621 = CYLINDRICAL_SURFACE('',#2622,0.4);
#2622 = AXIS2_PLACEMENT_3D('',#2623,#2624,#2625);
#2623 = CARTESIAN_POINT('',(2.3,2.3,3.1));
#2624 = DIRECTION('',(0.,0.,1.));
#2625 = DIRECTION('',(0.,-1.,0.));
#2626 = ADVANCED_FACE('',(#2627),#2662,.F.);
#2627 = FACE_BOUND('',#2628,.F.);
#2628 = EDGE_LOOP('',(#2629,#2640,#2647,#2654,#2655));
#2629 = ORIENTED_EDGE('',*,*,#2630,.T.);
#2630 = EDGE_CURVE('',#2631,#2633,#2635,.T.);
#2631 = VERTEX_POINT('',#2632);
#2632 = CARTESIAN_POINT('',(2.7,-2.3,3.6));
#2633 = VERTEX_POINT('',#2634);
#2634 = CARTESIAN_POINT('',(2.3,-2.7,3.6));
#2635 = CIRCLE('',#2636,0.4);
#2636 = AXIS2_PLACEMENT_3D('',#2637,#2638,#2639);
#2637 = CARTESIAN_POINT('',(2.3,-2.3,3.6));
#2638 = DIRECTION('',(0.,0.,-1.));
#2639 = DIRECTION('',(1.,2.168404344971E-16,0.));
#2640 = ORIENTED_EDGE('',*,*,#2641,.F.);
#2641 = EDGE_CURVE('',#2642,#2633,#2644,.T.);
#2642 = VERTEX_POINT('',#2643);
#2643 = CARTESIAN_POINT('',(2.3,-2.7,3.2));
#2644 = B_SPLINE_CURVE_WITH_KNOTS('',1,(#2645,#2646),.UNSPECIFIED.,.F.,
  .F.,(2,2),(0.1,0.5),.PIECEWISE_BEZIER_KNOTS.);
#2645 = CARTESIAN_POINT('',(2.3,-2.7,3.2));
#2646 = CARTESIAN_POINT('',(2.3,-2.7,3.6));
#2647 = ORIENTED_EDGE('',*,*,#2648,.T.);
#2648 = EDGE_CURVE('',#2642,#2642,#2649,.T.);
#2649 = CIRCLE('',#2650,0.4);
#2650 = AXIS2_PLACEMENT_3D('',#2651,#2652,#2653);
#2651 = CARTESIAN_POINT('',(2.3,-2.3,3.2));
#2652 = DIRECTION('',(0.,0.,1.));
#2653 = DIRECTION('',(0.,-1.,0.));
#2654 = ORIENTED_EDGE('',*,*,#2641,.T.);
#2655 = ORIENTED_EDGE('',*,*,#2656,.T.);
#2656 = EDGE_CURVE('',#2633,#2631,#2657,.T.);
#2657 = CIRCLE('',#2658,0.4);
#2658 = AXIS2_PLACEMENT_3D('',#2659,#2660,#2661);
#2659 = CARTESIAN_POINT('',(2.3,-2.3,3.6));
#2660 = DIRECTION('',(0.,0.,-1.));
#2661 = DIRECTION('',(1.,2.168404344971E-16,0.));
#2662 = CYLINDRICAL_SURFACE('',#2663,0.4);
#2663 = AXIS2_PLACEMENT_3D('',#2664,#2665,#2666);
#2664 = CARTESIAN_POINT('',(2.3,-2.3,3.1));
#2665 = DIRECTION('',(0.,0.,1.));
#2666 = DIRECTION('',(0.,-1.,0.));
#2667 = ADVANCED_FACE('',(#2668),#2703,.F.);
#2668 = FACE_BOUND('',#2669,.F.);
#2669 = EDGE_LOOP('',(#2670,#2681,#2688,#2695,#2696));
#2670 = ORIENTED_EDGE('',*,*,#2671,.T.);
#2671 = EDGE_CURVE('',#2672,#2674,#2676,.T.);
#2672 = VERTEX_POINT('',#2673);
#2673 = CARTESIAN_POINT('',(-1.9,2.3,3.6));
#2674 = VERTEX_POINT('',#2675);
#2675 = CARTESIAN_POINT('',(-2.3,1.9,3.6));
#2676 = CIRCLE('',#2677,0.4);
#2677 = AXIS2_PLACEMENT_3D('',#2678,#2679,#2680);
#2678 = CARTESIAN_POINT('',(-2.3,2.3,3.6));
#2679 = DIRECTION('',(0.,0.,-1.));
#2680 = DIRECTION('',(1.,2.168404344971E-16,0.));
#2681 = ORIENTED_EDGE('',*,*,#2682,.F.);
#2682 = EDGE_CURVE('',#2683,#2674,#2685,.T.);
#2683 = VERTEX_POINT('',#2684);
#2684 = CARTESIAN_POINT('',(-2.3,1.9,3.2));
#2685 = B_SPLINE_CURVE_WITH_KNOTS('',1,(#2686,#2687),.UNSPECIFIED.,.F.,
  .F.,(2,2),(0.1,0.5),.PIECEWISE_BEZIER_KNOTS.);
#2686 = CARTESIAN_POINT('',(-2.3,1.9,3.2));
#2687 = CARTESIAN_POINT('',(-2.3,1.9,3.6));
#2688 = ORIENTED_EDGE('',*,*,#2689,.T.);
#2689 = EDGE_CURVE('',#2683,#2683,#2690,.T.);
#2690 = CIRCLE('',#2691,0.4);
#2691 = AXIS2_PLACEMENT_3D('',#2692,#2693,#2694);
#2692 = CARTESIAN_POINT('',(-2.3,2.3,3.2));
#2693 = DIRECTION('',(0.,0.,1.));
#2694 = DIRECTION('',(0.,-1.,0.));
#2695 = ORIENTED_EDGE('',*,*,#2682,.T.);
#2696 = ORIENTED_EDGE('',*,*,#2697,.T.);
#2697 = EDGE_CURVE('',#2674,#2672,#2698,.T.);
#2698 = CIRCLE('',#2699,0.4);
#2699 = AXIS2_PLACEMENT_3D('',#2700,#2701,#2702);
#2700 = CARTESIAN_POINT('',(-2.3,2.3,3.6));
#2701 = DIRECTION('',(0.,0.,-1.));
#2702 = DIRECTION('',(1.,2.168404344971E-16,0.));
#2703 = CYLINDRICAL_SURFACE('',#2704,0.4);
#2704 = AXIS2_PLACEMENT_3D('',#2705,#2706,#2707);
#2705 = CARTESIAN_POINT('',(-2.3,2.3,3.1));
#2706 = DIRECTION('',(0.,0.,1.));
#2707 = DIRECTION('',(0.,-1.,0.));
#2708 = ADVANCED_FACE('',(#2709,#2712,#2715,#2718,#2729,#2740),#2765,.F.
  );
#2709 = FACE_BOUND('',#2710,.T.);
#2710 = EDGE_LOOP('',(#2711));
#2711 = ORIENTED_EDGE('',*,*,#2607,.T.);
#2712 = FACE_BOUND('',#2713,.T.);
#2713 = EDGE_LOOP('',(#2714));
#2714 = ORIENTED_EDGE('',*,*,#2648,.T.);
#2715 = FACE_BOUND('',#2716,.T.);
#2716 = EDGE_LOOP('',(#2717));
#2717 = ORIENTED_EDGE('',*,*,#2689,.T.);
#2718 = FACE_BOUND('',#2719,.T.);
#2719 = EDGE_LOOP('',(#2720));
#2720 = ORIENTED_EDGE('',*,*,#2721,.T.);
#2721 = EDGE_CURVE('',#2722,#2722,#2724,.T.);
#2722 = VERTEX_POINT('',#2723);
#2723 = CARTESIAN_POINT('',(-2.3,-2.7,3.2));
#2724 = CIRCLE('',#2725,0.4);
#2725 = AXIS2_PLACEMENT_3D('',#2726,#2727,#2728);
#2726 = CARTESIAN_POINT('',(-2.3,-2.3,3.2));
#2727 = DIRECTION('',(0.,0.,1.));
#2728 = DIRECTION('',(0.,-1.,0.));
#2729 = FACE_BOUND('',#2730,.T.);
#2730 = EDGE_LOOP('',(#2731));
#2731 = ORIENTED_EDGE('',*,*,#2732,.F.);
#2732 = EDGE_CURVE('',#2733,#2733,#2735,.T.);
#2733 = VERTEX_POINT('',#2734);
#2734 = CARTESIAN_POINT('',(1.8,1.734723475977E-15,3.2));
#2735 = CIRCLE('',#2736,1.8);
#2736 = AXIS2_PLACEMENT_3D('',#2737,#2738,#2739);
#2737 = CARTESIAN_POINT('',(0.,1.734723475977E-15,3.2));
#2738 = DIRECTION('',(0.,0.,-1.));
#2739 = DIRECTION('',(1.,0.,0.));
#2740 = FACE_BOUND('',#2741,.T.);
#2741 = EDGE_LOOP('',(#2742,#2750,#2758,#2764));
#2742 = ORIENTED_EDGE('',*,*,#2743,.T.);
#2743 = EDGE_CURVE('',#2550,#2744,#2746,.T.);
#2744 = VERTEX_POINT('',#2745);
#2745 = CARTESIAN_POINT('',(3.,-3.,3.2));
#2746 = LINE('',#2747,#2748);
#2747 = CARTESIAN_POINT('',(3.,-3.,3.2));
#2748 = VECTOR('',#2749,1.);
#2749 = DIRECTION('',(0.,-1.,0.));
#2750 = ORIENTED_EDGE('',*,*,#2751,.T.);
#2751 = EDGE_CURVE('',#2744,#2752,#2754,.T.);
#2752 = VERTEX_POINT('',#2753);
#2753 = CARTESIAN_POINT('',(-3.,-3.,3.2));
#2754 = LINE('',#2755,#2756);
#2755 = CARTESIAN_POINT('',(-3.,-3.,3.2));
#2756 = VECTOR('',#2757,1.);
#2757 = DIRECTION('',(-1.,0.,0.));
#2758 = ORIENTED_EDGE('',*,*,#2759,.F.);
#2759 = EDGE_CURVE('',#2560,#2752,#2760,.T.);
#2760 = LINE('',#2761,#2762);
#2761 = CARTESIAN_POINT('',(-3.,-3.,3.2));
#2762 = VECTOR('',#2763,1.);
#2763 = DIRECTION('',(0.,-1.,0.));
#2764 = ORIENTED_EDGE('',*,*,#2559,.F.);
#2765 = PLANE('',#2766);
#2766 = AXIS2_PLACEMENT_3D('',#2767,#2768,#2769);
#2767 = CARTESIAN_POINT('',(0.,1.734723475977E-15,3.2));
#2768 = DIRECTION('',(0.,0.,1.));
#2769 = DIRECTION('',(1.,0.,-0.));
#2770 = ADVANCED_FACE('',(#2771),#2789,.T.);
#2771 = FACE_BOUND('',#2772,.T.);
#2772 = EDGE_LOOP('',(#2773,#2774,#2782,#2788));
#2773 = ORIENTED_EDGE('',*,*,#2759,.T.);
#2774 = ORIENTED_EDGE('',*,*,#2775,.T.);
#2775 = EDGE_CURVE('',#2752,#2776,#2778,.T.);
#2776 = VERTEX_POINT('',#2777);
#2777 = CARTESIAN_POINT('',(-3.,-3.,3.6));
#2778 = LINE('',#2779,#2780);
#2779 = CARTESIAN_POINT('',(-3.,-3.,-8.673617379884E-16));
#2780 = VECTOR('',#2781,1.);
#2781 = DIRECTION('',(0.,0.,1.));
#2782 = ORIENTED_EDGE('',*,*,#2783,.F.);
#2783 = EDGE_CURVE('',#2568,#2776,#2784,.T.);
#2784 = LINE('',#2785,#2786);
#2785 = CARTESIAN_POINT('',(-3.,3.,3.6));
#2786 = VECTOR('',#2787,1.);
#2787 = DIRECTION('',(0.,-1.,0.));
#2788 = ORIENTED_EDGE('',*,*,#2567,.F.);
#2789 = PLANE('',#2790);
#2790 = AXIS2_PLACEMENT_3D('',#2791,#2792,#2793);
#2791 = CARTESIAN_POINT('',(-3.,-3.,-8.673617379884E-16));
#2792 = DIRECTION('',(-1.,0.,0.));
#2793 = DIRECTION('',(0.,0.,1.));
#2794 = ADVANCED_FACE('',(#2795),#2813,.T.);
#2795 = FACE_BOUND('',#2796,.T.);
#2796 = EDGE_LOOP('',(#2797,#2805,#2806,#2807));
#2797 = ORIENTED_EDGE('',*,*,#2798,.F.);
#2798 = EDGE_CURVE('',#2744,#2799,#2801,.T.);
#2799 = VERTEX_POINT('',#2800);
#2800 = CARTESIAN_POINT('',(3.,-3.,3.6));
#2801 = LINE('',#2802,#2803);
#2802 = CARTESIAN_POINT('',(3.,-3.,-8.673617379884E-16));
#2803 = VECTOR('',#2804,1.);
#2804 = DIRECTION('',(0.,0.,1.));
#2805 = ORIENTED_EDGE('',*,*,#2743,.F.);
#2806 = ORIENTED_EDGE('',*,*,#2549,.T.);
#2807 = ORIENTED_EDGE('',*,*,#2808,.T.);
#2808 = EDGE_CURVE('',#2552,#2799,#2809,.T.);
#2809 = LINE('',#2810,#2811);
#2810 = CARTESIAN_POINT('',(3.,3.,3.6));
#2811 = VECTOR('',#2812,1.);
#2812 = DIRECTION('',(4.517509052023E-16,-1.,0.));
#2813 = PLANE('',#2814);
#2814 = AXIS2_PLACEMENT_3D('',#2815,#2816,#2817);
#2815 = CARTESIAN_POINT('',(3.,-3.,-8.673617379884E-16));
#2816 = DIRECTION('',(1.,0.,0.));
#2817 = DIRECTION('',(0.,0.,-1.));
#2818 = ADVANCED_FACE('',(#2819),#2830,.T.);
#2819 = FACE_BOUND('',#2820,.T.);
#2820 = EDGE_LOOP('',(#2821,#2822,#2823,#2824));
#2821 = ORIENTED_EDGE('',*,*,#2775,.F.);
#2822 = ORIENTED_EDGE('',*,*,#2751,.F.);
#2823 = ORIENTED_EDGE('',*,*,#2798,.T.);
#2824 = ORIENTED_EDGE('',*,*,#2825,.F.);
#2825 = EDGE_CURVE('',#2776,#2799,#2826,.T.);
#2826 = LINE('',#2827,#2828);
#2827 = CARTESIAN_POINT('',(-3.,-3.,3.6));
#2828 = VECTOR('',#2829,1.);
#2829 = DIRECTION('',(1.,0.,0.));
#2830 = PLANE('',#2831);
#2831 = AXIS2_PLACEMENT_3D('',#2832,#2833,#2834);
#2832 = CARTESIAN_POINT('',(-3.,-3.,-8.673617379884E-16));
#2833 = DIRECTION('',(0.,-1.,0.));
#2834 = DIRECTION('',(0.,0.,-1.));
#2835 = ADVANCED_FACE('',(#2836,#2840,#2844,#2848,#2868,#2879),#2885,.T.
  );
#2836 = FACE_BOUND('',#2837,.T.);
#2837 = EDGE_LOOP('',(#2838,#2839));
#2838 = ORIENTED_EDGE('',*,*,#2589,.T.);
#2839 = ORIENTED_EDGE('',*,*,#2615,.T.);
#2840 = FACE_BOUND('',#2841,.T.);
#2841 = EDGE_LOOP('',(#2842,#2843));
#2842 = ORIENTED_EDGE('',*,*,#2630,.T.);
#2843 = ORIENTED_EDGE('',*,*,#2656,.T.);
#2844 = FACE_BOUND('',#2845,.T.);
#2845 = EDGE_LOOP('',(#2846,#2847));
#2846 = ORIENTED_EDGE('',*,*,#2671,.T.);
#2847 = ORIENTED_EDGE('',*,*,#2697,.T.);
#2848 = FACE_BOUND('',#2849,.T.);
#2849 = EDGE_LOOP('',(#2850,#2861));
#2850 = ORIENTED_EDGE('',*,*,#2851,.T.);
#2851 = EDGE_CURVE('',#2852,#2854,#2856,.T.);
#2852 = VERTEX_POINT('',#2853);
#2853 = CARTESIAN_POINT('',(-1.9,-2.3,3.6));
#2854 = VERTEX_POINT('',#2855);
#2855 = CARTESIAN_POINT('',(-2.3,-2.7,3.6));
#2856 = CIRCLE('',#2857,0.4);
#2857 = AXIS2_PLACEMENT_3D('',#2858,#2859,#2860);
#2858 = CARTESIAN_POINT('',(-2.3,-2.3,3.6));
#2859 = DIRECTION('',(0.,0.,-1.));
#2860 = DIRECTION('',(1.,2.168404344971E-16,0.));
#2861 = ORIENTED_EDGE('',*,*,#2862,.T.);
#2862 = EDGE_CURVE('',#2854,#2852,#2863,.T.);
#2863 = CIRCLE('',#2864,0.4);
#2864 = AXIS2_PLACEMENT_3D('',#2865,#2866,#2867);
#2865 = CARTESIAN_POINT('',(-2.3,-2.3,3.6));
#2866 = DIRECTION('',(0.,0.,-1.));
#2867 = DIRECTION('',(1.,2.168404344971E-16,0.));
#2868 = FACE_BOUND('',#2869,.T.);
#2869 = EDGE_LOOP('',(#2870));
#2870 = ORIENTED_EDGE('',*,*,#2871,.T.);
#2871 = EDGE_CURVE('',#2872,#2872,#2874,.T.);
#2872 = VERTEX_POINT('',#2873);
#2873 = CARTESIAN_POINT('',(1.8,1.734723475977E-15,3.6));
#2874 = CIRCLE('',#2875,1.8);
#2875 = AXIS2_PLACEMENT_3D('',#2876,#2877,#2878);
#2876 = CARTESIAN_POINT('',(0.,1.734723475977E-15,3.6));
#2877 = DIRECTION('',(0.,0.,-1.));
#2878 = DIRECTION('',(1.,0.,0.));
#2879 = FACE_BOUND('',#2880,.T.);
#2880 = EDGE_LOOP('',(#2881,#2882,#2883,#2884));
#2881 = ORIENTED_EDGE('',*,*,#2808,.F.);
#2882 = ORIENTED_EDGE('',*,*,#2575,.T.);
#2883 = ORIENTED_EDGE('',*,*,#2783,.T.);
#2884 = ORIENTED_EDGE('',*,*,#2825,.T.);
#2885 = PLANE('',#2886);
#2886 = AXIS2_PLACEMENT_3D('',#2887,#2888,#2889);
#2887 = CARTESIAN_POINT('',(0.,1.734723475977E-15,3.6));
#2888 = DIRECTION('',(0.,0.,1.));
#2889 = DIRECTION('',(1.,0.,-0.));
#2890 = ADVANCED_FACE('',(#2891),#2901,.F.);
#2891 = FACE_BOUND('',#2892,.F.);
#2892 = EDGE_LOOP('',(#2893,#2894,#2899,#2900));
#2893 = ORIENTED_EDGE('',*,*,#2732,.F.);
#2894 = ORIENTED_EDGE('',*,*,#2895,.F.);
#2895 = EDGE_CURVE('',#2872,#2733,#2896,.T.);
#2896 = B_SPLINE_CURVE_WITH_KNOTS('',1,(#2897,#2898),.UNSPECIFIED.,.F.,
  .F.,(2,2),(0.,0.4),.PIECEWISE_BEZIER_KNOTS.);
#2897 = CARTESIAN_POINT('',(1.8,2.396032747516E-15,3.6));
#2898 = CARTESIAN_POINT('',(1.8,2.396032747516E-15,3.2));
#2899 = ORIENTED_EDGE('',*,*,#2871,.T.);
#2900 = ORIENTED_EDGE('',*,*,#2895,.T.);
#2901 = CYLINDRICAL_SURFACE('',#2902,1.8);
#2902 = AXIS2_PLACEMENT_3D('',#2903,#2904,#2905);
#2903 = CARTESIAN_POINT('',(0.,1.734723475977E-15,3.6));
#2904 = DIRECTION('',(0.,0.,-1.));
#2905 = DIRECTION('',(-1.,0.,0.));
#2906 = ADVANCED_FACE('',(#2907),#2918,.F.);
#2907 = FACE_BOUND('',#2908,.F.);
#2908 = EDGE_LOOP('',(#2909,#2910,#2915,#2916,#2917));
#2909 = ORIENTED_EDGE('',*,*,#2851,.T.);
#2910 = ORIENTED_EDGE('',*,*,#2911,.F.);
#2911 = EDGE_CURVE('',#2722,#2854,#2912,.T.);
#2912 = B_SPLINE_CURVE_WITH_KNOTS('',1,(#2913,#2914),.UNSPECIFIED.,.F.,
  .F.,(2,2),(0.1,0.5),.PIECEWISE_BEZIER_KNOTS.);
#2913 = CARTESIAN_POINT('',(-2.3,-2.7,3.2));
#2914 = CARTESIAN_POINT('',(-2.3,-2.7,3.6));
#2915 = ORIENTED_EDGE('',*,*,#2721,.T.);
#2916 = ORIENTED_EDGE('',*,*,#2911,.T.);
#2917 = ORIENTED_EDGE('',*,*,#2862,.T.);
#2918 = CYLINDRICAL_SURFACE('',#2919,0.4);
#2919 = AXIS2_PLACEMENT_3D('',#2920,#2921,#2922);
#2920 = CARTESIAN_POINT('',(-2.3,-2.3,3.1));
#2921 = DIRECTION('',(0.,0.,1.));
#2922 = DIRECTION('',(0.,-1.,0.));
#2923 = ( GEOMETRIC_REPRESENTATION_CONTEXT(3) 
GLOBAL_UNCERTAINTY_ASSIGNED_CONTEXT((#2927)) 
GLOBAL_UNIT_ASSIGNED_CONTEXT((#2924,#2925,#2926)) REPRESENTATION_CONTEXT
('Context #1','3D Context with UNIT and UNCERTAINTY') );
#2924 = ( LENGTH_UNIT() NAMED_UNIT(*) SI_UNIT(.MILLI.,.METRE.) );
#2925 = ( NAMED_UNIT(*) PLANE_ANGLE_UNIT() SI_UNIT($,.RADIAN.) );
#2926 = ( NAMED_UNIT(*) SI_UNIT($,.STERADIAN.) SOLID_ANGLE_UNIT() );
#2927 = UNCERTAINTY_MEASURE_WITH_UNIT(LENGTH_MEASURE(5.E-06),#2924,
  'distance_accuracy_value','confusion accuracy');
#2928 = CONTEXT_DEPENDENT_SHAPE_REPRESENTATION(#2929,#2931);
#2929 = ( REPRESENTATION_RELATIONSHIP('','',#2542,#68) 
REPRESENTATION_RELATIONSHIP_WITH_TRANSFORMATION(#2930) 
SHAPE_REPRESENTATION_RELATIONSHIP() );
#2930 = ITEM_DEFINED_TRANSFORMATION('','',#11,#73);
#2931 = PRODUCT_DEFINITION_SHAPE('Placement','Placement of an item',
  #2932);
#2932 = NEXT_ASSEMBLY_USAGE_OCCURRENCE('2','TS02-66-43-BK-160_shield',''
  ,#63,#2537,$);
#2933 = PRODUCT_RELATED_PRODUCT_CATEGORY('part',$,(#2539));
#2934 = SHAPE_DEFINITION_REPRESENTATION(#2935,#2941);
#2935 = PRODUCT_DEFINITION_SHAPE('','',#2936);
#2936 = PRODUCT_DEFINITION('design','',#2937,#2940);
#2937 = PRODUCT_DEFINITION_FORMATION('','',#2938);
#2938 = PRODUCT('TS04-66-xx_pin','TS04-66-xx_pin','',(#2939));
#2939 = PRODUCT_CONTEXT('',#2,'mechanical');
#2940 = PRODUCT_DEFINITION_CONTEXT('part definition',#2,'design');
#2941 = SHAPE_REPRESENTATION('',(#11,#2942,#3636),#4330);
#2942 = MANIFOLD_SOLID_BREP('',#2943);
#2943 = CLOSED_SHELL('',(#2944,#3120,#3296,#3318,#3340,#3362,#3384,#3406
    ,#3428,#3450,#3472,#3494,#3506,#3528,#3540,#3552,#3564,#3576,#3588,
    #3600,#3612,#3624));
#2944 = ADVANCED_FACE('',(#2945),#3115,.T.);
#2945 = FACE_BOUND('',#2946,.T.);
#2946 = EDGE_LOOP('',(#2947,#2957,#2966,#2974,#2983,#2991,#3000,#3008,
    #3017,#3025,#3033,#3041,#3050,#3058,#3067,#3075,#3084,#3092,#3101,
    #3109));
#2947 = ORIENTED_EDGE('',*,*,#2948,.F.);
#2948 = EDGE_CURVE('',#2949,#2951,#2953,.T.);
#2949 = VERTEX_POINT('',#2950);
#2950 = CARTESIAN_POINT('',(2.6,-3.966028146338,-4.750241259293E-06));
#2951 = VERTEX_POINT('',#2952);
#2952 = CARTESIAN_POINT('',(2.6,-4.5,-4.750241259679E-06));
#2953 = LINE('',#2954,#2955);
#2954 = CARTESIAN_POINT('',(2.6,-3.1,-4.750241258667E-06));
#2955 = VECTOR('',#2956,1.);
#2956 = DIRECTION('',(0.,-1.,-7.228014483237E-16));
#2957 = ORIENTED_EDGE('',*,*,#2958,.T.);
#2958 = EDGE_CURVE('',#2949,#2959,#2961,.T.);
#2959 = VERTEX_POINT('',#2960);
#2960 = CARTESIAN_POINT('',(2.6,-3.533015444445,0.249995249759));
#2961 = CIRCLE('',#2962,0.5);
#2962 = AXIS2_PLACEMENT_3D('',#2963,#2964,#2965);
#2963 = CARTESIAN_POINT('',(2.6,-3.966028146338,0.499995249759));
#2964 = DIRECTION('',(1.,0.,0.));
#2965 = DIRECTION('',(0.,0.,-1.));
#2966 = ORIENTED_EDGE('',*,*,#2967,.T.);
#2967 = EDGE_CURVE('',#2959,#2968,#2970,.T.);
#2968 = VERTEX_POINT('',#2969);
#2969 = CARTESIAN_POINT('',(2.6,-3.157735026919,0.9));
#2970 = LINE('',#2971,#2972);
#2971 = CARTESIAN_POINT('',(2.6,-5.23217074989,-2.693028069222));
#2972 = VECTOR('',#2973,1.);
#2973 = DIRECTION('',(-2.412258506144E-17,0.5,0.866025403784));
#2974 = ORIENTED_EDGE('',*,*,#2975,.F.);
#2975 = EDGE_CURVE('',#2976,#2968,#2978,.T.);
#2976 = VERTEX_POINT('',#2977);
#2977 = CARTESIAN_POINT('',(2.6,-2.984529946162,1.));
#2978 = CIRCLE('',#2979,0.2);
#2979 = AXIS2_PLACEMENT_3D('',#2980,#2981,#2982);
#2980 = CARTESIAN_POINT('',(2.6,-2.984529946162,0.8));
#2981 = DIRECTION('',(1.,0.,0.));
#2982 = DIRECTION('',(0.,0.,-1.));
#2983 = ORIENTED_EDGE('',*,*,#2984,.F.);
#2984 = EDGE_CURVE('',#2985,#2976,#2987,.T.);
#2985 = VERTEX_POINT('',#2986);
#2986 = CARTESIAN_POINT('',(2.6,2.984529946162,1.));
#2987 = LINE('',#2988,#2989);
#2988 = CARTESIAN_POINT('',(2.6,2.1,1.));
#2989 = VECTOR('',#2990,1.);
#2990 = DIRECTION('',(0.,-1.,0.));
#2991 = ORIENTED_EDGE('',*,*,#2992,.F.);
#2992 = EDGE_CURVE('',#2993,#2985,#2995,.T.);
#2993 = VERTEX_POINT('',#2994);
#2994 = CARTESIAN_POINT('',(2.6,3.157735026919,0.9));
#2995 = CIRCLE('',#2996,0.2);
#2996 = AXIS2_PLACEMENT_3D('',#2997,#2998,#2999);
#2997 = CARTESIAN_POINT('',(2.6,2.984529946162,0.8));
#2998 = DIRECTION('',(1.,0.,0.));
#2999 = DIRECTION('',(0.,0.,-1.));
#3000 = ORIENTED_EDGE('',*,*,#3001,.F.);
#3001 = EDGE_CURVE('',#3002,#2993,#3004,.T.);
#3002 = VERTEX_POINT('',#3003);
#3003 = CARTESIAN_POINT('',(2.6,3.533015444445,0.249995249759));
#3004 = LINE('',#3005,#3006);
#3005 = CARTESIAN_POINT('',(2.6,5.23217074989,-2.693028069222));
#3006 = VECTOR('',#3007,1.);
#3007 = DIRECTION('',(-2.412258506144E-17,-0.5,0.866025403784));
#3008 = ORIENTED_EDGE('',*,*,#3009,.T.);
#3009 = EDGE_CURVE('',#3002,#3010,#3012,.T.);
#3010 = VERTEX_POINT('',#3011);
#3011 = CARTESIAN_POINT('',(2.6,3.966028146338,-4.750241259293E-06));
#3012 = CIRCLE('',#3013,0.5);
#3013 = AXIS2_PLACEMENT_3D('',#3014,#3015,#3016);
#3014 = CARTESIAN_POINT('',(2.6,3.966028146338,0.499995249759));
#3015 = DIRECTION('',(1.,0.,0.));
#3016 = DIRECTION('',(0.,0.,-1.));
#3017 = ORIENTED_EDGE('',*,*,#3018,.F.);
#3018 = EDGE_CURVE('',#3019,#3010,#3021,.T.);
#3019 = VERTEX_POINT('',#3020);
#3020 = CARTESIAN_POINT('',(2.6,4.5,-4.750241259679E-06));
#3021 = LINE('',#3022,#3023);
#3022 = CARTESIAN_POINT('',(2.6,3.4,-4.750241258884E-06));
#3023 = VECTOR('',#3024,1.);
#3024 = DIRECTION('',(0.,-1.,7.228014483237E-16));
#3025 = ORIENTED_EDGE('',*,*,#3026,.T.);
#3026 = EDGE_CURVE('',#3019,#3027,#3029,.T.);
#3027 = VERTEX_POINT('',#3028);
#3028 = CARTESIAN_POINT('',(2.6,4.5,0.299995249759));
#3029 = LINE('',#3030,#3031);
#3030 = CARTESIAN_POINT('',(2.6,4.5,-3.5));
#3031 = VECTOR('',#3032,1.);
#3032 = DIRECTION('',(0.,0.,1.));
#3033 = ORIENTED_EDGE('',*,*,#3034,.T.);
#3034 = EDGE_CURVE('',#3027,#3035,#3037,.T.);
#3035 = VERTEX_POINT('',#3036);
#3036 = CARTESIAN_POINT('',(2.6,3.966028146338,0.299995249759));
#3037 = LINE('',#3038,#3039);
#3038 = CARTESIAN_POINT('',(2.6,3.9,0.299995249759));
#3039 = VECTOR('',#3040,1.);
#3040 = DIRECTION('',(0.,-1.,0.));
#3041 = ORIENTED_EDGE('',*,*,#3042,.F.);
#3042 = EDGE_CURVE('',#3043,#3035,#3045,.T.);
#3043 = VERTEX_POINT('',#3044);
#3044 = CARTESIAN_POINT('',(2.6,3.792823065581,0.399995249759));
#3045 = CIRCLE('',#3046,0.2);
#3046 = AXIS2_PLACEMENT_3D('',#3047,#3048,#3049);
#3047 = CARTESIAN_POINT('',(2.6,3.966028146338,0.499995249759));
#3048 = DIRECTION('',(1.,0.,0.));
#3049 = DIRECTION('',(0.,0.,-1.));
#3050 = ORIENTED_EDGE('',*,*,#3051,.T.);
#3051 = EDGE_CURVE('',#3043,#3052,#3054,.T.);
#3052 = VERTEX_POINT('',#3053);
#3053 = CARTESIAN_POINT('',(2.6,3.417542648054,1.05));
#3054 = LINE('',#3055,#3056);
#3055 = CARTESIAN_POINT('',(2.6,5.568987907389,-2.676412498872));
#3056 = VECTOR('',#3057,1.);
#3057 = DIRECTION('',(-2.412258506144E-17,-0.5,0.866025403784));
#3058 = ORIENTED_EDGE('',*,*,#3059,.T.);
#3059 = EDGE_CURVE('',#3052,#3060,#3062,.T.);
#3060 = VERTEX_POINT('',#3061);
#3061 = CARTESIAN_POINT('',(2.6,2.984529946162,1.3));
#3062 = CIRCLE('',#3063,0.5);
#3063 = AXIS2_PLACEMENT_3D('',#3064,#3065,#3066);
#3064 = CARTESIAN_POINT('',(2.6,2.984529946162,0.8));
#3065 = DIRECTION('',(1.,0.,0.));
#3066 = DIRECTION('',(0.,0.,-1.));
#3067 = ORIENTED_EDGE('',*,*,#3068,.T.);
#3068 = EDGE_CURVE('',#3060,#3069,#3071,.T.);
#3069 = VERTEX_POINT('',#3070);
#3070 = CARTESIAN_POINT('',(2.6,-2.984529946162,1.3));
#3071 = LINE('',#3072,#3073);
#3072 = CARTESIAN_POINT('',(2.6,3.1,1.3));
#3073 = VECTOR('',#3074,1.);
#3074 = DIRECTION('',(0.,-1.,0.));
#3075 = ORIENTED_EDGE('',*,*,#3076,.T.);
#3076 = EDGE_CURVE('',#3069,#3077,#3079,.T.);
#3077 = VERTEX_POINT('',#3078);
#3078 = CARTESIAN_POINT('',(2.6,-3.417542648054,1.05));
#3079 = CIRCLE('',#3080,0.5);
#3080 = AXIS2_PLACEMENT_3D('',#3081,#3082,#3083);
#3081 = CARTESIAN_POINT('',(2.6,-2.984529946162,0.8));
#3082 = DIRECTION('',(1.,0.,0.));
#3083 = DIRECTION('',(0.,0.,-1.));
#3084 = ORIENTED_EDGE('',*,*,#3085,.F.);
#3085 = EDGE_CURVE('',#3086,#3077,#3088,.T.);
#3086 = VERTEX_POINT('',#3087);
#3087 = CARTESIAN_POINT('',(2.6,-3.792823065581,0.399995249759));
#3088 = LINE('',#3089,#3090);
#3089 = CARTESIAN_POINT('',(2.6,-5.491978371026,-2.543028069222));
#3090 = VECTOR('',#3091,1.);
#3091 = DIRECTION('',(-2.412258506144E-17,0.5,0.866025403784));
#3092 = ORIENTED_EDGE('',*,*,#3093,.F.);
#3093 = EDGE_CURVE('',#3094,#3086,#3096,.T.);
#3094 = VERTEX_POINT('',#3095);
#3095 = CARTESIAN_POINT('',(2.6,-3.966028146338,0.299995249759));
#3096 = CIRCLE('',#3097,0.2);
#3097 = AXIS2_PLACEMENT_3D('',#3098,#3099,#3100);
#3098 = CARTESIAN_POINT('',(2.6,-3.966028146338,0.499995249759));
#3099 = DIRECTION('',(1.,0.,0.));
#3100 = DIRECTION('',(0.,0.,-1.));
#3101 = ORIENTED_EDGE('',*,*,#3102,.T.);
#3102 = EDGE_CURVE('',#3094,#3103,#3105,.T.);
#3103 = VERTEX_POINT('',#3104);
#3104 = CARTESIAN_POINT('',(2.6,-4.5,0.299995249759));
#3105 = LINE('',#3106,#3107);
#3106 = CARTESIAN_POINT('',(2.6,-3.9,0.299995249759));
#3107 = VECTOR('',#3108,1.);
#3108 = DIRECTION('',(0.,-1.,0.));
#3109 = ORIENTED_EDGE('',*,*,#3110,.T.);
#3110 = EDGE_CURVE('',#3103,#2951,#3111,.T.);
#3111 = LINE('',#3112,#3113);
#3112 = CARTESIAN_POINT('',(2.6,-4.5,-3.5));
#3113 = VECTOR('',#3114,1.);
#3114 = DIRECTION('',(0.,0.,-1.));
#3115 = PLANE('',#3116);
#3116 = AXIS2_PLACEMENT_3D('',#3117,#3118,#3119);
#3117 = CARTESIAN_POINT('',(2.6,3.1,-3.5));
#3118 = DIRECTION('',(1.,0.,0.));
#3119 = DIRECTION('',(0.,-1.,0.));
#3120 = ADVANCED_FACE('',(#3121),#3291,.T.);
#3121 = FACE_BOUND('',#3122,.T.);
#3122 = EDGE_LOOP('',(#3123,#3133,#3142,#3150,#3158,#3166,#3175,#3183,
    #3192,#3200,#3209,#3217,#3226,#3234,#3242,#3250,#3259,#3267,#3276,
    #3284));
#3123 = ORIENTED_EDGE('',*,*,#3124,.F.);
#3124 = EDGE_CURVE('',#3125,#3127,#3129,.T.);
#3125 = VERTEX_POINT('',#3126);
#3126 = CARTESIAN_POINT('',(1.9,-3.533015444445,0.249995249759));
#3127 = VERTEX_POINT('',#3128);
#3128 = CARTESIAN_POINT('',(1.9,-3.157735026919,0.9));
#3129 = LINE('',#3130,#3131);
#3130 = CARTESIAN_POINT('',(1.9,-5.23217074989,-2.693028069222));
#3131 = VECTOR('',#3132,1.);
#3132 = DIRECTION('',(-2.412258506144E-17,0.5,0.866025403784));
#3133 = ORIENTED_EDGE('',*,*,#3134,.T.);
#3134 = EDGE_CURVE('',#3125,#3135,#3137,.T.);
#3135 = VERTEX_POINT('',#3136);
#3136 = CARTESIAN_POINT('',(1.9,-3.966028146338,-4.750241259293E-06));
#3137 = CIRCLE('',#3138,0.5);
#3138 = AXIS2_PLACEMENT_3D('',#3139,#3140,#3141);
#3139 = CARTESIAN_POINT('',(1.9,-3.966028146338,0.499995249759));
#3140 = DIRECTION('',(-1.,0.,0.));
#3141 = DIRECTION('',(0.,0.,1.));
#3142 = ORIENTED_EDGE('',*,*,#3143,.T.);
#3143 = EDGE_CURVE('',#3135,#3144,#3146,.T.);
#3144 = VERTEX_POINT('',#3145);
#3145 = CARTESIAN_POINT('',(1.9,-4.5,-4.750241259679E-06));
#3146 = LINE('',#3147,#3148);
#3147 = CARTESIAN_POINT('',(1.9,-3.1,-4.750241258667E-06));
#3148 = VECTOR('',#3149,1.);
#3149 = DIRECTION('',(0.,-1.,-7.228014483237E-16));
#3150 = ORIENTED_EDGE('',*,*,#3151,.T.);
#3151 = EDGE_CURVE('',#3144,#3152,#3154,.T.);
#3152 = VERTEX_POINT('',#3153);
#3153 = CARTESIAN_POINT('',(1.9,-4.5,0.299995249759));
#3154 = LINE('',#3155,#3156);
#3155 = CARTESIAN_POINT('',(1.9,-4.5,-3.5));
#3156 = VECTOR('',#3157,1.);
#3157 = DIRECTION('',(0.,0.,1.));
#3158 = ORIENTED_EDGE('',*,*,#3159,.T.);
#3159 = EDGE_CURVE('',#3152,#3160,#3162,.T.);
#3160 = VERTEX_POINT('',#3161);
#3161 = CARTESIAN_POINT('',(1.9,-3.966028146338,0.299995249759));
#3162 = LINE('',#3163,#3164);
#3163 = CARTESIAN_POINT('',(1.9,-3.9,0.299995249759));
#3164 = VECTOR('',#3165,1.);
#3165 = DIRECTION('',(0.,1.,0.));
#3166 = ORIENTED_EDGE('',*,*,#3167,.F.);
#3167 = EDGE_CURVE('',#3168,#3160,#3170,.T.);
#3168 = VERTEX_POINT('',#3169);
#3169 = CARTESIAN_POINT('',(1.9,-3.792823065581,0.399995249759));
#3170 = CIRCLE('',#3171,0.2);
#3171 = AXIS2_PLACEMENT_3D('',#3172,#3173,#3174);
#3172 = CARTESIAN_POINT('',(1.9,-3.966028146338,0.499995249759));
#3173 = DIRECTION('',(-1.,0.,0.));
#3174 = DIRECTION('',(0.,0.,1.));
#3175 = ORIENTED_EDGE('',*,*,#3176,.T.);
#3176 = EDGE_CURVE('',#3168,#3177,#3179,.T.);
#3177 = VERTEX_POINT('',#3178);
#3178 = CARTESIAN_POINT('',(1.9,-3.417542648054,1.05));
#3179 = LINE('',#3180,#3181);
#3180 = CARTESIAN_POINT('',(1.9,-5.491978371026,-2.543028069222));
#3181 = VECTOR('',#3182,1.);
#3182 = DIRECTION('',(-2.412258506144E-17,0.5,0.866025403784));
#3183 = ORIENTED_EDGE('',*,*,#3184,.T.);
#3184 = EDGE_CURVE('',#3177,#3185,#3187,.T.);
#3185 = VERTEX_POINT('',#3186);
#3186 = CARTESIAN_POINT('',(1.9,-2.984529946162,1.3));
#3187 = CIRCLE('',#3188,0.5);
#3188 = AXIS2_PLACEMENT_3D('',#3189,#3190,#3191);
#3189 = CARTESIAN_POINT('',(1.9,-2.984529946162,0.8));
#3190 = DIRECTION('',(-1.,0.,0.));
#3191 = DIRECTION('',(0.,0.,1.));
#3192 = ORIENTED_EDGE('',*,*,#3193,.T.);
#3193 = EDGE_CURVE('',#3185,#3194,#3196,.T.);
#3194 = VERTEX_POINT('',#3195);
#3195 = CARTESIAN_POINT('',(1.9,2.984529946162,1.3));
#3196 = LINE('',#3197,#3198);
#3197 = CARTESIAN_POINT('',(1.9,3.1,1.3));
#3198 = VECTOR('',#3199,1.);
#3199 = DIRECTION('',(0.,1.,0.));
#3200 = ORIENTED_EDGE('',*,*,#3201,.T.);
#3201 = EDGE_CURVE('',#3194,#3202,#3204,.T.);
#3202 = VERTEX_POINT('',#3203);
#3203 = CARTESIAN_POINT('',(1.9,3.417542648054,1.05));
#3204 = CIRCLE('',#3205,0.5);
#3205 = AXIS2_PLACEMENT_3D('',#3206,#3207,#3208);
#3206 = CARTESIAN_POINT('',(1.9,2.984529946162,0.8));
#3207 = DIRECTION('',(-1.,0.,0.));
#3208 = DIRECTION('',(0.,0.,1.));
#3209 = ORIENTED_EDGE('',*,*,#3210,.F.);
#3210 = EDGE_CURVE('',#3211,#3202,#3213,.T.);
#3211 = VERTEX_POINT('',#3212);
#3212 = CARTESIAN_POINT('',(1.9,3.792823065581,0.399995249759));
#3213 = LINE('',#3214,#3215);
#3214 = CARTESIAN_POINT('',(1.9,5.568987907389,-2.676412498872));
#3215 = VECTOR('',#3216,1.);
#3216 = DIRECTION('',(-2.412258506144E-17,-0.5,0.866025403784));
#3217 = ORIENTED_EDGE('',*,*,#3218,.F.);
#3218 = EDGE_CURVE('',#3219,#3211,#3221,.T.);
#3219 = VERTEX_POINT('',#3220);
#3220 = CARTESIAN_POINT('',(1.9,3.966028146338,0.299995249759));
#3221 = CIRCLE('',#3222,0.2);
#3222 = AXIS2_PLACEMENT_3D('',#3223,#3224,#3225);
#3223 = CARTESIAN_POINT('',(1.9,3.966028146338,0.499995249759));
#3224 = DIRECTION('',(-1.,0.,0.));
#3225 = DIRECTION('',(0.,0.,1.));
#3226 = ORIENTED_EDGE('',*,*,#3227,.T.);
#3227 = EDGE_CURVE('',#3219,#3228,#3230,.T.);
#3228 = VERTEX_POINT('',#3229);
#3229 = CARTESIAN_POINT('',(1.9,4.5,0.299995249759));
#3230 = LINE('',#3231,#3232);
#3231 = CARTESIAN_POINT('',(1.9,3.9,0.299995249759));
#3232 = VECTOR('',#3233,1.);
#3233 = DIRECTION('',(0.,1.,0.));
#3234 = ORIENTED_EDGE('',*,*,#3235,.T.);
#3235 = EDGE_CURVE('',#3228,#3236,#3238,.T.);
#3236 = VERTEX_POINT('',#3237);
#3237 = CARTESIAN_POINT('',(1.9,4.5,-4.750241259679E-06));
#3238 = LINE('',#3239,#3240);
#3239 = CARTESIAN_POINT('',(1.9,4.5,-3.5));
#3240 = VECTOR('',#3241,1.);
#3241 = DIRECTION('',(0.,0.,-1.));
#3242 = ORIENTED_EDGE('',*,*,#3243,.T.);
#3243 = EDGE_CURVE('',#3236,#3244,#3246,.T.);
#3244 = VERTEX_POINT('',#3245);
#3245 = CARTESIAN_POINT('',(1.9,3.966028146338,-4.750241259293E-06));
#3246 = LINE('',#3247,#3248);
#3247 = CARTESIAN_POINT('',(1.9,3.4,-4.750241258884E-06));
#3248 = VECTOR('',#3249,1.);
#3249 = DIRECTION('',(0.,-1.,7.228014483237E-16));
#3250 = ORIENTED_EDGE('',*,*,#3251,.T.);
#3251 = EDGE_CURVE('',#3244,#3252,#3254,.T.);
#3252 = VERTEX_POINT('',#3253);
#3253 = CARTESIAN_POINT('',(1.9,3.533015444445,0.249995249759));
#3254 = CIRCLE('',#3255,0.5);
#3255 = AXIS2_PLACEMENT_3D('',#3256,#3257,#3258);
#3256 = CARTESIAN_POINT('',(1.9,3.966028146338,0.499995249759));
#3257 = DIRECTION('',(-1.,0.,0.));
#3258 = DIRECTION('',(0.,0.,1.));
#3259 = ORIENTED_EDGE('',*,*,#3260,.T.);
#3260 = EDGE_CURVE('',#3252,#3261,#3263,.T.);
#3261 = VERTEX_POINT('',#3262);
#3262 = CARTESIAN_POINT('',(1.9,3.157735026919,0.9));
#3263 = LINE('',#3264,#3265);
#3264 = CARTESIAN_POINT('',(1.9,5.23217074989,-2.693028069222));
#3265 = VECTOR('',#3266,1.);
#3266 = DIRECTION('',(-2.412258506144E-17,-0.5,0.866025403784));
#3267 = ORIENTED_EDGE('',*,*,#3268,.F.);
#3268 = EDGE_CURVE('',#3269,#3261,#3271,.T.);
#3269 = VERTEX_POINT('',#3270);
#3270 = CARTESIAN_POINT('',(1.9,2.984529946162,1.));
#3271 = CIRCLE('',#3272,0.2);
#3272 = AXIS2_PLACEMENT_3D('',#3273,#3274,#3275);
#3273 = CARTESIAN_POINT('',(1.9,2.984529946162,0.8));
#3274 = DIRECTION('',(-1.,0.,0.));
#3275 = DIRECTION('',(0.,0.,1.));
#3276 = ORIENTED_EDGE('',*,*,#3277,.F.);
#3277 = EDGE_CURVE('',#3278,#3269,#3280,.T.);
#3278 = VERTEX_POINT('',#3279);
#3279 = CARTESIAN_POINT('',(1.9,-2.984529946162,1.));
#3280 = LINE('',#3281,#3282);
#3281 = CARTESIAN_POINT('',(1.9,2.1,1.));
#3282 = VECTOR('',#3283,1.);
#3283 = DIRECTION('',(0.,1.,0.));
#3284 = ORIENTED_EDGE('',*,*,#3285,.F.);
#3285 = EDGE_CURVE('',#3127,#3278,#3286,.T.);
#3286 = CIRCLE('',#3287,0.2);
#3287 = AXIS2_PLACEMENT_3D('',#3288,#3289,#3290);
#3288 = CARTESIAN_POINT('',(1.9,-2.984529946162,0.8));
#3289 = DIRECTION('',(-1.,0.,0.));
#3290 = DIRECTION('',(0.,0.,1.));
#3291 = PLANE('',#3292);
#3292 = AXIS2_PLACEMENT_3D('',#3293,#3294,#3295);
#3293 = CARTESIAN_POINT('',(1.9,3.1,-3.5));
#3294 = DIRECTION('',(-1.,0.,0.));
#3295 = DIRECTION('',(0.,1.,0.));
#3296 = ADVANCED_FACE('',(#3297),#3313,.T.);
#3297 = FACE_BOUND('',#3298,.T.);
#3298 = EDGE_LOOP('',(#3299,#3300,#3306,#3307));
#3299 = ORIENTED_EDGE('',*,*,#3260,.F.);
#3300 = ORIENTED_EDGE('',*,*,#3301,.T.);
#3301 = EDGE_CURVE('',#3252,#3002,#3302,.T.);
#3302 = LINE('',#3303,#3304);
#3303 = CARTESIAN_POINT('',(2.6,3.533015444445,0.249995249759));
#3304 = VECTOR('',#3305,1.);
#3305 = DIRECTION('',(1.,-7.070501591499E-17,5.474973509254E-32));
#3306 = ORIENTED_EDGE('',*,*,#3001,.T.);
#3307 = ORIENTED_EDGE('',*,*,#3308,.T.);
#3308 = EDGE_CURVE('',#2993,#3261,#3309,.T.);
#3309 = LINE('',#3310,#3311);
#3310 = CARTESIAN_POINT('',(1.9,3.157735026919,0.9));
#3311 = VECTOR('',#3312,1.);
#3312 = DIRECTION('',(-1.,7.070501591499E-17,-6.314086151861E-33));
#3313 = PLANE('',#3314);
#3314 = AXIS2_PLACEMENT_3D('',#3315,#3316,#3317);
#3315 = CARTESIAN_POINT('',(2.6,5.23217074989,-2.693028069222));
#3316 = DIRECTION('',(-6.123233995737E-17,-0.866025403784,-0.5));
#3317 = DIRECTION('',(-1.,6.509005446697E-17,9.725398510522E-18));
#3318 = ADVANCED_FACE('',(#3319),#3335,.T.);
#3319 = FACE_BOUND('',#3320,.T.);
#3320 = EDGE_LOOP('',(#3321,#3322,#3328,#3329));
#3321 = ORIENTED_EDGE('',*,*,#3210,.T.);
#3322 = ORIENTED_EDGE('',*,*,#3323,.T.);
#3323 = EDGE_CURVE('',#3202,#3052,#3324,.T.);
#3324 = LINE('',#3325,#3326);
#3325 = CARTESIAN_POINT('',(2.6,3.417542648054,1.05));
#3326 = VECTOR('',#3327,1.);
#3327 = DIRECTION('',(1.,-7.070501591499E-17,5.337293624795E-33));
#3328 = ORIENTED_EDGE('',*,*,#3051,.F.);
#3329 = ORIENTED_EDGE('',*,*,#3330,.F.);
#3330 = EDGE_CURVE('',#3211,#3043,#3331,.T.);
#3331 = LINE('',#3332,#3333);
#3332 = CARTESIAN_POINT('',(2.6,3.792823065581,0.399995249759));
#3333 = VECTOR('',#3334,1.);
#3334 = DIRECTION('',(1.,-7.0705015915E-17,1.420311214859E-29));
#3335 = PLANE('',#3336);
#3336 = AXIS2_PLACEMENT_3D('',#3337,#3338,#3339);
#3337 = CARTESIAN_POINT('',(2.6,5.568987907389,-2.676412498872));
#3338 = DIRECTION('',(6.123233995737E-17,0.866025403784,0.5));
#3339 = DIRECTION('',(1.,-6.509005446697E-17,-9.725398510522E-18));
#3340 = ADVANCED_FACE('',(#3341),#3357,.T.);
#3341 = FACE_BOUND('',#3342,.T.);
#3342 = EDGE_LOOP('',(#3343,#3344,#3350,#3351));
#3343 = ORIENTED_EDGE('',*,*,#3068,.F.);
#3344 = ORIENTED_EDGE('',*,*,#3345,.F.);
#3345 = EDGE_CURVE('',#3194,#3060,#3346,.T.);
#3346 = LINE('',#3347,#3348);
#3347 = CARTESIAN_POINT('',(3.,2.984529946162,1.3));
#3348 = VECTOR('',#3349,1.);
#3349 = DIRECTION('',(1.,-7.070501591499E-17,0.));
#3350 = ORIENTED_EDGE('',*,*,#3193,.F.);
#3351 = ORIENTED_EDGE('',*,*,#3352,.F.);
#3352 = EDGE_CURVE('',#3069,#3185,#3353,.T.);
#3353 = LINE('',#3354,#3355);
#3354 = CARTESIAN_POINT('',(3.,-2.984529946162,1.3));
#3355 = VECTOR('',#3356,1.);
#3356 = DIRECTION('',(-1.,-7.070501591499E-17,0.));
#3357 = PLANE('',#3358);
#3358 = AXIS2_PLACEMENT_3D('',#3359,#3360,#3361);
#3359 = CARTESIAN_POINT('',(3.,4.4,1.3));
#3360 = DIRECTION('',(0.,0.,1.));
#3361 = DIRECTION('',(0.,-1.,0.));
#3362 = ADVANCED_FACE('',(#3363),#3379,.T.);
#3363 = FACE_BOUND('',#3364,.T.);
#3364 = EDGE_LOOP('',(#3365,#3366,#3372,#3373));
#3365 = ORIENTED_EDGE('',*,*,#3277,.T.);
#3366 = ORIENTED_EDGE('',*,*,#3367,.F.);
#3367 = EDGE_CURVE('',#2985,#3269,#3368,.T.);
#3368 = LINE('',#3369,#3370);
#3369 = CARTESIAN_POINT('',(2.6,2.984529946162,1.));
#3370 = VECTOR('',#3371,1.);
#3371 = DIRECTION('',(-1.,7.070501591499E-17,0.));
#3372 = ORIENTED_EDGE('',*,*,#2984,.T.);
#3373 = ORIENTED_EDGE('',*,*,#3374,.F.);
#3374 = EDGE_CURVE('',#3278,#2976,#3375,.T.);
#3375 = LINE('',#3376,#3377);
#3376 = CARTESIAN_POINT('',(1.9,-2.984529946162,1.));
#3377 = VECTOR('',#3378,1.);
#3378 = DIRECTION('',(1.,7.070501591499E-17,0.));
#3379 = PLANE('',#3380);
#3380 = AXIS2_PLACEMENT_3D('',#3381,#3382,#3383);
#3381 = CARTESIAN_POINT('',(2.6,2.1,1.));
#3382 = DIRECTION('',(0.,0.,-1.));
#3383 = DIRECTION('',(-1.,0.,0.));
#3384 = ADVANCED_FACE('',(#3385),#3401,.T.);
#3385 = FACE_BOUND('',#3386,.T.);
#3386 = EDGE_LOOP('',(#3387,#3388,#3394,#3395));
#3387 = ORIENTED_EDGE('',*,*,#2967,.F.);
#3388 = ORIENTED_EDGE('',*,*,#3389,.F.);
#3389 = EDGE_CURVE('',#3125,#2959,#3390,.T.);
#3390 = LINE('',#3391,#3392);
#3391 = CARTESIAN_POINT('',(1.9,-3.533015444445,0.249995249759));
#3392 = VECTOR('',#3393,1.);
#3393 = DIRECTION('',(1.,7.070501591499E-17,5.474973509254E-32));
#3394 = ORIENTED_EDGE('',*,*,#3124,.T.);
#3395 = ORIENTED_EDGE('',*,*,#3396,.T.);
#3396 = EDGE_CURVE('',#3127,#2968,#3397,.T.);
#3397 = LINE('',#3398,#3399);
#3398 = CARTESIAN_POINT('',(2.6,-3.157735026919,0.9));
#3399 = VECTOR('',#3400,1.);
#3400 = DIRECTION('',(1.,7.070501591499E-17,6.314086151861E-33));
#3401 = PLANE('',#3402);
#3402 = AXIS2_PLACEMENT_3D('',#3403,#3404,#3405);
#3403 = CARTESIAN_POINT('',(2.6,-5.23217074989,-2.693028069222));
#3404 = DIRECTION('',(-6.123233995737E-17,0.866025403784,-0.5));
#3405 = DIRECTION('',(-1.,-6.509005446697E-17,9.725398510522E-18));
#3406 = ADVANCED_FACE('',(#3407),#3423,.T.);
#3407 = FACE_BOUND('',#3408,.T.);
#3408 = EDGE_LOOP('',(#3409,#3410,#3416,#3417));
#3409 = ORIENTED_EDGE('',*,*,#3085,.T.);
#3410 = ORIENTED_EDGE('',*,*,#3411,.T.);
#3411 = EDGE_CURVE('',#3077,#3177,#3412,.T.);
#3412 = LINE('',#3413,#3414);
#3413 = CARTESIAN_POINT('',(2.6,-3.417542648054,1.05));
#3414 = VECTOR('',#3415,1.);
#3415 = DIRECTION('',(-1.,-7.070501591499E-17,-7.64840955806E-33));
#3416 = ORIENTED_EDGE('',*,*,#3176,.F.);
#3417 = ORIENTED_EDGE('',*,*,#3418,.F.);
#3418 = EDGE_CURVE('',#3086,#3168,#3419,.T.);
#3419 = LINE('',#3420,#3421);
#3420 = CARTESIAN_POINT('',(2.6,-3.792823065581,0.399995249759));
#3421 = VECTOR('',#3422,1.);
#3422 = DIRECTION('',(-1.,-7.070501591499E-17,-7.64840955806E-33));
#3423 = PLANE('',#3424);
#3424 = AXIS2_PLACEMENT_3D('',#3425,#3426,#3427);
#3425 = CARTESIAN_POINT('',(2.6,-5.491978371026,-2.543028069222));
#3426 = DIRECTION('',(6.123233995737E-17,-0.866025403784,0.5));
#3427 = DIRECTION('',(1.,6.509005446697E-17,-9.725398510522E-18));
#3428 = ADVANCED_FACE('',(#3429),#3445,.F.);
#3429 = FACE_BOUND('',#3430,.T.);
#3430 = EDGE_LOOP('',(#3431,#3432,#3438,#3439));
#3431 = ORIENTED_EDGE('',*,*,#3018,.T.);
#3432 = ORIENTED_EDGE('',*,*,#3433,.F.);
#3433 = EDGE_CURVE('',#3244,#3010,#3434,.T.);
#3434 = LINE('',#3435,#3436);
#3435 = CARTESIAN_POINT('',(1.9,3.966028146338,-4.750241259293E-06));
#3436 = VECTOR('',#3437,1.);
#3437 = DIRECTION('',(1.,-7.070501591499E-17,5.110568790711E-32));
#3438 = ORIENTED_EDGE('',*,*,#3243,.F.);
#3439 = ORIENTED_EDGE('',*,*,#3440,.F.);
#3440 = EDGE_CURVE('',#3019,#3236,#3441,.T.);
#3441 = LINE('',#3442,#3443);
#3442 = CARTESIAN_POINT('',(1.9,4.5,-4.750241259245E-06));
#3443 = VECTOR('',#3444,1.);
#3444 = DIRECTION('',(-1.,0.,0.));
#3445 = PLANE('',#3446);
#3446 = AXIS2_PLACEMENT_3D('',#3447,#3448,#3449);
#3447 = CARTESIAN_POINT('',(1.9,3.4,-4.750241258884E-06));
#3448 = DIRECTION('',(0.,7.228014483237E-16,1.));
#3449 = DIRECTION('',(0.,-1.,7.228014483237E-16));
#3450 = ADVANCED_FACE('',(#3451),#3467,.F.);
#3451 = FACE_BOUND('',#3452,.T.);
#3452 = EDGE_LOOP('',(#3453,#3454,#3460,#3461));
#3453 = ORIENTED_EDGE('',*,*,#3143,.F.);
#3454 = ORIENTED_EDGE('',*,*,#3455,.T.);
#3455 = EDGE_CURVE('',#3135,#2949,#3456,.T.);
#3456 = LINE('',#3457,#3458);
#3457 = CARTESIAN_POINT('',(2.6,-3.966028146338,-4.750241259293E-06));
#3458 = VECTOR('',#3459,1.);
#3459 = DIRECTION('',(1.,7.070501591499E-17,5.110568790711E-32));
#3460 = ORIENTED_EDGE('',*,*,#2948,.T.);
#3461 = ORIENTED_EDGE('',*,*,#3462,.F.);
#3462 = EDGE_CURVE('',#3144,#2951,#3463,.T.);
#3463 = LINE('',#3464,#3465);
#3464 = CARTESIAN_POINT('',(1.9,-4.5,-4.750241259245E-06));
#3465 = VECTOR('',#3466,1.);
#3466 = DIRECTION('',(1.,0.,0.));
#3467 = PLANE('',#3468);
#3468 = AXIS2_PLACEMENT_3D('',#3469,#3470,#3471);
#3469 = CARTESIAN_POINT('',(1.9,-3.1,-4.750241258667E-06));
#3470 = DIRECTION('',(0.,-7.228014483237E-16,1.));
#3471 = DIRECTION('',(0.,-1.,-7.228014483237E-16));
#3472 = ADVANCED_FACE('',(#3473),#3489,.F.);
#3473 = FACE_BOUND('',#3474,.T.);
#3474 = EDGE_LOOP('',(#3475,#3476,#3482,#3483));
#3475 = ORIENTED_EDGE('',*,*,#3102,.F.);
#3476 = ORIENTED_EDGE('',*,*,#3477,.T.);
#3477 = EDGE_CURVE('',#3094,#3160,#3478,.T.);
#3478 = LINE('',#3479,#3480);
#3479 = CARTESIAN_POINT('',(2.6,-3.966028146338,0.299995249759));
#3480 = VECTOR('',#3481,1.);
#3481 = DIRECTION('',(-1.,-7.070501591499E-17,0.));
#3482 = ORIENTED_EDGE('',*,*,#3159,.F.);
#3483 = ORIENTED_EDGE('',*,*,#3484,.F.);
#3484 = EDGE_CURVE('',#3103,#3152,#3485,.T.);
#3485 = LINE('',#3486,#3487);
#3486 = CARTESIAN_POINT('',(2.6,-4.5,0.299995249759));
#3487 = VECTOR('',#3488,1.);
#3488 = DIRECTION('',(-1.,0.,0.));
#3489 = PLANE('',#3490);
#3490 = AXIS2_PLACEMENT_3D('',#3491,#3492,#3493);
#3491 = CARTESIAN_POINT('',(2.6,-3.9,0.299995249759));
#3492 = DIRECTION('',(0.,0.,-1.));
#3493 = DIRECTION('',(-1.,0.,0.));
#3494 = ADVANCED_FACE('',(#3495),#3501,.T.);
#3495 = FACE_BOUND('',#3496,.T.);
#3496 = EDGE_LOOP('',(#3497,#3498,#3499,#3500));
#3497 = ORIENTED_EDGE('',*,*,#3110,.F.);
#3498 = ORIENTED_EDGE('',*,*,#3484,.T.);
#3499 = ORIENTED_EDGE('',*,*,#3151,.F.);
#3500 = ORIENTED_EDGE('',*,*,#3462,.T.);
#3501 = PLANE('',#3502);
#3502 = AXIS2_PLACEMENT_3D('',#3503,#3504,#3505);
#3503 = CARTESIAN_POINT('',(2.6,-4.5,-3.5));
#3504 = DIRECTION('',(0.,-1.,0.));
#3505 = DIRECTION('',(1.,0.,0.));
#3506 = ADVANCED_FACE('',(#3507),#3523,.F.);
#3507 = FACE_BOUND('',#3508,.T.);
#3508 = EDGE_LOOP('',(#3509,#3510,#3516,#3517));
#3509 = ORIENTED_EDGE('',*,*,#3227,.F.);
#3510 = ORIENTED_EDGE('',*,*,#3511,.T.);
#3511 = EDGE_CURVE('',#3219,#3035,#3512,.T.);
#3512 = LINE('',#3513,#3514);
#3513 = CARTESIAN_POINT('',(2.6,3.966028146338,0.299995249759));
#3514 = VECTOR('',#3515,1.);
#3515 = DIRECTION('',(1.,-7.0705015915E-17,1.419949629398E-29));
#3516 = ORIENTED_EDGE('',*,*,#3034,.F.);
#3517 = ORIENTED_EDGE('',*,*,#3518,.F.);
#3518 = EDGE_CURVE('',#3228,#3027,#3519,.T.);
#3519 = LINE('',#3520,#3521);
#3520 = CARTESIAN_POINT('',(2.6,4.5,0.299995249759));
#3521 = VECTOR('',#3522,1.);
#3522 = DIRECTION('',(1.,0.,1.419949629398E-29));
#3523 = PLANE('',#3524);
#3524 = AXIS2_PLACEMENT_3D('',#3525,#3526,#3527);
#3525 = CARTESIAN_POINT('',(2.6,3.9,0.299995249759));
#3526 = DIRECTION('',(1.419949629398E-29,0.,-1.));
#3527 = DIRECTION('',(-1.,0.,-1.419949629398E-29));
#3528 = ADVANCED_FACE('',(#3529),#3535,.T.);
#3529 = FACE_BOUND('',#3530,.T.);
#3530 = EDGE_LOOP('',(#3531,#3532,#3533,#3534));
#3531 = ORIENTED_EDGE('',*,*,#3235,.F.);
#3532 = ORIENTED_EDGE('',*,*,#3518,.T.);
#3533 = ORIENTED_EDGE('',*,*,#3026,.F.);
#3534 = ORIENTED_EDGE('',*,*,#3440,.T.);
#3535 = PLANE('',#3536);
#3536 = AXIS2_PLACEMENT_3D('',#3537,#3538,#3539);
#3537 = CARTESIAN_POINT('',(2.6,4.5,-3.5));
#3538 = DIRECTION('',(0.,1.,0.));
#3539 = DIRECTION('',(1.,0.,0.));
#3540 = ADVANCED_FACE('',(#3541),#3547,.F.);
#3541 = FACE_BOUND('',#3542,.F.);
#3542 = EDGE_LOOP('',(#3543,#3544,#3545,#3546));
#3543 = ORIENTED_EDGE('',*,*,#3396,.T.);
#3544 = ORIENTED_EDGE('',*,*,#2975,.F.);
#3545 = ORIENTED_EDGE('',*,*,#3374,.F.);
#3546 = ORIENTED_EDGE('',*,*,#3285,.F.);
#3547 = CYLINDRICAL_SURFACE('',#3548,0.2);
#3548 = AXIS2_PLACEMENT_3D('',#3549,#3550,#3551);
#3549 = CARTESIAN_POINT('',(2.6,-2.984529946162,0.8));
#3550 = DIRECTION('',(-1.,-7.070501591499E-17,0.));
#3551 = DIRECTION('',(7.070501591499E-17,-1.,0.));
#3552 = ADVANCED_FACE('',(#3553),#3559,.F.);
#3553 = FACE_BOUND('',#3554,.F.);
#3554 = EDGE_LOOP('',(#3555,#3556,#3557,#3558));
#3555 = ORIENTED_EDGE('',*,*,#3477,.T.);
#3556 = ORIENTED_EDGE('',*,*,#3167,.F.);
#3557 = ORIENTED_EDGE('',*,*,#3418,.F.);
#3558 = ORIENTED_EDGE('',*,*,#3093,.F.);
#3559 = CYLINDRICAL_SURFACE('',#3560,0.2);
#3560 = AXIS2_PLACEMENT_3D('',#3561,#3562,#3563);
#3561 = CARTESIAN_POINT('',(2.6,-3.966028146338,0.499995249759));
#3562 = DIRECTION('',(-1.,-7.070501591499E-17,0.));
#3563 = DIRECTION('',(7.070501591499E-17,-1.,0.));
#3564 = ADVANCED_FACE('',(#3565),#3571,.F.);
#3565 = FACE_BOUND('',#3566,.F.);
#3566 = EDGE_LOOP('',(#3567,#3568,#3569,#3570));
#3567 = ORIENTED_EDGE('',*,*,#3511,.T.);
#3568 = ORIENTED_EDGE('',*,*,#3042,.F.);
#3569 = ORIENTED_EDGE('',*,*,#3330,.F.);
#3570 = ORIENTED_EDGE('',*,*,#3218,.F.);
#3571 = CYLINDRICAL_SURFACE('',#3572,0.2);
#3572 = AXIS2_PLACEMENT_3D('',#3573,#3574,#3575);
#3573 = CARTESIAN_POINT('',(2.6,3.966028146338,0.499995249759));
#3574 = DIRECTION('',(1.,-7.0705015915E-17,1.420070157885E-29));
#3575 = DIRECTION('',(7.0705015915E-17,1.,0.));
#3576 = ADVANCED_FACE('',(#3577),#3583,.F.);
#3577 = FACE_BOUND('',#3578,.F.);
#3578 = EDGE_LOOP('',(#3579,#3580,#3581,#3582));
#3579 = ORIENTED_EDGE('',*,*,#3308,.T.);
#3580 = ORIENTED_EDGE('',*,*,#3268,.F.);
#3581 = ORIENTED_EDGE('',*,*,#3367,.F.);
#3582 = ORIENTED_EDGE('',*,*,#2992,.F.);
#3583 = CYLINDRICAL_SURFACE('',#3584,0.2);
#3584 = AXIS2_PLACEMENT_3D('',#3585,#3586,#3587);
#3585 = CARTESIAN_POINT('',(2.6,2.984529946162,0.8));
#3586 = DIRECTION('',(1.,-7.070501591499E-17,0.));
#3587 = DIRECTION('',(7.070501591499E-17,1.,0.));
#3588 = ADVANCED_FACE('',(#3589),#3595,.T.);
#3589 = FACE_BOUND('',#3590,.T.);
#3590 = EDGE_LOOP('',(#3591,#3592,#3593,#3594));
#3591 = ORIENTED_EDGE('',*,*,#3076,.F.);
#3592 = ORIENTED_EDGE('',*,*,#3352,.T.);
#3593 = ORIENTED_EDGE('',*,*,#3184,.F.);
#3594 = ORIENTED_EDGE('',*,*,#3411,.F.);
#3595 = CYLINDRICAL_SURFACE('',#3596,0.5);
#3596 = AXIS2_PLACEMENT_3D('',#3597,#3598,#3599);
#3597 = CARTESIAN_POINT('',(2.6,-2.984529946162,0.8));
#3598 = DIRECTION('',(-1.,-7.070501591499E-17,0.));
#3599 = DIRECTION('',(7.070501591499E-17,-1.,0.));
#3600 = ADVANCED_FACE('',(#3601),#3607,.T.);
#3601 = FACE_BOUND('',#3602,.T.);
#3602 = EDGE_LOOP('',(#3603,#3604,#3605,#3606));
#3603 = ORIENTED_EDGE('',*,*,#3201,.F.);
#3604 = ORIENTED_EDGE('',*,*,#3345,.T.);
#3605 = ORIENTED_EDGE('',*,*,#3059,.F.);
#3606 = ORIENTED_EDGE('',*,*,#3323,.F.);
#3607 = CYLINDRICAL_SURFACE('',#3608,0.5);
#3608 = AXIS2_PLACEMENT_3D('',#3609,#3610,#3611);
#3609 = CARTESIAN_POINT('',(2.6,2.984529946162,0.8));
#3610 = DIRECTION('',(1.,-7.070501591499E-17,0.));
#3611 = DIRECTION('',(7.070501591499E-17,1.,0.));
#3612 = ADVANCED_FACE('',(#3613),#3619,.T.);
#3613 = FACE_BOUND('',#3614,.T.);
#3614 = EDGE_LOOP('',(#3615,#3616,#3617,#3618));
#3615 = ORIENTED_EDGE('',*,*,#3251,.F.);
#3616 = ORIENTED_EDGE('',*,*,#3433,.T.);
#3617 = ORIENTED_EDGE('',*,*,#3009,.F.);
#3618 = ORIENTED_EDGE('',*,*,#3301,.F.);
#3619 = CYLINDRICAL_SURFACE('',#3620,0.5);
#3620 = AXIS2_PLACEMENT_3D('',#3621,#3622,#3623);
#3621 = CARTESIAN_POINT('',(2.6,3.966028146338,0.499995249759));
#3622 = DIRECTION('',(-1.,7.070501591499E-17,-5.110568790711E-32));
#3623 = DIRECTION('',(-7.070501591499E-17,-1.,0.));
#3624 = ADVANCED_FACE('',(#3625),#3631,.T.);
#3625 = FACE_BOUND('',#3626,.T.);
#3626 = EDGE_LOOP('',(#3627,#3628,#3629,#3630));
#3627 = ORIENTED_EDGE('',*,*,#3134,.F.);
#3628 = ORIENTED_EDGE('',*,*,#3389,.T.);
#3629 = ORIENTED_EDGE('',*,*,#2958,.F.);
#3630 = ORIENTED_EDGE('',*,*,#3455,.F.);
#3631 = CYLINDRICAL_SURFACE('',#3632,0.5);
#3632 = AXIS2_PLACEMENT_3D('',#3633,#3634,#3635);
#3633 = CARTESIAN_POINT('',(1.9,-3.966028146338,0.499995249759));
#3634 = DIRECTION('',(-1.,-7.070501591499E-17,-5.256204892978E-32));
#3635 = DIRECTION('',(7.070501591499E-17,-1.,0.));
#3636 = MANIFOLD_SOLID_BREP('',#3637);
#3637 = CLOSED_SHELL('',(#3638,#3814,#3990,#4012,#4034,#4056,#4078,#4100
    ,#4122,#4144,#4166,#4183,#4200,#4217,#4234,#4246,#4258,#4270,#4282,
    #4294,#4306,#4318));
#3638 = ADVANCED_FACE('',(#3639),#3809,.T.);
#3639 = FACE_BOUND('',#3640,.T.);
#3640 = EDGE_LOOP('',(#3641,#3651,#3659,#3667,#3676,#3684,#3693,#3701,
    #3710,#3718,#3727,#3735,#3743,#3751,#3760,#3768,#3777,#3785,#3794,
    #3802));
#3641 = ORIENTED_EDGE('',*,*,#3642,.T.);
#3642 = EDGE_CURVE('',#3643,#3645,#3647,.T.);
#3643 = VERTEX_POINT('',#3644);
#3644 = CARTESIAN_POINT('',(-2.6,-3.966028146338,-4.750241259293E-06));
#3645 = VERTEX_POINT('',#3646);
#3646 = CARTESIAN_POINT('',(-2.6,-4.5,-4.750241259679E-06));
#3647 = LINE('',#3648,#3649);
#3648 = CARTESIAN_POINT('',(-2.6,-3.1,-4.750241258667E-06));
#3649 = VECTOR('',#3650,1.);
#3650 = DIRECTION('',(0.,-1.,-7.228014483237E-16));
#3651 = ORIENTED_EDGE('',*,*,#3652,.F.);
#3652 = EDGE_CURVE('',#3653,#3645,#3655,.T.);
#3653 = VERTEX_POINT('',#3654);
#3654 = CARTESIAN_POINT('',(-2.6,-4.5,0.299995249759));
#3655 = LINE('',#3656,#3657);
#3656 = CARTESIAN_POINT('',(-2.6,-4.5,-3.5));
#3657 = VECTOR('',#3658,1.);
#3658 = DIRECTION('',(0.,0.,-1.));
#3659 = ORIENTED_EDGE('',*,*,#3660,.F.);
#3660 = EDGE_CURVE('',#3661,#3653,#3663,.T.);
#3661 = VERTEX_POINT('',#3662);
#3662 = CARTESIAN_POINT('',(-2.6,-3.966028146338,0.299995249759));
#3663 = LINE('',#3664,#3665);
#3664 = CARTESIAN_POINT('',(-2.6,-3.9,0.299995249759));
#3665 = VECTOR('',#3666,1.);
#3666 = DIRECTION('',(0.,-1.,0.));
#3667 = ORIENTED_EDGE('',*,*,#3668,.T.);
#3668 = EDGE_CURVE('',#3661,#3669,#3671,.T.);
#3669 = VERTEX_POINT('',#3670);
#3670 = CARTESIAN_POINT('',(-2.6,-3.792823065581,0.399995249759));
#3671 = CIRCLE('',#3672,0.2);
#3672 = AXIS2_PLACEMENT_3D('',#3673,#3674,#3675);
#3673 = CARTESIAN_POINT('',(-2.6,-3.966028146338,0.499995249759));
#3674 = DIRECTION('',(1.,0.,0.));
#3675 = DIRECTION('',(0.,0.,-1.));
#3676 = ORIENTED_EDGE('',*,*,#3677,.T.);
#3677 = EDGE_CURVE('',#3669,#3678,#3680,.T.);
#3678 = VERTEX_POINT('',#3679);
#3679 = CARTESIAN_POINT('',(-2.6,-3.417542648054,1.05));
#3680 = LINE('',#3681,#3682);
#3681 = CARTESIAN_POINT('',(-2.6,-5.491978371026,-2.543028069222));
#3682 = VECTOR('',#3683,1.);
#3683 = DIRECTION('',(2.412258506144E-17,0.5,0.866025403784));
#3684 = ORIENTED_EDGE('',*,*,#3685,.F.);
#3685 = EDGE_CURVE('',#3686,#3678,#3688,.T.);
#3686 = VERTEX_POINT('',#3687);
#3687 = CARTESIAN_POINT('',(-2.6,-2.984529946162,1.3));
#3688 = CIRCLE('',#3689,0.5);
#3689 = AXIS2_PLACEMENT_3D('',#3690,#3691,#3692);
#3690 = CARTESIAN_POINT('',(-2.6,-2.984529946162,0.8));
#3691 = DIRECTION('',(1.,0.,0.));
#3692 = DIRECTION('',(0.,0.,-1.));
#3693 = ORIENTED_EDGE('',*,*,#3694,.F.);
#3694 = EDGE_CURVE('',#3695,#3686,#3697,.T.);
#3695 = VERTEX_POINT('',#3696);
#3696 = CARTESIAN_POINT('',(-2.6,2.984529946162,1.3));
#3697 = LINE('',#3698,#3699);
#3698 = CARTESIAN_POINT('',(-2.6,3.1,1.3));
#3699 = VECTOR('',#3700,1.);
#3700 = DIRECTION('',(0.,-1.,0.));
#3701 = ORIENTED_EDGE('',*,*,#3702,.F.);
#3702 = EDGE_CURVE('',#3703,#3695,#3705,.T.);
#3703 = VERTEX_POINT('',#3704);
#3704 = CARTESIAN_POINT('',(-2.6,3.417542648054,1.05));
#3705 = CIRCLE('',#3706,0.5);
#3706 = AXIS2_PLACEMENT_3D('',#3707,#3708,#3709);
#3707 = CARTESIAN_POINT('',(-2.6,2.984529946162,0.8));
#3708 = DIRECTION('',(1.,0.,0.));
#3709 = DIRECTION('',(0.,0.,-1.));
#3710 = ORIENTED_EDGE('',*,*,#3711,.F.);
#3711 = EDGE_CURVE('',#3712,#3703,#3714,.T.);
#3712 = VERTEX_POINT('',#3713);
#3713 = CARTESIAN_POINT('',(-2.6,3.792823065581,0.399995249759));
#3714 = LINE('',#3715,#3716);
#3715 = CARTESIAN_POINT('',(-2.6,5.568987907389,-2.676412498872));
#3716 = VECTOR('',#3717,1.);
#3717 = DIRECTION('',(2.412258506144E-17,-0.5,0.866025403784));
#3718 = ORIENTED_EDGE('',*,*,#3719,.T.);
#3719 = EDGE_CURVE('',#3712,#3720,#3722,.T.);
#3720 = VERTEX_POINT('',#3721);
#3721 = CARTESIAN_POINT('',(-2.6,3.966028146338,0.299995249759));
#3722 = CIRCLE('',#3723,0.2);
#3723 = AXIS2_PLACEMENT_3D('',#3724,#3725,#3726);
#3724 = CARTESIAN_POINT('',(-2.6,3.966028146338,0.499995249759));
#3725 = DIRECTION('',(1.,0.,0.));
#3726 = DIRECTION('',(0.,0.,-1.));
#3727 = ORIENTED_EDGE('',*,*,#3728,.F.);
#3728 = EDGE_CURVE('',#3729,#3720,#3731,.T.);
#3729 = VERTEX_POINT('',#3730);
#3730 = CARTESIAN_POINT('',(-2.6,4.5,0.299995249759));
#3731 = LINE('',#3732,#3733);
#3732 = CARTESIAN_POINT('',(-2.6,3.9,0.299995249759));
#3733 = VECTOR('',#3734,1.);
#3734 = DIRECTION('',(0.,-1.,0.));
#3735 = ORIENTED_EDGE('',*,*,#3736,.F.);
#3736 = EDGE_CURVE('',#3737,#3729,#3739,.T.);
#3737 = VERTEX_POINT('',#3738);
#3738 = CARTESIAN_POINT('',(-2.6,4.5,-4.750241259679E-06));
#3739 = LINE('',#3740,#3741);
#3740 = CARTESIAN_POINT('',(-2.6,4.5,-3.5));
#3741 = VECTOR('',#3742,1.);
#3742 = DIRECTION('',(0.,0.,1.));
#3743 = ORIENTED_EDGE('',*,*,#3744,.T.);
#3744 = EDGE_CURVE('',#3737,#3745,#3747,.T.);
#3745 = VERTEX_POINT('',#3746);
#3746 = CARTESIAN_POINT('',(-2.6,3.966028146338,-4.750241259293E-06));
#3747 = LINE('',#3748,#3749);
#3748 = CARTESIAN_POINT('',(-2.6,3.4,-4.750241258884E-06));
#3749 = VECTOR('',#3750,1.);
#3750 = DIRECTION('',(0.,-1.,7.228014483237E-16));
#3751 = ORIENTED_EDGE('',*,*,#3752,.F.);
#3752 = EDGE_CURVE('',#3753,#3745,#3755,.T.);
#3753 = VERTEX_POINT('',#3754);
#3754 = CARTESIAN_POINT('',(-2.6,3.533015444445,0.249995249759));
#3755 = CIRCLE('',#3756,0.5);
#3756 = AXIS2_PLACEMENT_3D('',#3757,#3758,#3759);
#3757 = CARTESIAN_POINT('',(-2.6,3.966028146338,0.499995249759));
#3758 = DIRECTION('',(1.,0.,0.));
#3759 = DIRECTION('',(0.,0.,-1.));
#3760 = ORIENTED_EDGE('',*,*,#3761,.T.);
#3761 = EDGE_CURVE('',#3753,#3762,#3764,.T.);
#3762 = VERTEX_POINT('',#3763);
#3763 = CARTESIAN_POINT('',(-2.6,3.157735026919,0.9));
#3764 = LINE('',#3765,#3766);
#3765 = CARTESIAN_POINT('',(-2.6,5.23217074989,-2.693028069222));
#3766 = VECTOR('',#3767,1.);
#3767 = DIRECTION('',(2.412258506144E-17,-0.5,0.866025403784));
#3768 = ORIENTED_EDGE('',*,*,#3769,.T.);
#3769 = EDGE_CURVE('',#3762,#3770,#3772,.T.);
#3770 = VERTEX_POINT('',#3771);
#3771 = CARTESIAN_POINT('',(-2.6,2.984529946162,1.));
#3772 = CIRCLE('',#3773,0.2);
#3773 = AXIS2_PLACEMENT_3D('',#3774,#3775,#3776);
#3774 = CARTESIAN_POINT('',(-2.6,2.984529946162,0.8));
#3775 = DIRECTION('',(1.,0.,0.));
#3776 = DIRECTION('',(0.,0.,-1.));
#3777 = ORIENTED_EDGE('',*,*,#3778,.T.);
#3778 = EDGE_CURVE('',#3770,#3779,#3781,.T.);
#3779 = VERTEX_POINT('',#3780);
#3780 = CARTESIAN_POINT('',(-2.6,-2.984529946162,1.));
#3781 = LINE('',#3782,#3783);
#3782 = CARTESIAN_POINT('',(-2.6,2.1,1.));
#3783 = VECTOR('',#3784,1.);
#3784 = DIRECTION('',(0.,-1.,0.));
#3785 = ORIENTED_EDGE('',*,*,#3786,.T.);
#3786 = EDGE_CURVE('',#3779,#3787,#3789,.T.);
#3787 = VERTEX_POINT('',#3788);
#3788 = CARTESIAN_POINT('',(-2.6,-3.157735026919,0.9));
#3789 = CIRCLE('',#3790,0.2);
#3790 = AXIS2_PLACEMENT_3D('',#3791,#3792,#3793);
#3791 = CARTESIAN_POINT('',(-2.6,-2.984529946162,0.8));
#3792 = DIRECTION('',(1.,0.,0.));
#3793 = DIRECTION('',(0.,0.,-1.));
#3794 = ORIENTED_EDGE('',*,*,#3795,.F.);
#3795 = EDGE_CURVE('',#3796,#3787,#3798,.T.);
#3796 = VERTEX_POINT('',#3797);
#3797 = CARTESIAN_POINT('',(-2.6,-3.533015444445,0.249995249759));
#3798 = LINE('',#3799,#3800);
#3799 = CARTESIAN_POINT('',(-2.6,-5.23217074989,-2.693028069222));
#3800 = VECTOR('',#3801,1.);
#3801 = DIRECTION('',(2.412258506144E-17,0.5,0.866025403784));
#3802 = ORIENTED_EDGE('',*,*,#3803,.F.);
#3803 = EDGE_CURVE('',#3643,#3796,#3804,.T.);
#3804 = CIRCLE('',#3805,0.5);
#3805 = AXIS2_PLACEMENT_3D('',#3806,#3807,#3808);
#3806 = CARTESIAN_POINT('',(-2.6,-3.966028146338,0.499995249759));
#3807 = DIRECTION('',(1.,0.,0.));
#3808 = DIRECTION('',(0.,0.,-1.));
#3809 = PLANE('',#3810);
#3810 = AXIS2_PLACEMENT_3D('',#3811,#3812,#3813);
#3811 = CARTESIAN_POINT('',(-2.6,3.1,-3.5));
#3812 = DIRECTION('',(-1.,0.,0.));
#3813 = DIRECTION('',(0.,-1.,0.));
#3814 = ADVANCED_FACE('',(#3815),#3985,.T.);
#3815 = FACE_BOUND('',#3816,.T.);
#3816 = EDGE_LOOP('',(#3817,#3827,#3836,#3844,#3853,#3861,#3870,#3878,
    #3886,#3894,#3903,#3911,#3920,#3928,#3937,#3945,#3954,#3962,#3970,
    #3978));
#3817 = ORIENTED_EDGE('',*,*,#3818,.T.);
#3818 = EDGE_CURVE('',#3819,#3821,#3823,.T.);
#3819 = VERTEX_POINT('',#3820);
#3820 = CARTESIAN_POINT('',(-1.9,-3.533015444445,0.249995249759));
#3821 = VERTEX_POINT('',#3822);
#3822 = CARTESIAN_POINT('',(-1.9,-3.157735026919,0.9));
#3823 = LINE('',#3824,#3825);
#3824 = CARTESIAN_POINT('',(-1.9,-5.23217074989,-2.693028069222));
#3825 = VECTOR('',#3826,1.);
#3826 = DIRECTION('',(2.412258506144E-17,0.5,0.866025403784));
#3827 = ORIENTED_EDGE('',*,*,#3828,.T.);
#3828 = EDGE_CURVE('',#3821,#3829,#3831,.T.);
#3829 = VERTEX_POINT('',#3830);
#3830 = CARTESIAN_POINT('',(-1.9,-2.984529946162,1.));
#3831 = CIRCLE('',#3832,0.2);
#3832 = AXIS2_PLACEMENT_3D('',#3833,#3834,#3835);
#3833 = CARTESIAN_POINT('',(-1.9,-2.984529946162,0.8));
#3834 = DIRECTION('',(-1.,0.,0.));
#3835 = DIRECTION('',(0.,0.,1.));
#3836 = ORIENTED_EDGE('',*,*,#3837,.T.);
#3837 = EDGE_CURVE('',#3829,#3838,#3840,.T.);
#3838 = VERTEX_POINT('',#3839);
#3839 = CARTESIAN_POINT('',(-1.9,2.984529946162,1.));
#3840 = LINE('',#3841,#3842);
#3841 = CARTESIAN_POINT('',(-1.9,2.1,1.));
#3842 = VECTOR('',#3843,1.);
#3843 = DIRECTION('',(0.,1.,0.));
#3844 = ORIENTED_EDGE('',*,*,#3845,.T.);
#3845 = EDGE_CURVE('',#3838,#3846,#3848,.T.);
#3846 = VERTEX_POINT('',#3847);
#3847 = CARTESIAN_POINT('',(-1.9,3.157735026919,0.9));
#3848 = CIRCLE('',#3849,0.2);
#3849 = AXIS2_PLACEMENT_3D('',#3850,#3851,#3852);
#3850 = CARTESIAN_POINT('',(-1.9,2.984529946162,0.8));
#3851 = DIRECTION('',(-1.,0.,0.));
#3852 = DIRECTION('',(0.,0.,1.));
#3853 = ORIENTED_EDGE('',*,*,#3854,.F.);
#3854 = EDGE_CURVE('',#3855,#3846,#3857,.T.);
#3855 = VERTEX_POINT('',#3856);
#3856 = CARTESIAN_POINT('',(-1.9,3.533015444445,0.249995249759));
#3857 = LINE('',#3858,#3859);
#3858 = CARTESIAN_POINT('',(-1.9,5.23217074989,-2.693028069222));
#3859 = VECTOR('',#3860,1.);
#3860 = DIRECTION('',(2.412258506144E-17,-0.5,0.866025403784));
#3861 = ORIENTED_EDGE('',*,*,#3862,.F.);
#3862 = EDGE_CURVE('',#3863,#3855,#3865,.T.);
#3863 = VERTEX_POINT('',#3864);
#3864 = CARTESIAN_POINT('',(-1.9,3.966028146338,-4.750241259293E-06));
#3865 = CIRCLE('',#3866,0.5);
#3866 = AXIS2_PLACEMENT_3D('',#3867,#3868,#3869);
#3867 = CARTESIAN_POINT('',(-1.9,3.966028146338,0.499995249759));
#3868 = DIRECTION('',(-1.,0.,0.));
#3869 = DIRECTION('',(0.,0.,1.));
#3870 = ORIENTED_EDGE('',*,*,#3871,.F.);
#3871 = EDGE_CURVE('',#3872,#3863,#3874,.T.);
#3872 = VERTEX_POINT('',#3873);
#3873 = CARTESIAN_POINT('',(-1.9,4.5,-4.750241259679E-06));
#3874 = LINE('',#3875,#3876);
#3875 = CARTESIAN_POINT('',(-1.9,3.4,-4.750241258884E-06));
#3876 = VECTOR('',#3877,1.);
#3877 = DIRECTION('',(0.,-1.,7.228014483237E-16));
#3878 = ORIENTED_EDGE('',*,*,#3879,.F.);
#3879 = EDGE_CURVE('',#3880,#3872,#3882,.T.);
#3880 = VERTEX_POINT('',#3881);
#3881 = CARTESIAN_POINT('',(-1.9,4.5,0.299995249759));
#3882 = LINE('',#3883,#3884);
#3883 = CARTESIAN_POINT('',(-1.9,4.5,-3.5));
#3884 = VECTOR('',#3885,1.);
#3885 = DIRECTION('',(0.,0.,-1.));
#3886 = ORIENTED_EDGE('',*,*,#3887,.F.);
#3887 = EDGE_CURVE('',#3888,#3880,#3890,.T.);
#3888 = VERTEX_POINT('',#3889);
#3889 = CARTESIAN_POINT('',(-1.9,3.966028146338,0.299995249759));
#3890 = LINE('',#3891,#3892);
#3891 = CARTESIAN_POINT('',(-1.9,3.9,0.299995249759));
#3892 = VECTOR('',#3893,1.);
#3893 = DIRECTION('',(0.,1.,0.));
#3894 = ORIENTED_EDGE('',*,*,#3895,.T.);
#3895 = EDGE_CURVE('',#3888,#3896,#3898,.T.);
#3896 = VERTEX_POINT('',#3897);
#3897 = CARTESIAN_POINT('',(-1.9,3.792823065581,0.399995249759));
#3898 = CIRCLE('',#3899,0.2);
#3899 = AXIS2_PLACEMENT_3D('',#3900,#3901,#3902);
#3900 = CARTESIAN_POINT('',(-1.9,3.966028146338,0.499995249759));
#3901 = DIRECTION('',(-1.,0.,0.));
#3902 = DIRECTION('',(0.,0.,1.));
#3903 = ORIENTED_EDGE('',*,*,#3904,.T.);
#3904 = EDGE_CURVE('',#3896,#3905,#3907,.T.);
#3905 = VERTEX_POINT('',#3906);
#3906 = CARTESIAN_POINT('',(-1.9,3.417542648054,1.05));
#3907 = LINE('',#3908,#3909);
#3908 = CARTESIAN_POINT('',(-1.9,5.568987907389,-2.676412498872));
#3909 = VECTOR('',#3910,1.);
#3910 = DIRECTION('',(2.412258506144E-17,-0.5,0.866025403784));
#3911 = ORIENTED_EDGE('',*,*,#3912,.F.);
#3912 = EDGE_CURVE('',#3913,#3905,#3915,.T.);
#3913 = VERTEX_POINT('',#3914);
#3914 = CARTESIAN_POINT('',(-1.9,2.984529946162,1.3));
#3915 = CIRCLE('',#3916,0.5);
#3916 = AXIS2_PLACEMENT_3D('',#3917,#3918,#3919);
#3917 = CARTESIAN_POINT('',(-1.9,2.984529946162,0.8));
#3918 = DIRECTION('',(-1.,0.,0.));
#3919 = DIRECTION('',(0.,0.,1.));
#3920 = ORIENTED_EDGE('',*,*,#3921,.F.);
#3921 = EDGE_CURVE('',#3922,#3913,#3924,.T.);
#3922 = VERTEX_POINT('',#3923);
#3923 = CARTESIAN_POINT('',(-1.9,-2.984529946162,1.3));
#3924 = LINE('',#3925,#3926);
#3925 = CARTESIAN_POINT('',(-1.9,3.1,1.3));
#3926 = VECTOR('',#3927,1.);
#3927 = DIRECTION('',(0.,1.,0.));
#3928 = ORIENTED_EDGE('',*,*,#3929,.F.);
#3929 = EDGE_CURVE('',#3930,#3922,#3932,.T.);
#3930 = VERTEX_POINT('',#3931);
#3931 = CARTESIAN_POINT('',(-1.9,-3.417542648054,1.05));
#3932 = CIRCLE('',#3933,0.5);
#3933 = AXIS2_PLACEMENT_3D('',#3934,#3935,#3936);
#3934 = CARTESIAN_POINT('',(-1.9,-2.984529946162,0.8));
#3935 = DIRECTION('',(-1.,0.,0.));
#3936 = DIRECTION('',(0.,0.,1.));
#3937 = ORIENTED_EDGE('',*,*,#3938,.F.);
#3938 = EDGE_CURVE('',#3939,#3930,#3941,.T.);
#3939 = VERTEX_POINT('',#3940);
#3940 = CARTESIAN_POINT('',(-1.9,-3.792823065581,0.399995249759));
#3941 = LINE('',#3942,#3943);
#3942 = CARTESIAN_POINT('',(-1.9,-5.491978371026,-2.543028069222));
#3943 = VECTOR('',#3944,1.);
#3944 = DIRECTION('',(2.412258506144E-17,0.5,0.866025403784));
#3945 = ORIENTED_EDGE('',*,*,#3946,.T.);
#3946 = EDGE_CURVE('',#3939,#3947,#3949,.T.);
#3947 = VERTEX_POINT('',#3948);
#3948 = CARTESIAN_POINT('',(-1.9,-3.966028146338,0.299995249759));
#3949 = CIRCLE('',#3950,0.2);
#3950 = AXIS2_PLACEMENT_3D('',#3951,#3952,#3953);
#3951 = CARTESIAN_POINT('',(-1.9,-3.966028146338,0.499995249759));
#3952 = DIRECTION('',(-1.,0.,0.));
#3953 = DIRECTION('',(0.,0.,1.));
#3954 = ORIENTED_EDGE('',*,*,#3955,.F.);
#3955 = EDGE_CURVE('',#3956,#3947,#3958,.T.);
#3956 = VERTEX_POINT('',#3957);
#3957 = CARTESIAN_POINT('',(-1.9,-4.5,0.299995249759));
#3958 = LINE('',#3959,#3960);
#3959 = CARTESIAN_POINT('',(-1.9,-3.9,0.299995249759));
#3960 = VECTOR('',#3961,1.);
#3961 = DIRECTION('',(0.,1.,0.));
#3962 = ORIENTED_EDGE('',*,*,#3963,.F.);
#3963 = EDGE_CURVE('',#3964,#3956,#3966,.T.);
#3964 = VERTEX_POINT('',#3965);
#3965 = CARTESIAN_POINT('',(-1.9,-4.5,-4.750241259679E-06));
#3966 = LINE('',#3967,#3968);
#3967 = CARTESIAN_POINT('',(-1.9,-4.5,-3.5));
#3968 = VECTOR('',#3969,1.);
#3969 = DIRECTION('',(0.,0.,1.));
#3970 = ORIENTED_EDGE('',*,*,#3971,.F.);
#3971 = EDGE_CURVE('',#3972,#3964,#3974,.T.);
#3972 = VERTEX_POINT('',#3973);
#3973 = CARTESIAN_POINT('',(-1.9,-3.966028146338,-4.750241259293E-06));
#3974 = LINE('',#3975,#3976);
#3975 = CARTESIAN_POINT('',(-1.9,-3.1,-4.750241258667E-06));
#3976 = VECTOR('',#3977,1.);
#3977 = DIRECTION('',(0.,-1.,-7.228014483237E-16));
#3978 = ORIENTED_EDGE('',*,*,#3979,.F.);
#3979 = EDGE_CURVE('',#3819,#3972,#3980,.T.);
#3980 = CIRCLE('',#3981,0.5);
#3981 = AXIS2_PLACEMENT_3D('',#3982,#3983,#3984);
#3982 = CARTESIAN_POINT('',(-1.9,-3.966028146338,0.499995249759));
#3983 = DIRECTION('',(-1.,0.,0.));
#3984 = DIRECTION('',(0.,0.,1.));
#3985 = PLANE('',#3986);
#3986 = AXIS2_PLACEMENT_3D('',#3987,#3988,#3989);
#3987 = CARTESIAN_POINT('',(-1.9,3.1,-3.5));
#3988 = DIRECTION('',(1.,0.,0.));
#3989 = DIRECTION('',(-0.,1.,0.));
#3990 = ADVANCED_FACE('',(#3991),#4007,.T.);
#3991 = FACE_BOUND('',#3992,.T.);
#3992 = EDGE_LOOP('',(#3993,#3994,#4000,#4001));
#3993 = ORIENTED_EDGE('',*,*,#3854,.T.);
#3994 = ORIENTED_EDGE('',*,*,#3995,.F.);
#3995 = EDGE_CURVE('',#3762,#3846,#3996,.T.);
#3996 = LINE('',#3997,#3998);
#3997 = CARTESIAN_POINT('',(-1.9,3.157735026919,0.9));
#3998 = VECTOR('',#3999,1.);
#3999 = DIRECTION('',(1.,7.070501591499E-17,-6.314086151861E-33));
#4000 = ORIENTED_EDGE('',*,*,#3761,.F.);
#4001 = ORIENTED_EDGE('',*,*,#4002,.F.);
#4002 = EDGE_CURVE('',#3855,#3753,#4003,.T.);
#4003 = LINE('',#4004,#4005);
#4004 = CARTESIAN_POINT('',(-2.6,3.533015444445,0.249995249759));
#4005 = VECTOR('',#4006,1.);
#4006 = DIRECTION('',(-1.,-7.070501591499E-17,5.474973509254E-32));
#4007 = PLANE('',#4008);
#4008 = AXIS2_PLACEMENT_3D('',#4009,#4010,#4011);
#4009 = CARTESIAN_POINT('',(-2.6,5.23217074989,-2.693028069222));
#4010 = DIRECTION('',(6.123233995737E-17,-0.866025403784,-0.5));
#4011 = DIRECTION('',(1.,6.509005446697E-17,9.725398510522E-18));
#4012 = ADVANCED_FACE('',(#4013),#4029,.T.);
#4013 = FACE_BOUND('',#4014,.T.);
#4014 = EDGE_LOOP('',(#4015,#4016,#4022,#4023));
#4015 = ORIENTED_EDGE('',*,*,#3694,.T.);
#4016 = ORIENTED_EDGE('',*,*,#4017,.T.);
#4017 = EDGE_CURVE('',#3686,#3922,#4018,.T.);
#4018 = LINE('',#4019,#4020);
#4019 = CARTESIAN_POINT('',(-3.,-2.984529946162,1.3));
#4020 = VECTOR('',#4021,1.);
#4021 = DIRECTION('',(1.,-7.070501591499E-17,0.));
#4022 = ORIENTED_EDGE('',*,*,#3921,.T.);
#4023 = ORIENTED_EDGE('',*,*,#4024,.T.);
#4024 = EDGE_CURVE('',#3913,#3695,#4025,.T.);
#4025 = LINE('',#4026,#4027);
#4026 = CARTESIAN_POINT('',(-3.,2.984529946162,1.3));
#4027 = VECTOR('',#4028,1.);
#4028 = DIRECTION('',(-1.,-7.070501591499E-17,0.));
#4029 = PLANE('',#4030);
#4030 = AXIS2_PLACEMENT_3D('',#4031,#4032,#4033);
#4031 = CARTESIAN_POINT('',(-3.,4.4,1.3));
#4032 = DIRECTION('',(0.,0.,1.));
#4033 = DIRECTION('',(0.,-1.,0.));
#4034 = ADVANCED_FACE('',(#4035),#4051,.T.);
#4035 = FACE_BOUND('',#4036,.T.);
#4036 = EDGE_LOOP('',(#4037,#4038,#4044,#4045));
#4037 = ORIENTED_EDGE('',*,*,#3904,.F.);
#4038 = ORIENTED_EDGE('',*,*,#4039,.T.);
#4039 = EDGE_CURVE('',#3896,#3712,#4040,.T.);
#4040 = LINE('',#4041,#4042);
#4041 = CARTESIAN_POINT('',(-2.6,3.792823065581,0.399995249759));
#4042 = VECTOR('',#4043,1.);
#4043 = DIRECTION('',(-1.,-7.0705015915E-17,1.420311214859E-29));
#4044 = ORIENTED_EDGE('',*,*,#3711,.T.);
#4045 = ORIENTED_EDGE('',*,*,#4046,.F.);
#4046 = EDGE_CURVE('',#3905,#3703,#4047,.T.);
#4047 = LINE('',#4048,#4049);
#4048 = CARTESIAN_POINT('',(-2.6,3.417542648054,1.05));
#4049 = VECTOR('',#4050,1.);
#4050 = DIRECTION('',(-1.,-7.070501591499E-17,5.337293624795E-33));
#4051 = PLANE('',#4052);
#4052 = AXIS2_PLACEMENT_3D('',#4053,#4054,#4055);
#4053 = CARTESIAN_POINT('',(-2.6,5.568987907389,-2.676412498872));
#4054 = DIRECTION('',(-6.123233995737E-17,0.866025403784,0.5));
#4055 = DIRECTION('',(-1.,-6.509005446697E-17,-9.725398510522E-18));
#4056 = ADVANCED_FACE('',(#4057),#4073,.T.);
#4057 = FACE_BOUND('',#4058,.T.);
#4058 = EDGE_LOOP('',(#4059,#4060,#4066,#4067));
#4059 = ORIENTED_EDGE('',*,*,#3837,.F.);
#4060 = ORIENTED_EDGE('',*,*,#4061,.T.);
#4061 = EDGE_CURVE('',#3829,#3779,#4062,.T.);
#4062 = LINE('',#4063,#4064);
#4063 = CARTESIAN_POINT('',(-1.9,-2.984529946162,1.));
#4064 = VECTOR('',#4065,1.);
#4065 = DIRECTION('',(-1.,7.070501591499E-17,0.));
#4066 = ORIENTED_EDGE('',*,*,#3778,.F.);
#4067 = ORIENTED_EDGE('',*,*,#4068,.T.);
#4068 = EDGE_CURVE('',#3770,#3838,#4069,.T.);
#4069 = LINE('',#4070,#4071);
#4070 = CARTESIAN_POINT('',(-2.6,2.984529946162,1.));
#4071 = VECTOR('',#4072,1.);
#4072 = DIRECTION('',(1.,7.070501591499E-17,0.));
#4073 = PLANE('',#4074);
#4074 = AXIS2_PLACEMENT_3D('',#4075,#4076,#4077);
#4075 = CARTESIAN_POINT('',(-2.6,2.1,1.));
#4076 = DIRECTION('',(0.,0.,-1.));
#4077 = DIRECTION('',(1.,0.,0.));
#4078 = ADVANCED_FACE('',(#4079),#4095,.T.);
#4079 = FACE_BOUND('',#4080,.T.);
#4080 = EDGE_LOOP('',(#4081,#4082,#4088,#4089));
#4081 = ORIENTED_EDGE('',*,*,#3677,.F.);
#4082 = ORIENTED_EDGE('',*,*,#4083,.T.);
#4083 = EDGE_CURVE('',#3669,#3939,#4084,.T.);
#4084 = LINE('',#4085,#4086);
#4085 = CARTESIAN_POINT('',(-2.6,-3.792823065581,0.399995249759));
#4086 = VECTOR('',#4087,1.);
#4087 = DIRECTION('',(1.,-7.070501591499E-17,-7.64840955806E-33));
#4088 = ORIENTED_EDGE('',*,*,#3938,.T.);
#4089 = ORIENTED_EDGE('',*,*,#4090,.F.);
#4090 = EDGE_CURVE('',#3678,#3930,#4091,.T.);
#4091 = LINE('',#4092,#4093);
#4092 = CARTESIAN_POINT('',(-2.6,-3.417542648054,1.05));
#4093 = VECTOR('',#4094,1.);
#4094 = DIRECTION('',(1.,-7.070501591499E-17,-7.64840955806E-33));
#4095 = PLANE('',#4096);
#4096 = AXIS2_PLACEMENT_3D('',#4097,#4098,#4099);
#4097 = CARTESIAN_POINT('',(-2.6,-5.491978371026,-2.543028069222));
#4098 = DIRECTION('',(-6.123233995737E-17,-0.866025403784,0.5));
#4099 = DIRECTION('',(-1.,6.509005446697E-17,-9.725398510522E-18));
#4100 = ADVANCED_FACE('',(#4101),#4117,.T.);
#4101 = FACE_BOUND('',#4102,.T.);
#4102 = EDGE_LOOP('',(#4103,#4104,#4110,#4111));
#4103 = ORIENTED_EDGE('',*,*,#3795,.T.);
#4104 = ORIENTED_EDGE('',*,*,#4105,.F.);
#4105 = EDGE_CURVE('',#3821,#3787,#4106,.T.);
#4106 = LINE('',#4107,#4108);
#4107 = CARTESIAN_POINT('',(-2.6,-3.157735026919,0.9));
#4108 = VECTOR('',#4109,1.);
#4109 = DIRECTION('',(-1.,7.070501591499E-17,6.314086151861E-33));
#4110 = ORIENTED_EDGE('',*,*,#3818,.F.);
#4111 = ORIENTED_EDGE('',*,*,#4112,.T.);
#4112 = EDGE_CURVE('',#3819,#3796,#4113,.T.);
#4113 = LINE('',#4114,#4115);
#4114 = CARTESIAN_POINT('',(-1.9,-3.533015444445,0.249995249759));
#4115 = VECTOR('',#4116,1.);
#4116 = DIRECTION('',(-1.,7.070501591499E-17,5.474973509254E-32));
#4117 = PLANE('',#4118);
#4118 = AXIS2_PLACEMENT_3D('',#4119,#4120,#4121);
#4119 = CARTESIAN_POINT('',(-2.6,-5.23217074989,-2.693028069222));
#4120 = DIRECTION('',(6.123233995737E-17,0.866025403784,-0.5));
#4121 = DIRECTION('',(1.,-6.509005446697E-17,9.725398510522E-18));
#4122 = ADVANCED_FACE('',(#4123),#4139,.F.);
#4123 = FACE_BOUND('',#4124,.T.);
#4124 = EDGE_LOOP('',(#4125,#4126,#4132,#4133));
#4125 = ORIENTED_EDGE('',*,*,#3744,.F.);
#4126 = ORIENTED_EDGE('',*,*,#4127,.T.);
#4127 = EDGE_CURVE('',#3737,#3872,#4128,.T.);
#4128 = LINE('',#4129,#4130);
#4129 = CARTESIAN_POINT('',(-1.9,4.5,-4.750241259245E-06));
#4130 = VECTOR('',#4131,1.);
#4131 = DIRECTION('',(1.,0.,0.));
#4132 = ORIENTED_EDGE('',*,*,#3871,.T.);
#4133 = ORIENTED_EDGE('',*,*,#4134,.T.);
#4134 = EDGE_CURVE('',#3863,#3745,#4135,.T.);
#4135 = LINE('',#4136,#4137);
#4136 = CARTESIAN_POINT('',(-1.9,3.966028146338,-4.750241259293E-06));
#4137 = VECTOR('',#4138,1.);
#4138 = DIRECTION('',(-1.,-7.070501591499E-17,5.110568790711E-32));
#4139 = PLANE('',#4140);
#4140 = AXIS2_PLACEMENT_3D('',#4141,#4142,#4143);
#4141 = CARTESIAN_POINT('',(-1.9,3.4,-4.750241258884E-06));
#4142 = DIRECTION('',(0.,7.228014483237E-16,1.));
#4143 = DIRECTION('',(0.,-1.,7.228014483237E-16));
#4144 = ADVANCED_FACE('',(#4145),#4161,.F.);
#4145 = FACE_BOUND('',#4146,.T.);
#4146 = EDGE_LOOP('',(#4147,#4148,#4154,#4155));
#4147 = ORIENTED_EDGE('',*,*,#3971,.T.);
#4148 = ORIENTED_EDGE('',*,*,#4149,.T.);
#4149 = EDGE_CURVE('',#3964,#3645,#4150,.T.);
#4150 = LINE('',#4151,#4152);
#4151 = CARTESIAN_POINT('',(-1.9,-4.5,-4.750241259245E-06));
#4152 = VECTOR('',#4153,1.);
#4153 = DIRECTION('',(-1.,0.,0.));
#4154 = ORIENTED_EDGE('',*,*,#3642,.F.);
#4155 = ORIENTED_EDGE('',*,*,#4156,.F.);
#4156 = EDGE_CURVE('',#3972,#3643,#4157,.T.);
#4157 = LINE('',#4158,#4159);
#4158 = CARTESIAN_POINT('',(-2.6,-3.966028146338,-4.750241259293E-06));
#4159 = VECTOR('',#4160,1.);
#4160 = DIRECTION('',(-1.,7.070501591499E-17,5.110568790711E-32));
#4161 = PLANE('',#4162);
#4162 = AXIS2_PLACEMENT_3D('',#4163,#4164,#4165);
#4163 = CARTESIAN_POINT('',(-1.9,-3.1,-4.750241258667E-06));
#4164 = DIRECTION('',(0.,-7.228014483237E-16,1.));
#4165 = DIRECTION('',(0.,-1.,-7.228014483237E-16));
#4166 = ADVANCED_FACE('',(#4167),#4178,.T.);
#4167 = FACE_BOUND('',#4168,.T.);
#4168 = EDGE_LOOP('',(#4169,#4170,#4171,#4172));
#4169 = ORIENTED_EDGE('',*,*,#3652,.T.);
#4170 = ORIENTED_EDGE('',*,*,#4149,.F.);
#4171 = ORIENTED_EDGE('',*,*,#3963,.T.);
#4172 = ORIENTED_EDGE('',*,*,#4173,.F.);
#4173 = EDGE_CURVE('',#3653,#3956,#4174,.T.);
#4174 = LINE('',#4175,#4176);
#4175 = CARTESIAN_POINT('',(-2.6,-4.5,0.299995249759));
#4176 = VECTOR('',#4177,1.);
#4177 = DIRECTION('',(1.,0.,0.));
#4178 = PLANE('',#4179);
#4179 = AXIS2_PLACEMENT_3D('',#4180,#4181,#4182);
#4180 = CARTESIAN_POINT('',(-2.6,-4.5,-3.5));
#4181 = DIRECTION('',(0.,-1.,0.));
#4182 = DIRECTION('',(-1.,0.,0.));
#4183 = ADVANCED_FACE('',(#4184),#4195,.F.);
#4184 = FACE_BOUND('',#4185,.T.);
#4185 = EDGE_LOOP('',(#4186,#4187,#4188,#4189));
#4186 = ORIENTED_EDGE('',*,*,#3660,.T.);
#4187 = ORIENTED_EDGE('',*,*,#4173,.T.);
#4188 = ORIENTED_EDGE('',*,*,#3955,.T.);
#4189 = ORIENTED_EDGE('',*,*,#4190,.F.);
#4190 = EDGE_CURVE('',#3661,#3947,#4191,.T.);
#4191 = LINE('',#4192,#4193);
#4192 = CARTESIAN_POINT('',(-2.6,-3.966028146338,0.299995249759));
#4193 = VECTOR('',#4194,1.);
#4194 = DIRECTION('',(1.,-7.070501591499E-17,0.));
#4195 = PLANE('',#4196);
#4196 = AXIS2_PLACEMENT_3D('',#4197,#4198,#4199);
#4197 = CARTESIAN_POINT('',(-2.6,-3.9,0.299995249759));
#4198 = DIRECTION('',(0.,0.,-1.));
#4199 = DIRECTION('',(1.,0.,0.));
#4200 = ADVANCED_FACE('',(#4201),#4212,.T.);
#4201 = FACE_BOUND('',#4202,.T.);
#4202 = EDGE_LOOP('',(#4203,#4204,#4205,#4206));
#4203 = ORIENTED_EDGE('',*,*,#3879,.T.);
#4204 = ORIENTED_EDGE('',*,*,#4127,.F.);
#4205 = ORIENTED_EDGE('',*,*,#3736,.T.);
#4206 = ORIENTED_EDGE('',*,*,#4207,.F.);
#4207 = EDGE_CURVE('',#3880,#3729,#4208,.T.);
#4208 = LINE('',#4209,#4210);
#4209 = CARTESIAN_POINT('',(-2.6,4.5,0.299995249759));
#4210 = VECTOR('',#4211,1.);
#4211 = DIRECTION('',(-1.,0.,1.419949629398E-29));
#4212 = PLANE('',#4213);
#4213 = AXIS2_PLACEMENT_3D('',#4214,#4215,#4216);
#4214 = CARTESIAN_POINT('',(-2.6,4.5,-3.5));
#4215 = DIRECTION('',(0.,1.,0.));
#4216 = DIRECTION('',(-1.,0.,0.));
#4217 = ADVANCED_FACE('',(#4218),#4229,.F.);
#4218 = FACE_BOUND('',#4219,.T.);
#4219 = EDGE_LOOP('',(#4220,#4221,#4222,#4223));
#4220 = ORIENTED_EDGE('',*,*,#3887,.T.);
#4221 = ORIENTED_EDGE('',*,*,#4207,.T.);
#4222 = ORIENTED_EDGE('',*,*,#3728,.T.);
#4223 = ORIENTED_EDGE('',*,*,#4224,.F.);
#4224 = EDGE_CURVE('',#3888,#3720,#4225,.T.);
#4225 = LINE('',#4226,#4227);
#4226 = CARTESIAN_POINT('',(-2.6,3.966028146338,0.299995249759));
#4227 = VECTOR('',#4228,1.);
#4228 = DIRECTION('',(-1.,-7.0705015915E-17,1.419949629398E-29));
#4229 = PLANE('',#4230);
#4230 = AXIS2_PLACEMENT_3D('',#4231,#4232,#4233);
#4231 = CARTESIAN_POINT('',(-2.6,3.9,0.299995249759));
#4232 = DIRECTION('',(-1.419949629398E-29,0.,-1.));
#4233 = DIRECTION('',(1.,0.,-1.419949629398E-29));
#4234 = ADVANCED_FACE('',(#4235),#4241,.F.);
#4235 = FACE_BOUND('',#4236,.F.);
#4236 = EDGE_LOOP('',(#4237,#4238,#4239,#4240));
#4237 = ORIENTED_EDGE('',*,*,#4068,.T.);
#4238 = ORIENTED_EDGE('',*,*,#3845,.T.);
#4239 = ORIENTED_EDGE('',*,*,#3995,.F.);
#4240 = ORIENTED_EDGE('',*,*,#3769,.T.);
#4241 = CYLINDRICAL_SURFACE('',#4242,0.2);
#4242 = AXIS2_PLACEMENT_3D('',#4243,#4244,#4245);
#4243 = CARTESIAN_POINT('',(-2.6,2.984529946162,0.8));
#4244 = DIRECTION('',(-1.,-7.070501591499E-17,0.));
#4245 = DIRECTION('',(-7.070501591499E-17,1.,0.));
#4246 = ADVANCED_FACE('',(#4247),#4253,.F.);
#4247 = FACE_BOUND('',#4248,.F.);
#4248 = EDGE_LOOP('',(#4249,#4250,#4251,#4252));
#4249 = ORIENTED_EDGE('',*,*,#4039,.T.);
#4250 = ORIENTED_EDGE('',*,*,#3719,.T.);
#4251 = ORIENTED_EDGE('',*,*,#4224,.F.);
#4252 = ORIENTED_EDGE('',*,*,#3895,.T.);
#4253 = CYLINDRICAL_SURFACE('',#4254,0.2);
#4254 = AXIS2_PLACEMENT_3D('',#4255,#4256,#4257);
#4255 = CARTESIAN_POINT('',(-2.6,3.966028146338,0.499995249759));
#4256 = DIRECTION('',(-1.,-7.0705015915E-17,1.420070157885E-29));
#4257 = DIRECTION('',(-7.0705015915E-17,1.,0.));
#4258 = ADVANCED_FACE('',(#4259),#4265,.F.);
#4259 = FACE_BOUND('',#4260,.F.);
#4260 = EDGE_LOOP('',(#4261,#4262,#4263,#4264));
#4261 = ORIENTED_EDGE('',*,*,#4083,.T.);
#4262 = ORIENTED_EDGE('',*,*,#3946,.T.);
#4263 = ORIENTED_EDGE('',*,*,#4190,.F.);
#4264 = ORIENTED_EDGE('',*,*,#3668,.T.);
#4265 = CYLINDRICAL_SURFACE('',#4266,0.2);
#4266 = AXIS2_PLACEMENT_3D('',#4267,#4268,#4269);
#4267 = CARTESIAN_POINT('',(-2.6,-3.966028146338,0.499995249759));
#4268 = DIRECTION('',(1.,-7.070501591499E-17,0.));
#4269 = DIRECTION('',(-7.070501591499E-17,-1.,0.));
#4270 = ADVANCED_FACE('',(#4271),#4277,.F.);
#4271 = FACE_BOUND('',#4272,.F.);
#4272 = EDGE_LOOP('',(#4273,#4274,#4275,#4276));
#4273 = ORIENTED_EDGE('',*,*,#4061,.T.);
#4274 = ORIENTED_EDGE('',*,*,#3786,.T.);
#4275 = ORIENTED_EDGE('',*,*,#4105,.F.);
#4276 = ORIENTED_EDGE('',*,*,#3828,.T.);
#4277 = CYLINDRICAL_SURFACE('',#4278,0.2);
#4278 = AXIS2_PLACEMENT_3D('',#4279,#4280,#4281);
#4279 = CARTESIAN_POINT('',(-2.6,-2.984529946162,0.8));
#4280 = DIRECTION('',(1.,-7.070501591499E-17,0.));
#4281 = DIRECTION('',(-7.070501591499E-17,-1.,0.));
#4282 = ADVANCED_FACE('',(#4283),#4289,.T.);
#4283 = FACE_BOUND('',#4284,.T.);
#4284 = EDGE_LOOP('',(#4285,#4286,#4287,#4288));
#4285 = ORIENTED_EDGE('',*,*,#3979,.T.);
#4286 = ORIENTED_EDGE('',*,*,#4156,.T.);
#4287 = ORIENTED_EDGE('',*,*,#3803,.T.);
#4288 = ORIENTED_EDGE('',*,*,#4112,.F.);
#4289 = CYLINDRICAL_SURFACE('',#4290,0.5);
#4290 = AXIS2_PLACEMENT_3D('',#4291,#4292,#4293);
#4291 = CARTESIAN_POINT('',(-1.9,-3.966028146338,0.499995249759));
#4292 = DIRECTION('',(1.,-7.070501591499E-17,-5.256204892978E-32));
#4293 = DIRECTION('',(-7.070501591499E-17,-1.,0.));
#4294 = ADVANCED_FACE('',(#4295),#4301,.T.);
#4295 = FACE_BOUND('',#4296,.T.);
#4296 = EDGE_LOOP('',(#4297,#4298,#4299,#4300));
#4297 = ORIENTED_EDGE('',*,*,#3862,.T.);
#4298 = ORIENTED_EDGE('',*,*,#4002,.T.);
#4299 = ORIENTED_EDGE('',*,*,#3752,.T.);
#4300 = ORIENTED_EDGE('',*,*,#4134,.F.);
#4301 = CYLINDRICAL_SURFACE('',#4302,0.5);
#4302 = AXIS2_PLACEMENT_3D('',#4303,#4304,#4305);
#4303 = CARTESIAN_POINT('',(-2.6,3.966028146338,0.499995249759));
#4304 = DIRECTION('',(1.,7.070501591499E-17,-5.110568790711E-32));
#4305 = DIRECTION('',(7.070501591499E-17,-1.,0.));
#4306 = ADVANCED_FACE('',(#4307),#4313,.T.);
#4307 = FACE_BOUND('',#4308,.T.);
#4308 = EDGE_LOOP('',(#4309,#4310,#4311,#4312));
#4309 = ORIENTED_EDGE('',*,*,#3912,.T.);
#4310 = ORIENTED_EDGE('',*,*,#4046,.T.);
#4311 = ORIENTED_EDGE('',*,*,#3702,.T.);
#4312 = ORIENTED_EDGE('',*,*,#4024,.F.);
#4313 = CYLINDRICAL_SURFACE('',#4314,0.5);
#4314 = AXIS2_PLACEMENT_3D('',#4315,#4316,#4317);
#4315 = CARTESIAN_POINT('',(-2.6,2.984529946162,0.8));
#4316 = DIRECTION('',(-1.,-7.070501591499E-17,0.));
#4317 = DIRECTION('',(-7.070501591499E-17,1.,0.));
#4318 = ADVANCED_FACE('',(#4319),#4325,.T.);
#4319 = FACE_BOUND('',#4320,.T.);
#4320 = EDGE_LOOP('',(#4321,#4322,#4323,#4324));
#4321 = ORIENTED_EDGE('',*,*,#3685,.T.);
#4322 = ORIENTED_EDGE('',*,*,#4090,.T.);
#4323 = ORIENTED_EDGE('',*,*,#3929,.T.);
#4324 = ORIENTED_EDGE('',*,*,#4017,.F.);
#4325 = CYLINDRICAL_SURFACE('',#4326,0.5);
#4326 = AXIS2_PLACEMENT_3D('',#4327,#4328,#4329);
#4327 = CARTESIAN_POINT('',(-2.6,-2.984529946162,0.8));
#4328 = DIRECTION('',(1.,-7.070501591499E-17,0.));
#4329 = DIRECTION('',(-7.070501591499E-17,-1.,0.));
#4330 = ( GEOMETRIC_REPRESENTATION_CONTEXT(3) 
GLOBAL_UNCERTAINTY_ASSIGNED_CONTEXT((#4334)) 
GLOBAL_UNIT_ASSIGNED_CONTEXT((#4331,#4332,#4333)) REPRESENTATION_CONTEXT
('Context #1','3D Context with UNIT and UNCERTAINTY') );
#4331 = ( LENGTH_UNIT() NAMED_UNIT(*) SI_UNIT(.MILLI.,.METRE.) );
#4332 = ( NAMED_UNIT(*) PLANE_ANGLE_UNIT() SI_UNIT($,.RADIAN.) );
#4333 = ( NAMED_UNIT(*) SI_UNIT($,.STERADIAN.) SOLID_ANGLE_UNIT() );
#4334 = UNCERTAINTY_MEASURE_WITH_UNIT(LENGTH_MEASURE(1.E-07),#4331,
  'distance_accuracy_value','confusion accuracy');
#4335 = CONTEXT_DEPENDENT_SHAPE_REPRESENTATION(#4336,#4338);
#4336 = ( REPRESENTATION_RELATIONSHIP('','',#2941,#68) 
REPRESENTATION_RELATIONSHIP_WITH_TRANSFORMATION(#4337) 
SHAPE_REPRESENTATION_RELATIONSHIP() );
#4337 = ITEM_DEFINED_TRANSFORMATION('','',#11,#77);
#4338 = PRODUCT_DEFINITION_SHAPE('Placement','Placement of an item',
  #4339);
#4339 = NEXT_ASSEMBLY_USAGE_OCCURRENCE('3','TS04-66-xx_pin','',#63,#2936
  ,$);
#4340 = PRODUCT_RELATED_PRODUCT_CATEGORY('part',$,(#2938));
#4341 = SHAPE_DEFINITION_REPRESENTATION(#4342,#4348);
#4342 = PRODUCT_DEFINITION_SHAPE('','',#4343);
#4343 = PRODUCT_DEFINITION('design','',#4344,#4347);
#4344 = PRODUCT_DEFINITION_FORMATION('','',#4345);
#4345 = PRODUCT('TS02-66-50-BK-160_button','TS02-66-50-BK-160_button',''
  ,(#4346));
#4346 = PRODUCT_CONTEXT('',#2,'mechanical');
#4347 = PRODUCT_DEFINITION_CONTEXT('part definition',#2,'design');
#4348 = ADVANCED_BREP_SHAPE_REPRESENTATION('',(#11,#4349),#4562);
#4349 = MANIFOLD_SOLID_BREP('',#4350);
#4350 = CLOSED_SHELL('',(#4351,#4368,#4400,#4432,#4452,#4464,#4485,#4509
    ,#4529,#4553));
#4351 = ADVANCED_FACE('',(#4352),#4363,.T.);
#4352 = FACE_BOUND('',#4353,.T.);
#4353 = EDGE_LOOP('',(#4354));
#4354 = ORIENTED_EDGE('',*,*,#4355,.T.);
#4355 = EDGE_CURVE('',#4356,#4356,#4358,.T.);
#4356 = VERTEX_POINT('',#4357);
#4357 = CARTESIAN_POINT('',(1.611395857512,1.734723475977E-15,5.));
#4358 = CIRCLE('',#4359,1.611395857512);
#4359 = AXIS2_PLACEMENT_3D('',#4360,#4361,#4362);
#4360 = CARTESIAN_POINT('',(0.,1.734723475977E-15,5.));
#4361 = DIRECTION('',(0.,0.,1.));
#4362 = DIRECTION('',(1.,0.,-0.));
#4363 = PLANE('',#4364);
#4364 = AXIS2_PLACEMENT_3D('',#4365,#4366,#4367);
#4365 = CARTESIAN_POINT('',(9.184547653668E-17,1.851296893562E-15,5.));
#4366 = DIRECTION('',(0.,0.,1.));
#4367 = DIRECTION('',(1.,0.,-0.));
#4368 = ADVANCED_FACE('',(#4369),#4395,.T.);
#4369 = FACE_BOUND('',#4370,.T.);
#4370 = EDGE_LOOP('',(#4371,#4380,#4387,#4394));
#4371 = ORIENTED_EDGE('',*,*,#4372,.F.);
#4372 = EDGE_CURVE('',#4373,#4373,#4375,.T.);
#4373 = VERTEX_POINT('',#4374);
#4374 = CARTESIAN_POINT('',(1.711370118444,1.734723475977E-15,
    4.902268733357));
#4375 = CIRCLE('',#4376,1.711370118444);
#4376 = AXIS2_PLACEMENT_3D('',#4377,#4378,#4379);
#4377 = CARTESIAN_POINT('',(0.,1.734723475977E-15,4.902268733357));
#4378 = DIRECTION('',(0.,0.,1.));
#4379 = DIRECTION('',(1.,0.,-0.));
#4380 = ORIENTED_EDGE('',*,*,#4381,.T.);
#4381 = EDGE_CURVE('',#4373,#4382,#4384,.T.);
#4382 = VERTEX_POINT('',#4383);
#4383 = CARTESIAN_POINT('',(1.752269317458,1.734723475977E-15,3.1));
#4384 = B_SPLINE_CURVE_WITH_KNOTS('',1,(#4385,#4386),.UNSPECIFIED.,.F.,
  .F.,(2,2),(-1.702706994264,0.100025745694),.PIECEWISE_BEZIER_KNOTS.);
#4385 = CARTESIAN_POINT('',(1.711370118444,1.734723475977E-15,
    4.902268733357));
#4386 = CARTESIAN_POINT('',(1.752269317458,1.734723475977E-15,3.1));
#4387 = ORIENTED_EDGE('',*,*,#4388,.T.);
#4388 = EDGE_CURVE('',#4382,#4382,#4389,.T.);
#4389 = CIRCLE('',#4390,1.752269317458);
#4390 = AXIS2_PLACEMENT_3D('',#4391,#4392,#4393);
#4391 = CARTESIAN_POINT('',(6.909340056327E-19,1.734723475977E-15,3.1));
#4392 = DIRECTION('',(1.737562588096E-17,0.,1.));
#4393 = DIRECTION('',(1.,0.,-1.737562588096E-17));
#4394 = ORIENTED_EDGE('',*,*,#4381,.F.);
#4395 = CONICAL_SURFACE('',#4396,1.75,2.268928027593E-02);
#4396 = AXIS2_PLACEMENT_3D('',#4397,#4398,#4399);
#4397 = CARTESIAN_POINT('',(0.,1.734723475977E-15,3.2));
#4398 = DIRECTION('',(0.,0.,-1.));
#4399 = DIRECTION('',(1.,0.,0.));
#4400 = ADVANCED_FACE('',(#4401),#4427,.T.);
#4401 = FACE_BOUND('',#4402,.T.);
#4402 = EDGE_LOOP('',(#4403,#4412,#4419,#4426));
#4403 = ORIENTED_EDGE('',*,*,#4404,.T.);
#4404 = EDGE_CURVE('',#4405,#4405,#4407,.T.);
#4405 = VERTEX_POINT('',#4406);
#4406 = CARTESIAN_POINT('',(2.675,1.734723475977E-15,2.6));
#4407 = CIRCLE('',#4408,2.675);
#4408 = AXIS2_PLACEMENT_3D('',#4409,#4410,#4411);
#4409 = CARTESIAN_POINT('',(-7.840779993227E-18,1.734723475977E-15,2.6)
  );
#4410 = DIRECTION('',(1.237483486908E-16,0.,1.));
#4411 = DIRECTION('',(1.,0.,-1.237483486908E-16));
#4412 = ORIENTED_EDGE('',*,*,#4413,.T.);
#4413 = EDGE_CURVE('',#4405,#4414,#4416,.T.);
#4414 = VERTEX_POINT('',#4415);
#4415 = CARTESIAN_POINT('',(2.675,1.734723475977E-15,3.1));
#4416 = B_SPLINE_CURVE_WITH_KNOTS('',1,(#4417,#4418),.UNSPECIFIED.,.F.,
  .F.,(2,2),(-4.440892098501E-16,0.5),.PIECEWISE_BEZIER_KNOTS.);
#4417 = CARTESIAN_POINT('',(2.675,1.734723475977E-15,2.6));
#4418 = CARTESIAN_POINT('',(2.675,1.734723475977E-15,3.1));
#4419 = ORIENTED_EDGE('',*,*,#4420,.F.);
#4420 = EDGE_CURVE('',#4414,#4414,#4421,.T.);
#4421 = CIRCLE('',#4422,2.675);
#4422 = AXIS2_PLACEMENT_3D('',#4423,#4424,#4425);
#4423 = CARTESIAN_POINT('',(8.470329472543E-19,1.734723475977E-15,3.1));
#4424 = DIRECTION('',(1.237483486908E-16,0.,1.));
#4425 = DIRECTION('',(1.,0.,-1.237483486908E-16));
#4426 = ORIENTED_EDGE('',*,*,#4413,.F.);
#4427 = CYLINDRICAL_SURFACE('',#4428,2.675);
#4428 = AXIS2_PLACEMENT_3D('',#4429,#4430,#4431);
#4429 = CARTESIAN_POINT('',(-7.840779993227E-18,1.734723475977E-15,2.6)
  );
#4430 = DIRECTION('',(1.737562588096E-17,0.,1.));
#4431 = DIRECTION('',(1.,0.,-1.737562588096E-17));
#4432 = ADVANCED_FACE('',(#4433,#4444),#4447,.F.);
#4433 = FACE_BOUND('',#4434,.T.);
#4434 = EDGE_LOOP('',(#4435));
#4435 = ORIENTED_EDGE('',*,*,#4436,.T.);
#4436 = EDGE_CURVE('',#4437,#4437,#4439,.T.);
#4437 = VERTEX_POINT('',#4438);
#4438 = CARTESIAN_POINT('',(-1.3,1.734723475977E-15,2.6));
#4439 = CIRCLE('',#4440,1.3);
#4440 = AXIS2_PLACEMENT_3D('',#4441,#4442,#4443);
#4441 = CARTESIAN_POINT('',(-7.840779993227E-18,1.734723475977E-15,2.6)
  );
#4442 = DIRECTION('',(9.035018104046E-17,0.,1.));
#4443 = DIRECTION('',(-1.,0.,9.035018104046E-17));
#4444 = FACE_BOUND('',#4445,.T.);
#4445 = EDGE_LOOP('',(#4446));
#4446 = ORIENTED_EDGE('',*,*,#4404,.F.);
#4447 = PLANE('',#4448);
#4448 = AXIS2_PLACEMENT_3D('',#4449,#4450,#4451);
#4449 = CARTESIAN_POINT('',(-7.840779993227E-18,1.734723475977E-15,2.6)
  );
#4450 = DIRECTION('',(1.237483486908E-16,0.,1.));
#4451 = DIRECTION('',(1.,0.,-1.237483486908E-16));
#4452 = ADVANCED_FACE('',(#4453,#4456),#4459,.T.);
#4453 = FACE_BOUND('',#4454,.T.);
#4454 = EDGE_LOOP('',(#4455));
#4455 = ORIENTED_EDGE('',*,*,#4388,.F.);
#4456 = FACE_BOUND('',#4457,.T.);
#4457 = EDGE_LOOP('',(#4458));
#4458 = ORIENTED_EDGE('',*,*,#4420,.T.);
#4459 = PLANE('',#4460);
#4460 = AXIS2_PLACEMENT_3D('',#4461,#4462,#4463);
#4461 = CARTESIAN_POINT('',(8.470329472543E-19,1.734723475977E-15,3.1));
#4462 = DIRECTION('',(1.237483486908E-16,0.,1.));
#4463 = DIRECTION('',(1.,0.,-1.237483486908E-16));
#4464 = ADVANCED_FACE('',(#4465),#4480,.T.);
#4465 = FACE_BOUND('',#4466,.T.);
#4466 = EDGE_LOOP('',(#4467,#4468,#4478,#4479));
#4467 = ORIENTED_EDGE('',*,*,#4372,.T.);
#4468 = ORIENTED_EDGE('',*,*,#4469,.T.);
#4469 = EDGE_CURVE('',#4373,#4356,#4470,.T.);
#4470 = ( BOUNDED_CURVE() B_SPLINE_CURVE(6,(#4471,#4472,#4473,#4474,
#4475,#4476,#4477),.UNSPECIFIED.,.F.,.F.) B_SPLINE_CURVE_WITH_KNOTS((7,7
    ),(2.268928027594E-02,1.570796326795),.PIECEWISE_BEZIER_KNOTS.) 
CURVE() GEOMETRIC_REPRESENTATION_ITEM() RATIONAL_B_SPLINE_CURVE((
    1.030477548896,1.009745370083,0.997984233795,0.994128672368,
0.997984233795,1.009745370083,1.030477548896)) REPRESENTATION_ITEM('') 
  );
#4471 = CARTESIAN_POINT('',(1.711370118444,1.734723475977E-15,
    4.902268733357));
#4472 = CARTESIAN_POINT('',(1.710772728326,1.734723475977E-15,
    4.928593393931));
#4473 = CARTESIAN_POINT('',(1.701943733308,1.734723475977E-15,
    4.954065783095));
#4474 = CARTESIAN_POINT('',(1.685599534496,1.734723475977E-15,
    4.975906698233));
#4475 = CARTESIAN_POINT('',(1.663393434717,1.734723475977E-15,
    4.991751178073));
#4476 = CARTESIAN_POINT('',(1.637727295552,1.734723475977E-15,5.));
#4477 = CARTESIAN_POINT('',(1.611395857512,1.734723475977E-15,5.));
#4478 = ORIENTED_EDGE('',*,*,#4355,.F.);
#4479 = ORIENTED_EDGE('',*,*,#4469,.F.);
#4480 = TOROIDAL_SURFACE('',#4481,1.611395857512,0.1);
#4481 = AXIS2_PLACEMENT_3D('',#4482,#4483,#4484);
#4482 = CARTESIAN_POINT('',(0.,1.734723475977E-15,4.9));
#4483 = DIRECTION('',(0.,0.,1.));
#4484 = DIRECTION('',(1.,0.,-0.));
#4485 = ADVANCED_FACE('',(#4486),#4504,.F.);
#4486 = FACE_BOUND('',#4487,.F.);
#4487 = EDGE_LOOP('',(#4488,#4497,#4502,#4503));
#4488 = ORIENTED_EDGE('',*,*,#4489,.F.);
#4489 = EDGE_CURVE('',#4490,#4490,#4492,.T.);
#4490 = VERTEX_POINT('',#4491);
#4491 = CARTESIAN_POINT('',(-1.3,1.734723475977E-15,3.6));
#4492 = CIRCLE('',#4493,1.3);
#4493 = AXIS2_PLACEMENT_3D('',#4494,#4495,#4496);
#4494 = CARTESIAN_POINT('',(1.159075686976E-16,1.734723475977E-15,3.6));
#4495 = DIRECTION('',(9.035018104046E-17,0.,1.));
#4496 = DIRECTION('',(-1.,0.,9.035018104046E-17));
#4497 = ORIENTED_EDGE('',*,*,#4498,.T.);
#4498 = EDGE_CURVE('',#4490,#4437,#4499,.T.);
#4499 = B_SPLINE_CURVE_WITH_KNOTS('',1,(#4500,#4501),.UNSPECIFIED.,.F.,
  .F.,(2,2),(0.,1.),.PIECEWISE_BEZIER_KNOTS.);
#4500 = CARTESIAN_POINT('',(-1.3,1.734723475977E-15,3.6));
#4501 = CARTESIAN_POINT('',(-1.3,1.734723475977E-15,2.6));
#4502 = ORIENTED_EDGE('',*,*,#4436,.T.);
#4503 = ORIENTED_EDGE('',*,*,#4498,.F.);
#4504 = CYLINDRICAL_SURFACE('',#4505,1.3);
#4505 = AXIS2_PLACEMENT_3D('',#4506,#4507,#4508);
#4506 = CARTESIAN_POINT('',(1.159075686976E-16,1.734723475977E-15,3.6));
#4507 = DIRECTION('',(-1.237483486908E-16,0.,-1.));
#4508 = DIRECTION('',(-1.,0.,1.237483486908E-16));
#4509 = ADVANCED_FACE('',(#4510,#4521),#4524,.F.);
#4510 = FACE_BOUND('',#4511,.T.);
#4511 = EDGE_LOOP('',(#4512));
#4512 = ORIENTED_EDGE('',*,*,#4513,.T.);
#4513 = EDGE_CURVE('',#4514,#4514,#4516,.T.);
#4514 = VERTEX_POINT('',#4515);
#4515 = CARTESIAN_POINT('',(-0.6,1.734723475977E-15,3.6));
#4516 = CIRCLE('',#4517,0.6);
#4517 = AXIS2_PLACEMENT_3D('',#4518,#4519,#4520);
#4518 = CARTESIAN_POINT('',(8.250940104723E-17,1.734723475977E-15,3.6));
#4519 = DIRECTION('',(0.,0.,1.));
#4520 = DIRECTION('',(-1.,0.,0.));
#4521 = FACE_BOUND('',#4522,.T.);
#4522 = EDGE_LOOP('',(#4523));
#4523 = ORIENTED_EDGE('',*,*,#4489,.F.);
#4524 = PLANE('',#4525);
#4525 = AXIS2_PLACEMENT_3D('',#4526,#4527,#4528);
#4526 = CARTESIAN_POINT('',(1.159075686976E-16,1.734723475977E-15,3.6));
#4527 = DIRECTION('',(9.035018104046E-17,0.,1.));
#4528 = DIRECTION('',(1.,0.,-9.035018104046E-17));
#4529 = ADVANCED_FACE('',(#4530),#4548,.T.);
#4530 = FACE_BOUND('',#4531,.T.);
#4531 = EDGE_LOOP('',(#4532,#4541,#4546,#4547));
#4532 = ORIENTED_EDGE('',*,*,#4533,.T.);
#4533 = EDGE_CURVE('',#4534,#4534,#4536,.T.);
#4534 = VERTEX_POINT('',#4535);
#4535 = CARTESIAN_POINT('',(-0.6,1.734723475977E-15,1.8));
#4536 = CIRCLE('',#4537,0.6);
#4537 = AXIS2_PLACEMENT_3D('',#4538,#4539,#4540);
#4538 = CARTESIAN_POINT('',(-8.012092482559E-17,1.734723475977E-15,1.8)
  );
#4539 = DIRECTION('',(0.,0.,1.));
#4540 = DIRECTION('',(-1.,0.,0.));
#4541 = ORIENTED_EDGE('',*,*,#4542,.T.);
#4542 = EDGE_CURVE('',#4534,#4514,#4543,.T.);
#4543 = B_SPLINE_CURVE_WITH_KNOTS('',1,(#4544,#4545),.UNSPECIFIED.,.F.,
  .F.,(2,2),(0.,1.8),.PIECEWISE_BEZIER_KNOTS.);
#4544 = CARTESIAN_POINT('',(-0.6,1.808202283926E-15,1.8));
#4545 = CARTESIAN_POINT('',(-0.6,1.808202283926E-15,3.6));
#4546 = ORIENTED_EDGE('',*,*,#4513,.F.);
#4547 = ORIENTED_EDGE('',*,*,#4542,.F.);
#4548 = CYLINDRICAL_SURFACE('',#4549,0.6);
#4549 = AXIS2_PLACEMENT_3D('',#4550,#4551,#4552);
#4550 = CARTESIAN_POINT('',(-8.012092482559E-17,1.734723475977E-15,1.8)
  );
#4551 = DIRECTION('',(9.035018104046E-17,0.,1.));
#4552 = DIRECTION('',(1.,0.,-9.035018104046E-17));
#4553 = ADVANCED_FACE('',(#4554),#4557,.F.);
#4554 = FACE_BOUND('',#4555,.T.);
#4555 = EDGE_LOOP('',(#4556));
#4556 = ORIENTED_EDGE('',*,*,#4533,.F.);
#4557 = PLANE('',#4558);
#4558 = AXIS2_PLACEMENT_3D('',#4559,#4560,#4561);
#4559 = CARTESIAN_POINT('',(-8.012092482559E-17,1.734723475977E-15,1.8)
  );
#4560 = DIRECTION('',(0.,0.,1.));
#4561 = DIRECTION('',(0.,-1.,0.));
#4562 = ( GEOMETRIC_REPRESENTATION_CONTEXT(3) 
GLOBAL_UNCERTAINTY_ASSIGNED_CONTEXT((#4566)) 
GLOBAL_UNIT_ASSIGNED_CONTEXT((#4563,#4564,#4565)) REPRESENTATION_CONTEXT
('Context #1','3D Context with UNIT and UNCERTAINTY') );
#4563 = ( LENGTH_UNIT() NAMED_UNIT(*) SI_UNIT(.MILLI.,.METRE.) );
#4564 = ( NAMED_UNIT(*) PLANE_ANGLE_UNIT() SI_UNIT($,.RADIAN.) );
#4565 = ( NAMED_UNIT(*) SI_UNIT($,.STERADIAN.) SOLID_ANGLE_UNIT() );
#4566 = UNCERTAINTY_MEASURE_WITH_UNIT(LENGTH_MEASURE(1.E-05),#4563,
  'distance_accuracy_value','confusion accuracy');
#4567 = CONTEXT_DEPENDENT_SHAPE_REPRESENTATION(#4568,#4570);
#4568 = ( REPRESENTATION_RELATIONSHIP('','',#4348,#68) 
REPRESENTATION_RELATIONSHIP_WITH_TRANSFORMATION(#4569) 
SHAPE_REPRESENTATION_RELATIONSHIP() );
#4569 = ITEM_DEFINED_TRANSFORMATION('','',#11,#81);
#4570 = PRODUCT_DEFINITION_SHAPE('Placement','Placement of an item',
  #4571);
#4571 = NEXT_ASSEMBLY_USAGE_OCCURRENCE('4','TS02-66-50-BK-160_button',''
  ,#63,#4343,$);
#4572 = PRODUCT_RELATED_PRODUCT_CATEGORY('part',$,(#4345));
#4573 = CONTEXT_DEPENDENT_SHAPE_REPRESENTATION(#4574,#4576);
#4574 = ( REPRESENTATION_RELATIONSHIP('','',#68,#10) 
REPRESENTATION_RELATIONSHIP_WITH_TRANSFORMATION(#4575) 
SHAPE_REPRESENTATION_RELATIONSHIP() );
#4575 = ITEM_DEFINED_TRANSFORMATION('','',#11,#19);
#4576 = PRODUCT_DEFINITION_SHAPE('Placement','Placement of an item',
  #4577);
#4577 = NEXT_ASSEMBLY_USAGE_OCCURRENCE('6','SW1','',#5,#63,$);
#4578 = CONTEXT_DEPENDENT_SHAPE_REPRESENTATION(#4579,#4581);
#4579 = ( REPRESENTATION_RELATIONSHIP('','',#68,#10) 
REPRESENTATION_RELATIONSHIP_WITH_TRANSFORMATION(#4580) 
SHAPE_REPRESENTATION_RELATIONSHIP() );
#4580 = ITEM_DEFINED_TRANSFORMATION('','',#11,#23);
#4581 = PRODUCT_DEFINITION_SHAPE('Placement','Placement of an item',
  #4582);
#4582 = NEXT_ASSEMBLY_USAGE_OCCURRENCE('7','SW5','',#5,#63,$);
#4583 = CONTEXT_DEPENDENT_SHAPE_REPRESENTATION(#4584,#4586);
#4584 = ( REPRESENTATION_RELATIONSHIP('','',#68,#10) 
REPRESENTATION_RELATIONSHIP_WITH_TRANSFORMATION(#4585) 
SHAPE_REPRESENTATION_RELATIONSHIP() );
#4585 = ITEM_DEFINED_TRANSFORMATION('','',#11,#27);
#4586 = PRODUCT_DEFINITION_SHAPE('Placement','Placement of an item',
  #4587);
#4587 = NEXT_ASSEMBLY_USAGE_OCCURRENCE('8','SW4','',#5,#63,$);
#4588 = SHAPE_DEFINITION_REPRESENTATION(#4589,#4595);
#4589 = PRODUCT_DEFINITION_SHAPE('','',#4590);
#4590 = PRODUCT_DEFINITION('design','',#4591,#4594);
#4591 = PRODUCT_DEFINITION_FORMATION('','',#4592);
#4592 = PRODUCT('PinHeader_1x04_P2.54mm_Vertical',
  'PinHeader_1x04_P2.54mm_Vertical','',(#4593));
#4593 = PRODUCT_CONTEXT('',#2,'mechanical');
#4594 = PRODUCT_DEFINITION_CONTEXT('part definition',#2,'design');
#4595 = ADVANCED_BREP_SHAPE_REPRESENTATION('',(#11,#4596),#7376);
#4596 = MANIFOLD_SOLID_BREP('',#4597);
#4597 = CLOSED_SHELL('',(#4598,#4638,#4669,#4700,#5029,#5358,#5375,#5392
    ,#5409,#5426,#5443,#5460,#5477,#5494,#5511,#5528,#5545,#5562,#5579,
    #5596,#5613,#5630,#5647,#5664,#5681,#5698,#5715,#5732,#5744,#5775,
    #5799,#5823,#5840,#5871,#5895,#5919,#5936,#5967,#5991,#6015,#6032,
    #6063,#6087,#6111,#6128,#6159,#6183,#6207,#6224,#6255,#6279,#6303,
    #6320,#6351,#6375,#6399,#6416,#6447,#6471,#6495,#6512,#6543,#6567,
    #6591,#6608,#6639,#6663,#6687,#6704,#6735,#6759,#6783,#6800,#6831,
    #6855,#6879,#6896,#6927,#6951,#6975,#6992,#7023,#7047,#7071,#7088,
    #7119,#7143,#7167,#7184,#7215,#7239,#7263,#7280,#7292,#7304,#7316,
    #7328,#7340,#7352,#7364));
#4598 = ADVANCED_FACE('',(#4599),#4633,.F.);
#4599 = FACE_BOUND('',#4600,.F.);
#4600 = EDGE_LOOP('',(#4601,#4611,#4619,#4627));
#4601 = ORIENTED_EDGE('',*,*,#4602,.T.);
#4602 = EDGE_CURVE('',#4603,#4605,#4607,.T.);
#4603 = VERTEX_POINT('',#4604);
#4604 = CARTESIAN_POINT('',(-1.016,1.27,0.));
#4605 = VERTEX_POINT('',#4606);
#4606 = CARTESIAN_POINT('',(-1.016,1.27,2.54));
#4607 = LINE('',#4608,#4609);
#4608 = CARTESIAN_POINT('',(-1.016,1.27,0.));
#4609 = VECTOR('',#4610,1.);
#4610 = DIRECTION('',(0.,0.,1.));
#4611 = ORIENTED_EDGE('',*,*,#4612,.T.);
#4612 = EDGE_CURVE('',#4605,#4613,#4615,.T.);
#4613 = VERTEX_POINT('',#4614);
#4614 = CARTESIAN_POINT('',(-1.27,1.016,2.54));
#4615 = LINE('',#4616,#4617);
#4616 = CARTESIAN_POINT('',(-1.016,1.27,2.54));
#4617 = VECTOR('',#4618,1.);
#4618 = DIRECTION('',(-0.707106781187,-0.707106781187,0.));
#4619 = ORIENTED_EDGE('',*,*,#4620,.F.);
#4620 = EDGE_CURVE('',#4621,#4613,#4623,.T.);
#4621 = VERTEX_POINT('',#4622);
#4622 = CARTESIAN_POINT('',(-1.27,1.016,0.));
#4623 = LINE('',#4624,#4625);
#4624 = CARTESIAN_POINT('',(-1.27,1.016,0.));
#4625 = VECTOR('',#4626,1.);
#4626 = DIRECTION('',(0.,0.,1.));
#4627 = ORIENTED_EDGE('',*,*,#4628,.F.);
#4628 = EDGE_CURVE('',#4603,#4621,#4629,.T.);
#4629 = LINE('',#4630,#4631);
#4630 = CARTESIAN_POINT('',(-1.016,1.27,0.));
#4631 = VECTOR('',#4632,1.);
#4632 = DIRECTION('',(-0.707106781187,-0.707106781187,0.));
#4633 = PLANE('',#4634);
#4634 = AXIS2_PLACEMENT_3D('',#4635,#4636,#4637);
#4635 = CARTESIAN_POINT('',(-1.016,1.27,0.));
#4636 = DIRECTION('',(0.707106781187,-0.707106781187,0.));
#4637 = DIRECTION('',(-0.707106781187,-0.707106781187,0.));
#4638 = ADVANCED_FACE('',(#4639),#4664,.F.);
#4639 = FACE_BOUND('',#4640,.F.);
#4640 = EDGE_LOOP('',(#4641,#4651,#4657,#4658));
#4641 = ORIENTED_EDGE('',*,*,#4642,.T.);
#4642 = EDGE_CURVE('',#4643,#4645,#4647,.T.);
#4643 = VERTEX_POINT('',#4644);
#4644 = CARTESIAN_POINT('',(1.016,1.27,0.));
#4645 = VERTEX_POINT('',#4646);
#4646 = CARTESIAN_POINT('',(1.016,1.27,2.54));
#4647 = LINE('',#4648,#4649);
#4648 = CARTESIAN_POINT('',(1.016,1.27,0.));
#4649 = VECTOR('',#4650,1.);
#4650 = DIRECTION('',(0.,0.,1.));
#4651 = ORIENTED_EDGE('',*,*,#4652,.T.);
#4652 = EDGE_CURVE('',#4645,#4605,#4653,.T.);
#4653 = LINE('',#4654,#4655);
#4654 = CARTESIAN_POINT('',(1.016,1.27,2.54));
#4655 = VECTOR('',#4656,1.);
#4656 = DIRECTION('',(-1.,0.,0.));
#4657 = ORIENTED_EDGE('',*,*,#4602,.F.);
#4658 = ORIENTED_EDGE('',*,*,#4659,.F.);
#4659 = EDGE_CURVE('',#4643,#4603,#4660,.T.);
#4660 = LINE('',#4661,#4662);
#4661 = CARTESIAN_POINT('',(1.016,1.27,0.));
#4662 = VECTOR('',#4663,1.);
#4663 = DIRECTION('',(-1.,0.,0.));
#4664 = PLANE('',#4665);
#4665 = AXIS2_PLACEMENT_3D('',#4666,#4667,#4668);
#4666 = CARTESIAN_POINT('',(1.016,1.27,0.));
#4667 = DIRECTION('',(0.,-1.,0.));
#4668 = DIRECTION('',(-1.,0.,0.));
#4669 = ADVANCED_FACE('',(#4670),#4695,.F.);
#4670 = FACE_BOUND('',#4671,.F.);
#4671 = EDGE_LOOP('',(#4672,#4673,#4681,#4689));
#4672 = ORIENTED_EDGE('',*,*,#4620,.T.);
#4673 = ORIENTED_EDGE('',*,*,#4674,.T.);
#4674 = EDGE_CURVE('',#4613,#4675,#4677,.T.);
#4675 = VERTEX_POINT('',#4676);
#4676 = CARTESIAN_POINT('',(-1.27,-1.016,2.54));
#4677 = LINE('',#4678,#4679);
#4678 = CARTESIAN_POINT('',(-1.27,1.016,2.54));
#4679 = VECTOR('',#4680,1.);
#4680 = DIRECTION('',(0.,-1.,0.));
#4681 = ORIENTED_EDGE('',*,*,#4682,.F.);
#4682 = EDGE_CURVE('',#4683,#4675,#4685,.T.);
#4683 = VERTEX_POINT('',#4684);
#4684 = CARTESIAN_POINT('',(-1.27,-1.016,0.));
#4685 = LINE('',#4686,#4687);
#4686 = CARTESIAN_POINT('',(-1.27,-1.016,0.));
#4687 = VECTOR('',#4688,1.);
#4688 = DIRECTION('',(0.,0.,1.));
#4689 = ORIENTED_EDGE('',*,*,#4690,.F.);
#4690 = EDGE_CURVE('',#4621,#4683,#4691,.T.);
#4691 = LINE('',#4692,#4693);
#4692 = CARTESIAN_POINT('',(-1.27,1.016,0.));
#4693 = VECTOR('',#4694,1.);
#4694 = DIRECTION('',(0.,-1.,0.));
#4695 = PLANE('',#4696);
#4696 = AXIS2_PLACEMENT_3D('',#4697,#4698,#4699);
#4697 = CARTESIAN_POINT('',(-1.27,1.016,0.));
#4698 = DIRECTION('',(1.,0.,0.));
#4699 = DIRECTION('',(0.,-1.,0.));
#4700 = ADVANCED_FACE('',(#4701,#4888,#4922,#4956,#4990),#5024,.F.);
#4701 = FACE_BOUND('',#4702,.F.);
#4702 = EDGE_LOOP('',(#4703,#4704,#4705,#4713,#4721,#4729,#4737,#4745,
    #4753,#4761,#4769,#4777,#4785,#4793,#4801,#4809,#4817,#4825,#4833,
    #4841,#4849,#4857,#4865,#4873,#4881,#4887));
#4703 = ORIENTED_EDGE('',*,*,#4628,.T.);
#4704 = ORIENTED_EDGE('',*,*,#4690,.T.);
#4705 = ORIENTED_EDGE('',*,*,#4706,.T.);
#4706 = EDGE_CURVE('',#4683,#4707,#4709,.T.);
#4707 = VERTEX_POINT('',#4708);
#4708 = CARTESIAN_POINT('',(-1.016,-1.27,0.));
#4709 = LINE('',#4710,#4711);
#4710 = CARTESIAN_POINT('',(-1.27,-1.016,0.));
#4711 = VECTOR('',#4712,1.);
#4712 = DIRECTION('',(0.707106781187,-0.707106781187,0.));
#4713 = ORIENTED_EDGE('',*,*,#4714,.T.);
#4714 = EDGE_CURVE('',#4707,#4715,#4717,.T.);
#4715 = VERTEX_POINT('',#4716);
#4716 = CARTESIAN_POINT('',(-1.27,-1.524,0.));
#4717 = LINE('',#4718,#4719);
#4718 = CARTESIAN_POINT('',(-1.016,-1.27,0.));
#4719 = VECTOR('',#4720,1.);
#4720 = DIRECTION('',(-0.707106781187,-0.707106781187,0.));
#4721 = ORIENTED_EDGE('',*,*,#4722,.T.);
#4722 = EDGE_CURVE('',#4715,#4723,#4725,.T.);
#4723 = VERTEX_POINT('',#4724);
#4724 = CARTESIAN_POINT('',(-1.27,-3.556,0.));
#4725 = LINE('',#4726,#4727);
#4726 = CARTESIAN_POINT('',(-1.27,-1.524,0.));
#4727 = VECTOR('',#4728,1.);
#4728 = DIRECTION('',(0.,-1.,0.));
#4729 = ORIENTED_EDGE('',*,*,#4730,.T.);
#4730 = EDGE_CURVE('',#4723,#4731,#4733,.T.);
#4731 = VERTEX_POINT('',#4732);
#4732 = CARTESIAN_POINT('',(-1.016,-3.81,0.));
#4733 = LINE('',#4734,#4735);
#4734 = CARTESIAN_POINT('',(-1.27,-3.556,0.));
#4735 = VECTOR('',#4736,1.);
#4736 = DIRECTION('',(0.707106781187,-0.707106781187,0.));
#4737 = ORIENTED_EDGE('',*,*,#4738,.T.);
#4738 = EDGE_CURVE('',#4731,#4739,#4741,.T.);
#4739 = VERTEX_POINT('',#4740);
#4740 = CARTESIAN_POINT('',(-1.27,-4.064,0.));
#4741 = LINE('',#4742,#4743);
#4742 = CARTESIAN_POINT('',(-1.016,-3.81,0.));
#4743 = VECTOR('',#4744,1.);
#4744 = DIRECTION('',(-0.707106781187,-0.707106781187,0.));
#4745 = ORIENTED_EDGE('',*,*,#4746,.T.);
#4746 = EDGE_CURVE('',#4739,#4747,#4749,.T.);
#4747 = VERTEX_POINT('',#4748);
#4748 = CARTESIAN_POINT('',(-1.27,-6.096,0.));
#4749 = LINE('',#4750,#4751);
#4750 = CARTESIAN_POINT('',(-1.27,-4.064,0.));
#4751 = VECTOR('',#4752,1.);
#4752 = DIRECTION('',(0.,-1.,0.));
#4753 = ORIENTED_EDGE('',*,*,#4754,.T.);
#4754 = EDGE_CURVE('',#4747,#4755,#4757,.T.);
#4755 = VERTEX_POINT('',#4756);
#4756 = CARTESIAN_POINT('',(-1.016,-6.35,0.));
#4757 = LINE('',#4758,#4759);
#4758 = CARTESIAN_POINT('',(-1.27,-6.096,0.));
#4759 = VECTOR('',#4760,1.);
#4760 = DIRECTION('',(0.707106781187,-0.707106781187,0.));
#4761 = ORIENTED_EDGE('',*,*,#4762,.T.);
#4762 = EDGE_CURVE('',#4755,#4763,#4765,.T.);
#4763 = VERTEX_POINT('',#4764);
#4764 = CARTESIAN_POINT('',(-1.27,-6.604,0.));
#4765 = LINE('',#4766,#4767);
#4766 = CARTESIAN_POINT('',(-1.016,-6.35,0.));
#4767 = VECTOR('',#4768,1.);
#4768 = DIRECTION('',(-0.707106781187,-0.707106781187,0.));
#4769 = ORIENTED_EDGE('',*,*,#4770,.T.);
#4770 = EDGE_CURVE('',#4763,#4771,#4773,.T.);
#4771 = VERTEX_POINT('',#4772);
#4772 = CARTESIAN_POINT('',(-1.27,-8.636,0.));
#4773 = LINE('',#4774,#4775);
#4774 = CARTESIAN_POINT('',(-1.27,-6.604,0.));
#4775 = VECTOR('',#4776,1.);
#4776 = DIRECTION('',(0.,-1.,0.));
#4777 = ORIENTED_EDGE('',*,*,#4778,.T.);
#4778 = EDGE_CURVE('',#4771,#4779,#4781,.T.);
#4779 = VERTEX_POINT('',#4780);
#4780 = CARTESIAN_POINT('',(-1.016,-8.89,0.));
#4781 = LINE('',#4782,#4783);
#4782 = CARTESIAN_POINT('',(-1.27,-8.636,0.));
#4783 = VECTOR('',#4784,1.);
#4784 = DIRECTION('',(0.707106781187,-0.707106781187,0.));
#4785 = ORIENTED_EDGE('',*,*,#4786,.T.);
#4786 = EDGE_CURVE('',#4779,#4787,#4789,.T.);
#4787 = VERTEX_POINT('',#4788);
#4788 = CARTESIAN_POINT('',(1.016,-8.89,0.));
#4789 = LINE('',#4790,#4791);
#4790 = CARTESIAN_POINT('',(-1.016,-8.89,0.));
#4791 = VECTOR('',#4792,1.);
#4792 = DIRECTION('',(1.,0.,0.));
#4793 = ORIENTED_EDGE('',*,*,#4794,.T.);
#4794 = EDGE_CURVE('',#4787,#4795,#4797,.T.);
#4795 = VERTEX_POINT('',#4796);
#4796 = CARTESIAN_POINT('',(1.27,-8.636,0.));
#4797 = LINE('',#4798,#4799);
#4798 = CARTESIAN_POINT('',(1.016,-8.89,0.));
#4799 = VECTOR('',#4800,1.);
#4800 = DIRECTION('',(0.707106781187,0.707106781187,0.));
#4801 = ORIENTED_EDGE('',*,*,#4802,.T.);
#4802 = EDGE_CURVE('',#4795,#4803,#4805,.T.);
#4803 = VERTEX_POINT('',#4804);
#4804 = CARTESIAN_POINT('',(1.27,-6.604,0.));
#4805 = LINE('',#4806,#4807);
#4806 = CARTESIAN_POINT('',(1.27,-8.636,0.));
#4807 = VECTOR('',#4808,1.);
#4808 = DIRECTION('',(0.,1.,0.));
#4809 = ORIENTED_EDGE('',*,*,#4810,.T.);
#4810 = EDGE_CURVE('',#4803,#4811,#4813,.T.);
#4811 = VERTEX_POINT('',#4812);
#4812 = CARTESIAN_POINT('',(1.016,-6.35,0.));
#4813 = LINE('',#4814,#4815);
#4814 = CARTESIAN_POINT('',(1.27,-6.604,0.));
#4815 = VECTOR('',#4816,1.);
#4816 = DIRECTION('',(-0.707106781187,0.707106781187,0.));
#4817 = ORIENTED_EDGE('',*,*,#4818,.T.);
#4818 = EDGE_CURVE('',#4811,#4819,#4821,.T.);
#4819 = VERTEX_POINT('',#4820);
#4820 = CARTESIAN_POINT('',(1.27,-6.096,0.));
#4821 = LINE('',#4822,#4823);
#4822 = CARTESIAN_POINT('',(1.016,-6.35,0.));
#4823 = VECTOR('',#4824,1.);
#4824 = DIRECTION('',(0.707106781187,0.707106781187,0.));
#4825 = ORIENTED_EDGE('',*,*,#4826,.T.);
#4826 = EDGE_CURVE('',#4819,#4827,#4829,.T.);
#4827 = VERTEX_POINT('',#4828);
#4828 = CARTESIAN_POINT('',(1.27,-4.064,0.));
#4829 = LINE('',#4830,#4831);
#4830 = CARTESIAN_POINT('',(1.27,-6.096,0.));
#4831 = VECTOR('',#4832,1.);
#4832 = DIRECTION('',(0.,1.,0.));
#4833 = ORIENTED_EDGE('',*,*,#4834,.T.);
#4834 = EDGE_CURVE('',#4827,#4835,#4837,.T.);
#4835 = VERTEX_POINT('',#4836);
#4836 = CARTESIAN_POINT('',(1.016,-3.81,0.));
#4837 = LINE('',#4838,#4839);
#4838 = CARTESIAN_POINT('',(1.27,-4.064,0.));
#4839 = VECTOR('',#4840,1.);
#4840 = DIRECTION('',(-0.707106781187,0.707106781187,0.));
#4841 = ORIENTED_EDGE('',*,*,#4842,.T.);
#4842 = EDGE_CURVE('',#4835,#4843,#4845,.T.);
#4843 = VERTEX_POINT('',#4844);
#4844 = CARTESIAN_POINT('',(1.27,-3.556,0.));
#4845 = LINE('',#4846,#4847);
#4846 = CARTESIAN_POINT('',(1.016,-3.81,0.));
#4847 = VECTOR('',#4848,1.);
#4848 = DIRECTION('',(0.707106781187,0.707106781187,0.));
#4849 = ORIENTED_EDGE('',*,*,#4850,.T.);
#4850 = EDGE_CURVE('',#4843,#4851,#4853,.T.);
#4851 = VERTEX_POINT('',#4852);
#4852 = CARTESIAN_POINT('',(1.27,-1.524,0.));
#4853 = LINE('',#4854,#4855);
#4854 = CARTESIAN_POINT('',(1.27,-3.556,0.));
#4855 = VECTOR('',#4856,1.);
#4856 = DIRECTION('',(0.,1.,0.));
#4857 = ORIENTED_EDGE('',*,*,#4858,.T.);
#4858 = EDGE_CURVE('',#4851,#4859,#4861,.T.);
#4859 = VERTEX_POINT('',#4860);
#4860 = CARTESIAN_POINT('',(1.016,-1.27,0.));
#4861 = LINE('',#4862,#4863);
#4862 = CARTESIAN_POINT('',(1.27,-1.524,0.));
#4863 = VECTOR('',#4864,1.);
#4864 = DIRECTION('',(-0.707106781187,0.707106781187,0.));
#4865 = ORIENTED_EDGE('',*,*,#4866,.T.);
#4866 = EDGE_CURVE('',#4859,#4867,#4869,.T.);
#4867 = VERTEX_POINT('',#4868);
#4868 = CARTESIAN_POINT('',(1.27,-1.016,0.));
#4869 = LINE('',#4870,#4871);
#4870 = CARTESIAN_POINT('',(1.016,-1.27,0.));
#4871 = VECTOR('',#4872,1.);
#4872 = DIRECTION('',(0.707106781187,0.707106781187,0.));
#4873 = ORIENTED_EDGE('',*,*,#4874,.T.);
#4874 = EDGE_CURVE('',#4867,#4875,#4877,.T.);
#4875 = VERTEX_POINT('',#4876);
#4876 = CARTESIAN_POINT('',(1.27,1.016,0.));
#4877 = LINE('',#4878,#4879);
#4878 = CARTESIAN_POINT('',(1.27,-1.016,0.));
#4879 = VECTOR('',#4880,1.);
#4880 = DIRECTION('',(0.,1.,0.));
#4881 = ORIENTED_EDGE('',*,*,#4882,.T.);
#4882 = EDGE_CURVE('',#4875,#4643,#4883,.T.);
#4883 = LINE('',#4884,#4885);
#4884 = CARTESIAN_POINT('',(1.27,1.016,0.));
#4885 = VECTOR('',#4886,1.);
#4886 = DIRECTION('',(-0.707106781187,0.707106781187,0.));
#4887 = ORIENTED_EDGE('',*,*,#4659,.T.);
#4888 = FACE_BOUND('',#4889,.F.);
#4889 = EDGE_LOOP('',(#4890,#4900,#4908,#4916));
#4890 = ORIENTED_EDGE('',*,*,#4891,.F.);
#4891 = EDGE_CURVE('',#4892,#4894,#4896,.T.);
#4892 = VERTEX_POINT('',#4893);
#4893 = CARTESIAN_POINT('',(0.32,-4.76,0.));
#4894 = VERTEX_POINT('',#4895);
#4895 = CARTESIAN_POINT('',(-0.32,-4.76,0.));
#4896 = LINE('',#4897,#4898);
#4897 = CARTESIAN_POINT('',(-0.16,-4.76,0.));
#4898 = VECTOR('',#4899,1.);
#4899 = DIRECTION('',(-1.,0.,0.));
#4900 = ORIENTED_EDGE('',*,*,#4901,.F.);
#4901 = EDGE_CURVE('',#4902,#4892,#4904,.T.);
#4902 = VERTEX_POINT('',#4903);
#4903 = CARTESIAN_POINT('',(0.32,-5.4,0.));
#4904 = LINE('',#4905,#4906);
#4905 = CARTESIAN_POINT('',(0.32,-4.605,0.));
#4906 = VECTOR('',#4907,1.);
#4907 = DIRECTION('',(0.,1.,0.));
#4908 = ORIENTED_EDGE('',*,*,#4909,.T.);
#4909 = EDGE_CURVE('',#4902,#4910,#4912,.T.);
#4910 = VERTEX_POINT('',#4911);
#4911 = CARTESIAN_POINT('',(-0.32,-5.4,0.));
#4912 = LINE('',#4913,#4914);
#4913 = CARTESIAN_POINT('',(-0.16,-5.4,0.));
#4914 = VECTOR('',#4915,1.);
#4915 = DIRECTION('',(-1.,0.,0.));
#4916 = ORIENTED_EDGE('',*,*,#4917,.T.);
#4917 = EDGE_CURVE('',#4910,#4894,#4918,.T.);
#4918 = LINE('',#4919,#4920);
#4919 = CARTESIAN_POINT('',(-0.32,-4.605,0.));
#4920 = VECTOR('',#4921,1.);
#4921 = DIRECTION('',(0.,1.,0.));
#4922 = FACE_BOUND('',#4923,.F.);
#4923 = EDGE_LOOP('',(#4924,#4934,#4942,#4950));
#4924 = ORIENTED_EDGE('',*,*,#4925,.F.);
#4925 = EDGE_CURVE('',#4926,#4928,#4930,.T.);
#4926 = VERTEX_POINT('',#4927);
#4927 = CARTESIAN_POINT('',(0.32,-7.94,0.));
#4928 = VERTEX_POINT('',#4929);
#4929 = CARTESIAN_POINT('',(0.32,-7.3,0.));
#4930 = LINE('',#4931,#4932);
#4931 = CARTESIAN_POINT('',(0.32,-5.875,0.));
#4932 = VECTOR('',#4933,1.);
#4933 = DIRECTION('',(0.,1.,0.));
#4934 = ORIENTED_EDGE('',*,*,#4935,.T.);
#4935 = EDGE_CURVE('',#4926,#4936,#4938,.T.);
#4936 = VERTEX_POINT('',#4937);
#4937 = CARTESIAN_POINT('',(-0.32,-7.94,0.));
#4938 = LINE('',#4939,#4940);
#4939 = CARTESIAN_POINT('',(-0.16,-7.94,0.));
#4940 = VECTOR('',#4941,1.);
#4941 = DIRECTION('',(-1.,0.,0.));
#4942 = ORIENTED_EDGE('',*,*,#4943,.T.);
#4943 = EDGE_CURVE('',#4936,#4944,#4946,.T.);
#4944 = VERTEX_POINT('',#4945);
#4945 = CARTESIAN_POINT('',(-0.32,-7.3,0.));
#4946 = LINE('',#4947,#4948);
#4947 = CARTESIAN_POINT('',(-0.32,-5.875,0.));
#4948 = VECTOR('',#4949,1.);
#4949 = DIRECTION('',(0.,1.,0.));
#4950 = ORIENTED_EDGE('',*,*,#4951,.F.);
#4951 = EDGE_CURVE('',#4928,#4944,#4952,.T.);
#4952 = LINE('',#4953,#4954);
#4953 = CARTESIAN_POINT('',(-0.16,-7.3,0.));
#4954 = VECTOR('',#4955,1.);
#4955 = DIRECTION('',(-1.,0.,0.));
#4956 = FACE_BOUND('',#4957,.F.);
#4957 = EDGE_LOOP('',(#4958,#4968,#4976,#4984));
#4958 = ORIENTED_EDGE('',*,*,#4959,.F.);
#4959 = EDGE_CURVE('',#4960,#4962,#4964,.T.);
#4960 = VERTEX_POINT('',#4961);
#4961 = CARTESIAN_POINT('',(0.32,-0.32,0.));
#4962 = VERTEX_POINT('',#4963);
#4963 = CARTESIAN_POINT('',(0.32,0.32,0.));
#4964 = LINE('',#4965,#4966);
#4965 = CARTESIAN_POINT('',(0.32,-2.065,0.));
#4966 = VECTOR('',#4967,1.);
#4967 = DIRECTION('',(0.,1.,0.));
#4968 = ORIENTED_EDGE('',*,*,#4969,.T.);
#4969 = EDGE_CURVE('',#4960,#4970,#4972,.T.);
#4970 = VERTEX_POINT('',#4971);
#4971 = CARTESIAN_POINT('',(-0.32,-0.32,0.));
#4972 = LINE('',#4973,#4974);
#4973 = CARTESIAN_POINT('',(-0.16,-0.32,0.));
#4974 = VECTOR('',#4975,1.);
#4975 = DIRECTION('',(-1.,0.,0.));
#4976 = ORIENTED_EDGE('',*,*,#4977,.T.);
#4977 = EDGE_CURVE('',#4970,#4978,#4980,.T.);
#4978 = VERTEX_POINT('',#4979);
#4979 = CARTESIAN_POINT('',(-0.32,0.32,0.));
#4980 = LINE('',#4981,#4982);
#4981 = CARTESIAN_POINT('',(-0.32,-2.065,0.));
#4982 = VECTOR('',#4983,1.);
#4983 = DIRECTION('',(0.,1.,0.));
#4984 = ORIENTED_EDGE('',*,*,#4985,.F.);
#4985 = EDGE_CURVE('',#4962,#4978,#4986,.T.);
#4986 = LINE('',#4987,#4988);
#4987 = CARTESIAN_POINT('',(-0.16,0.32,0.));
#4988 = VECTOR('',#4989,1.);
#4989 = DIRECTION('',(-1.,0.,0.));
#4990 = FACE_BOUND('',#4991,.F.);
#4991 = EDGE_LOOP('',(#4992,#5002,#5010,#5018));
#4992 = ORIENTED_EDGE('',*,*,#4993,.F.);
#4993 = EDGE_CURVE('',#4994,#4996,#4998,.T.);
#4994 = VERTEX_POINT('',#4995);
#4995 = CARTESIAN_POINT('',(0.32,-2.22,0.));
#4996 = VERTEX_POINT('',#4997);
#4997 = CARTESIAN_POINT('',(-0.32,-2.22,0.));
#4998 = LINE('',#4999,#5000);
#4999 = CARTESIAN_POINT('',(-0.16,-2.22,0.));
#5000 = VECTOR('',#5001,1.);
#5001 = DIRECTION('',(-1.,0.,0.));
#5002 = ORIENTED_EDGE('',*,*,#5003,.F.);
#5003 = EDGE_CURVE('',#5004,#4994,#5006,.T.);
#5004 = VERTEX_POINT('',#5005);
#5005 = CARTESIAN_POINT('',(0.32,-2.86,0.));
#5006 = LINE('',#5007,#5008);
#5007 = CARTESIAN_POINT('',(0.32,-3.335,0.));
#5008 = VECTOR('',#5009,1.);
#5009 = DIRECTION('',(0.,1.,0.));
#5010 = ORIENTED_EDGE('',*,*,#5011,.T.);
#5011 = EDGE_CURVE('',#5004,#5012,#5014,.T.);
#5012 = VERTEX_POINT('',#5013);
#5013 = CARTESIAN_POINT('',(-0.32,-2.86,0.));
#5014 = LINE('',#5015,#5016);
#5015 = CARTESIAN_POINT('',(-0.16,-2.86,0.));
#5016 = VECTOR('',#5017,1.);
#5017 = DIRECTION('',(-1.,0.,0.));
#5018 = ORIENTED_EDGE('',*,*,#5019,.T.);
#5019 = EDGE_CURVE('',#5012,#4996,#5020,.T.);
#5020 = LINE('',#5021,#5022);
#5021 = CARTESIAN_POINT('',(-0.32,-3.335,0.));
#5022 = VECTOR('',#5023,1.);
#5023 = DIRECTION('',(0.,1.,0.));
#5024 = PLANE('',#5025);
#5025 = AXIS2_PLACEMENT_3D('',#5026,#5027,#5028);
#5026 = CARTESIAN_POINT('',(4.259053689278E-17,-3.81,0.));
#5027 = DIRECTION('',(0.,0.,1.));
#5028 = DIRECTION('',(1.,0.,-0.));
#5029 = ADVANCED_FACE('',(#5030,#5217,#5251,#5285,#5319),#5353,.T.);
#5030 = FACE_BOUND('',#5031,.T.);
#5031 = EDGE_LOOP('',(#5032,#5033,#5034,#5042,#5050,#5058,#5066,#5074,
    #5082,#5090,#5098,#5106,#5114,#5122,#5130,#5138,#5146,#5154,#5162,
    #5170,#5178,#5186,#5194,#5202,#5210,#5216));
#5032 = ORIENTED_EDGE('',*,*,#4612,.T.);
#5033 = ORIENTED_EDGE('',*,*,#4674,.T.);
#5034 = ORIENTED_EDGE('',*,*,#5035,.T.);
#5035 = EDGE_CURVE('',#4675,#5036,#5038,.T.);
#5036 = VERTEX_POINT('',#5037);
#5037 = CARTESIAN_POINT('',(-1.016,-1.27,2.54));
#5038 = LINE('',#5039,#5040);
#5039 = CARTESIAN_POINT('',(-1.27,-1.016,2.54));
#5040 = VECTOR('',#5041,1.);
#5041 = DIRECTION('',(0.707106781187,-0.707106781187,0.));
#5042 = ORIENTED_EDGE('',*,*,#5043,.T.);
#5043 = EDGE_CURVE('',#5036,#5044,#5046,.T.);
#5044 = VERTEX_POINT('',#5045);
#5045 = CARTESIAN_POINT('',(-1.27,-1.524,2.54));
#5046 = LINE('',#5047,#5048);
#5047 = CARTESIAN_POINT('',(-1.016,-1.27,2.54));
#5048 = VECTOR('',#5049,1.);
#5049 = DIRECTION('',(-0.707106781187,-0.707106781187,0.));
#5050 = ORIENTED_EDGE('',*,*,#5051,.T.);
#5051 = EDGE_CURVE('',#5044,#5052,#5054,.T.);
#5052 = VERTEX_POINT('',#5053);
#5053 = CARTESIAN_POINT('',(-1.27,-3.556,2.54));
#5054 = LINE('',#5055,#5056);
#5055 = CARTESIAN_POINT('',(-1.27,-1.524,2.54));
#5056 = VECTOR('',#5057,1.);
#5057 = DIRECTION('',(0.,-1.,0.));
#5058 = ORIENTED_EDGE('',*,*,#5059,.T.);
#5059 = EDGE_CURVE('',#5052,#5060,#5062,.T.);
#5060 = VERTEX_POINT('',#5061);
#5061 = CARTESIAN_POINT('',(-1.016,-3.81,2.54));
#5062 = LINE('',#5063,#5064);
#5063 = CARTESIAN_POINT('',(-1.27,-3.556,2.54));
#5064 = VECTOR('',#5065,1.);
#5065 = DIRECTION('',(0.707106781187,-0.707106781187,0.));
#5066 = ORIENTED_EDGE('',*,*,#5067,.T.);
#5067 = EDGE_CURVE('',#5060,#5068,#5070,.T.);
#5068 = VERTEX_POINT('',#5069);
#5069 = CARTESIAN_POINT('',(-1.27,-4.064,2.54));
#5070 = LINE('',#5071,#5072);
#5071 = CARTESIAN_POINT('',(-1.016,-3.81,2.54));
#5072 = VECTOR('',#5073,1.);
#5073 = DIRECTION('',(-0.707106781187,-0.707106781187,0.));
#5074 = ORIENTED_EDGE('',*,*,#5075,.T.);
#5075 = EDGE_CURVE('',#5068,#5076,#5078,.T.);
#5076 = VERTEX_POINT('',#5077);
#5077 = CARTESIAN_POINT('',(-1.27,-6.096,2.54));
#5078 = LINE('',#5079,#5080);
#5079 = CARTESIAN_POINT('',(-1.27,-4.064,2.54));
#5080 = VECTOR('',#5081,1.);
#5081 = DIRECTION('',(0.,-1.,0.));
#5082 = ORIENTED_EDGE('',*,*,#5083,.T.);
#5083 = EDGE_CURVE('',#5076,#5084,#5086,.T.);
#5084 = VERTEX_POINT('',#5085);
#5085 = CARTESIAN_POINT('',(-1.016,-6.35,2.54));
#5086 = LINE('',#5087,#5088);
#5087 = CARTESIAN_POINT('',(-1.27,-6.096,2.54));
#5088 = VECTOR('',#5089,1.);
#5089 = DIRECTION('',(0.707106781187,-0.707106781187,0.));
#5090 = ORIENTED_EDGE('',*,*,#5091,.T.);
#5091 = EDGE_CURVE('',#5084,#5092,#5094,.T.);
#5092 = VERTEX_POINT('',#5093);
#5093 = CARTESIAN_POINT('',(-1.27,-6.604,2.54));
#5094 = LINE('',#5095,#5096);
#5095 = CARTESIAN_POINT('',(-1.016,-6.35,2.54));
#5096 = VECTOR('',#5097,1.);
#5097 = DIRECTION('',(-0.707106781187,-0.707106781187,0.));
#5098 = ORIENTED_EDGE('',*,*,#5099,.T.);
#5099 = EDGE_CURVE('',#5092,#5100,#5102,.T.);
#5100 = VERTEX_POINT('',#5101);
#5101 = CARTESIAN_POINT('',(-1.27,-8.636,2.54));
#5102 = LINE('',#5103,#5104);
#5103 = CARTESIAN_POINT('',(-1.27,-6.604,2.54));
#5104 = VECTOR('',#5105,1.);
#5105 = DIRECTION('',(0.,-1.,0.));
#5106 = ORIENTED_EDGE('',*,*,#5107,.T.);
#5107 = EDGE_CURVE('',#5100,#5108,#5110,.T.);
#5108 = VERTEX_POINT('',#5109);
#5109 = CARTESIAN_POINT('',(-1.016,-8.89,2.54));
#5110 = LINE('',#5111,#5112);
#5111 = CARTESIAN_POINT('',(-1.27,-8.636,2.54));
#5112 = VECTOR('',#5113,1.);
#5113 = DIRECTION('',(0.707106781187,-0.707106781187,0.));
#5114 = ORIENTED_EDGE('',*,*,#5115,.T.);
#5115 = EDGE_CURVE('',#5108,#5116,#5118,.T.);
#5116 = VERTEX_POINT('',#5117);
#5117 = CARTESIAN_POINT('',(1.016,-8.89,2.54));
#5118 = LINE('',#5119,#5120);
#5119 = CARTESIAN_POINT('',(-1.016,-8.89,2.54));
#5120 = VECTOR('',#5121,1.);
#5121 = DIRECTION('',(1.,0.,0.));
#5122 = ORIENTED_EDGE('',*,*,#5123,.T.);
#5123 = EDGE_CURVE('',#5116,#5124,#5126,.T.);
#5124 = VERTEX_POINT('',#5125);
#5125 = CARTESIAN_POINT('',(1.27,-8.636,2.54));
#5126 = LINE('',#5127,#5128);
#5127 = CARTESIAN_POINT('',(1.016,-8.89,2.54));
#5128 = VECTOR('',#5129,1.);
#5129 = DIRECTION('',(0.707106781187,0.707106781187,0.));
#5130 = ORIENTED_EDGE('',*,*,#5131,.T.);
#5131 = EDGE_CURVE('',#5124,#5132,#5134,.T.);
#5132 = VERTEX_POINT('',#5133);
#5133 = CARTESIAN_POINT('',(1.27,-6.604,2.54));
#5134 = LINE('',#5135,#5136);
#5135 = CARTESIAN_POINT('',(1.27,-8.636,2.54));
#5136 = VECTOR('',#5137,1.);
#5137 = DIRECTION('',(0.,1.,0.));
#5138 = ORIENTED_EDGE('',*,*,#5139,.T.);
#5139 = EDGE_CURVE('',#5132,#5140,#5142,.T.);
#5140 = VERTEX_POINT('',#5141);
#5141 = CARTESIAN_POINT('',(1.016,-6.35,2.54));
#5142 = LINE('',#5143,#5144);
#5143 = CARTESIAN_POINT('',(1.27,-6.604,2.54));
#5144 = VECTOR('',#5145,1.);
#5145 = DIRECTION('',(-0.707106781187,0.707106781187,0.));
#5146 = ORIENTED_EDGE('',*,*,#5147,.T.);
#5147 = EDGE_CURVE('',#5140,#5148,#5150,.T.);
#5148 = VERTEX_POINT('',#5149);
#5149 = CARTESIAN_POINT('',(1.27,-6.096,2.54));
#5150 = LINE('',#5151,#5152);
#5151 = CARTESIAN_POINT('',(1.016,-6.35,2.54));
#5152 = VECTOR('',#5153,1.);
#5153 = DIRECTION('',(0.707106781187,0.707106781187,0.));
#5154 = ORIENTED_EDGE('',*,*,#5155,.T.);
#5155 = EDGE_CURVE('',#5148,#5156,#5158,.T.);
#5156 = VERTEX_POINT('',#5157);
#5157 = CARTESIAN_POINT('',(1.27,-4.064,2.54));
#5158 = LINE('',#5159,#5160);
#5159 = CARTESIAN_POINT('',(1.27,-6.096,2.54));
#5160 = VECTOR('',#5161,1.);
#5161 = DIRECTION('',(0.,1.,0.));
#5162 = ORIENTED_EDGE('',*,*,#5163,.T.);
#5163 = EDGE_CURVE('',#5156,#5164,#5166,.T.);
#5164 = VERTEX_POINT('',#5165);
#5165 = CARTESIAN_POINT('',(1.016,-3.81,2.54));
#5166 = LINE('',#5167,#5168);
#5167 = CARTESIAN_POINT('',(1.27,-4.064,2.54));
#5168 = VECTOR('',#5169,1.);
#5169 = DIRECTION('',(-0.707106781187,0.707106781187,0.));
#5170 = ORIENTED_EDGE('',*,*,#5171,.T.);
#5171 = EDGE_CURVE('',#5164,#5172,#5174,.T.);
#5172 = VERTEX_POINT('',#5173);
#5173 = CARTESIAN_POINT('',(1.27,-3.556,2.54));
#5174 = LINE('',#5175,#5176);
#5175 = CARTESIAN_POINT('',(1.016,-3.81,2.54));
#5176 = VECTOR('',#5177,1.);
#5177 = DIRECTION('',(0.707106781187,0.707106781187,0.));
#5178 = ORIENTED_EDGE('',*,*,#5179,.T.);
#5179 = EDGE_CURVE('',#5172,#5180,#5182,.T.);
#5180 = VERTEX_POINT('',#5181);
#5181 = CARTESIAN_POINT('',(1.27,-1.524,2.54));
#5182 = LINE('',#5183,#5184);
#5183 = CARTESIAN_POINT('',(1.27,-3.556,2.54));
#5184 = VECTOR('',#5185,1.);
#5185 = DIRECTION('',(0.,1.,0.));
#5186 = ORIENTED_EDGE('',*,*,#5187,.T.);
#5187 = EDGE_CURVE('',#5180,#5188,#5190,.T.);
#5188 = VERTEX_POINT('',#5189);
#5189 = CARTESIAN_POINT('',(1.016,-1.27,2.54));
#5190 = LINE('',#5191,#5192);
#5191 = CARTESIAN_POINT('',(1.27,-1.524,2.54));
#5192 = VECTOR('',#5193,1.);
#5193 = DIRECTION('',(-0.707106781187,0.707106781187,0.));
#5194 = ORIENTED_EDGE('',*,*,#5195,.T.);
#5195 = EDGE_CURVE('',#5188,#5196,#5198,.T.);
#5196 = VERTEX_POINT('',#5197);
#5197 = CARTESIAN_POINT('',(1.27,-1.016,2.54));
#5198 = LINE('',#5199,#5200);
#5199 = CARTESIAN_POINT('',(1.016,-1.27,2.54));
#5200 = VECTOR('',#5201,1.);
#5201 = DIRECTION('',(0.707106781187,0.707106781187,0.));
#5202 = ORIENTED_EDGE('',*,*,#5203,.T.);
#5203 = EDGE_CURVE('',#5196,#5204,#5206,.T.);
#5204 = VERTEX_POINT('',#5205);
#5205 = CARTESIAN_POINT('',(1.27,1.016,2.54));
#5206 = LINE('',#5207,#5208);
#5207 = CARTESIAN_POINT('',(1.27,-1.016,2.54));
#5208 = VECTOR('',#5209,1.);
#5209 = DIRECTION('',(0.,1.,0.));
#5210 = ORIENTED_EDGE('',*,*,#5211,.T.);
#5211 = EDGE_CURVE('',#5204,#4645,#5212,.T.);
#5212 = LINE('',#5213,#5214);
#5213 = CARTESIAN_POINT('',(1.27,1.016,2.54));
#5214 = VECTOR('',#5215,1.);
#5215 = DIRECTION('',(-0.707106781187,0.707106781187,0.));
#5216 = ORIENTED_EDGE('',*,*,#4652,.T.);
#5217 = FACE_BOUND('',#5218,.T.);
#5218 = EDGE_LOOP('',(#5219,#5229,#5237,#5245));
#5219 = ORIENTED_EDGE('',*,*,#5220,.F.);
#5220 = EDGE_CURVE('',#5221,#5223,#5225,.T.);
#5221 = VERTEX_POINT('',#5222);
#5222 = CARTESIAN_POINT('',(0.32,-4.76,2.54));
#5223 = VERTEX_POINT('',#5224);
#5224 = CARTESIAN_POINT('',(-0.32,-4.76,2.54));
#5225 = LINE('',#5226,#5227);
#5226 = CARTESIAN_POINT('',(-0.16,-4.76,2.54));
#5227 = VECTOR('',#5228,1.);
#5228 = DIRECTION('',(-1.,0.,0.));
#5229 = ORIENTED_EDGE('',*,*,#5230,.F.);
#5230 = EDGE_CURVE('',#5231,#5221,#5233,.T.);
#5231 = VERTEX_POINT('',#5232);
#5232 = CARTESIAN_POINT('',(0.32,-5.4,2.54));
#5233 = LINE('',#5234,#5235);
#5234 = CARTESIAN_POINT('',(0.32,-4.605,2.54));
#5235 = VECTOR('',#5236,1.);
#5236 = DIRECTION('',(0.,1.,0.));
#5237 = ORIENTED_EDGE('',*,*,#5238,.T.);
#5238 = EDGE_CURVE('',#5231,#5239,#5241,.T.);
#5239 = VERTEX_POINT('',#5240);
#5240 = CARTESIAN_POINT('',(-0.32,-5.4,2.54));
#5241 = LINE('',#5242,#5243);
#5242 = CARTESIAN_POINT('',(-0.16,-5.4,2.54));
#5243 = VECTOR('',#5244,1.);
#5244 = DIRECTION('',(-1.,0.,0.));
#5245 = ORIENTED_EDGE('',*,*,#5246,.T.);
#5246 = EDGE_CURVE('',#5239,#5223,#5247,.T.);
#5247 = LINE('',#5248,#5249);
#5248 = CARTESIAN_POINT('',(-0.32,-4.605,2.54));
#5249 = VECTOR('',#5250,1.);
#5250 = DIRECTION('',(0.,1.,0.));
#5251 = FACE_BOUND('',#5252,.T.);
#5252 = EDGE_LOOP('',(#5253,#5263,#5271,#5279));
#5253 = ORIENTED_EDGE('',*,*,#5254,.F.);
#5254 = EDGE_CURVE('',#5255,#5257,#5259,.T.);
#5255 = VERTEX_POINT('',#5256);
#5256 = CARTESIAN_POINT('',(0.32,-7.94,2.54));
#5257 = VERTEX_POINT('',#5258);
#5258 = CARTESIAN_POINT('',(0.32,-7.3,2.54));
#5259 = LINE('',#5260,#5261);
#5260 = CARTESIAN_POINT('',(0.32,-5.875,2.54));
#5261 = VECTOR('',#5262,1.);
#5262 = DIRECTION('',(0.,1.,0.));
#5263 = ORIENTED_EDGE('',*,*,#5264,.T.);
#5264 = EDGE_CURVE('',#5255,#5265,#5267,.T.);
#5265 = VERTEX_POINT('',#5266);
#5266 = CARTESIAN_POINT('',(-0.32,-7.94,2.54));
#5267 = LINE('',#5268,#5269);
#5268 = CARTESIAN_POINT('',(-0.16,-7.94,2.54));
#5269 = VECTOR('',#5270,1.);
#5270 = DIRECTION('',(-1.,0.,0.));
#5271 = ORIENTED_EDGE('',*,*,#5272,.T.);
#5272 = EDGE_CURVE('',#5265,#5273,#5275,.T.);
#5273 = VERTEX_POINT('',#5274);
#5274 = CARTESIAN_POINT('',(-0.32,-7.3,2.54));
#5275 = LINE('',#5276,#5277);
#5276 = CARTESIAN_POINT('',(-0.32,-5.875,2.54));
#5277 = VECTOR('',#5278,1.);
#5278 = DIRECTION('',(0.,1.,0.));
#5279 = ORIENTED_EDGE('',*,*,#5280,.F.);
#5280 = EDGE_CURVE('',#5257,#5273,#5281,.T.);
#5281 = LINE('',#5282,#5283);
#5282 = CARTESIAN_POINT('',(-0.16,-7.3,2.54));
#5283 = VECTOR('',#5284,1.);
#5284 = DIRECTION('',(-1.,0.,0.));
#5285 = FACE_BOUND('',#5286,.T.);
#5286 = EDGE_LOOP('',(#5287,#5297,#5305,#5313));
#5287 = ORIENTED_EDGE('',*,*,#5288,.F.);
#5288 = EDGE_CURVE('',#5289,#5291,#5293,.T.);
#5289 = VERTEX_POINT('',#5290);
#5290 = CARTESIAN_POINT('',(0.32,-0.32,2.54));
#5291 = VERTEX_POINT('',#5292);
#5292 = CARTESIAN_POINT('',(0.32,0.32,2.54));
#5293 = LINE('',#5294,#5295);
#5294 = CARTESIAN_POINT('',(0.32,-2.065,2.54));
#5295 = VECTOR('',#5296,1.);
#5296 = DIRECTION('',(0.,1.,0.));
#5297 = ORIENTED_EDGE('',*,*,#5298,.T.);
#5298 = EDGE_CURVE('',#5289,#5299,#5301,.T.);
#5299 = VERTEX_POINT('',#5300);
#5300 = CARTESIAN_POINT('',(-0.32,-0.32,2.54));
#5301 = LINE('',#5302,#5303);
#5302 = CARTESIAN_POINT('',(-0.16,-0.32,2.54));
#5303 = VECTOR('',#5304,1.);
#5304 = DIRECTION('',(-1.,0.,0.));
#5305 = ORIENTED_EDGE('',*,*,#5306,.T.);
#5306 = EDGE_CURVE('',#5299,#5307,#5309,.T.);
#5307 = VERTEX_POINT('',#5308);
#5308 = CARTESIAN_POINT('',(-0.32,0.32,2.54));
#5309 = LINE('',#5310,#5311);
#5310 = CARTESIAN_POINT('',(-0.32,-2.065,2.54));
#5311 = VECTOR('',#5312,1.);
#5312 = DIRECTION('',(0.,1.,0.));
#5313 = ORIENTED_EDGE('',*,*,#5314,.F.);
#5314 = EDGE_CURVE('',#5291,#5307,#5315,.T.);
#5315 = LINE('',#5316,#5317);
#5316 = CARTESIAN_POINT('',(-0.16,0.32,2.54));
#5317 = VECTOR('',#5318,1.);
#5318 = DIRECTION('',(-1.,0.,0.));
#5319 = FACE_BOUND('',#5320,.T.);
#5320 = EDGE_LOOP('',(#5321,#5331,#5339,#5347));
#5321 = ORIENTED_EDGE('',*,*,#5322,.F.);
#5322 = EDGE_CURVE('',#5323,#5325,#5327,.T.);
#5323 = VERTEX_POINT('',#5324);
#5324 = CARTESIAN_POINT('',(0.32,-2.22,2.54));
#5325 = VERTEX_POINT('',#5326);
#5326 = CARTESIAN_POINT('',(-0.32,-2.22,2.54));
#5327 = LINE('',#5328,#5329);
#5328 = CARTESIAN_POINT('',(-0.16,-2.22,2.54));
#5329 = VECTOR('',#5330,1.);
#5330 = DIRECTION('',(-1.,0.,0.));
#5331 = ORIENTED_EDGE('',*,*,#5332,.F.);
#5332 = EDGE_CURVE('',#5333,#5323,#5335,.T.);
#5333 = VERTEX_POINT('',#5334);
#5334 = CARTESIAN_POINT('',(0.32,-2.86,2.54));
#5335 = LINE('',#5336,#5337);
#5336 = CARTESIAN_POINT('',(0.32,-3.335,2.54));
#5337 = VECTOR('',#5338,1.);
#5338 = DIRECTION('',(0.,1.,0.));
#5339 = ORIENTED_EDGE('',*,*,#5340,.T.);
#5340 = EDGE_CURVE('',#5333,#5341,#5343,.T.);
#5341 = VERTEX_POINT('',#5342);
#5342 = CARTESIAN_POINT('',(-0.32,-2.86,2.54));
#5343 = LINE('',#5344,#5345);
#5344 = CARTESIAN_POINT('',(-0.16,-2.86,2.54));
#5345 = VECTOR('',#5346,1.);
#5346 = DIRECTION('',(-1.,0.,0.));
#5347 = ORIENTED_EDGE('',*,*,#5348,.T.);
#5348 = EDGE_CURVE('',#5341,#5325,#5349,.T.);
#5349 = LINE('',#5350,#5351);
#5350 = CARTESIAN_POINT('',(-0.32,-3.335,2.54));
#5351 = VECTOR('',#5352,1.);
#5352 = DIRECTION('',(0.,1.,0.));
#5353 = PLANE('',#5354);
#5354 = AXIS2_PLACEMENT_3D('',#5355,#5356,#5357);
#5355 = CARTESIAN_POINT('',(4.259053689278E-17,-3.81,2.54));
#5356 = DIRECTION('',(0.,0.,1.));
#5357 = DIRECTION('',(1.,0.,-0.));
#5358 = ADVANCED_FACE('',(#5359),#5370,.F.);
#5359 = FACE_BOUND('',#5360,.F.);
#5360 = EDGE_LOOP('',(#5361,#5367,#5368,#5369));
#5361 = ORIENTED_EDGE('',*,*,#5362,.T.);
#5362 = EDGE_CURVE('',#4875,#5204,#5363,.T.);
#5363 = LINE('',#5364,#5365);
#5364 = CARTESIAN_POINT('',(1.27,1.016,0.));
#5365 = VECTOR('',#5366,1.);
#5366 = DIRECTION('',(0.,0.,1.));
#5367 = ORIENTED_EDGE('',*,*,#5211,.T.);
#5368 = ORIENTED_EDGE('',*,*,#4642,.F.);
#5369 = ORIENTED_EDGE('',*,*,#4882,.F.);
#5370 = PLANE('',#5371);
#5371 = AXIS2_PLACEMENT_3D('',#5372,#5373,#5374);
#5372 = CARTESIAN_POINT('',(1.27,1.016,0.));
#5373 = DIRECTION('',(-0.707106781187,-0.707106781187,0.));
#5374 = DIRECTION('',(-0.707106781187,0.707106781187,0.));
#5375 = ADVANCED_FACE('',(#5376),#5387,.F.);
#5376 = FACE_BOUND('',#5377,.F.);
#5377 = EDGE_LOOP('',(#5378,#5379,#5380,#5386));
#5378 = ORIENTED_EDGE('',*,*,#4682,.T.);
#5379 = ORIENTED_EDGE('',*,*,#5035,.T.);
#5380 = ORIENTED_EDGE('',*,*,#5381,.F.);
#5381 = EDGE_CURVE('',#4707,#5036,#5382,.T.);
#5382 = LINE('',#5383,#5384);
#5383 = CARTESIAN_POINT('',(-1.016,-1.27,0.));
#5384 = VECTOR('',#5385,1.);
#5385 = DIRECTION('',(0.,0.,1.));
#5386 = ORIENTED_EDGE('',*,*,#4706,.F.);
#5387 = PLANE('',#5388);
#5388 = AXIS2_PLACEMENT_3D('',#5389,#5390,#5391);
#5389 = CARTESIAN_POINT('',(-1.27,-1.016,0.));
#5390 = DIRECTION('',(0.707106781187,0.707106781187,0.));
#5391 = DIRECTION('',(0.707106781187,-0.707106781187,0.));
#5392 = ADVANCED_FACE('',(#5393),#5404,.F.);
#5393 = FACE_BOUND('',#5394,.F.);
#5394 = EDGE_LOOP('',(#5395,#5401,#5402,#5403));
#5395 = ORIENTED_EDGE('',*,*,#5396,.T.);
#5396 = EDGE_CURVE('',#4867,#5196,#5397,.T.);
#5397 = LINE('',#5398,#5399);
#5398 = CARTESIAN_POINT('',(1.27,-1.016,0.));
#5399 = VECTOR('',#5400,1.);
#5400 = DIRECTION('',(0.,0.,1.));
#5401 = ORIENTED_EDGE('',*,*,#5203,.T.);
#5402 = ORIENTED_EDGE('',*,*,#5362,.F.);
#5403 = ORIENTED_EDGE('',*,*,#4874,.F.);
#5404 = PLANE('',#5405);
#5405 = AXIS2_PLACEMENT_3D('',#5406,#5407,#5408);
#5406 = CARTESIAN_POINT('',(1.27,-1.016,0.));
#5407 = DIRECTION('',(-1.,0.,0.));
#5408 = DIRECTION('',(0.,1.,0.));
#5409 = ADVANCED_FACE('',(#5410),#5421,.F.);
#5410 = FACE_BOUND('',#5411,.F.);
#5411 = EDGE_LOOP('',(#5412,#5413,#5414,#5420));
#5412 = ORIENTED_EDGE('',*,*,#5381,.T.);
#5413 = ORIENTED_EDGE('',*,*,#5043,.T.);
#5414 = ORIENTED_EDGE('',*,*,#5415,.F.);
#5415 = EDGE_CURVE('',#4715,#5044,#5416,.T.);
#5416 = LINE('',#5417,#5418);
#5417 = CARTESIAN_POINT('',(-1.27,-1.524,0.));
#5418 = VECTOR('',#5419,1.);
#5419 = DIRECTION('',(0.,0.,1.));
#5420 = ORIENTED_EDGE('',*,*,#4714,.F.);
#5421 = PLANE('',#5422);
#5422 = AXIS2_PLACEMENT_3D('',#5423,#5424,#5425);
#5423 = CARTESIAN_POINT('',(-1.016,-1.27,0.));
#5424 = DIRECTION('',(0.707106781187,-0.707106781187,0.));
#5425 = DIRECTION('',(-0.707106781187,-0.707106781187,0.));
#5426 = ADVANCED_FACE('',(#5427),#5438,.F.);
#5427 = FACE_BOUND('',#5428,.F.);
#5428 = EDGE_LOOP('',(#5429,#5435,#5436,#5437));
#5429 = ORIENTED_EDGE('',*,*,#5430,.T.);
#5430 = EDGE_CURVE('',#4859,#5188,#5431,.T.);
#5431 = LINE('',#5432,#5433);
#5432 = CARTESIAN_POINT('',(1.016,-1.27,0.));
#5433 = VECTOR('',#5434,1.);
#5434 = DIRECTION('',(0.,0.,1.));
#5435 = ORIENTED_EDGE('',*,*,#5195,.T.);
#5436 = ORIENTED_EDGE('',*,*,#5396,.F.);
#5437 = ORIENTED_EDGE('',*,*,#4866,.F.);
#5438 = PLANE('',#5439);
#5439 = AXIS2_PLACEMENT_3D('',#5440,#5441,#5442);
#5440 = CARTESIAN_POINT('',(1.016,-1.27,0.));
#5441 = DIRECTION('',(-0.707106781187,0.707106781187,0.));
#5442 = DIRECTION('',(0.707106781187,0.707106781187,0.));
#5443 = ADVANCED_FACE('',(#5444),#5455,.F.);
#5444 = FACE_BOUND('',#5445,.F.);
#5445 = EDGE_LOOP('',(#5446,#5447,#5448,#5454));
#5446 = ORIENTED_EDGE('',*,*,#5415,.T.);
#5447 = ORIENTED_EDGE('',*,*,#5051,.T.);
#5448 = ORIENTED_EDGE('',*,*,#5449,.F.);
#5449 = EDGE_CURVE('',#4723,#5052,#5450,.T.);
#5450 = LINE('',#5451,#5452);
#5451 = CARTESIAN_POINT('',(-1.27,-3.556,0.));
#5452 = VECTOR('',#5453,1.);
#5453 = DIRECTION('',(0.,0.,1.));
#5454 = ORIENTED_EDGE('',*,*,#4722,.F.);
#5455 = PLANE('',#5456);
#5456 = AXIS2_PLACEMENT_3D('',#5457,#5458,#5459);
#5457 = CARTESIAN_POINT('',(-1.27,-1.524,0.));
#5458 = DIRECTION('',(1.,0.,0.));
#5459 = DIRECTION('',(0.,-1.,0.));
#5460 = ADVANCED_FACE('',(#5461),#5472,.F.);
#5461 = FACE_BOUND('',#5462,.F.);
#5462 = EDGE_LOOP('',(#5463,#5469,#5470,#5471));
#5463 = ORIENTED_EDGE('',*,*,#5464,.T.);
#5464 = EDGE_CURVE('',#4851,#5180,#5465,.T.);
#5465 = LINE('',#5466,#5467);
#5466 = CARTESIAN_POINT('',(1.27,-1.524,0.));
#5467 = VECTOR('',#5468,1.);
#5468 = DIRECTION('',(0.,0.,1.));
#5469 = ORIENTED_EDGE('',*,*,#5187,.T.);
#5470 = ORIENTED_EDGE('',*,*,#5430,.F.);
#5471 = ORIENTED_EDGE('',*,*,#4858,.F.);
#5472 = PLANE('',#5473);
#5473 = AXIS2_PLACEMENT_3D('',#5474,#5475,#5476);
#5474 = CARTESIAN_POINT('',(1.27,-1.524,0.));
#5475 = DIRECTION('',(-0.707106781187,-0.707106781187,0.));
#5476 = DIRECTION('',(-0.707106781187,0.707106781187,0.));
#5477 = ADVANCED_FACE('',(#5478),#5489,.F.);
#5478 = FACE_BOUND('',#5479,.F.);
#5479 = EDGE_LOOP('',(#5480,#5481,#5482,#5488));
#5480 = ORIENTED_EDGE('',*,*,#5449,.T.);
#5481 = ORIENTED_EDGE('',*,*,#5059,.T.);
#5482 = ORIENTED_EDGE('',*,*,#5483,.F.);
#5483 = EDGE_CURVE('',#4731,#5060,#5484,.T.);
#5484 = LINE('',#5485,#5486);
#5485 = CARTESIAN_POINT('',(-1.016,-3.81,0.));
#5486 = VECTOR('',#5487,1.);
#5487 = DIRECTION('',(0.,0.,1.));
#5488 = ORIENTED_EDGE('',*,*,#4730,.F.);
#5489 = PLANE('',#5490);
#5490 = AXIS2_PLACEMENT_3D('',#5491,#5492,#5493);
#5491 = CARTESIAN_POINT('',(-1.27,-3.556,0.));
#5492 = DIRECTION('',(0.707106781187,0.707106781187,0.));
#5493 = DIRECTION('',(0.707106781187,-0.707106781187,0.));
#5494 = ADVANCED_FACE('',(#5495),#5506,.F.);
#5495 = FACE_BOUND('',#5496,.F.);
#5496 = EDGE_LOOP('',(#5497,#5503,#5504,#5505));
#5497 = ORIENTED_EDGE('',*,*,#5498,.T.);
#5498 = EDGE_CURVE('',#4843,#5172,#5499,.T.);
#5499 = LINE('',#5500,#5501);
#5500 = CARTESIAN_POINT('',(1.27,-3.556,0.));
#5501 = VECTOR('',#5502,1.);
#5502 = DIRECTION('',(0.,0.,1.));
#5503 = ORIENTED_EDGE('',*,*,#5179,.T.);
#5504 = ORIENTED_EDGE('',*,*,#5464,.F.);
#5505 = ORIENTED_EDGE('',*,*,#4850,.F.);
#5506 = PLANE('',#5507);
#5507 = AXIS2_PLACEMENT_3D('',#5508,#5509,#5510);
#5508 = CARTESIAN_POINT('',(1.27,-3.556,0.));
#5509 = DIRECTION('',(-1.,0.,0.));
#5510 = DIRECTION('',(0.,1.,0.));
#5511 = ADVANCED_FACE('',(#5512),#5523,.F.);
#5512 = FACE_BOUND('',#5513,.F.);
#5513 = EDGE_LOOP('',(#5514,#5515,#5516,#5522));
#5514 = ORIENTED_EDGE('',*,*,#5483,.T.);
#5515 = ORIENTED_EDGE('',*,*,#5067,.T.);
#5516 = ORIENTED_EDGE('',*,*,#5517,.F.);
#5517 = EDGE_CURVE('',#4739,#5068,#5518,.T.);
#5518 = LINE('',#5519,#5520);
#5519 = CARTESIAN_POINT('',(-1.27,-4.064,0.));
#5520 = VECTOR('',#5521,1.);
#5521 = DIRECTION('',(0.,0.,1.));
#5522 = ORIENTED_EDGE('',*,*,#4738,.F.);
#5523 = PLANE('',#5524);
#5524 = AXIS2_PLACEMENT_3D('',#5525,#5526,#5527);
#5525 = CARTESIAN_POINT('',(-1.016,-3.81,0.));
#5526 = DIRECTION('',(0.707106781187,-0.707106781187,0.));
#5527 = DIRECTION('',(-0.707106781187,-0.707106781187,0.));
#5528 = ADVANCED_FACE('',(#5529),#5540,.F.);
#5529 = FACE_BOUND('',#5530,.F.);
#5530 = EDGE_LOOP('',(#5531,#5537,#5538,#5539));
#5531 = ORIENTED_EDGE('',*,*,#5532,.T.);
#5532 = EDGE_CURVE('',#4835,#5164,#5533,.T.);
#5533 = LINE('',#5534,#5535);
#5534 = CARTESIAN_POINT('',(1.016,-3.81,0.));
#5535 = VECTOR('',#5536,1.);
#5536 = DIRECTION('',(0.,0.,1.));
#5537 = ORIENTED_EDGE('',*,*,#5171,.T.);
#5538 = ORIENTED_EDGE('',*,*,#5498,.F.);
#5539 = ORIENTED_EDGE('',*,*,#4842,.F.);
#5540 = PLANE('',#5541);
#5541 = AXIS2_PLACEMENT_3D('',#5542,#5543,#5544);
#5542 = CARTESIAN_POINT('',(1.016,-3.81,0.));
#5543 = DIRECTION('',(-0.707106781187,0.707106781187,0.));
#5544 = DIRECTION('',(0.707106781187,0.707106781187,0.));
#5545 = ADVANCED_FACE('',(#5546),#5557,.F.);
#5546 = FACE_BOUND('',#5547,.F.);
#5547 = EDGE_LOOP('',(#5548,#5549,#5550,#5556));
#5548 = ORIENTED_EDGE('',*,*,#5517,.T.);
#5549 = ORIENTED_EDGE('',*,*,#5075,.T.);
#5550 = ORIENTED_EDGE('',*,*,#5551,.F.);
#5551 = EDGE_CURVE('',#4747,#5076,#5552,.T.);
#5552 = LINE('',#5553,#5554);
#5553 = CARTESIAN_POINT('',(-1.27,-6.096,0.));
#5554 = VECTOR('',#5555,1.);
#5555 = DIRECTION('',(0.,0.,1.));
#5556 = ORIENTED_EDGE('',*,*,#4746,.F.);
#5557 = PLANE('',#5558);
#5558 = AXIS2_PLACEMENT_3D('',#5559,#5560,#5561);
#5559 = CARTESIAN_POINT('',(-1.27,-4.064,0.));
#5560 = DIRECTION('',(1.,0.,0.));
#5561 = DIRECTION('',(0.,-1.,0.));
#5562 = ADVANCED_FACE('',(#5563),#5574,.F.);
#5563 = FACE_BOUND('',#5564,.F.);
#5564 = EDGE_LOOP('',(#5565,#5571,#5572,#5573));
#5565 = ORIENTED_EDGE('',*,*,#5566,.T.);
#5566 = EDGE_CURVE('',#4827,#5156,#5567,.T.);
#5567 = LINE('',#5568,#5569);
#5568 = CARTESIAN_POINT('',(1.27,-4.064,0.));
#5569 = VECTOR('',#5570,1.);
#5570 = DIRECTION('',(0.,0.,1.));
#5571 = ORIENTED_EDGE('',*,*,#5163,.T.);
#5572 = ORIENTED_EDGE('',*,*,#5532,.F.);
#5573 = ORIENTED_EDGE('',*,*,#4834,.F.);
#5574 = PLANE('',#5575);
#5575 = AXIS2_PLACEMENT_3D('',#5576,#5577,#5578);
#5576 = CARTESIAN_POINT('',(1.27,-4.064,0.));
#5577 = DIRECTION('',(-0.707106781187,-0.707106781187,0.));
#5578 = DIRECTION('',(-0.707106781187,0.707106781187,0.));
#5579 = ADVANCED_FACE('',(#5580),#5591,.F.);
#5580 = FACE_BOUND('',#5581,.F.);
#5581 = EDGE_LOOP('',(#5582,#5583,#5584,#5590));
#5582 = ORIENTED_EDGE('',*,*,#5551,.T.);
#5583 = ORIENTED_EDGE('',*,*,#5083,.T.);
#5584 = ORIENTED_EDGE('',*,*,#5585,.F.);
#5585 = EDGE_CURVE('',#4755,#5084,#5586,.T.);
#5586 = LINE('',#5587,#5588);
#5587 = CARTESIAN_POINT('',(-1.016,-6.35,0.));
#5588 = VECTOR('',#5589,1.);
#5589 = DIRECTION('',(0.,0.,1.));
#5590 = ORIENTED_EDGE('',*,*,#4754,.F.);
#5591 = PLANE('',#5592);
#5592 = AXIS2_PLACEMENT_3D('',#5593,#5594,#5595);
#5593 = CARTESIAN_POINT('',(-1.27,-6.096,0.));
#5594 = DIRECTION('',(0.707106781187,0.707106781187,0.));
#5595 = DIRECTION('',(0.707106781187,-0.707106781187,0.));
#5596 = ADVANCED_FACE('',(#5597),#5608,.F.);
#5597 = FACE_BOUND('',#5598,.F.);
#5598 = EDGE_LOOP('',(#5599,#5605,#5606,#5607));
#5599 = ORIENTED_EDGE('',*,*,#5600,.T.);
#5600 = EDGE_CURVE('',#4819,#5148,#5601,.T.);
#5601 = LINE('',#5602,#5603);
#5602 = CARTESIAN_POINT('',(1.27,-6.096,0.));
#5603 = VECTOR('',#5604,1.);
#5604 = DIRECTION('',(0.,0.,1.));
#5605 = ORIENTED_EDGE('',*,*,#5155,.T.);
#5606 = ORIENTED_EDGE('',*,*,#5566,.F.);
#5607 = ORIENTED_EDGE('',*,*,#4826,.F.);
#5608 = PLANE('',#5609);
#5609 = AXIS2_PLACEMENT_3D('',#5610,#5611,#5612);
#5610 = CARTESIAN_POINT('',(1.27,-6.096,0.));
#5611 = DIRECTION('',(-1.,0.,0.));
#5612 = DIRECTION('',(0.,1.,0.));
#5613 = ADVANCED_FACE('',(#5614),#5625,.F.);
#5614 = FACE_BOUND('',#5615,.F.);
#5615 = EDGE_LOOP('',(#5616,#5617,#5618,#5624));
#5616 = ORIENTED_EDGE('',*,*,#5585,.T.);
#5617 = ORIENTED_EDGE('',*,*,#5091,.T.);
#5618 = ORIENTED_EDGE('',*,*,#5619,.F.);
#5619 = EDGE_CURVE('',#4763,#5092,#5620,.T.);
#5620 = LINE('',#5621,#5622);
#5621 = CARTESIAN_POINT('',(-1.27,-6.604,0.));
#5622 = VECTOR('',#5623,1.);
#5623 = DIRECTION('',(0.,0.,1.));
#5624 = ORIENTED_EDGE('',*,*,#4762,.F.);
#5625 = PLANE('',#5626);
#5626 = AXIS2_PLACEMENT_3D('',#5627,#5628,#5629);
#5627 = CARTESIAN_POINT('',(-1.016,-6.35,0.));
#5628 = DIRECTION('',(0.707106781187,-0.707106781187,0.));
#5629 = DIRECTION('',(-0.707106781187,-0.707106781187,0.));
#5630 = ADVANCED_FACE('',(#5631),#5642,.F.);
#5631 = FACE_BOUND('',#5632,.F.);
#5632 = EDGE_LOOP('',(#5633,#5639,#5640,#5641));
#5633 = ORIENTED_EDGE('',*,*,#5634,.T.);
#5634 = EDGE_CURVE('',#4811,#5140,#5635,.T.);
#5635 = LINE('',#5636,#5637);
#5636 = CARTESIAN_POINT('',(1.016,-6.35,0.));
#5637 = VECTOR('',#5638,1.);
#5638 = DIRECTION('',(0.,0.,1.));
#5639 = ORIENTED_EDGE('',*,*,#5147,.T.);
#5640 = ORIENTED_EDGE('',*,*,#5600,.F.);
#5641 = ORIENTED_EDGE('',*,*,#4818,.F.);
#5642 = PLANE('',#5643);
#5643 = AXIS2_PLACEMENT_3D('',#5644,#5645,#5646);
#5644 = CARTESIAN_POINT('',(1.016,-6.35,0.));
#5645 = DIRECTION('',(-0.707106781187,0.707106781187,0.));
#5646 = DIRECTION('',(0.707106781187,0.707106781187,0.));
#5647 = ADVANCED_FACE('',(#5648),#5659,.F.);
#5648 = FACE_BOUND('',#5649,.F.);
#5649 = EDGE_LOOP('',(#5650,#5651,#5652,#5658));
#5650 = ORIENTED_EDGE('',*,*,#5619,.T.);
#5651 = ORIENTED_EDGE('',*,*,#5099,.T.);
#5652 = ORIENTED_EDGE('',*,*,#5653,.F.);
#5653 = EDGE_CURVE('',#4771,#5100,#5654,.T.);
#5654 = LINE('',#5655,#5656);
#5655 = CARTESIAN_POINT('',(-1.27,-8.636,0.));
#5656 = VECTOR('',#5657,1.);
#5657 = DIRECTION('',(0.,0.,1.));
#5658 = ORIENTED_EDGE('',*,*,#4770,.F.);
#5659 = PLANE('',#5660);
#5660 = AXIS2_PLACEMENT_3D('',#5661,#5662,#5663);
#5661 = CARTESIAN_POINT('',(-1.27,-6.604,0.));
#5662 = DIRECTION('',(1.,0.,0.));
#5663 = DIRECTION('',(0.,-1.,0.));
#5664 = ADVANCED_FACE('',(#5665),#5676,.F.);
#5665 = FACE_BOUND('',#5666,.F.);
#5666 = EDGE_LOOP('',(#5667,#5673,#5674,#5675));
#5667 = ORIENTED_EDGE('',*,*,#5668,.T.);
#5668 = EDGE_CURVE('',#4803,#5132,#5669,.T.);
#5669 = LINE('',#5670,#5671);
#5670 = CARTESIAN_POINT('',(1.27,-6.604,0.));
#5671 = VECTOR('',#5672,1.);
#5672 = DIRECTION('',(0.,0.,1.));
#5673 = ORIENTED_EDGE('',*,*,#5139,.T.);
#5674 = ORIENTED_EDGE('',*,*,#5634,.F.);
#5675 = ORIENTED_EDGE('',*,*,#4810,.F.);
#5676 = PLANE('',#5677);
#5677 = AXIS2_PLACEMENT_3D('',#5678,#5679,#5680);
#5678 = CARTESIAN_POINT('',(1.27,-6.604,0.));
#5679 = DIRECTION('',(-0.707106781187,-0.707106781187,0.));
#5680 = DIRECTION('',(-0.707106781187,0.707106781187,0.));
#5681 = ADVANCED_FACE('',(#5682),#5693,.F.);
#5682 = FACE_BOUND('',#5683,.F.);
#5683 = EDGE_LOOP('',(#5684,#5685,#5686,#5692));
#5684 = ORIENTED_EDGE('',*,*,#5653,.T.);
#5685 = ORIENTED_EDGE('',*,*,#5107,.T.);
#5686 = ORIENTED_EDGE('',*,*,#5687,.F.);
#5687 = EDGE_CURVE('',#4779,#5108,#5688,.T.);
#5688 = LINE('',#5689,#5690);
#5689 = CARTESIAN_POINT('',(-1.016,-8.89,0.));
#5690 = VECTOR('',#5691,1.);
#5691 = DIRECTION('',(0.,0.,1.));
#5692 = ORIENTED_EDGE('',*,*,#4778,.F.);
#5693 = PLANE('',#5694);
#5694 = AXIS2_PLACEMENT_3D('',#5695,#5696,#5697);
#5695 = CARTESIAN_POINT('',(-1.27,-8.636,0.));
#5696 = DIRECTION('',(0.707106781187,0.707106781187,0.));
#5697 = DIRECTION('',(0.707106781187,-0.707106781187,0.));
#5698 = ADVANCED_FACE('',(#5699),#5710,.F.);
#5699 = FACE_BOUND('',#5700,.F.);
#5700 = EDGE_LOOP('',(#5701,#5707,#5708,#5709));
#5701 = ORIENTED_EDGE('',*,*,#5702,.T.);
#5702 = EDGE_CURVE('',#4795,#5124,#5703,.T.);
#5703 = LINE('',#5704,#5705);
#5704 = CARTESIAN_POINT('',(1.27,-8.636,0.));
#5705 = VECTOR('',#5706,1.);
#5706 = DIRECTION('',(0.,0.,1.));
#5707 = ORIENTED_EDGE('',*,*,#5131,.T.);
#5708 = ORIENTED_EDGE('',*,*,#5668,.F.);
#5709 = ORIENTED_EDGE('',*,*,#4802,.F.);
#5710 = PLANE('',#5711);
#5711 = AXIS2_PLACEMENT_3D('',#5712,#5713,#5714);
#5712 = CARTESIAN_POINT('',(1.27,-8.636,0.));
#5713 = DIRECTION('',(-1.,0.,0.));
#5714 = DIRECTION('',(0.,1.,0.));
#5715 = ADVANCED_FACE('',(#5716),#5727,.F.);
#5716 = FACE_BOUND('',#5717,.F.);
#5717 = EDGE_LOOP('',(#5718,#5719,#5720,#5726));
#5718 = ORIENTED_EDGE('',*,*,#5687,.T.);
#5719 = ORIENTED_EDGE('',*,*,#5115,.T.);
#5720 = ORIENTED_EDGE('',*,*,#5721,.F.);
#5721 = EDGE_CURVE('',#4787,#5116,#5722,.T.);
#5722 = LINE('',#5723,#5724);
#5723 = CARTESIAN_POINT('',(1.016,-8.89,0.));
#5724 = VECTOR('',#5725,1.);
#5725 = DIRECTION('',(0.,0.,1.));
#5726 = ORIENTED_EDGE('',*,*,#4786,.F.);
#5727 = PLANE('',#5728);
#5728 = AXIS2_PLACEMENT_3D('',#5729,#5730,#5731);
#5729 = CARTESIAN_POINT('',(-1.016,-8.89,0.));
#5730 = DIRECTION('',(0.,1.,0.));
#5731 = DIRECTION('',(1.,0.,0.));
#5732 = ADVANCED_FACE('',(#5733),#5739,.F.);
#5733 = FACE_BOUND('',#5734,.F.);
#5734 = EDGE_LOOP('',(#5735,#5736,#5737,#5738));
#5735 = ORIENTED_EDGE('',*,*,#5721,.T.);
#5736 = ORIENTED_EDGE('',*,*,#5123,.T.);
#5737 = ORIENTED_EDGE('',*,*,#5702,.F.);
#5738 = ORIENTED_EDGE('',*,*,#4794,.F.);
#5739 = PLANE('',#5740);
#5740 = AXIS2_PLACEMENT_3D('',#5741,#5742,#5743);
#5741 = CARTESIAN_POINT('',(1.016,-8.89,0.));
#5742 = DIRECTION('',(-0.707106781187,0.707106781187,0.));
#5743 = DIRECTION('',(0.707106781187,0.707106781187,0.));
#5744 = ADVANCED_FACE('',(#5745),#5770,.T.);
#5745 = FACE_BOUND('',#5746,.T.);
#5746 = EDGE_LOOP('',(#5747,#5755,#5763,#5769));
#5747 = ORIENTED_EDGE('',*,*,#5748,.F.);
#5748 = EDGE_CURVE('',#5749,#4892,#5751,.T.);
#5749 = VERTEX_POINT('',#5750);
#5750 = CARTESIAN_POINT('',(0.32,-4.76,-2.84));
#5751 = LINE('',#5752,#5753);
#5752 = CARTESIAN_POINT('',(0.32,-4.76,-3.));
#5753 = VECTOR('',#5754,1.);
#5754 = DIRECTION('',(0.,0.,1.));
#5755 = ORIENTED_EDGE('',*,*,#5756,.F.);
#5756 = EDGE_CURVE('',#5757,#5749,#5759,.T.);
#5757 = VERTEX_POINT('',#5758);
#5758 = CARTESIAN_POINT('',(-0.32,-4.76,-2.84));
#5759 = LINE('',#5760,#5761);
#5760 = CARTESIAN_POINT('',(-0.32,-4.76,-2.84));
#5761 = VECTOR('',#5762,1.);
#5762 = DIRECTION('',(1.,0.,0.));
#5763 = ORIENTED_EDGE('',*,*,#5764,.T.);
#5764 = EDGE_CURVE('',#5757,#4894,#5765,.T.);
#5765 = LINE('',#5766,#5767);
#5766 = CARTESIAN_POINT('',(-0.32,-4.76,-3.));
#5767 = VECTOR('',#5768,1.);
#5768 = DIRECTION('',(0.,0.,1.));
#5769 = ORIENTED_EDGE('',*,*,#4891,.F.);
#5770 = PLANE('',#5771);
#5771 = AXIS2_PLACEMENT_3D('',#5772,#5773,#5774);
#5772 = CARTESIAN_POINT('',(-0.32,-4.76,-3.));
#5773 = DIRECTION('',(0.,1.,0.));
#5774 = DIRECTION('',(0.,-0.,1.));
#5775 = ADVANCED_FACE('',(#5776),#5794,.F.);
#5776 = FACE_BOUND('',#5777,.F.);
#5777 = EDGE_LOOP('',(#5778,#5786,#5792,#5793));
#5778 = ORIENTED_EDGE('',*,*,#5779,.F.);
#5779 = EDGE_CURVE('',#5780,#4910,#5782,.T.);
#5780 = VERTEX_POINT('',#5781);
#5781 = CARTESIAN_POINT('',(-0.32,-5.4,-2.84));
#5782 = LINE('',#5783,#5784);
#5783 = CARTESIAN_POINT('',(-0.32,-5.4,-3.));
#5784 = VECTOR('',#5785,1.);
#5785 = DIRECTION('',(0.,0.,1.));
#5786 = ORIENTED_EDGE('',*,*,#5787,.T.);
#5787 = EDGE_CURVE('',#5780,#5757,#5788,.T.);
#5788 = LINE('',#5789,#5790);
#5789 = CARTESIAN_POINT('',(-0.32,-5.4,-2.84));
#5790 = VECTOR('',#5791,1.);
#5791 = DIRECTION('',(0.,1.,0.));
#5792 = ORIENTED_EDGE('',*,*,#5764,.T.);
#5793 = ORIENTED_EDGE('',*,*,#4917,.F.);
#5794 = PLANE('',#5795);
#5795 = AXIS2_PLACEMENT_3D('',#5796,#5797,#5798);
#5796 = CARTESIAN_POINT('',(-0.32,-5.4,-3.));
#5797 = DIRECTION('',(1.,0.,0.));
#5798 = DIRECTION('',(0.,0.,1.));
#5799 = ADVANCED_FACE('',(#5800),#5818,.F.);
#5800 = FACE_BOUND('',#5801,.F.);
#5801 = EDGE_LOOP('',(#5802,#5810,#5816,#5817));
#5802 = ORIENTED_EDGE('',*,*,#5803,.F.);
#5803 = EDGE_CURVE('',#5804,#4902,#5806,.T.);
#5804 = VERTEX_POINT('',#5805);
#5805 = CARTESIAN_POINT('',(0.32,-5.4,-2.84));
#5806 = LINE('',#5807,#5808);
#5807 = CARTESIAN_POINT('',(0.32,-5.4,-3.));
#5808 = VECTOR('',#5809,1.);
#5809 = DIRECTION('',(0.,0.,1.));
#5810 = ORIENTED_EDGE('',*,*,#5811,.F.);
#5811 = EDGE_CURVE('',#5780,#5804,#5812,.T.);
#5812 = LINE('',#5813,#5814);
#5813 = CARTESIAN_POINT('',(-0.32,-5.4,-2.84));
#5814 = VECTOR('',#5815,1.);
#5815 = DIRECTION('',(1.,0.,0.));
#5816 = ORIENTED_EDGE('',*,*,#5779,.T.);
#5817 = ORIENTED_EDGE('',*,*,#4909,.F.);
#5818 = PLANE('',#5819);
#5819 = AXIS2_PLACEMENT_3D('',#5820,#5821,#5822);
#5820 = CARTESIAN_POINT('',(-0.32,-5.4,-3.));
#5821 = DIRECTION('',(0.,1.,0.));
#5822 = DIRECTION('',(0.,-0.,1.));
#5823 = ADVANCED_FACE('',(#5824),#5835,.T.);
#5824 = FACE_BOUND('',#5825,.T.);
#5825 = EDGE_LOOP('',(#5826,#5827,#5833,#5834));
#5826 = ORIENTED_EDGE('',*,*,#5803,.F.);
#5827 = ORIENTED_EDGE('',*,*,#5828,.T.);
#5828 = EDGE_CURVE('',#5804,#5749,#5829,.T.);
#5829 = LINE('',#5830,#5831);
#5830 = CARTESIAN_POINT('',(0.32,-5.4,-2.84));
#5831 = VECTOR('',#5832,1.);
#5832 = DIRECTION('',(0.,1.,0.));
#5833 = ORIENTED_EDGE('',*,*,#5748,.T.);
#5834 = ORIENTED_EDGE('',*,*,#4901,.F.);
#5835 = PLANE('',#5836);
#5836 = AXIS2_PLACEMENT_3D('',#5837,#5838,#5839);
#5837 = CARTESIAN_POINT('',(0.32,-5.4,-3.));
#5838 = DIRECTION('',(1.,0.,0.));
#5839 = DIRECTION('',(0.,0.,1.));
#5840 = ADVANCED_FACE('',(#5841),#5866,.T.);
#5841 = FACE_BOUND('',#5842,.T.);
#5842 = EDGE_LOOP('',(#5843,#5851,#5859,#5865));
#5843 = ORIENTED_EDGE('',*,*,#5844,.F.);
#5844 = EDGE_CURVE('',#5845,#4926,#5847,.T.);
#5845 = VERTEX_POINT('',#5846);
#5846 = CARTESIAN_POINT('',(0.32,-7.94,-2.84));
#5847 = LINE('',#5848,#5849);
#5848 = CARTESIAN_POINT('',(0.32,-7.94,-3.));
#5849 = VECTOR('',#5850,1.);
#5850 = DIRECTION('',(0.,0.,1.));
#5851 = ORIENTED_EDGE('',*,*,#5852,.T.);
#5852 = EDGE_CURVE('',#5845,#5853,#5855,.T.);
#5853 = VERTEX_POINT('',#5854);
#5854 = CARTESIAN_POINT('',(0.32,-7.3,-2.84));
#5855 = LINE('',#5856,#5857);
#5856 = CARTESIAN_POINT('',(0.32,-7.94,-2.84));
#5857 = VECTOR('',#5858,1.);
#5858 = DIRECTION('',(0.,1.,0.));
#5859 = ORIENTED_EDGE('',*,*,#5860,.T.);
#5860 = EDGE_CURVE('',#5853,#4928,#5861,.T.);
#5861 = LINE('',#5862,#5863);
#5862 = CARTESIAN_POINT('',(0.32,-7.3,-3.));
#5863 = VECTOR('',#5864,1.);
#5864 = DIRECTION('',(0.,0.,1.));
#5865 = ORIENTED_EDGE('',*,*,#4925,.F.);
#5866 = PLANE('',#5867);
#5867 = AXIS2_PLACEMENT_3D('',#5868,#5869,#5870);
#5868 = CARTESIAN_POINT('',(0.32,-7.94,-3.));
#5869 = DIRECTION('',(1.,0.,0.));
#5870 = DIRECTION('',(0.,0.,1.));
#5871 = ADVANCED_FACE('',(#5872),#5890,.T.);
#5872 = FACE_BOUND('',#5873,.T.);
#5873 = EDGE_LOOP('',(#5874,#5875,#5883,#5889));
#5874 = ORIENTED_EDGE('',*,*,#5860,.F.);
#5875 = ORIENTED_EDGE('',*,*,#5876,.F.);
#5876 = EDGE_CURVE('',#5877,#5853,#5879,.T.);
#5877 = VERTEX_POINT('',#5878);
#5878 = CARTESIAN_POINT('',(-0.32,-7.3,-2.84));
#5879 = LINE('',#5880,#5881);
#5880 = CARTESIAN_POINT('',(-0.32,-7.3,-2.84));
#5881 = VECTOR('',#5882,1.);
#5882 = DIRECTION('',(1.,0.,0.));
#5883 = ORIENTED_EDGE('',*,*,#5884,.T.);
#5884 = EDGE_CURVE('',#5877,#4944,#5885,.T.);
#5885 = LINE('',#5886,#5887);
#5886 = CARTESIAN_POINT('',(-0.32,-7.3,-3.));
#5887 = VECTOR('',#5888,1.);
#5888 = DIRECTION('',(0.,0.,1.));
#5889 = ORIENTED_EDGE('',*,*,#4951,.F.);
#5890 = PLANE('',#5891);
#5891 = AXIS2_PLACEMENT_3D('',#5892,#5893,#5894);
#5892 = CARTESIAN_POINT('',(-0.32,-7.3,-3.));
#5893 = DIRECTION('',(0.,1.,0.));
#5894 = DIRECTION('',(0.,-0.,1.));
#5895 = ADVANCED_FACE('',(#5896),#5914,.F.);
#5896 = FACE_BOUND('',#5897,.F.);
#5897 = EDGE_LOOP('',(#5898,#5906,#5912,#5913));
#5898 = ORIENTED_EDGE('',*,*,#5899,.F.);
#5899 = EDGE_CURVE('',#5900,#4936,#5902,.T.);
#5900 = VERTEX_POINT('',#5901);
#5901 = CARTESIAN_POINT('',(-0.32,-7.94,-2.84));
#5902 = LINE('',#5903,#5904);
#5903 = CARTESIAN_POINT('',(-0.32,-7.94,-3.));
#5904 = VECTOR('',#5905,1.);
#5905 = DIRECTION('',(0.,0.,1.));
#5906 = ORIENTED_EDGE('',*,*,#5907,.T.);
#5907 = EDGE_CURVE('',#5900,#5877,#5908,.T.);
#5908 = LINE('',#5909,#5910);
#5909 = CARTESIAN_POINT('',(-0.32,-7.94,-2.84));
#5910 = VECTOR('',#5911,1.);
#5911 = DIRECTION('',(0.,1.,0.));
#5912 = ORIENTED_EDGE('',*,*,#5884,.T.);
#5913 = ORIENTED_EDGE('',*,*,#4943,.F.);
#5914 = PLANE('',#5915);
#5915 = AXIS2_PLACEMENT_3D('',#5916,#5917,#5918);
#5916 = CARTESIAN_POINT('',(-0.32,-7.94,-3.));
#5917 = DIRECTION('',(1.,0.,0.));
#5918 = DIRECTION('',(0.,0.,1.));
#5919 = ADVANCED_FACE('',(#5920),#5931,.F.);
#5920 = FACE_BOUND('',#5921,.F.);
#5921 = EDGE_LOOP('',(#5922,#5923,#5929,#5930));
#5922 = ORIENTED_EDGE('',*,*,#5844,.F.);
#5923 = ORIENTED_EDGE('',*,*,#5924,.F.);
#5924 = EDGE_CURVE('',#5900,#5845,#5925,.T.);
#5925 = LINE('',#5926,#5927);
#5926 = CARTESIAN_POINT('',(-0.32,-7.94,-2.84));
#5927 = VECTOR('',#5928,1.);
#5928 = DIRECTION('',(1.,0.,0.));
#5929 = ORIENTED_EDGE('',*,*,#5899,.T.);
#5930 = ORIENTED_EDGE('',*,*,#4935,.F.);
#5931 = PLANE('',#5932);
#5932 = AXIS2_PLACEMENT_3D('',#5933,#5934,#5935);
#5933 = CARTESIAN_POINT('',(-0.32,-7.94,-3.));
#5934 = DIRECTION('',(0.,1.,0.));
#5935 = DIRECTION('',(0.,-0.,1.));
#5936 = ADVANCED_FACE('',(#5937),#5962,.T.);
#5937 = FACE_BOUND('',#5938,.T.);
#5938 = EDGE_LOOP('',(#5939,#5947,#5955,#5961));
#5939 = ORIENTED_EDGE('',*,*,#5940,.F.);
#5940 = EDGE_CURVE('',#5941,#4960,#5943,.T.);
#5941 = VERTEX_POINT('',#5942);
#5942 = CARTESIAN_POINT('',(0.32,-0.32,-2.84));
#5943 = LINE('',#5944,#5945);
#5944 = CARTESIAN_POINT('',(0.32,-0.32,-3.));
#5945 = VECTOR('',#5946,1.);
#5946 = DIRECTION('',(0.,0.,1.));
#5947 = ORIENTED_EDGE('',*,*,#5948,.T.);
#5948 = EDGE_CURVE('',#5941,#5949,#5951,.T.);
#5949 = VERTEX_POINT('',#5950);
#5950 = CARTESIAN_POINT('',(0.32,0.32,-2.84));
#5951 = LINE('',#5952,#5953);
#5952 = CARTESIAN_POINT('',(0.32,-0.32,-2.84));
#5953 = VECTOR('',#5954,1.);
#5954 = DIRECTION('',(0.,1.,0.));
#5955 = ORIENTED_EDGE('',*,*,#5956,.T.);
#5956 = EDGE_CURVE('',#5949,#4962,#5957,.T.);
#5957 = LINE('',#5958,#5959);
#5958 = CARTESIAN_POINT('',(0.32,0.32,-3.));
#5959 = VECTOR('',#5960,1.);
#5960 = DIRECTION('',(0.,0.,1.));
#5961 = ORIENTED_EDGE('',*,*,#4959,.F.);
#5962 = PLANE('',#5963);
#5963 = AXIS2_PLACEMENT_3D('',#5964,#5965,#5966);
#5964 = CARTESIAN_POINT('',(0.32,-0.32,-3.));
#5965 = DIRECTION('',(1.,0.,0.));
#5966 = DIRECTION('',(0.,0.,1.));
#5967 = ADVANCED_FACE('',(#5968),#5986,.T.);
#5968 = FACE_BOUND('',#5969,.T.);
#5969 = EDGE_LOOP('',(#5970,#5971,#5979,#5985));
#5970 = ORIENTED_EDGE('',*,*,#5956,.F.);
#5971 = ORIENTED_EDGE('',*,*,#5972,.F.);
#5972 = EDGE_CURVE('',#5973,#5949,#5975,.T.);
#5973 = VERTEX_POINT('',#5974);
#5974 = CARTESIAN_POINT('',(-0.32,0.32,-2.84));
#5975 = LINE('',#5976,#5977);
#5976 = CARTESIAN_POINT('',(-0.32,0.32,-2.84));
#5977 = VECTOR('',#5978,1.);
#5978 = DIRECTION('',(1.,0.,0.));
#5979 = ORIENTED_EDGE('',*,*,#5980,.T.);
#5980 = EDGE_CURVE('',#5973,#4978,#5981,.T.);
#5981 = LINE('',#5982,#5983);
#5982 = CARTESIAN_POINT('',(-0.32,0.32,-3.));
#5983 = VECTOR('',#5984,1.);
#5984 = DIRECTION('',(0.,0.,1.));
#5985 = ORIENTED_EDGE('',*,*,#4985,.F.);
#5986 = PLANE('',#5987);
#5987 = AXIS2_PLACEMENT_3D('',#5988,#5989,#5990);
#5988 = CARTESIAN_POINT('',(-0.32,0.32,-3.));
#5989 = DIRECTION('',(0.,1.,0.));
#5990 = DIRECTION('',(0.,-0.,1.));
#5991 = ADVANCED_FACE('',(#5992),#6010,.F.);
#5992 = FACE_BOUND('',#5993,.F.);
#5993 = EDGE_LOOP('',(#5994,#6002,#6008,#6009));
#5994 = ORIENTED_EDGE('',*,*,#5995,.F.);
#5995 = EDGE_CURVE('',#5996,#4970,#5998,.T.);
#5996 = VERTEX_POINT('',#5997);
#5997 = CARTESIAN_POINT('',(-0.32,-0.32,-2.84));
#5998 = LINE('',#5999,#6000);
#5999 = CARTESIAN_POINT('',(-0.32,-0.32,-3.));
#6000 = VECTOR('',#6001,1.);
#6001 = DIRECTION('',(0.,0.,1.));
#6002 = ORIENTED_EDGE('',*,*,#6003,.T.);
#6003 = EDGE_CURVE('',#5996,#5973,#6004,.T.);
#6004 = LINE('',#6005,#6006);
#6005 = CARTESIAN_POINT('',(-0.32,-0.32,-2.84));
#6006 = VECTOR('',#6007,1.);
#6007 = DIRECTION('',(0.,1.,0.));
#6008 = ORIENTED_EDGE('',*,*,#5980,.T.);
#6009 = ORIENTED_EDGE('',*,*,#4977,.F.);
#6010 = PLANE('',#6011);
#6011 = AXIS2_PLACEMENT_3D('',#6012,#6013,#6014);
#6012 = CARTESIAN_POINT('',(-0.32,-0.32,-3.));
#6013 = DIRECTION('',(1.,0.,0.));
#6014 = DIRECTION('',(0.,0.,1.));
#6015 = ADVANCED_FACE('',(#6016),#6027,.F.);
#6016 = FACE_BOUND('',#6017,.F.);
#6017 = EDGE_LOOP('',(#6018,#6019,#6025,#6026));
#6018 = ORIENTED_EDGE('',*,*,#5940,.F.);
#6019 = ORIENTED_EDGE('',*,*,#6020,.F.);
#6020 = EDGE_CURVE('',#5996,#5941,#6021,.T.);
#6021 = LINE('',#6022,#6023);
#6022 = CARTESIAN_POINT('',(-0.32,-0.32,-2.84));
#6023 = VECTOR('',#6024,1.);
#6024 = DIRECTION('',(1.,0.,0.));
#6025 = ORIENTED_EDGE('',*,*,#5995,.T.);
#6026 = ORIENTED_EDGE('',*,*,#4969,.F.);
#6027 = PLANE('',#6028);
#6028 = AXIS2_PLACEMENT_3D('',#6029,#6030,#6031);
#6029 = CARTESIAN_POINT('',(-0.32,-0.32,-3.));
#6030 = DIRECTION('',(0.,1.,0.));
#6031 = DIRECTION('',(0.,-0.,1.));
#6032 = ADVANCED_FACE('',(#6033),#6058,.T.);
#6033 = FACE_BOUND('',#6034,.T.);
#6034 = EDGE_LOOP('',(#6035,#6043,#6051,#6057));
#6035 = ORIENTED_EDGE('',*,*,#6036,.F.);
#6036 = EDGE_CURVE('',#6037,#4994,#6039,.T.);
#6037 = VERTEX_POINT('',#6038);
#6038 = CARTESIAN_POINT('',(0.32,-2.22,-2.84));
#6039 = LINE('',#6040,#6041);
#6040 = CARTESIAN_POINT('',(0.32,-2.22,-3.));
#6041 = VECTOR('',#6042,1.);
#6042 = DIRECTION('',(0.,0.,1.));
#6043 = ORIENTED_EDGE('',*,*,#6044,.F.);
#6044 = EDGE_CURVE('',#6045,#6037,#6047,.T.);
#6045 = VERTEX_POINT('',#6046);
#6046 = CARTESIAN_POINT('',(-0.32,-2.22,-2.84));
#6047 = LINE('',#6048,#6049);
#6048 = CARTESIAN_POINT('',(-0.32,-2.22,-2.84));
#6049 = VECTOR('',#6050,1.);
#6050 = DIRECTION('',(1.,0.,0.));
#6051 = ORIENTED_EDGE('',*,*,#6052,.T.);
#6052 = EDGE_CURVE('',#6045,#4996,#6053,.T.);
#6053 = LINE('',#6054,#6055);
#6054 = CARTESIAN_POINT('',(-0.32,-2.22,-3.));
#6055 = VECTOR('',#6056,1.);
#6056 = DIRECTION('',(0.,0.,1.));
#6057 = ORIENTED_EDGE('',*,*,#4993,.F.);
#6058 = PLANE('',#6059);
#6059 = AXIS2_PLACEMENT_3D('',#6060,#6061,#6062);
#6060 = CARTESIAN_POINT('',(-0.32,-2.22,-3.));
#6061 = DIRECTION('',(0.,1.,0.));
#6062 = DIRECTION('',(0.,-0.,1.));
#6063 = ADVANCED_FACE('',(#6064),#6082,.F.);
#6064 = FACE_BOUND('',#6065,.F.);
#6065 = EDGE_LOOP('',(#6066,#6074,#6080,#6081));
#6066 = ORIENTED_EDGE('',*,*,#6067,.F.);
#6067 = EDGE_CURVE('',#6068,#5012,#6070,.T.);
#6068 = VERTEX_POINT('',#6069);
#6069 = CARTESIAN_POINT('',(-0.32,-2.86,-2.84));
#6070 = LINE('',#6071,#6072);
#6071 = CARTESIAN_POINT('',(-0.32,-2.86,-3.));
#6072 = VECTOR('',#6073,1.);
#6073 = DIRECTION('',(0.,0.,1.));
#6074 = ORIENTED_EDGE('',*,*,#6075,.T.);
#6075 = EDGE_CURVE('',#6068,#6045,#6076,.T.);
#6076 = LINE('',#6077,#6078);
#6077 = CARTESIAN_POINT('',(-0.32,-2.86,-2.84));
#6078 = VECTOR('',#6079,1.);
#6079 = DIRECTION('',(0.,1.,0.));
#6080 = ORIENTED_EDGE('',*,*,#6052,.T.);
#6081 = ORIENTED_EDGE('',*,*,#5019,.F.);
#6082 = PLANE('',#6083);
#6083 = AXIS2_PLACEMENT_3D('',#6084,#6085,#6086);
#6084 = CARTESIAN_POINT('',(-0.32,-2.86,-3.));
#6085 = DIRECTION('',(1.,0.,0.));
#6086 = DIRECTION('',(0.,0.,1.));
#6087 = ADVANCED_FACE('',(#6088),#6106,.F.);
#6088 = FACE_BOUND('',#6089,.F.);
#6089 = EDGE_LOOP('',(#6090,#6098,#6104,#6105));
#6090 = ORIENTED_EDGE('',*,*,#6091,.F.);
#6091 = EDGE_CURVE('',#6092,#5004,#6094,.T.);
#6092 = VERTEX_POINT('',#6093);
#6093 = CARTESIAN_POINT('',(0.32,-2.86,-2.84));
#6094 = LINE('',#6095,#6096);
#6095 = CARTESIAN_POINT('',(0.32,-2.86,-3.));
#6096 = VECTOR('',#6097,1.);
#6097 = DIRECTION('',(0.,0.,1.));
#6098 = ORIENTED_EDGE('',*,*,#6099,.F.);
#6099 = EDGE_CURVE('',#6068,#6092,#6100,.T.);
#6100 = LINE('',#6101,#6102);
#6101 = CARTESIAN_POINT('',(-0.32,-2.86,-2.84));
#6102 = VECTOR('',#6103,1.);
#6103 = DIRECTION('',(1.,0.,0.));
#6104 = ORIENTED_EDGE('',*,*,#6067,.T.);
#6105 = ORIENTED_EDGE('',*,*,#5011,.F.);
#6106 = PLANE('',#6107);
#6107 = AXIS2_PLACEMENT_3D('',#6108,#6109,#6110);
#6108 = CARTESIAN_POINT('',(-0.32,-2.86,-3.));
#6109 = DIRECTION('',(0.,1.,0.));
#6110 = DIRECTION('',(0.,-0.,1.));
#6111 = ADVANCED_FACE('',(#6112),#6123,.T.);
#6112 = FACE_BOUND('',#6113,.T.);
#6113 = EDGE_LOOP('',(#6114,#6115,#6121,#6122));
#6114 = ORIENTED_EDGE('',*,*,#6091,.F.);
#6115 = ORIENTED_EDGE('',*,*,#6116,.T.);
#6116 = EDGE_CURVE('',#6092,#6037,#6117,.T.);
#6117 = LINE('',#6118,#6119);
#6118 = CARTESIAN_POINT('',(0.32,-2.86,-2.84));
#6119 = VECTOR('',#6120,1.);
#6120 = DIRECTION('',(0.,1.,0.));
#6121 = ORIENTED_EDGE('',*,*,#6036,.T.);
#6122 = ORIENTED_EDGE('',*,*,#5003,.F.);
#6123 = PLANE('',#6124);
#6124 = AXIS2_PLACEMENT_3D('',#6125,#6126,#6127);
#6125 = CARTESIAN_POINT('',(0.32,-2.86,-3.));
#6126 = DIRECTION('',(1.,0.,0.));
#6127 = DIRECTION('',(0.,0.,1.));
#6128 = ADVANCED_FACE('',(#6129),#6154,.T.);
#6129 = FACE_BOUND('',#6130,.T.);
#6130 = EDGE_LOOP('',(#6131,#6139,#6140,#6148));
#6131 = ORIENTED_EDGE('',*,*,#6132,.F.);
#6132 = EDGE_CURVE('',#5221,#6133,#6135,.T.);
#6133 = VERTEX_POINT('',#6134);
#6134 = CARTESIAN_POINT('',(0.32,-4.76,8.38));
#6135 = LINE('',#6136,#6137);
#6136 = CARTESIAN_POINT('',(0.32,-4.76,-3.));
#6137 = VECTOR('',#6138,1.);
#6138 = DIRECTION('',(0.,0.,1.));
#6139 = ORIENTED_EDGE('',*,*,#5220,.T.);
#6140 = ORIENTED_EDGE('',*,*,#6141,.T.);
#6141 = EDGE_CURVE('',#5223,#6142,#6144,.T.);
#6142 = VERTEX_POINT('',#6143);
#6143 = CARTESIAN_POINT('',(-0.32,-4.76,8.38));
#6144 = LINE('',#6145,#6146);
#6145 = CARTESIAN_POINT('',(-0.32,-4.76,-3.));
#6146 = VECTOR('',#6147,1.);
#6147 = DIRECTION('',(0.,0.,1.));
#6148 = ORIENTED_EDGE('',*,*,#6149,.T.);
#6149 = EDGE_CURVE('',#6142,#6133,#6150,.T.);
#6150 = LINE('',#6151,#6152);
#6151 = CARTESIAN_POINT('',(-0.32,-4.76,8.38));
#6152 = VECTOR('',#6153,1.);
#6153 = DIRECTION('',(1.,0.,0.));
#6154 = PLANE('',#6155);
#6155 = AXIS2_PLACEMENT_3D('',#6156,#6157,#6158);
#6156 = CARTESIAN_POINT('',(-0.32,-4.76,-3.));
#6157 = DIRECTION('',(0.,1.,0.));
#6158 = DIRECTION('',(0.,-0.,1.));
#6159 = ADVANCED_FACE('',(#6160),#6178,.F.);
#6160 = FACE_BOUND('',#6161,.F.);
#6161 = EDGE_LOOP('',(#6162,#6170,#6171,#6172));
#6162 = ORIENTED_EDGE('',*,*,#6163,.F.);
#6163 = EDGE_CURVE('',#5239,#6164,#6166,.T.);
#6164 = VERTEX_POINT('',#6165);
#6165 = CARTESIAN_POINT('',(-0.32,-5.4,8.38));
#6166 = LINE('',#6167,#6168);
#6167 = CARTESIAN_POINT('',(-0.32,-5.4,-3.));
#6168 = VECTOR('',#6169,1.);
#6169 = DIRECTION('',(0.,0.,1.));
#6170 = ORIENTED_EDGE('',*,*,#5246,.T.);
#6171 = ORIENTED_EDGE('',*,*,#6141,.T.);
#6172 = ORIENTED_EDGE('',*,*,#6173,.F.);
#6173 = EDGE_CURVE('',#6164,#6142,#6174,.T.);
#6174 = LINE('',#6175,#6176);
#6175 = CARTESIAN_POINT('',(-0.32,-5.4,8.38));
#6176 = VECTOR('',#6177,1.);
#6177 = DIRECTION('',(0.,1.,0.));
#6178 = PLANE('',#6179);
#6179 = AXIS2_PLACEMENT_3D('',#6180,#6181,#6182);
#6180 = CARTESIAN_POINT('',(-0.32,-5.4,-3.));
#6181 = DIRECTION('',(1.,0.,0.));
#6182 = DIRECTION('',(0.,0.,1.));
#6183 = ADVANCED_FACE('',(#6184),#6202,.F.);
#6184 = FACE_BOUND('',#6185,.F.);
#6185 = EDGE_LOOP('',(#6186,#6194,#6195,#6196));
#6186 = ORIENTED_EDGE('',*,*,#6187,.F.);
#6187 = EDGE_CURVE('',#5231,#6188,#6190,.T.);
#6188 = VERTEX_POINT('',#6189);
#6189 = CARTESIAN_POINT('',(0.32,-5.4,8.38));
#6190 = LINE('',#6191,#6192);
#6191 = CARTESIAN_POINT('',(0.32,-5.4,-3.));
#6192 = VECTOR('',#6193,1.);
#6193 = DIRECTION('',(0.,0.,1.));
#6194 = ORIENTED_EDGE('',*,*,#5238,.T.);
#6195 = ORIENTED_EDGE('',*,*,#6163,.T.);
#6196 = ORIENTED_EDGE('',*,*,#6197,.T.);
#6197 = EDGE_CURVE('',#6164,#6188,#6198,.T.);
#6198 = LINE('',#6199,#6200);
#6199 = CARTESIAN_POINT('',(-0.32,-5.4,8.38));
#6200 = VECTOR('',#6201,1.);
#6201 = DIRECTION('',(1.,0.,0.));
#6202 = PLANE('',#6203);
#6203 = AXIS2_PLACEMENT_3D('',#6204,#6205,#6206);
#6204 = CARTESIAN_POINT('',(-0.32,-5.4,-3.));
#6205 = DIRECTION('',(0.,1.,0.));
#6206 = DIRECTION('',(0.,-0.,1.));
#6207 = ADVANCED_FACE('',(#6208),#6219,.T.);
#6208 = FACE_BOUND('',#6209,.T.);
#6209 = EDGE_LOOP('',(#6210,#6211,#6212,#6213));
#6210 = ORIENTED_EDGE('',*,*,#6187,.F.);
#6211 = ORIENTED_EDGE('',*,*,#5230,.T.);
#6212 = ORIENTED_EDGE('',*,*,#6132,.T.);
#6213 = ORIENTED_EDGE('',*,*,#6214,.F.);
#6214 = EDGE_CURVE('',#6188,#6133,#6215,.T.);
#6215 = LINE('',#6216,#6217);
#6216 = CARTESIAN_POINT('',(0.32,-5.4,8.38));
#6217 = VECTOR('',#6218,1.);
#6218 = DIRECTION('',(0.,1.,0.));
#6219 = PLANE('',#6220);
#6220 = AXIS2_PLACEMENT_3D('',#6221,#6222,#6223);
#6221 = CARTESIAN_POINT('',(0.32,-5.4,-3.));
#6222 = DIRECTION('',(1.,0.,0.));
#6223 = DIRECTION('',(0.,0.,1.));
#6224 = ADVANCED_FACE('',(#6225),#6250,.T.);
#6225 = FACE_BOUND('',#6226,.T.);
#6226 = EDGE_LOOP('',(#6227,#6235,#6236,#6244));
#6227 = ORIENTED_EDGE('',*,*,#6228,.F.);
#6228 = EDGE_CURVE('',#5255,#6229,#6231,.T.);
#6229 = VERTEX_POINT('',#6230);
#6230 = CARTESIAN_POINT('',(0.32,-7.94,8.38));
#6231 = LINE('',#6232,#6233);
#6232 = CARTESIAN_POINT('',(0.32,-7.94,-3.));
#6233 = VECTOR('',#6234,1.);
#6234 = DIRECTION('',(0.,0.,1.));
#6235 = ORIENTED_EDGE('',*,*,#5254,.T.);
#6236 = ORIENTED_EDGE('',*,*,#6237,.T.);
#6237 = EDGE_CURVE('',#5257,#6238,#6240,.T.);
#6238 = VERTEX_POINT('',#6239);
#6239 = CARTESIAN_POINT('',(0.32,-7.3,8.38));
#6240 = LINE('',#6241,#6242);
#6241 = CARTESIAN_POINT('',(0.32,-7.3,-3.));
#6242 = VECTOR('',#6243,1.);
#6243 = DIRECTION('',(0.,0.,1.));
#6244 = ORIENTED_EDGE('',*,*,#6245,.F.);
#6245 = EDGE_CURVE('',#6229,#6238,#6246,.T.);
#6246 = LINE('',#6247,#6248);
#6247 = CARTESIAN_POINT('',(0.32,-7.94,8.38));
#6248 = VECTOR('',#6249,1.);
#6249 = DIRECTION('',(0.,1.,0.));
#6250 = PLANE('',#6251);
#6251 = AXIS2_PLACEMENT_3D('',#6252,#6253,#6254);
#6252 = CARTESIAN_POINT('',(0.32,-7.94,-3.));
#6253 = DIRECTION('',(1.,0.,0.));
#6254 = DIRECTION('',(0.,0.,1.));
#6255 = ADVANCED_FACE('',(#6256),#6274,.T.);
#6256 = FACE_BOUND('',#6257,.T.);
#6257 = EDGE_LOOP('',(#6258,#6259,#6260,#6268));
#6258 = ORIENTED_EDGE('',*,*,#6237,.F.);
#6259 = ORIENTED_EDGE('',*,*,#5280,.T.);
#6260 = ORIENTED_EDGE('',*,*,#6261,.T.);
#6261 = EDGE_CURVE('',#5273,#6262,#6264,.T.);
#6262 = VERTEX_POINT('',#6263);
#6263 = CARTESIAN_POINT('',(-0.32,-7.3,8.38));
#6264 = LINE('',#6265,#6266);
#6265 = CARTESIAN_POINT('',(-0.32,-7.3,-3.));
#6266 = VECTOR('',#6267,1.);
#6267 = DIRECTION('',(0.,0.,1.));
#6268 = ORIENTED_EDGE('',*,*,#6269,.T.);
#6269 = EDGE_CURVE('',#6262,#6238,#6270,.T.);
#6270 = LINE('',#6271,#6272);
#6271 = CARTESIAN_POINT('',(-0.32,-7.3,8.38));
#6272 = VECTOR('',#6273,1.);
#6273 = DIRECTION('',(1.,0.,0.));
#6274 = PLANE('',#6275);
#6275 = AXIS2_PLACEMENT_3D('',#6276,#6277,#6278);
#6276 = CARTESIAN_POINT('',(-0.32,-7.3,-3.));
#6277 = DIRECTION('',(0.,1.,0.));
#6278 = DIRECTION('',(0.,-0.,1.));
#6279 = ADVANCED_FACE('',(#6280),#6298,.F.);
#6280 = FACE_BOUND('',#6281,.F.);
#6281 = EDGE_LOOP('',(#6282,#6290,#6291,#6292));
#6282 = ORIENTED_EDGE('',*,*,#6283,.F.);
#6283 = EDGE_CURVE('',#5265,#6284,#6286,.T.);
#6284 = VERTEX_POINT('',#6285);
#6285 = CARTESIAN_POINT('',(-0.32,-7.94,8.38));
#6286 = LINE('',#6287,#6288);
#6287 = CARTESIAN_POINT('',(-0.32,-7.94,-3.));
#6288 = VECTOR('',#6289,1.);
#6289 = DIRECTION('',(0.,0.,1.));
#6290 = ORIENTED_EDGE('',*,*,#5272,.T.);
#6291 = ORIENTED_EDGE('',*,*,#6261,.T.);
#6292 = ORIENTED_EDGE('',*,*,#6293,.F.);
#6293 = EDGE_CURVE('',#6284,#6262,#6294,.T.);
#6294 = LINE('',#6295,#6296);
#6295 = CARTESIAN_POINT('',(-0.32,-7.94,8.38));
#6296 = VECTOR('',#6297,1.);
#6297 = DIRECTION('',(0.,1.,0.));
#6298 = PLANE('',#6299);
#6299 = AXIS2_PLACEMENT_3D('',#6300,#6301,#6302);
#6300 = CARTESIAN_POINT('',(-0.32,-7.94,-3.));
#6301 = DIRECTION('',(1.,0.,0.));
#6302 = DIRECTION('',(0.,0.,1.));
#6303 = ADVANCED_FACE('',(#6304),#6315,.F.);
#6304 = FACE_BOUND('',#6305,.F.);
#6305 = EDGE_LOOP('',(#6306,#6307,#6308,#6309));
#6306 = ORIENTED_EDGE('',*,*,#6228,.F.);
#6307 = ORIENTED_EDGE('',*,*,#5264,.T.);
#6308 = ORIENTED_EDGE('',*,*,#6283,.T.);
#6309 = ORIENTED_EDGE('',*,*,#6310,.T.);
#6310 = EDGE_CURVE('',#6284,#6229,#6311,.T.);
#6311 = LINE('',#6312,#6313);
#6312 = CARTESIAN_POINT('',(-0.32,-7.94,8.38));
#6313 = VECTOR('',#6314,1.);
#6314 = DIRECTION('',(1.,0.,0.));
#6315 = PLANE('',#6316);
#6316 = AXIS2_PLACEMENT_3D('',#6317,#6318,#6319);
#6317 = CARTESIAN_POINT('',(-0.32,-7.94,-3.));
#6318 = DIRECTION('',(0.,1.,0.));
#6319 = DIRECTION('',(0.,-0.,1.));
#6320 = ADVANCED_FACE('',(#6321),#6346,.T.);
#6321 = FACE_BOUND('',#6322,.T.);
#6322 = EDGE_LOOP('',(#6323,#6331,#6332,#6340));
#6323 = ORIENTED_EDGE('',*,*,#6324,.F.);
#6324 = EDGE_CURVE('',#5289,#6325,#6327,.T.);
#6325 = VERTEX_POINT('',#6326);
#6326 = CARTESIAN_POINT('',(0.32,-0.32,8.38));
#6327 = LINE('',#6328,#6329);
#6328 = CARTESIAN_POINT('',(0.32,-0.32,-3.));
#6329 = VECTOR('',#6330,1.);
#6330 = DIRECTION('',(0.,0.,1.));
#6331 = ORIENTED_EDGE('',*,*,#5288,.T.);
#6332 = ORIENTED_EDGE('',*,*,#6333,.T.);
#6333 = EDGE_CURVE('',#5291,#6334,#6336,.T.);
#6334 = VERTEX_POINT('',#6335);
#6335 = CARTESIAN_POINT('',(0.32,0.32,8.38));
#6336 = LINE('',#6337,#6338);
#6337 = CARTESIAN_POINT('',(0.32,0.32,-3.));
#6338 = VECTOR('',#6339,1.);
#6339 = DIRECTION('',(0.,0.,1.));
#6340 = ORIENTED_EDGE('',*,*,#6341,.F.);
#6341 = EDGE_CURVE('',#6325,#6334,#6342,.T.);
#6342 = LINE('',#6343,#6344);
#6343 = CARTESIAN_POINT('',(0.32,-0.32,8.38));
#6344 = VECTOR('',#6345,1.);
#6345 = DIRECTION('',(0.,1.,0.));
#6346 = PLANE('',#6347);
#6347 = AXIS2_PLACEMENT_3D('',#6348,#6349,#6350);
#6348 = CARTESIAN_POINT('',(0.32,-0.32,-3.));
#6349 = DIRECTION('',(1.,0.,0.));
#6350 = DIRECTION('',(0.,0.,1.));
#6351 = ADVANCED_FACE('',(#6352),#6370,.T.);
#6352 = FACE_BOUND('',#6353,.T.);
#6353 = EDGE_LOOP('',(#6354,#6355,#6356,#6364));
#6354 = ORIENTED_EDGE('',*,*,#6333,.F.);
#6355 = ORIENTED_EDGE('',*,*,#5314,.T.);
#6356 = ORIENTED_EDGE('',*,*,#6357,.T.);
#6357 = EDGE_CURVE('',#5307,#6358,#6360,.T.);
#6358 = VERTEX_POINT('',#6359);
#6359 = CARTESIAN_POINT('',(-0.32,0.32,8.38));
#6360 = LINE('',#6361,#6362);
#6361 = CARTESIAN_POINT('',(-0.32,0.32,-3.));
#6362 = VECTOR('',#6363,1.);
#6363 = DIRECTION('',(0.,0.,1.));
#6364 = ORIENTED_EDGE('',*,*,#6365,.T.);
#6365 = EDGE_CURVE('',#6358,#6334,#6366,.T.);
#6366 = LINE('',#6367,#6368);
#6367 = CARTESIAN_POINT('',(-0.32,0.32,8.38));
#6368 = VECTOR('',#6369,1.);
#6369 = DIRECTION('',(1.,0.,0.));
#6370 = PLANE('',#6371);
#6371 = AXIS2_PLACEMENT_3D('',#6372,#6373,#6374);
#6372 = CARTESIAN_POINT('',(-0.32,0.32,-3.));
#6373 = DIRECTION('',(0.,1.,0.));
#6374 = DIRECTION('',(0.,-0.,1.));
#6375 = ADVANCED_FACE('',(#6376),#6394,.F.);
#6376 = FACE_BOUND('',#6377,.F.);
#6377 = EDGE_LOOP('',(#6378,#6386,#6387,#6388));
#6378 = ORIENTED_EDGE('',*,*,#6379,.F.);
#6379 = EDGE_CURVE('',#5299,#6380,#6382,.T.);
#6380 = VERTEX_POINT('',#6381);
#6381 = CARTESIAN_POINT('',(-0.32,-0.32,8.38));
#6382 = LINE('',#6383,#6384);
#6383 = CARTESIAN_POINT('',(-0.32,-0.32,-3.));
#6384 = VECTOR('',#6385,1.);
#6385 = DIRECTION('',(0.,0.,1.));
#6386 = ORIENTED_EDGE('',*,*,#5306,.T.);
#6387 = ORIENTED_EDGE('',*,*,#6357,.T.);
#6388 = ORIENTED_EDGE('',*,*,#6389,.F.);
#6389 = EDGE_CURVE('',#6380,#6358,#6390,.T.);
#6390 = LINE('',#6391,#6392);
#6391 = CARTESIAN_POINT('',(-0.32,-0.32,8.38));
#6392 = VECTOR('',#6393,1.);
#6393 = DIRECTION('',(0.,1.,0.));
#6394 = PLANE('',#6395);
#6395 = AXIS2_PLACEMENT_3D('',#6396,#6397,#6398);
#6396 = CARTESIAN_POINT('',(-0.32,-0.32,-3.));
#6397 = DIRECTION('',(1.,0.,0.));
#6398 = DIRECTION('',(0.,0.,1.));
#6399 = ADVANCED_FACE('',(#6400),#6411,.F.);
#6400 = FACE_BOUND('',#6401,.F.);
#6401 = EDGE_LOOP('',(#6402,#6403,#6404,#6405));
#6402 = ORIENTED_EDGE('',*,*,#6324,.F.);
#6403 = ORIENTED_EDGE('',*,*,#5298,.T.);
#6404 = ORIENTED_EDGE('',*,*,#6379,.T.);
#6405 = ORIENTED_EDGE('',*,*,#6406,.T.);
#6406 = EDGE_CURVE('',#6380,#6325,#6407,.T.);
#6407 = LINE('',#6408,#6409);
#6408 = CARTESIAN_POINT('',(-0.32,-0.32,8.38));
#6409 = VECTOR('',#6410,1.);
#6410 = DIRECTION('',(1.,0.,0.));
#6411 = PLANE('',#6412);
#6412 = AXIS2_PLACEMENT_3D('',#6413,#6414,#6415);
#6413 = CARTESIAN_POINT('',(-0.32,-0.32,-3.));
#6414 = DIRECTION('',(0.,1.,0.));
#6415 = DIRECTION('',(0.,-0.,1.));
#6416 = ADVANCED_FACE('',(#6417),#6442,.T.);
#6417 = FACE_BOUND('',#6418,.T.);
#6418 = EDGE_LOOP('',(#6419,#6427,#6428,#6436));
#6419 = ORIENTED_EDGE('',*,*,#6420,.F.);
#6420 = EDGE_CURVE('',#5323,#6421,#6423,.T.);
#6421 = VERTEX_POINT('',#6422);
#6422 = CARTESIAN_POINT('',(0.32,-2.22,8.38));
#6423 = LINE('',#6424,#6425);
#6424 = CARTESIAN_POINT('',(0.32,-2.22,-3.));
#6425 = VECTOR('',#6426,1.);
#6426 = DIRECTION('',(0.,0.,1.));
#6427 = ORIENTED_EDGE('',*,*,#5322,.T.);
#6428 = ORIENTED_EDGE('',*,*,#6429,.T.);
#6429 = EDGE_CURVE('',#5325,#6430,#6432,.T.);
#6430 = VERTEX_POINT('',#6431);
#6431 = CARTESIAN_POINT('',(-0.32,-2.22,8.38));
#6432 = LINE('',#6433,#6434);
#6433 = CARTESIAN_POINT('',(-0.32,-2.22,-3.));
#6434 = VECTOR('',#6435,1.);
#6435 = DIRECTION('',(0.,0.,1.));
#6436 = ORIENTED_EDGE('',*,*,#6437,.T.);
#6437 = EDGE_CURVE('',#6430,#6421,#6438,.T.);
#6438 = LINE('',#6439,#6440);
#6439 = CARTESIAN_POINT('',(-0.32,-2.22,8.38));
#6440 = VECTOR('',#6441,1.);
#6441 = DIRECTION('',(1.,0.,0.));
#6442 = PLANE('',#6443);
#6443 = AXIS2_PLACEMENT_3D('',#6444,#6445,#6446);
#6444 = CARTESIAN_POINT('',(-0.32,-2.22,-3.));
#6445 = DIRECTION('',(0.,1.,0.));
#6446 = DIRECTION('',(0.,-0.,1.));
#6447 = ADVANCED_FACE('',(#6448),#6466,.F.);
#6448 = FACE_BOUND('',#6449,.F.);
#6449 = EDGE_LOOP('',(#6450,#6458,#6459,#6460));
#6450 = ORIENTED_EDGE('',*,*,#6451,.F.);
#6451 = EDGE_CURVE('',#5341,#6452,#6454,.T.);
#6452 = VERTEX_POINT('',#6453);
#6453 = CARTESIAN_POINT('',(-0.32,-2.86,8.38));
#6454 = LINE('',#6455,#6456);
#6455 = CARTESIAN_POINT('',(-0.32,-2.86,-3.));
#6456 = VECTOR('',#6457,1.);
#6457 = DIRECTION('',(0.,0.,1.));
#6458 = ORIENTED_EDGE('',*,*,#5348,.T.);
#6459 = ORIENTED_EDGE('',*,*,#6429,.T.);
#6460 = ORIENTED_EDGE('',*,*,#6461,.F.);
#6461 = EDGE_CURVE('',#6452,#6430,#6462,.T.);
#6462 = LINE('',#6463,#6464);
#6463 = CARTESIAN_POINT('',(-0.32,-2.86,8.38));
#6464 = VECTOR('',#6465,1.);
#6465 = DIRECTION('',(0.,1.,0.));
#6466 = PLANE('',#6467);
#6467 = AXIS2_PLACEMENT_3D('',#6468,#6469,#6470);
#6468 = CARTESIAN_POINT('',(-0.32,-2.86,-3.));
#6469 = DIRECTION('',(1.,0.,0.));
#6470 = DIRECTION('',(0.,0.,1.));
#6471 = ADVANCED_FACE('',(#6472),#6490,.F.);
#6472 = FACE_BOUND('',#6473,.F.);
#6473 = EDGE_LOOP('',(#6474,#6482,#6483,#6484));
#6474 = ORIENTED_EDGE('',*,*,#6475,.F.);
#6475 = EDGE_CURVE('',#5333,#6476,#6478,.T.);
#6476 = VERTEX_POINT('',#6477);
#6477 = CARTESIAN_POINT('',(0.32,-2.86,8.38));
#6478 = LINE('',#6479,#6480);
#6479 = CARTESIAN_POINT('',(0.32,-2.86,-3.));
#6480 = VECTOR('',#6481,1.);
#6481 = DIRECTION('',(0.,0.,1.));
#6482 = ORIENTED_EDGE('',*,*,#5340,.T.);
#6483 = ORIENTED_EDGE('',*,*,#6451,.T.);
#6484 = ORIENTED_EDGE('',*,*,#6485,.T.);
#6485 = EDGE_CURVE('',#6452,#6476,#6486,.T.);
#6486 = LINE('',#6487,#6488);
#6487 = CARTESIAN_POINT('',(-0.32,-2.86,8.38));
#6488 = VECTOR('',#6489,1.);
#6489 = DIRECTION('',(1.,0.,0.));
#6490 = PLANE('',#6491);
#6491 = AXIS2_PLACEMENT_3D('',#6492,#6493,#6494);
#6492 = CARTESIAN_POINT('',(-0.32,-2.86,-3.));
#6493 = DIRECTION('',(0.,1.,0.));
#6494 = DIRECTION('',(0.,-0.,1.));
#6495 = ADVANCED_FACE('',(#6496),#6507,.T.);
#6496 = FACE_BOUND('',#6497,.T.);
#6497 = EDGE_LOOP('',(#6498,#6499,#6500,#6501));
#6498 = ORIENTED_EDGE('',*,*,#6475,.F.);
#6499 = ORIENTED_EDGE('',*,*,#5332,.T.);
#6500 = ORIENTED_EDGE('',*,*,#6420,.T.);
#6501 = ORIENTED_EDGE('',*,*,#6502,.F.);
#6502 = EDGE_CURVE('',#6476,#6421,#6503,.T.);
#6503 = LINE('',#6504,#6505);
#6504 = CARTESIAN_POINT('',(0.32,-2.86,8.38));
#6505 = VECTOR('',#6506,1.);
#6506 = DIRECTION('',(0.,1.,0.));
#6507 = PLANE('',#6508);
#6508 = AXIS2_PLACEMENT_3D('',#6509,#6510,#6511);
#6509 = CARTESIAN_POINT('',(0.32,-2.86,-3.));
#6510 = DIRECTION('',(1.,0.,0.));
#6511 = DIRECTION('',(0.,0.,1.));
#6512 = ADVANCED_FACE('',(#6513),#6538,.F.);
#6513 = FACE_BOUND('',#6514,.T.);
#6514 = EDGE_LOOP('',(#6515,#6523,#6524,#6532));
#6515 = ORIENTED_EDGE('',*,*,#6516,.F.);
#6516 = EDGE_CURVE('',#5757,#6517,#6519,.T.);
#6517 = VERTEX_POINT('',#6518);
#6518 = CARTESIAN_POINT('',(-0.16,-4.92,-3.));
#6519 = LINE('',#6520,#6521);
#6520 = CARTESIAN_POINT('',(-0.16,-4.92,-3.));
#6521 = VECTOR('',#6522,1.);
#6522 = DIRECTION('',(0.57735026919,-0.57735026919,-0.57735026919));
#6523 = ORIENTED_EDGE('',*,*,#5756,.T.);
#6524 = ORIENTED_EDGE('',*,*,#6525,.T.);
#6525 = EDGE_CURVE('',#5749,#6526,#6528,.T.);
#6526 = VERTEX_POINT('',#6527);
#6527 = CARTESIAN_POINT('',(0.16,-4.92,-3.));
#6528 = LINE('',#6529,#6530);
#6529 = CARTESIAN_POINT('',(5.333333333333E-02,-5.026666666667,
    -3.106666666667));
#6530 = VECTOR('',#6531,1.);
#6531 = DIRECTION('',(-0.57735026919,-0.57735026919,-0.57735026919));
#6532 = ORIENTED_EDGE('',*,*,#6533,.F.);
#6533 = EDGE_CURVE('',#6517,#6526,#6534,.T.);
#6534 = LINE('',#6535,#6536);
#6535 = CARTESIAN_POINT('',(-0.32,-4.92,-3.));
#6536 = VECTOR('',#6537,1.);
#6537 = DIRECTION('',(1.,0.,0.));
#6538 = PLANE('',#6539);
#6539 = AXIS2_PLACEMENT_3D('',#6540,#6541,#6542);
#6540 = CARTESIAN_POINT('',(-0.32,-4.84,-2.92));
#6541 = DIRECTION('',(-1.735167508357E-18,-0.707106781187,0.707106781187
    ));
#6542 = DIRECTION('',(-1.,1.226948711654E-18,-1.226948711654E-18));
#6543 = ADVANCED_FACE('',(#6544),#6562,.T.);
#6544 = FACE_BOUND('',#6545,.T.);
#6545 = EDGE_LOOP('',(#6546,#6554,#6555,#6556));
#6546 = ORIENTED_EDGE('',*,*,#6547,.F.);
#6547 = EDGE_CURVE('',#5780,#6548,#6550,.T.);
#6548 = VERTEX_POINT('',#6549);
#6549 = CARTESIAN_POINT('',(-0.16,-5.24,-3.));
#6550 = LINE('',#6551,#6552);
#6551 = CARTESIAN_POINT('',(-0.266666666667,-5.346666666667,
    -2.893333333333));
#6552 = VECTOR('',#6553,1.);
#6553 = DIRECTION('',(0.57735026919,0.57735026919,-0.57735026919));
#6554 = ORIENTED_EDGE('',*,*,#5787,.T.);
#6555 = ORIENTED_EDGE('',*,*,#6516,.T.);
#6556 = ORIENTED_EDGE('',*,*,#6557,.F.);
#6557 = EDGE_CURVE('',#6548,#6517,#6558,.T.);
#6558 = LINE('',#6559,#6560);
#6559 = CARTESIAN_POINT('',(-0.16,-5.4,-3.));
#6560 = VECTOR('',#6561,1.);
#6561 = DIRECTION('',(0.,1.,0.));
#6562 = PLANE('',#6563);
#6563 = AXIS2_PLACEMENT_3D('',#6564,#6565,#6566);
#6564 = CARTESIAN_POINT('',(-0.24,-5.4,-2.92));
#6565 = DIRECTION('',(-0.707106781187,-1.735167508357E-18,
    -0.707106781187));
#6566 = DIRECTION('',(-1.226948711654E-18,1.,-1.226948711654E-18));
#6567 = ADVANCED_FACE('',(#6568),#6586,.T.);
#6568 = FACE_BOUND('',#6569,.F.);
#6569 = EDGE_LOOP('',(#6570,#6571,#6572,#6580));
#6570 = ORIENTED_EDGE('',*,*,#6547,.F.);
#6571 = ORIENTED_EDGE('',*,*,#5811,.T.);
#6572 = ORIENTED_EDGE('',*,*,#6573,.T.);
#6573 = EDGE_CURVE('',#5804,#6574,#6576,.T.);
#6574 = VERTEX_POINT('',#6575);
#6575 = CARTESIAN_POINT('',(0.16,-5.24,-3.));
#6576 = LINE('',#6577,#6578);
#6577 = CARTESIAN_POINT('',(0.16,-5.24,-3.));
#6578 = VECTOR('',#6579,1.);
#6579 = DIRECTION('',(-0.57735026919,0.57735026919,-0.57735026919));
#6580 = ORIENTED_EDGE('',*,*,#6581,.F.);
#6581 = EDGE_CURVE('',#6548,#6574,#6582,.T.);
#6582 = LINE('',#6583,#6584);
#6583 = CARTESIAN_POINT('',(-0.32,-5.24,-3.));
#6584 = VECTOR('',#6585,1.);
#6585 = DIRECTION('',(1.,0.,0.));
#6586 = PLANE('',#6587);
#6587 = AXIS2_PLACEMENT_3D('',#6588,#6589,#6590);
#6588 = CARTESIAN_POINT('',(-0.32,-5.32,-2.92));
#6589 = DIRECTION('',(1.735167508357E-18,-0.707106781187,-0.707106781187
    ));
#6590 = DIRECTION('',(-1.,-1.226948711654E-18,-1.226948711654E-18));
#6591 = ADVANCED_FACE('',(#6592),#6603,.F.);
#6592 = FACE_BOUND('',#6593,.F.);
#6593 = EDGE_LOOP('',(#6594,#6595,#6596,#6597));
#6594 = ORIENTED_EDGE('',*,*,#6573,.F.);
#6595 = ORIENTED_EDGE('',*,*,#5828,.T.);
#6596 = ORIENTED_EDGE('',*,*,#6525,.T.);
#6597 = ORIENTED_EDGE('',*,*,#6598,.F.);
#6598 = EDGE_CURVE('',#6574,#6526,#6599,.T.);
#6599 = LINE('',#6600,#6601);
#6600 = CARTESIAN_POINT('',(0.16,-5.4,-3.));
#6601 = VECTOR('',#6602,1.);
#6602 = DIRECTION('',(0.,1.,0.));
#6603 = PLANE('',#6604);
#6604 = AXIS2_PLACEMENT_3D('',#6605,#6606,#6607);
#6605 = CARTESIAN_POINT('',(0.24,-5.4,-2.92));
#6606 = DIRECTION('',(-0.707106781187,1.735167508357E-18,0.707106781187)
  );
#6607 = DIRECTION('',(1.226948711654E-18,1.,-1.226948711654E-18));
#6608 = ADVANCED_FACE('',(#6609),#6634,.F.);
#6609 = FACE_BOUND('',#6610,.F.);
#6610 = EDGE_LOOP('',(#6611,#6619,#6620,#6628));
#6611 = ORIENTED_EDGE('',*,*,#6612,.F.);
#6612 = EDGE_CURVE('',#5845,#6613,#6615,.T.);
#6613 = VERTEX_POINT('',#6614);
#6614 = CARTESIAN_POINT('',(0.16,-7.78,-3.));
#6615 = LINE('',#6616,#6617);
#6616 = CARTESIAN_POINT('',(0.16,-7.78,-3.));
#6617 = VECTOR('',#6618,1.);
#6618 = DIRECTION('',(-0.57735026919,0.57735026919,-0.57735026919));
#6619 = ORIENTED_EDGE('',*,*,#5852,.T.);
#6620 = ORIENTED_EDGE('',*,*,#6621,.T.);
#6621 = EDGE_CURVE('',#5853,#6622,#6624,.T.);
#6622 = VERTEX_POINT('',#6623);
#6623 = CARTESIAN_POINT('',(0.16,-7.46,-3.));
#6624 = LINE('',#6625,#6626);
#6625 = CARTESIAN_POINT('',(5.333333333333E-02,-7.566666666667,
    -3.106666666667));
#6626 = VECTOR('',#6627,1.);
#6627 = DIRECTION('',(-0.57735026919,-0.57735026919,-0.57735026919));
#6628 = ORIENTED_EDGE('',*,*,#6629,.F.);
#6629 = EDGE_CURVE('',#6613,#6622,#6630,.T.);
#6630 = LINE('',#6631,#6632);
#6631 = CARTESIAN_POINT('',(0.16,-7.94,-3.));
#6632 = VECTOR('',#6633,1.);
#6633 = DIRECTION('',(0.,1.,0.));
#6634 = PLANE('',#6635);
#6635 = AXIS2_PLACEMENT_3D('',#6636,#6637,#6638);
#6636 = CARTESIAN_POINT('',(0.24,-7.94,-2.92));
#6637 = DIRECTION('',(-0.707106781187,1.735167508357E-18,0.707106781187)
  );
#6638 = DIRECTION('',(1.226948711654E-18,1.,-1.226948711654E-18));
#6639 = ADVANCED_FACE('',(#6640),#6658,.F.);
#6640 = FACE_BOUND('',#6641,.T.);
#6641 = EDGE_LOOP('',(#6642,#6650,#6651,#6652));
#6642 = ORIENTED_EDGE('',*,*,#6643,.F.);
#6643 = EDGE_CURVE('',#5877,#6644,#6646,.T.);
#6644 = VERTEX_POINT('',#6645);
#6645 = CARTESIAN_POINT('',(-0.16,-7.46,-3.));
#6646 = LINE('',#6647,#6648);
#6647 = CARTESIAN_POINT('',(-0.16,-7.46,-3.));
#6648 = VECTOR('',#6649,1.);
#6649 = DIRECTION('',(0.57735026919,-0.57735026919,-0.57735026919));
#6650 = ORIENTED_EDGE('',*,*,#5876,.T.);
#6651 = ORIENTED_EDGE('',*,*,#6621,.T.);
#6652 = ORIENTED_EDGE('',*,*,#6653,.F.);
#6653 = EDGE_CURVE('',#6644,#6622,#6654,.T.);
#6654 = LINE('',#6655,#6656);
#6655 = CARTESIAN_POINT('',(-0.32,-7.46,-3.));
#6656 = VECTOR('',#6657,1.);
#6657 = DIRECTION('',(1.,0.,0.));
#6658 = PLANE('',#6659);
#6659 = AXIS2_PLACEMENT_3D('',#6660,#6661,#6662);
#6660 = CARTESIAN_POINT('',(-0.32,-7.38,-2.92));
#6661 = DIRECTION('',(-1.735167508357E-18,-0.707106781187,0.707106781187
    ));
#6662 = DIRECTION('',(-1.,1.226948711654E-18,-1.226948711654E-18));
#6663 = ADVANCED_FACE('',(#6664),#6682,.T.);
#6664 = FACE_BOUND('',#6665,.T.);
#6665 = EDGE_LOOP('',(#6666,#6674,#6675,#6676));
#6666 = ORIENTED_EDGE('',*,*,#6667,.F.);
#6667 = EDGE_CURVE('',#5900,#6668,#6670,.T.);
#6668 = VERTEX_POINT('',#6669);
#6669 = CARTESIAN_POINT('',(-0.16,-7.78,-3.));
#6670 = LINE('',#6671,#6672);
#6671 = CARTESIAN_POINT('',(-0.266666666667,-7.886666666667,
    -2.893333333333));
#6672 = VECTOR('',#6673,1.);
#6673 = DIRECTION('',(0.57735026919,0.57735026919,-0.57735026919));
#6674 = ORIENTED_EDGE('',*,*,#5907,.T.);
#6675 = ORIENTED_EDGE('',*,*,#6643,.T.);
#6676 = ORIENTED_EDGE('',*,*,#6677,.F.);
#6677 = EDGE_CURVE('',#6668,#6644,#6678,.T.);
#6678 = LINE('',#6679,#6680);
#6679 = CARTESIAN_POINT('',(-0.16,-7.94,-3.));
#6680 = VECTOR('',#6681,1.);
#6681 = DIRECTION('',(0.,1.,0.));
#6682 = PLANE('',#6683);
#6683 = AXIS2_PLACEMENT_3D('',#6684,#6685,#6686);
#6684 = CARTESIAN_POINT('',(-0.24,-7.94,-2.92));
#6685 = DIRECTION('',(-0.707106781187,-1.735167508357E-18,
    -0.707106781187));
#6686 = DIRECTION('',(-1.226948711654E-18,1.,-1.226948711654E-18));
#6687 = ADVANCED_FACE('',(#6688),#6699,.T.);
#6688 = FACE_BOUND('',#6689,.F.);
#6689 = EDGE_LOOP('',(#6690,#6691,#6692,#6693));
#6690 = ORIENTED_EDGE('',*,*,#6667,.F.);
#6691 = ORIENTED_EDGE('',*,*,#5924,.T.);
#6692 = ORIENTED_EDGE('',*,*,#6612,.T.);
#6693 = ORIENTED_EDGE('',*,*,#6694,.F.);
#6694 = EDGE_CURVE('',#6668,#6613,#6695,.T.);
#6695 = LINE('',#6696,#6697);
#6696 = CARTESIAN_POINT('',(-0.32,-7.78,-3.));
#6697 = VECTOR('',#6698,1.);
#6698 = DIRECTION('',(1.,0.,0.));
#6699 = PLANE('',#6700);
#6700 = AXIS2_PLACEMENT_3D('',#6701,#6702,#6703);
#6701 = CARTESIAN_POINT('',(-0.32,-7.86,-2.92));
#6702 = DIRECTION('',(1.735167508357E-18,-0.707106781187,-0.707106781187
    ));
#6703 = DIRECTION('',(-1.,-1.226948711654E-18,-1.226948711654E-18));
#6704 = ADVANCED_FACE('',(#6705),#6730,.F.);
#6705 = FACE_BOUND('',#6706,.F.);
#6706 = EDGE_LOOP('',(#6707,#6715,#6716,#6724));
#6707 = ORIENTED_EDGE('',*,*,#6708,.F.);
#6708 = EDGE_CURVE('',#5941,#6709,#6711,.T.);
#6709 = VERTEX_POINT('',#6710);
#6710 = CARTESIAN_POINT('',(0.16,-0.16,-3.));
#6711 = LINE('',#6712,#6713);
#6712 = CARTESIAN_POINT('',(0.16,-0.16,-3.));
#6713 = VECTOR('',#6714,1.);
#6714 = DIRECTION('',(-0.57735026919,0.57735026919,-0.57735026919));
#6715 = ORIENTED_EDGE('',*,*,#5948,.T.);
#6716 = ORIENTED_EDGE('',*,*,#6717,.T.);
#6717 = EDGE_CURVE('',#5949,#6718,#6720,.T.);
#6718 = VERTEX_POINT('',#6719);
#6719 = CARTESIAN_POINT('',(0.16,0.16,-3.));
#6720 = LINE('',#6721,#6722);
#6721 = CARTESIAN_POINT('',(5.333333333333E-02,5.333333333333E-02,
    -3.106666666667));
#6722 = VECTOR('',#6723,1.);
#6723 = DIRECTION('',(-0.57735026919,-0.57735026919,-0.57735026919));
#6724 = ORIENTED_EDGE('',*,*,#6725,.F.);
#6725 = EDGE_CURVE('',#6709,#6718,#6726,.T.);
#6726 = LINE('',#6727,#6728);
#6727 = CARTESIAN_POINT('',(0.16,-0.32,-3.));
#6728 = VECTOR('',#6729,1.);
#6729 = DIRECTION('',(0.,1.,0.));
#6730 = PLANE('',#6731);
#6731 = AXIS2_PLACEMENT_3D('',#6732,#6733,#6734);
#6732 = CARTESIAN_POINT('',(0.24,-0.32,-2.92));
#6733 = DIRECTION('',(-0.707106781187,1.735167508357E-18,0.707106781187)
  );
#6734 = DIRECTION('',(1.226948711654E-18,1.,-1.226948711654E-18));
#6735 = ADVANCED_FACE('',(#6736),#6754,.F.);
#6736 = FACE_BOUND('',#6737,.T.);
#6737 = EDGE_LOOP('',(#6738,#6746,#6747,#6748));
#6738 = ORIENTED_EDGE('',*,*,#6739,.F.);
#6739 = EDGE_CURVE('',#5973,#6740,#6742,.T.);
#6740 = VERTEX_POINT('',#6741);
#6741 = CARTESIAN_POINT('',(-0.16,0.16,-3.));
#6742 = LINE('',#6743,#6744);
#6743 = CARTESIAN_POINT('',(-0.16,0.16,-3.));
#6744 = VECTOR('',#6745,1.);
#6745 = DIRECTION('',(0.57735026919,-0.57735026919,-0.57735026919));
#6746 = ORIENTED_EDGE('',*,*,#5972,.T.);
#6747 = ORIENTED_EDGE('',*,*,#6717,.T.);
#6748 = ORIENTED_EDGE('',*,*,#6749,.F.);
#6749 = EDGE_CURVE('',#6740,#6718,#6750,.T.);
#6750 = LINE('',#6751,#6752);
#6751 = CARTESIAN_POINT('',(-0.32,0.16,-3.));
#6752 = VECTOR('',#6753,1.);
#6753 = DIRECTION('',(1.,0.,0.));
#6754 = PLANE('',#6755);
#6755 = AXIS2_PLACEMENT_3D('',#6756,#6757,#6758);
#6756 = CARTESIAN_POINT('',(-0.32,0.24,-2.92));
#6757 = DIRECTION('',(-1.735167508357E-18,-0.707106781187,0.707106781187
    ));
#6758 = DIRECTION('',(-1.,1.226948711654E-18,-1.226948711654E-18));
#6759 = ADVANCED_FACE('',(#6760),#6778,.T.);
#6760 = FACE_BOUND('',#6761,.T.);
#6761 = EDGE_LOOP('',(#6762,#6770,#6771,#6772));
#6762 = ORIENTED_EDGE('',*,*,#6763,.F.);
#6763 = EDGE_CURVE('',#5996,#6764,#6766,.T.);
#6764 = VERTEX_POINT('',#6765);
#6765 = CARTESIAN_POINT('',(-0.16,-0.16,-3.));
#6766 = LINE('',#6767,#6768);
#6767 = CARTESIAN_POINT('',(-0.266666666667,-0.266666666667,
    -2.893333333333));
#6768 = VECTOR('',#6769,1.);
#6769 = DIRECTION('',(0.57735026919,0.57735026919,-0.57735026919));
#6770 = ORIENTED_EDGE('',*,*,#6003,.T.);
#6771 = ORIENTED_EDGE('',*,*,#6739,.T.);
#6772 = ORIENTED_EDGE('',*,*,#6773,.F.);
#6773 = EDGE_CURVE('',#6764,#6740,#6774,.T.);
#6774 = LINE('',#6775,#6776);
#6775 = CARTESIAN_POINT('',(-0.16,-0.32,-3.));
#6776 = VECTOR('',#6777,1.);
#6777 = DIRECTION('',(0.,1.,0.));
#6778 = PLANE('',#6779);
#6779 = AXIS2_PLACEMENT_3D('',#6780,#6781,#6782);
#6780 = CARTESIAN_POINT('',(-0.24,-0.32,-2.92));
#6781 = DIRECTION('',(-0.707106781187,-1.735167508357E-18,
    -0.707106781187));
#6782 = DIRECTION('',(-1.226948711654E-18,1.,-1.226948711654E-18));
#6783 = ADVANCED_FACE('',(#6784),#6795,.T.);
#6784 = FACE_BOUND('',#6785,.F.);
#6785 = EDGE_LOOP('',(#6786,#6787,#6788,#6789));
#6786 = ORIENTED_EDGE('',*,*,#6763,.F.);
#6787 = ORIENTED_EDGE('',*,*,#6020,.T.);
#6788 = ORIENTED_EDGE('',*,*,#6708,.T.);
#6789 = ORIENTED_EDGE('',*,*,#6790,.F.);
#6790 = EDGE_CURVE('',#6764,#6709,#6791,.T.);
#6791 = LINE('',#6792,#6793);
#6792 = CARTESIAN_POINT('',(-0.32,-0.16,-3.));
#6793 = VECTOR('',#6794,1.);
#6794 = DIRECTION('',(1.,0.,0.));
#6795 = PLANE('',#6796);
#6796 = AXIS2_PLACEMENT_3D('',#6797,#6798,#6799);
#6797 = CARTESIAN_POINT('',(-0.32,-0.24,-2.92));
#6798 = DIRECTION('',(1.735167508357E-18,-0.707106781187,-0.707106781187
    ));
#6799 = DIRECTION('',(-1.,-1.226948711654E-18,-1.226948711654E-18));
#6800 = ADVANCED_FACE('',(#6801),#6826,.F.);
#6801 = FACE_BOUND('',#6802,.T.);
#6802 = EDGE_LOOP('',(#6803,#6811,#6812,#6820));
#6803 = ORIENTED_EDGE('',*,*,#6804,.F.);
#6804 = EDGE_CURVE('',#6045,#6805,#6807,.T.);
#6805 = VERTEX_POINT('',#6806);
#6806 = CARTESIAN_POINT('',(-0.16,-2.38,-3.));
#6807 = LINE('',#6808,#6809);
#6808 = CARTESIAN_POINT('',(-0.16,-2.38,-3.));
#6809 = VECTOR('',#6810,1.);
#6810 = DIRECTION('',(0.57735026919,-0.57735026919,-0.57735026919));
#6811 = ORIENTED_EDGE('',*,*,#6044,.T.);
#6812 = ORIENTED_EDGE('',*,*,#6813,.T.);
#6813 = EDGE_CURVE('',#6037,#6814,#6816,.T.);
#6814 = VERTEX_POINT('',#6815);
#6815 = CARTESIAN_POINT('',(0.16,-2.38,-3.));
#6816 = LINE('',#6817,#6818);
#6817 = CARTESIAN_POINT('',(5.333333333333E-02,-2.486666666667,
    -3.106666666667));
#6818 = VECTOR('',#6819,1.);
#6819 = DIRECTION('',(-0.57735026919,-0.57735026919,-0.57735026919));
#6820 = ORIENTED_EDGE('',*,*,#6821,.F.);
#6821 = EDGE_CURVE('',#6805,#6814,#6822,.T.);
#6822 = LINE('',#6823,#6824);
#6823 = CARTESIAN_POINT('',(-0.32,-2.38,-3.));
#6824 = VECTOR('',#6825,1.);
#6825 = DIRECTION('',(1.,0.,0.));
#6826 = PLANE('',#6827);
#6827 = AXIS2_PLACEMENT_3D('',#6828,#6829,#6830);
#6828 = CARTESIAN_POINT('',(-0.32,-2.3,-2.92));
#6829 = DIRECTION('',(-1.735167508357E-18,-0.707106781187,0.707106781187
    ));
#6830 = DIRECTION('',(-1.,1.226948711654E-18,-1.226948711654E-18));
#6831 = ADVANCED_FACE('',(#6832),#6850,.T.);
#6832 = FACE_BOUND('',#6833,.T.);
#6833 = EDGE_LOOP('',(#6834,#6842,#6843,#6844));
#6834 = ORIENTED_EDGE('',*,*,#6835,.F.);
#6835 = EDGE_CURVE('',#6068,#6836,#6838,.T.);
#6836 = VERTEX_POINT('',#6837);
#6837 = CARTESIAN_POINT('',(-0.16,-2.7,-3.));
#6838 = LINE('',#6839,#6840);
#6839 = CARTESIAN_POINT('',(-0.266666666667,-2.806666666667,
    -2.893333333333));
#6840 = VECTOR('',#6841,1.);
#6841 = DIRECTION('',(0.57735026919,0.57735026919,-0.57735026919));
#6842 = ORIENTED_EDGE('',*,*,#6075,.T.);
#6843 = ORIENTED_EDGE('',*,*,#6804,.T.);
#6844 = ORIENTED_EDGE('',*,*,#6845,.F.);
#6845 = EDGE_CURVE('',#6836,#6805,#6846,.T.);
#6846 = LINE('',#6847,#6848);
#6847 = CARTESIAN_POINT('',(-0.16,-2.86,-3.));
#6848 = VECTOR('',#6849,1.);
#6849 = DIRECTION('',(0.,1.,0.));
#6850 = PLANE('',#6851);
#6851 = AXIS2_PLACEMENT_3D('',#6852,#6853,#6854);
#6852 = CARTESIAN_POINT('',(-0.24,-2.86,-2.92));
#6853 = DIRECTION('',(-0.707106781187,-1.735167508357E-18,
    -0.707106781187));
#6854 = DIRECTION('',(-1.226948711654E-18,1.,-1.226948711654E-18));
#6855 = ADVANCED_FACE('',(#6856),#6874,.T.);
#6856 = FACE_BOUND('',#6857,.F.);
#6857 = EDGE_LOOP('',(#6858,#6859,#6860,#6868));
#6858 = ORIENTED_EDGE('',*,*,#6835,.F.);
#6859 = ORIENTED_EDGE('',*,*,#6099,.T.);
#6860 = ORIENTED_EDGE('',*,*,#6861,.T.);
#6861 = EDGE_CURVE('',#6092,#6862,#6864,.T.);
#6862 = VERTEX_POINT('',#6863);
#6863 = CARTESIAN_POINT('',(0.16,-2.7,-3.));
#6864 = LINE('',#6865,#6866);
#6865 = CARTESIAN_POINT('',(0.16,-2.7,-3.));
#6866 = VECTOR('',#6867,1.);
#6867 = DIRECTION('',(-0.57735026919,0.57735026919,-0.57735026919));
#6868 = ORIENTED_EDGE('',*,*,#6869,.F.);
#6869 = EDGE_CURVE('',#6836,#6862,#6870,.T.);
#6870 = LINE('',#6871,#6872);
#6871 = CARTESIAN_POINT('',(-0.32,-2.7,-3.));
#6872 = VECTOR('',#6873,1.);
#6873 = DIRECTION('',(1.,0.,0.));
#6874 = PLANE('',#6875);
#6875 = AXIS2_PLACEMENT_3D('',#6876,#6877,#6878);
#6876 = CARTESIAN_POINT('',(-0.32,-2.78,-2.92));
#6877 = DIRECTION('',(1.735167508357E-18,-0.707106781187,-0.707106781187
    ));
#6878 = DIRECTION('',(-1.,-1.226948711654E-18,-1.226948711654E-18));
#6879 = ADVANCED_FACE('',(#6880),#6891,.F.);
#6880 = FACE_BOUND('',#6881,.F.);
#6881 = EDGE_LOOP('',(#6882,#6883,#6884,#6885));
#6882 = ORIENTED_EDGE('',*,*,#6861,.F.);
#6883 = ORIENTED_EDGE('',*,*,#6116,.T.);
#6884 = ORIENTED_EDGE('',*,*,#6813,.T.);
#6885 = ORIENTED_EDGE('',*,*,#6886,.F.);
#6886 = EDGE_CURVE('',#6862,#6814,#6887,.T.);
#6887 = LINE('',#6888,#6889);
#6888 = CARTESIAN_POINT('',(0.16,-2.86,-3.));
#6889 = VECTOR('',#6890,1.);
#6890 = DIRECTION('',(0.,1.,0.));
#6891 = PLANE('',#6892);
#6892 = AXIS2_PLACEMENT_3D('',#6893,#6894,#6895);
#6893 = CARTESIAN_POINT('',(0.24,-2.86,-2.92));
#6894 = DIRECTION('',(-0.707106781187,1.735167508357E-18,0.707106781187)
  );
#6895 = DIRECTION('',(1.226948711654E-18,1.,-1.226948711654E-18));
#6896 = ADVANCED_FACE('',(#6897),#6922,.T.);
#6897 = FACE_BOUND('',#6898,.F.);
#6898 = EDGE_LOOP('',(#6899,#6907,#6908,#6916));
#6899 = ORIENTED_EDGE('',*,*,#6900,.F.);
#6900 = EDGE_CURVE('',#6142,#6901,#6903,.T.);
#6901 = VERTEX_POINT('',#6902);
#6902 = CARTESIAN_POINT('',(-0.16,-4.92,8.54));
#6903 = LINE('',#6904,#6905);
#6904 = CARTESIAN_POINT('',(-0.16,-4.92,8.54));
#6905 = VECTOR('',#6906,1.);
#6906 = DIRECTION('',(0.57735026919,-0.57735026919,0.57735026919));
#6907 = ORIENTED_EDGE('',*,*,#6149,.T.);
#6908 = ORIENTED_EDGE('',*,*,#6909,.T.);
#6909 = EDGE_CURVE('',#6133,#6910,#6912,.T.);
#6910 = VERTEX_POINT('',#6911);
#6911 = CARTESIAN_POINT('',(0.16,-4.92,8.54));
#6912 = LINE('',#6913,#6914);
#6913 = CARTESIAN_POINT('',(5.333333333333E-02,-5.026666666667,
    8.646666666667));
#6914 = VECTOR('',#6915,1.);
#6915 = DIRECTION('',(-0.57735026919,-0.57735026919,0.57735026919));
#6916 = ORIENTED_EDGE('',*,*,#6917,.F.);
#6917 = EDGE_CURVE('',#6901,#6910,#6918,.T.);
#6918 = LINE('',#6919,#6920);
#6919 = CARTESIAN_POINT('',(-0.32,-4.92,8.54));
#6920 = VECTOR('',#6921,1.);
#6921 = DIRECTION('',(1.,0.,0.));
#6922 = PLANE('',#6923);
#6923 = AXIS2_PLACEMENT_3D('',#6924,#6925,#6926);
#6924 = CARTESIAN_POINT('',(-0.32,-4.84,8.46));
#6925 = DIRECTION('',(1.735167508357E-18,0.707106781187,0.707106781187)
  );
#6926 = DIRECTION('',(-1.,1.226948711654E-18,1.226948711654E-18));
#6927 = ADVANCED_FACE('',(#6928),#6946,.F.);
#6928 = FACE_BOUND('',#6929,.F.);
#6929 = EDGE_LOOP('',(#6930,#6938,#6939,#6940));
#6930 = ORIENTED_EDGE('',*,*,#6931,.F.);
#6931 = EDGE_CURVE('',#6164,#6932,#6934,.T.);
#6932 = VERTEX_POINT('',#6933);
#6933 = CARTESIAN_POINT('',(-0.16,-5.24,8.54));
#6934 = LINE('',#6935,#6936);
#6935 = CARTESIAN_POINT('',(-0.266666666667,-5.346666666667,
    8.433333333333));
#6936 = VECTOR('',#6937,1.);
#6937 = DIRECTION('',(0.57735026919,0.57735026919,0.57735026919));
#6938 = ORIENTED_EDGE('',*,*,#6173,.T.);
#6939 = ORIENTED_EDGE('',*,*,#6900,.T.);
#6940 = ORIENTED_EDGE('',*,*,#6941,.F.);
#6941 = EDGE_CURVE('',#6932,#6901,#6942,.T.);
#6942 = LINE('',#6943,#6944);
#6943 = CARTESIAN_POINT('',(-0.16,-5.4,8.54));
#6944 = VECTOR('',#6945,1.);
#6945 = DIRECTION('',(0.,1.,0.));
#6946 = PLANE('',#6947);
#6947 = AXIS2_PLACEMENT_3D('',#6948,#6949,#6950);
#6948 = CARTESIAN_POINT('',(-0.24,-5.4,8.46));
#6949 = DIRECTION('',(0.707106781187,1.735167508357E-18,-0.707106781187)
  );
#6950 = DIRECTION('',(-1.226948711654E-18,1.,1.226948711654E-18));
#6951 = ADVANCED_FACE('',(#6952),#6970,.F.);
#6952 = FACE_BOUND('',#6953,.T.);
#6953 = EDGE_LOOP('',(#6954,#6955,#6956,#6964));
#6954 = ORIENTED_EDGE('',*,*,#6931,.F.);
#6955 = ORIENTED_EDGE('',*,*,#6197,.T.);
#6956 = ORIENTED_EDGE('',*,*,#6957,.T.);
#6957 = EDGE_CURVE('',#6188,#6958,#6960,.T.);
#6958 = VERTEX_POINT('',#6959);
#6959 = CARTESIAN_POINT('',(0.16,-5.24,8.54));
#6960 = LINE('',#6961,#6962);
#6961 = CARTESIAN_POINT('',(0.16,-5.24,8.54));
#6962 = VECTOR('',#6963,1.);
#6963 = DIRECTION('',(-0.57735026919,0.57735026919,0.57735026919));
#6964 = ORIENTED_EDGE('',*,*,#6965,.F.);
#6965 = EDGE_CURVE('',#6932,#6958,#6966,.T.);
#6966 = LINE('',#6967,#6968);
#6967 = CARTESIAN_POINT('',(-0.32,-5.24,8.54));
#6968 = VECTOR('',#6969,1.);
#6969 = DIRECTION('',(1.,0.,0.));
#6970 = PLANE('',#6971);
#6971 = AXIS2_PLACEMENT_3D('',#6972,#6973,#6974);
#6972 = CARTESIAN_POINT('',(-0.32,-5.32,8.46));
#6973 = DIRECTION('',(-1.735167508357E-18,0.707106781187,-0.707106781187
    ));
#6974 = DIRECTION('',(-1.,-1.226948711654E-18,1.226948711654E-18));
#6975 = ADVANCED_FACE('',(#6976),#6987,.T.);
#6976 = FACE_BOUND('',#6977,.T.);
#6977 = EDGE_LOOP('',(#6978,#6979,#6980,#6981));
#6978 = ORIENTED_EDGE('',*,*,#6957,.F.);
#6979 = ORIENTED_EDGE('',*,*,#6214,.T.);
#6980 = ORIENTED_EDGE('',*,*,#6909,.T.);
#6981 = ORIENTED_EDGE('',*,*,#6982,.F.);
#6982 = EDGE_CURVE('',#6958,#6910,#6983,.T.);
#6983 = LINE('',#6984,#6985);
#6984 = CARTESIAN_POINT('',(0.16,-5.4,8.54));
#6985 = VECTOR('',#6986,1.);
#6986 = DIRECTION('',(0.,1.,0.));
#6987 = PLANE('',#6988);
#6988 = AXIS2_PLACEMENT_3D('',#6989,#6990,#6991);
#6989 = CARTESIAN_POINT('',(0.24,-5.4,8.46));
#6990 = DIRECTION('',(0.707106781187,-1.735167508357E-18,0.707106781187)
  );
#6991 = DIRECTION('',(1.226948711654E-18,1.,1.226948711654E-18));
#6992 = ADVANCED_FACE('',(#6993),#7018,.T.);
#6993 = FACE_BOUND('',#6994,.T.);
#6994 = EDGE_LOOP('',(#6995,#7003,#7004,#7012));
#6995 = ORIENTED_EDGE('',*,*,#6996,.F.);
#6996 = EDGE_CURVE('',#6229,#6997,#6999,.T.);
#6997 = VERTEX_POINT('',#6998);
#6998 = CARTESIAN_POINT('',(0.16,-7.78,8.54));
#6999 = LINE('',#7000,#7001);
#7000 = CARTESIAN_POINT('',(0.16,-7.78,8.54));
#7001 = VECTOR('',#7002,1.);
#7002 = DIRECTION('',(-0.57735026919,0.57735026919,0.57735026919));
#7003 = ORIENTED_EDGE('',*,*,#6245,.T.);
#7004 = ORIENTED_EDGE('',*,*,#7005,.T.);
#7005 = EDGE_CURVE('',#6238,#7006,#7008,.T.);
#7006 = VERTEX_POINT('',#7007);
#7007 = CARTESIAN_POINT('',(0.16,-7.46,8.54));
#7008 = LINE('',#7009,#7010);
#7009 = CARTESIAN_POINT('',(5.333333333333E-02,-7.566666666667,
    8.646666666667));
#7010 = VECTOR('',#7011,1.);
#7011 = DIRECTION('',(-0.57735026919,-0.57735026919,0.57735026919));
#7012 = ORIENTED_EDGE('',*,*,#7013,.F.);
#7013 = EDGE_CURVE('',#6997,#7006,#7014,.T.);
#7014 = LINE('',#7015,#7016);
#7015 = CARTESIAN_POINT('',(0.16,-7.94,8.54));
#7016 = VECTOR('',#7017,1.);
#7017 = DIRECTION('',(0.,1.,0.));
#7018 = PLANE('',#7019);
#7019 = AXIS2_PLACEMENT_3D('',#7020,#7021,#7022);
#7020 = CARTESIAN_POINT('',(0.24,-7.94,8.46));
#7021 = DIRECTION('',(0.707106781187,-1.735167508357E-18,0.707106781187)
  );
#7022 = DIRECTION('',(1.226948711654E-18,1.,1.226948711654E-18));
#7023 = ADVANCED_FACE('',(#7024),#7042,.T.);
#7024 = FACE_BOUND('',#7025,.F.);
#7025 = EDGE_LOOP('',(#7026,#7034,#7035,#7036));
#7026 = ORIENTED_EDGE('',*,*,#7027,.F.);
#7027 = EDGE_CURVE('',#6262,#7028,#7030,.T.);
#7028 = VERTEX_POINT('',#7029);
#7029 = CARTESIAN_POINT('',(-0.16,-7.46,8.54));
#7030 = LINE('',#7031,#7032);
#7031 = CARTESIAN_POINT('',(-0.16,-7.46,8.54));
#7032 = VECTOR('',#7033,1.);
#7033 = DIRECTION('',(0.57735026919,-0.57735026919,0.57735026919));
#7034 = ORIENTED_EDGE('',*,*,#6269,.T.);
#7035 = ORIENTED_EDGE('',*,*,#7005,.T.);
#7036 = ORIENTED_EDGE('',*,*,#7037,.F.);
#7037 = EDGE_CURVE('',#7028,#7006,#7038,.T.);
#7038 = LINE('',#7039,#7040);
#7039 = CARTESIAN_POINT('',(-0.32,-7.46,8.54));
#7040 = VECTOR('',#7041,1.);
#7041 = DIRECTION('',(1.,0.,0.));
#7042 = PLANE('',#7043);
#7043 = AXIS2_PLACEMENT_3D('',#7044,#7045,#7046);
#7044 = CARTESIAN_POINT('',(-0.32,-7.38,8.46));
#7045 = DIRECTION('',(1.735167508357E-18,0.707106781187,0.707106781187)
  );
#7046 = DIRECTION('',(-1.,1.226948711654E-18,1.226948711654E-18));
#7047 = ADVANCED_FACE('',(#7048),#7066,.F.);
#7048 = FACE_BOUND('',#7049,.F.);
#7049 = EDGE_LOOP('',(#7050,#7058,#7059,#7060));
#7050 = ORIENTED_EDGE('',*,*,#7051,.F.);
#7051 = EDGE_CURVE('',#6284,#7052,#7054,.T.);
#7052 = VERTEX_POINT('',#7053);
#7053 = CARTESIAN_POINT('',(-0.16,-7.78,8.54));
#7054 = LINE('',#7055,#7056);
#7055 = CARTESIAN_POINT('',(-0.266666666667,-7.886666666667,
    8.433333333333));
#7056 = VECTOR('',#7057,1.);
#7057 = DIRECTION('',(0.57735026919,0.57735026919,0.57735026919));
#7058 = ORIENTED_EDGE('',*,*,#6293,.T.);
#7059 = ORIENTED_EDGE('',*,*,#7027,.T.);
#7060 = ORIENTED_EDGE('',*,*,#7061,.F.);
#7061 = EDGE_CURVE('',#7052,#7028,#7062,.T.);
#7062 = LINE('',#7063,#7064);
#7063 = CARTESIAN_POINT('',(-0.16,-7.94,8.54));
#7064 = VECTOR('',#7065,1.);
#7065 = DIRECTION('',(0.,1.,0.));
#7066 = PLANE('',#7067);
#7067 = AXIS2_PLACEMENT_3D('',#7068,#7069,#7070);
#7068 = CARTESIAN_POINT('',(-0.24,-7.94,8.46));
#7069 = DIRECTION('',(0.707106781187,1.735167508357E-18,-0.707106781187)
  );
#7070 = DIRECTION('',(-1.226948711654E-18,1.,1.226948711654E-18));
#7071 = ADVANCED_FACE('',(#7072),#7083,.F.);
#7072 = FACE_BOUND('',#7073,.T.);
#7073 = EDGE_LOOP('',(#7074,#7075,#7076,#7077));
#7074 = ORIENTED_EDGE('',*,*,#7051,.F.);
#7075 = ORIENTED_EDGE('',*,*,#6310,.T.);
#7076 = ORIENTED_EDGE('',*,*,#6996,.T.);
#7077 = ORIENTED_EDGE('',*,*,#7078,.F.);
#7078 = EDGE_CURVE('',#7052,#6997,#7079,.T.);
#7079 = LINE('',#7080,#7081);
#7080 = CARTESIAN_POINT('',(-0.32,-7.78,8.54));
#7081 = VECTOR('',#7082,1.);
#7082 = DIRECTION('',(1.,0.,0.));
#7083 = PLANE('',#7084);
#7084 = AXIS2_PLACEMENT_3D('',#7085,#7086,#7087);
#7085 = CARTESIAN_POINT('',(-0.32,-7.86,8.46));
#7086 = DIRECTION('',(-1.735167508357E-18,0.707106781187,-0.707106781187
    ));
#7087 = DIRECTION('',(-1.,-1.226948711654E-18,1.226948711654E-18));
#7088 = ADVANCED_FACE('',(#7089),#7114,.T.);
#7089 = FACE_BOUND('',#7090,.T.);
#7090 = EDGE_LOOP('',(#7091,#7099,#7100,#7108));
#7091 = ORIENTED_EDGE('',*,*,#7092,.F.);
#7092 = EDGE_CURVE('',#6325,#7093,#7095,.T.);
#7093 = VERTEX_POINT('',#7094);
#7094 = CARTESIAN_POINT('',(0.16,-0.16,8.54));
#7095 = LINE('',#7096,#7097);
#7096 = CARTESIAN_POINT('',(0.16,-0.16,8.54));
#7097 = VECTOR('',#7098,1.);
#7098 = DIRECTION('',(-0.57735026919,0.57735026919,0.57735026919));
#7099 = ORIENTED_EDGE('',*,*,#6341,.T.);
#7100 = ORIENTED_EDGE('',*,*,#7101,.T.);
#7101 = EDGE_CURVE('',#6334,#7102,#7104,.T.);
#7102 = VERTEX_POINT('',#7103);
#7103 = CARTESIAN_POINT('',(0.16,0.16,8.54));
#7104 = LINE('',#7105,#7106);
#7105 = CARTESIAN_POINT('',(5.333333333333E-02,5.333333333333E-02,
    8.646666666667));
#7106 = VECTOR('',#7107,1.);
#7107 = DIRECTION('',(-0.57735026919,-0.57735026919,0.57735026919));
#7108 = ORIENTED_EDGE('',*,*,#7109,.F.);
#7109 = EDGE_CURVE('',#7093,#7102,#7110,.T.);
#7110 = LINE('',#7111,#7112);
#7111 = CARTESIAN_POINT('',(0.16,-0.32,8.54));
#7112 = VECTOR('',#7113,1.);
#7113 = DIRECTION('',(0.,1.,0.));
#7114 = PLANE('',#7115);
#7115 = AXIS2_PLACEMENT_3D('',#7116,#7117,#7118);
#7116 = CARTESIAN_POINT('',(0.24,-0.32,8.46));
#7117 = DIRECTION('',(0.707106781187,-1.735167508357E-18,0.707106781187)
  );
#7118 = DIRECTION('',(1.226948711654E-18,1.,1.226948711654E-18));
#7119 = ADVANCED_FACE('',(#7120),#7138,.T.);
#7120 = FACE_BOUND('',#7121,.F.);
#7121 = EDGE_LOOP('',(#7122,#7130,#7131,#7132));
#7122 = ORIENTED_EDGE('',*,*,#7123,.F.);
#7123 = EDGE_CURVE('',#6358,#7124,#7126,.T.);
#7124 = VERTEX_POINT('',#7125);
#7125 = CARTESIAN_POINT('',(-0.16,0.16,8.54));
#7126 = LINE('',#7127,#7128);
#7127 = CARTESIAN_POINT('',(-0.16,0.16,8.54));
#7128 = VECTOR('',#7129,1.);
#7129 = DIRECTION('',(0.57735026919,-0.57735026919,0.57735026919));
#7130 = ORIENTED_EDGE('',*,*,#6365,.T.);
#7131 = ORIENTED_EDGE('',*,*,#7101,.T.);
#7132 = ORIENTED_EDGE('',*,*,#7133,.F.);
#7133 = EDGE_CURVE('',#7124,#7102,#7134,.T.);
#7134 = LINE('',#7135,#7136);
#7135 = CARTESIAN_POINT('',(-0.32,0.16,8.54));
#7136 = VECTOR('',#7137,1.);
#7137 = DIRECTION('',(1.,0.,0.));
#7138 = PLANE('',#7139);
#7139 = AXIS2_PLACEMENT_3D('',#7140,#7141,#7142);
#7140 = CARTESIAN_POINT('',(-0.32,0.24,8.46));
#7141 = DIRECTION('',(1.735167508357E-18,0.707106781187,0.707106781187)
  );
#7142 = DIRECTION('',(-1.,1.226948711654E-18,1.226948711654E-18));
#7143 = ADVANCED_FACE('',(#7144),#7162,.F.);
#7144 = FACE_BOUND('',#7145,.F.);
#7145 = EDGE_LOOP('',(#7146,#7154,#7155,#7156));
#7146 = ORIENTED_EDGE('',*,*,#7147,.F.);
#7147 = EDGE_CURVE('',#6380,#7148,#7150,.T.);
#7148 = VERTEX_POINT('',#7149);
#7149 = CARTESIAN_POINT('',(-0.16,-0.16,8.54));
#7150 = LINE('',#7151,#7152);
#7151 = CARTESIAN_POINT('',(-0.266666666667,-0.266666666667,
    8.433333333333));
#7152 = VECTOR('',#7153,1.);
#7153 = DIRECTION('',(0.57735026919,0.57735026919,0.57735026919));
#7154 = ORIENTED_EDGE('',*,*,#6389,.T.);
#7155 = ORIENTED_EDGE('',*,*,#7123,.T.);
#7156 = ORIENTED_EDGE('',*,*,#7157,.F.);
#7157 = EDGE_CURVE('',#7148,#7124,#7158,.T.);
#7158 = LINE('',#7159,#7160);
#7159 = CARTESIAN_POINT('',(-0.16,-0.32,8.54));
#7160 = VECTOR('',#7161,1.);
#7161 = DIRECTION('',(0.,1.,0.));
#7162 = PLANE('',#7163);
#7163 = AXIS2_PLACEMENT_3D('',#7164,#7165,#7166);
#7164 = CARTESIAN_POINT('',(-0.24,-0.32,8.46));
#7165 = DIRECTION('',(0.707106781187,1.735167508357E-18,-0.707106781187)
  );
#7166 = DIRECTION('',(-1.226948711654E-18,1.,1.226948711654E-18));
#7167 = ADVANCED_FACE('',(#7168),#7179,.F.);
#7168 = FACE_BOUND('',#7169,.T.);
#7169 = EDGE_LOOP('',(#7170,#7171,#7172,#7173));
#7170 = ORIENTED_EDGE('',*,*,#7147,.F.);
#7171 = ORIENTED_EDGE('',*,*,#6406,.T.);
#7172 = ORIENTED_EDGE('',*,*,#7092,.T.);
#7173 = ORIENTED_EDGE('',*,*,#7174,.F.);
#7174 = EDGE_CURVE('',#7148,#7093,#7175,.T.);
#7175 = LINE('',#7176,#7177);
#7176 = CARTESIAN_POINT('',(-0.32,-0.16,8.54));
#7177 = VECTOR('',#7178,1.);
#7178 = DIRECTION('',(1.,0.,0.));
#7179 = PLANE('',#7180);
#7180 = AXIS2_PLACEMENT_3D('',#7181,#7182,#7183);
#7181 = CARTESIAN_POINT('',(-0.32,-0.24,8.46));
#7182 = DIRECTION('',(-1.735167508357E-18,0.707106781187,-0.707106781187
    ));
#7183 = DIRECTION('',(-1.,-1.226948711654E-18,1.226948711654E-18));
#7184 = ADVANCED_FACE('',(#7185),#7210,.T.);
#7185 = FACE_BOUND('',#7186,.F.);
#7186 = EDGE_LOOP('',(#7187,#7195,#7196,#7204));
#7187 = ORIENTED_EDGE('',*,*,#7188,.F.);
#7188 = EDGE_CURVE('',#6430,#7189,#7191,.T.);
#7189 = VERTEX_POINT('',#7190);
#7190 = CARTESIAN_POINT('',(-0.16,-2.38,8.54));
#7191 = LINE('',#7192,#7193);
#7192 = CARTESIAN_POINT('',(-0.16,-2.38,8.54));
#7193 = VECTOR('',#7194,1.);
#7194 = DIRECTION('',(0.57735026919,-0.57735026919,0.57735026919));
#7195 = ORIENTED_EDGE('',*,*,#6437,.T.);
#7196 = ORIENTED_EDGE('',*,*,#7197,.T.);
#7197 = EDGE_CURVE('',#6421,#7198,#7200,.T.);
#7198 = VERTEX_POINT('',#7199);
#7199 = CARTESIAN_POINT('',(0.16,-2.38,8.54));
#7200 = LINE('',#7201,#7202);
#7201 = CARTESIAN_POINT('',(5.333333333333E-02,-2.486666666667,
    8.646666666667));
#7202 = VECTOR('',#7203,1.);
#7203 = DIRECTION('',(-0.57735026919,-0.57735026919,0.57735026919));
#7204 = ORIENTED_EDGE('',*,*,#7205,.F.);
#7205 = EDGE_CURVE('',#7189,#7198,#7206,.T.);
#7206 = LINE('',#7207,#7208);
#7207 = CARTESIAN_POINT('',(-0.32,-2.38,8.54));
#7208 = VECTOR('',#7209,1.);
#7209 = DIRECTION('',(1.,0.,0.));
#7210 = PLANE('',#7211);
#7211 = AXIS2_PLACEMENT_3D('',#7212,#7213,#7214);
#7212 = CARTESIAN_POINT('',(-0.32,-2.3,8.46));
#7213 = DIRECTION('',(1.735167508357E-18,0.707106781187,0.707106781187)
  );
#7214 = DIRECTION('',(-1.,1.226948711654E-18,1.226948711654E-18));
#7215 = ADVANCED_FACE('',(#7216),#7234,.F.);
#7216 = FACE_BOUND('',#7217,.F.);
#7217 = EDGE_LOOP('',(#7218,#7226,#7227,#7228));
#7218 = ORIENTED_EDGE('',*,*,#7219,.F.);
#7219 = EDGE_CURVE('',#6452,#7220,#7222,.T.);
#7220 = VERTEX_POINT('',#7221);
#7221 = CARTESIAN_POINT('',(-0.16,-2.7,8.54));
#7222 = LINE('',#7223,#7224);
#7223 = CARTESIAN_POINT('',(-0.266666666667,-2.806666666667,
    8.433333333333));
#7224 = VECTOR('',#7225,1.);
#7225 = DIRECTION('',(0.57735026919,0.57735026919,0.57735026919));
#7226 = ORIENTED_EDGE('',*,*,#6461,.T.);
#7227 = ORIENTED_EDGE('',*,*,#7188,.T.);
#7228 = ORIENTED_EDGE('',*,*,#7229,.F.);
#7229 = EDGE_CURVE('',#7220,#7189,#7230,.T.);
#7230 = LINE('',#7231,#7232);
#7231 = CARTESIAN_POINT('',(-0.16,-2.86,8.54));
#7232 = VECTOR('',#7233,1.);
#7233 = DIRECTION('',(0.,1.,0.));
#7234 = PLANE('',#7235);
#7235 = AXIS2_PLACEMENT_3D('',#7236,#7237,#7238);
#7236 = CARTESIAN_POINT('',(-0.24,-2.86,8.46));
#7237 = DIRECTION('',(0.707106781187,1.735167508357E-18,-0.707106781187)
  );
#7238 = DIRECTION('',(-1.226948711654E-18,1.,1.226948711654E-18));
#7239 = ADVANCED_FACE('',(#7240),#7258,.F.);
#7240 = FACE_BOUND('',#7241,.T.);
#7241 = EDGE_LOOP('',(#7242,#7243,#7244,#7252));
#7242 = ORIENTED_EDGE('',*,*,#7219,.F.);
#7243 = ORIENTED_EDGE('',*,*,#6485,.T.);
#7244 = ORIENTED_EDGE('',*,*,#7245,.T.);
#7245 = EDGE_CURVE('',#6476,#7246,#7248,.T.);
#7246 = VERTEX_POINT('',#7247);
#7247 = CARTESIAN_POINT('',(0.16,-2.7,8.54));
#7248 = LINE('',#7249,#7250);
#7249 = CARTESIAN_POINT('',(0.16,-2.7,8.54));
#7250 = VECTOR('',#7251,1.);
#7251 = DIRECTION('',(-0.57735026919,0.57735026919,0.57735026919));
#7252 = ORIENTED_EDGE('',*,*,#7253,.F.);
#7253 = EDGE_CURVE('',#7220,#7246,#7254,.T.);
#7254 = LINE('',#7255,#7256);
#7255 = CARTESIAN_POINT('',(-0.32,-2.7,8.54));
#7256 = VECTOR('',#7257,1.);
#7257 = DIRECTION('',(1.,0.,0.));
#7258 = PLANE('',#7259);
#7259 = AXIS2_PLACEMENT_3D('',#7260,#7261,#7262);
#7260 = CARTESIAN_POINT('',(-0.32,-2.78,8.46));
#7261 = DIRECTION('',(-1.735167508357E-18,0.707106781187,-0.707106781187
    ));
#7262 = DIRECTION('',(-1.,-1.226948711654E-18,1.226948711654E-18));
#7263 = ADVANCED_FACE('',(#7264),#7275,.T.);
#7264 = FACE_BOUND('',#7265,.T.);
#7265 = EDGE_LOOP('',(#7266,#7267,#7268,#7269));
#7266 = ORIENTED_EDGE('',*,*,#7245,.F.);
#7267 = ORIENTED_EDGE('',*,*,#6502,.T.);
#7268 = ORIENTED_EDGE('',*,*,#7197,.T.);
#7269 = ORIENTED_EDGE('',*,*,#7270,.F.);
#7270 = EDGE_CURVE('',#7246,#7198,#7271,.T.);
#7271 = LINE('',#7272,#7273);
#7272 = CARTESIAN_POINT('',(0.16,-2.86,8.54));
#7273 = VECTOR('',#7274,1.);
#7274 = DIRECTION('',(0.,1.,0.));
#7275 = PLANE('',#7276);
#7276 = AXIS2_PLACEMENT_3D('',#7277,#7278,#7279);
#7277 = CARTESIAN_POINT('',(0.24,-2.86,8.46));
#7278 = DIRECTION('',(0.707106781187,-1.735167508357E-18,0.707106781187)
  );
#7279 = DIRECTION('',(1.226948711654E-18,1.,1.226948711654E-18));
#7280 = ADVANCED_FACE('',(#7281),#7287,.F.);
#7281 = FACE_BOUND('',#7282,.F.);
#7282 = EDGE_LOOP('',(#7283,#7284,#7285,#7286));
#7283 = ORIENTED_EDGE('',*,*,#6598,.T.);
#7284 = ORIENTED_EDGE('',*,*,#6533,.F.);
#7285 = ORIENTED_EDGE('',*,*,#6557,.F.);
#7286 = ORIENTED_EDGE('',*,*,#6581,.T.);
#7287 = PLANE('',#7288);
#7288 = AXIS2_PLACEMENT_3D('',#7289,#7290,#7291);
#7289 = CARTESIAN_POINT('',(-0.32,-5.4,-3.));
#7290 = DIRECTION('',(0.,0.,1.));
#7291 = DIRECTION('',(1.,0.,-0.));
#7292 = ADVANCED_FACE('',(#7293),#7299,.F.);
#7293 = FACE_BOUND('',#7294,.F.);
#7294 = EDGE_LOOP('',(#7295,#7296,#7297,#7298));
#7295 = ORIENTED_EDGE('',*,*,#6629,.T.);
#7296 = ORIENTED_EDGE('',*,*,#6653,.F.);
#7297 = ORIENTED_EDGE('',*,*,#6677,.F.);
#7298 = ORIENTED_EDGE('',*,*,#6694,.T.);
#7299 = PLANE('',#7300);
#7300 = AXIS2_PLACEMENT_3D('',#7301,#7302,#7303);
#7301 = CARTESIAN_POINT('',(-0.32,-7.94,-3.));
#7302 = DIRECTION('',(0.,0.,1.));
#7303 = DIRECTION('',(1.,0.,-0.));
#7304 = ADVANCED_FACE('',(#7305),#7311,.F.);
#7305 = FACE_BOUND('',#7306,.F.);
#7306 = EDGE_LOOP('',(#7307,#7308,#7309,#7310));
#7307 = ORIENTED_EDGE('',*,*,#6725,.T.);
#7308 = ORIENTED_EDGE('',*,*,#6749,.F.);
#7309 = ORIENTED_EDGE('',*,*,#6773,.F.);
#7310 = ORIENTED_EDGE('',*,*,#6790,.T.);
#7311 = PLANE('',#7312);
#7312 = AXIS2_PLACEMENT_3D('',#7313,#7314,#7315);
#7313 = CARTESIAN_POINT('',(-0.32,-0.32,-3.));
#7314 = DIRECTION('',(0.,0.,1.));
#7315 = DIRECTION('',(1.,0.,-0.));
#7316 = ADVANCED_FACE('',(#7317),#7323,.F.);
#7317 = FACE_BOUND('',#7318,.F.);
#7318 = EDGE_LOOP('',(#7319,#7320,#7321,#7322));
#7319 = ORIENTED_EDGE('',*,*,#6886,.T.);
#7320 = ORIENTED_EDGE('',*,*,#6821,.F.);
#7321 = ORIENTED_EDGE('',*,*,#6845,.F.);
#7322 = ORIENTED_EDGE('',*,*,#6869,.T.);
#7323 = PLANE('',#7324);
#7324 = AXIS2_PLACEMENT_3D('',#7325,#7326,#7327);
#7325 = CARTESIAN_POINT('',(-0.32,-2.86,-3.));
#7326 = DIRECTION('',(0.,0.,1.));
#7327 = DIRECTION('',(1.,0.,-0.));
#7328 = ADVANCED_FACE('',(#7329),#7335,.T.);
#7329 = FACE_BOUND('',#7330,.T.);
#7330 = EDGE_LOOP('',(#7331,#7332,#7333,#7334));
#7331 = ORIENTED_EDGE('',*,*,#6982,.T.);
#7332 = ORIENTED_EDGE('',*,*,#6917,.F.);
#7333 = ORIENTED_EDGE('',*,*,#6941,.F.);
#7334 = ORIENTED_EDGE('',*,*,#6965,.T.);
#7335 = PLANE('',#7336);
#7336 = AXIS2_PLACEMENT_3D('',#7337,#7338,#7339);
#7337 = CARTESIAN_POINT('',(-0.32,-5.4,8.54));
#7338 = DIRECTION('',(0.,0.,1.));
#7339 = DIRECTION('',(1.,0.,-0.));
#7340 = ADVANCED_FACE('',(#7341),#7347,.T.);
#7341 = FACE_BOUND('',#7342,.T.);
#7342 = EDGE_LOOP('',(#7343,#7344,#7345,#7346));
#7343 = ORIENTED_EDGE('',*,*,#7013,.T.);
#7344 = ORIENTED_EDGE('',*,*,#7037,.F.);
#7345 = ORIENTED_EDGE('',*,*,#7061,.F.);
#7346 = ORIENTED_EDGE('',*,*,#7078,.T.);
#7347 = PLANE('',#7348);
#7348 = AXIS2_PLACEMENT_3D('',#7349,#7350,#7351);
#7349 = CARTESIAN_POINT('',(-0.32,-7.94,8.54));
#7350 = DIRECTION('',(0.,0.,1.));
#7351 = DIRECTION('',(1.,0.,-0.));
#7352 = ADVANCED_FACE('',(#7353),#7359,.T.);
#7353 = FACE_BOUND('',#7354,.T.);
#7354 = EDGE_LOOP('',(#7355,#7356,#7357,#7358));
#7355 = ORIENTED_EDGE('',*,*,#7109,.T.);
#7356 = ORIENTED_EDGE('',*,*,#7133,.F.);
#7357 = ORIENTED_EDGE('',*,*,#7157,.F.);
#7358 = ORIENTED_EDGE('',*,*,#7174,.T.);
#7359 = PLANE('',#7360);
#7360 = AXIS2_PLACEMENT_3D('',#7361,#7362,#7363);
#7361 = CARTESIAN_POINT('',(-0.32,-0.32,8.54));
#7362 = DIRECTION('',(0.,0.,1.));
#7363 = DIRECTION('',(1.,0.,-0.));
#7364 = ADVANCED_FACE('',(#7365),#7371,.T.);
#7365 = FACE_BOUND('',#7366,.T.);
#7366 = EDGE_LOOP('',(#7367,#7368,#7369,#7370));
#7367 = ORIENTED_EDGE('',*,*,#7270,.T.);
#7368 = ORIENTED_EDGE('',*,*,#7205,.F.);
#7369 = ORIENTED_EDGE('',*,*,#7229,.F.);
#7370 = ORIENTED_EDGE('',*,*,#7253,.T.);
#7371 = PLANE('',#7372);
#7372 = AXIS2_PLACEMENT_3D('',#7373,#7374,#7375);
#7373 = CARTESIAN_POINT('',(-0.32,-2.86,8.54));
#7374 = DIRECTION('',(0.,0.,1.));
#7375 = DIRECTION('',(1.,0.,-0.));
#7376 = ( GEOMETRIC_REPRESENTATION_CONTEXT(3) 
GLOBAL_UNCERTAINTY_ASSIGNED_CONTEXT((#7380)) 
GLOBAL_UNIT_ASSIGNED_CONTEXT((#7377,#7378,#7379)) REPRESENTATION_CONTEXT
('Context #1','3D Context with UNIT and UNCERTAINTY') );
#7377 = ( LENGTH_UNIT() NAMED_UNIT(*) SI_UNIT(.MILLI.,.METRE.) );
#7378 = ( NAMED_UNIT(*) PLANE_ANGLE_UNIT() SI_UNIT($,.RADIAN.) );
#7379 = ( NAMED_UNIT(*) SI_UNIT($,.STERADIAN.) SOLID_ANGLE_UNIT() );
#7380 = UNCERTAINTY_MEASURE_WITH_UNIT(LENGTH_MEASURE(1.E-07),#7377,
  'distance_accuracy_value','confusion accuracy');
#7381 = CONTEXT_DEPENDENT_SHAPE_REPRESENTATION(#7382,#7384);
#7382 = ( REPRESENTATION_RELATIONSHIP('','',#4595,#10) 
REPRESENTATION_RELATIONSHIP_WITH_TRANSFORMATION(#7383) 
SHAPE_REPRESENTATION_RELATIONSHIP() );
#7383 = ITEM_DEFINED_TRANSFORMATION('','',#11,#31);
#7384 = PRODUCT_DEFINITION_SHAPE('Placement','Placement of an item',
  #7385);
#7385 = NEXT_ASSEMBLY_USAGE_OCCURRENCE('9','J2','',#5,#4590,$);
#7386 = PRODUCT_RELATED_PRODUCT_CATEGORY('part',$,(#4592));
#7387 = SHAPE_DEFINITION_REPRESENTATION(#7388,#7394);
#7388 = PRODUCT_DEFINITION_SHAPE('','',#7389);
#7389 = PRODUCT_DEFINITION('design','',#7390,#7393);
#7390 = PRODUCT_DEFINITION_FORMATION('','',#7391);
#7391 = PRODUCT('PinHeader_1x03_P2.54mm_Vertical',
  'PinHeader_1x03_P2.54mm_Vertical','',(#7392));
#7392 = PRODUCT_CONTEXT('',#2,'mechanical');
#7393 = PRODUCT_DEFINITION_CONTEXT('part definition',#2,'design');
#7394 = ADVANCED_BREP_SHAPE_REPRESENTATION('',(#11,#7395),#9501);
#7395 = MANIFOLD_SOLID_BREP('',#7396);
#7396 = CLOSED_SHELL('',(#7397,#7437,#7468,#7499,#7746,#7993,#8010,#8027
    ,#8044,#8061,#8078,#8095,#8112,#8129,#8146,#8163,#8180,#8197,#8214,
    #8231,#8248,#8265,#8277,#8308,#8332,#8356,#8373,#8404,#8428,#8452,
    #8469,#8500,#8524,#8548,#8565,#8596,#8620,#8644,#8661,#8692,#8716,
    #8740,#8757,#8788,#8812,#8836,#8853,#8884,#8908,#8932,#8949,#8980,
    #9004,#9028,#9045,#9076,#9100,#9124,#9141,#9172,#9196,#9220,#9237,
    #9268,#9292,#9316,#9333,#9364,#9388,#9412,#9429,#9441,#9453,#9465,
    #9477,#9489));
#7397 = ADVANCED_FACE('',(#7398),#7432,.F.);
#7398 = FACE_BOUND('',#7399,.F.);
#7399 = EDGE_LOOP('',(#7400,#7410,#7418,#7426));
#7400 = ORIENTED_EDGE('',*,*,#7401,.T.);
#7401 = EDGE_CURVE('',#7402,#7404,#7406,.T.);
#7402 = VERTEX_POINT('',#7403);
#7403 = CARTESIAN_POINT('',(-1.016,1.27,0.));
#7404 = VERTEX_POINT('',#7405);
#7405 = CARTESIAN_POINT('',(-1.016,1.27,2.54));
#7406 = LINE('',#7407,#7408);
#7407 = CARTESIAN_POINT('',(-1.016,1.27,0.));
#7408 = VECTOR('',#7409,1.);
#7409 = DIRECTION('',(0.,0.,1.));
#7410 = ORIENTED_EDGE('',*,*,#7411,.T.);
#7411 = EDGE_CURVE('',#7404,#7412,#7414,.T.);
#7412 = VERTEX_POINT('',#7413);
#7413 = CARTESIAN_POINT('',(-1.27,1.016,2.54));
#7414 = LINE('',#7415,#7416);
#7415 = CARTESIAN_POINT('',(-1.016,1.27,2.54));
#7416 = VECTOR('',#7417,1.);
#7417 = DIRECTION('',(-0.707106781187,-0.707106781187,0.));
#7418 = ORIENTED_EDGE('',*,*,#7419,.F.);
#7419 = EDGE_CURVE('',#7420,#7412,#7422,.T.);
#7420 = VERTEX_POINT('',#7421);
#7421 = CARTESIAN_POINT('',(-1.27,1.016,0.));
#7422 = LINE('',#7423,#7424);
#7423 = CARTESIAN_POINT('',(-1.27,1.016,0.));
#7424 = VECTOR('',#7425,1.);
#7425 = DIRECTION('',(0.,0.,1.));
#7426 = ORIENTED_EDGE('',*,*,#7427,.F.);
#7427 = EDGE_CURVE('',#7402,#7420,#7428,.T.);
#7428 = LINE('',#7429,#7430);
#7429 = CARTESIAN_POINT('',(-1.016,1.27,0.));
#7430 = VECTOR('',#7431,1.);
#7431 = DIRECTION('',(-0.707106781187,-0.707106781187,0.));
#7432 = PLANE('',#7433);
#7433 = AXIS2_PLACEMENT_3D('',#7434,#7435,#7436);
#7434 = CARTESIAN_POINT('',(-1.016,1.27,0.));
#7435 = DIRECTION('',(0.707106781187,-0.707106781187,0.));
#7436 = DIRECTION('',(-0.707106781187,-0.707106781187,0.));
#7437 = ADVANCED_FACE('',(#7438),#7463,.F.);
#7438 = FACE_BOUND('',#7439,.F.);
#7439 = EDGE_LOOP('',(#7440,#7450,#7456,#7457));
#7440 = ORIENTED_EDGE('',*,*,#7441,.T.);
#7441 = EDGE_CURVE('',#7442,#7444,#7446,.T.);
#7442 = VERTEX_POINT('',#7443);
#7443 = CARTESIAN_POINT('',(1.016,1.27,0.));
#7444 = VERTEX_POINT('',#7445);
#7445 = CARTESIAN_POINT('',(1.016,1.27,2.54));
#7446 = LINE('',#7447,#7448);
#7447 = CARTESIAN_POINT('',(1.016,1.27,0.));
#7448 = VECTOR('',#7449,1.);
#7449 = DIRECTION('',(0.,0.,1.));
#7450 = ORIENTED_EDGE('',*,*,#7451,.T.);
#7451 = EDGE_CURVE('',#7444,#7404,#7452,.T.);
#7452 = LINE('',#7453,#7454);
#7453 = CARTESIAN_POINT('',(1.016,1.27,2.54));
#7454 = VECTOR('',#7455,1.);
#7455 = DIRECTION('',(-1.,0.,0.));
#7456 = ORIENTED_EDGE('',*,*,#7401,.F.);
#7457 = ORIENTED_EDGE('',*,*,#7458,.F.);
#7458 = EDGE_CURVE('',#7442,#7402,#7459,.T.);
#7459 = LINE('',#7460,#7461);
#7460 = CARTESIAN_POINT('',(1.016,1.27,0.));
#7461 = VECTOR('',#7462,1.);
#7462 = DIRECTION('',(-1.,0.,0.));
#7463 = PLANE('',#7464);
#7464 = AXIS2_PLACEMENT_3D('',#7465,#7466,#7467);
#7465 = CARTESIAN_POINT('',(1.016,1.27,0.));
#7466 = DIRECTION('',(0.,-1.,0.));
#7467 = DIRECTION('',(-1.,0.,0.));
#7468 = ADVANCED_FACE('',(#7469),#7494,.F.);
#7469 = FACE_BOUND('',#7470,.F.);
#7470 = EDGE_LOOP('',(#7471,#7472,#7480,#7488));
#7471 = ORIENTED_EDGE('',*,*,#7419,.T.);
#7472 = ORIENTED_EDGE('',*,*,#7473,.T.);
#7473 = EDGE_CURVE('',#7412,#7474,#7476,.T.);
#7474 = VERTEX_POINT('',#7475);
#7475 = CARTESIAN_POINT('',(-1.27,-1.016,2.54));
#7476 = LINE('',#7477,#7478);
#7477 = CARTESIAN_POINT('',(-1.27,1.016,2.54));
#7478 = VECTOR('',#7479,1.);
#7479 = DIRECTION('',(0.,-1.,0.));
#7480 = ORIENTED_EDGE('',*,*,#7481,.F.);
#7481 = EDGE_CURVE('',#7482,#7474,#7484,.T.);
#7482 = VERTEX_POINT('',#7483);
#7483 = CARTESIAN_POINT('',(-1.27,-1.016,0.));
#7484 = LINE('',#7485,#7486);
#7485 = CARTESIAN_POINT('',(-1.27,-1.016,0.));
#7486 = VECTOR('',#7487,1.);
#7487 = DIRECTION('',(0.,0.,1.));
#7488 = ORIENTED_EDGE('',*,*,#7489,.F.);
#7489 = EDGE_CURVE('',#7420,#7482,#7490,.T.);
#7490 = LINE('',#7491,#7492);
#7491 = CARTESIAN_POINT('',(-1.27,1.016,0.));
#7492 = VECTOR('',#7493,1.);
#7493 = DIRECTION('',(0.,-1.,0.));
#7494 = PLANE('',#7495);
#7495 = AXIS2_PLACEMENT_3D('',#7496,#7497,#7498);
#7496 = CARTESIAN_POINT('',(-1.27,1.016,0.));
#7497 = DIRECTION('',(1.,0.,0.));
#7498 = DIRECTION('',(0.,-1.,0.));
#7499 = ADVANCED_FACE('',(#7500,#7639,#7673,#7707),#7741,.F.);
#7500 = FACE_BOUND('',#7501,.F.);
#7501 = EDGE_LOOP('',(#7502,#7503,#7504,#7512,#7520,#7528,#7536,#7544,
    #7552,#7560,#7568,#7576,#7584,#7592,#7600,#7608,#7616,#7624,#7632,
    #7638));
#7502 = ORIENTED_EDGE('',*,*,#7427,.T.);
#7503 = ORIENTED_EDGE('',*,*,#7489,.T.);
#7504 = ORIENTED_EDGE('',*,*,#7505,.T.);
#7505 = EDGE_CURVE('',#7482,#7506,#7508,.T.);
#7506 = VERTEX_POINT('',#7507);
#7507 = CARTESIAN_POINT('',(-1.016,-1.27,0.));
#7508 = LINE('',#7509,#7510);
#7509 = CARTESIAN_POINT('',(-1.27,-1.016,0.));
#7510 = VECTOR('',#7511,1.);
#7511 = DIRECTION('',(0.707106781187,-0.707106781187,0.));
#7512 = ORIENTED_EDGE('',*,*,#7513,.T.);
#7513 = EDGE_CURVE('',#7506,#7514,#7516,.T.);
#7514 = VERTEX_POINT('',#7515);
#7515 = CARTESIAN_POINT('',(-1.27,-1.524,0.));
#7516 = LINE('',#7517,#7518);
#7517 = CARTESIAN_POINT('',(-1.016,-1.27,0.));
#7518 = VECTOR('',#7519,1.);
#7519 = DIRECTION('',(-0.707106781187,-0.707106781187,0.));
#7520 = ORIENTED_EDGE('',*,*,#7521,.T.);
#7521 = EDGE_CURVE('',#7514,#7522,#7524,.T.);
#7522 = VERTEX_POINT('',#7523);
#7523 = CARTESIAN_POINT('',(-1.27,-3.556,0.));
#7524 = LINE('',#7525,#7526);
#7525 = CARTESIAN_POINT('',(-1.27,-1.524,0.));
#7526 = VECTOR('',#7527,1.);
#7527 = DIRECTION('',(0.,-1.,0.));
#7528 = ORIENTED_EDGE('',*,*,#7529,.T.);
#7529 = EDGE_CURVE('',#7522,#7530,#7532,.T.);
#7530 = VERTEX_POINT('',#7531);
#7531 = CARTESIAN_POINT('',(-1.016,-3.81,0.));
#7532 = LINE('',#7533,#7534);
#7533 = CARTESIAN_POINT('',(-1.27,-3.556,0.));
#7534 = VECTOR('',#7535,1.);
#7535 = DIRECTION('',(0.707106781187,-0.707106781187,0.));
#7536 = ORIENTED_EDGE('',*,*,#7537,.T.);
#7537 = EDGE_CURVE('',#7530,#7538,#7540,.T.);
#7538 = VERTEX_POINT('',#7539);
#7539 = CARTESIAN_POINT('',(-1.27,-4.064,0.));
#7540 = LINE('',#7541,#7542);
#7541 = CARTESIAN_POINT('',(-1.016,-3.81,0.));
#7542 = VECTOR('',#7543,1.);
#7543 = DIRECTION('',(-0.707106781187,-0.707106781187,0.));
#7544 = ORIENTED_EDGE('',*,*,#7545,.T.);
#7545 = EDGE_CURVE('',#7538,#7546,#7548,.T.);
#7546 = VERTEX_POINT('',#7547);
#7547 = CARTESIAN_POINT('',(-1.27,-6.096,0.));
#7548 = LINE('',#7549,#7550);
#7549 = CARTESIAN_POINT('',(-1.27,-4.064,0.));
#7550 = VECTOR('',#7551,1.);
#7551 = DIRECTION('',(0.,-1.,0.));
#7552 = ORIENTED_EDGE('',*,*,#7553,.T.);
#7553 = EDGE_CURVE('',#7546,#7554,#7556,.T.);
#7554 = VERTEX_POINT('',#7555);
#7555 = CARTESIAN_POINT('',(-1.016,-6.35,0.));
#7556 = LINE('',#7557,#7558);
#7557 = CARTESIAN_POINT('',(-1.27,-6.096,0.));
#7558 = VECTOR('',#7559,1.);
#7559 = DIRECTION('',(0.707106781187,-0.707106781187,0.));
#7560 = ORIENTED_EDGE('',*,*,#7561,.T.);
#7561 = EDGE_CURVE('',#7554,#7562,#7564,.T.);
#7562 = VERTEX_POINT('',#7563);
#7563 = CARTESIAN_POINT('',(1.016,-6.35,0.));
#7564 = LINE('',#7565,#7566);
#7565 = CARTESIAN_POINT('',(-1.016,-6.35,0.));
#7566 = VECTOR('',#7567,1.);
#7567 = DIRECTION('',(1.,0.,0.));
#7568 = ORIENTED_EDGE('',*,*,#7569,.T.);
#7569 = EDGE_CURVE('',#7562,#7570,#7572,.T.);
#7570 = VERTEX_POINT('',#7571);
#7571 = CARTESIAN_POINT('',(1.27,-6.096,0.));
#7572 = LINE('',#7573,#7574);
#7573 = CARTESIAN_POINT('',(1.016,-6.35,0.));
#7574 = VECTOR('',#7575,1.);
#7575 = DIRECTION('',(0.707106781187,0.707106781187,0.));
#7576 = ORIENTED_EDGE('',*,*,#7577,.T.);
#7577 = EDGE_CURVE('',#7570,#7578,#7580,.T.);
#7578 = VERTEX_POINT('',#7579);
#7579 = CARTESIAN_POINT('',(1.27,-4.064,0.));
#7580 = LINE('',#7581,#7582);
#7581 = CARTESIAN_POINT('',(1.27,-6.096,0.));
#7582 = VECTOR('',#7583,1.);
#7583 = DIRECTION('',(0.,1.,0.));
#7584 = ORIENTED_EDGE('',*,*,#7585,.T.);
#7585 = EDGE_CURVE('',#7578,#7586,#7588,.T.);
#7586 = VERTEX_POINT('',#7587);
#7587 = CARTESIAN_POINT('',(1.016,-3.81,0.));
#7588 = LINE('',#7589,#7590);
#7589 = CARTESIAN_POINT('',(1.27,-4.064,0.));
#7590 = VECTOR('',#7591,1.);
#7591 = DIRECTION('',(-0.707106781187,0.707106781187,0.));
#7592 = ORIENTED_EDGE('',*,*,#7593,.T.);
#7593 = EDGE_CURVE('',#7586,#7594,#7596,.T.);
#7594 = VERTEX_POINT('',#7595);
#7595 = CARTESIAN_POINT('',(1.27,-3.556,0.));
#7596 = LINE('',#7597,#7598);
#7597 = CARTESIAN_POINT('',(1.016,-3.81,0.));
#7598 = VECTOR('',#7599,1.);
#7599 = DIRECTION('',(0.707106781187,0.707106781187,0.));
#7600 = ORIENTED_EDGE('',*,*,#7601,.T.);
#7601 = EDGE_CURVE('',#7594,#7602,#7604,.T.);
#7602 = VERTEX_POINT('',#7603);
#7603 = CARTESIAN_POINT('',(1.27,-1.524,0.));
#7604 = LINE('',#7605,#7606);
#7605 = CARTESIAN_POINT('',(1.27,-3.556,0.));
#7606 = VECTOR('',#7607,1.);
#7607 = DIRECTION('',(0.,1.,0.));
#7608 = ORIENTED_EDGE('',*,*,#7609,.T.);
#7609 = EDGE_CURVE('',#7602,#7610,#7612,.T.);
#7610 = VERTEX_POINT('',#7611);
#7611 = CARTESIAN_POINT('',(1.016,-1.27,0.));
#7612 = LINE('',#7613,#7614);
#7613 = CARTESIAN_POINT('',(1.27,-1.524,0.));
#7614 = VECTOR('',#7615,1.);
#7615 = DIRECTION('',(-0.707106781187,0.707106781187,0.));
#7616 = ORIENTED_EDGE('',*,*,#7617,.T.);
#7617 = EDGE_CURVE('',#7610,#7618,#7620,.T.);
#7618 = VERTEX_POINT('',#7619);
#7619 = CARTESIAN_POINT('',(1.27,-1.016,0.));
#7620 = LINE('',#7621,#7622);
#7621 = CARTESIAN_POINT('',(1.016,-1.27,0.));
#7622 = VECTOR('',#7623,1.);
#7623 = DIRECTION('',(0.707106781187,0.707106781187,0.));
#7624 = ORIENTED_EDGE('',*,*,#7625,.T.);
#7625 = EDGE_CURVE('',#7618,#7626,#7628,.T.);
#7626 = VERTEX_POINT('',#7627);
#7627 = CARTESIAN_POINT('',(1.27,1.016,0.));
#7628 = LINE('',#7629,#7630);
#7629 = CARTESIAN_POINT('',(1.27,-1.016,0.));
#7630 = VECTOR('',#7631,1.);
#7631 = DIRECTION('',(0.,1.,0.));
#7632 = ORIENTED_EDGE('',*,*,#7633,.T.);
#7633 = EDGE_CURVE('',#7626,#7442,#7634,.T.);
#7634 = LINE('',#7635,#7636);
#7635 = CARTESIAN_POINT('',(1.27,1.016,0.));
#7636 = VECTOR('',#7637,1.);
#7637 = DIRECTION('',(-0.707106781187,0.707106781187,0.));
#7638 = ORIENTED_EDGE('',*,*,#7458,.T.);
#7639 = FACE_BOUND('',#7640,.F.);
#7640 = EDGE_LOOP('',(#7641,#7651,#7659,#7667));
#7641 = ORIENTED_EDGE('',*,*,#7642,.F.);
#7642 = EDGE_CURVE('',#7643,#7645,#7647,.T.);
#7643 = VERTEX_POINT('',#7644);
#7644 = CARTESIAN_POINT('',(0.32,-0.32,0.));
#7645 = VERTEX_POINT('',#7646);
#7646 = CARTESIAN_POINT('',(0.32,0.32,0.));
#7647 = LINE('',#7648,#7649);
#7648 = CARTESIAN_POINT('',(0.32,-1.43,0.));
#7649 = VECTOR('',#7650,1.);
#7650 = DIRECTION('',(0.,1.,0.));
#7651 = ORIENTED_EDGE('',*,*,#7652,.T.);
#7652 = EDGE_CURVE('',#7643,#7653,#7655,.T.);
#7653 = VERTEX_POINT('',#7654);
#7654 = CARTESIAN_POINT('',(-0.32,-0.32,0.));
#7655 = LINE('',#7656,#7657);
#7656 = CARTESIAN_POINT('',(-0.16,-0.32,0.));
#7657 = VECTOR('',#7658,1.);
#7658 = DIRECTION('',(-1.,0.,0.));
#7659 = ORIENTED_EDGE('',*,*,#7660,.T.);
#7660 = EDGE_CURVE('',#7653,#7661,#7663,.T.);
#7661 = VERTEX_POINT('',#7662);
#7662 = CARTESIAN_POINT('',(-0.32,0.32,0.));
#7663 = LINE('',#7664,#7665);
#7664 = CARTESIAN_POINT('',(-0.32,-1.43,0.));
#7665 = VECTOR('',#7666,1.);
#7666 = DIRECTION('',(0.,1.,0.));
#7667 = ORIENTED_EDGE('',*,*,#7668,.F.);
#7668 = EDGE_CURVE('',#7645,#7661,#7669,.T.);
#7669 = LINE('',#7670,#7671);
#7670 = CARTESIAN_POINT('',(-0.16,0.32,0.));
#7671 = VECTOR('',#7672,1.);
#7672 = DIRECTION('',(-1.,0.,0.));
#7673 = FACE_BOUND('',#7674,.F.);
#7674 = EDGE_LOOP('',(#7675,#7685,#7693,#7701));
#7675 = ORIENTED_EDGE('',*,*,#7676,.T.);
#7676 = EDGE_CURVE('',#7677,#7679,#7681,.T.);
#7677 = VERTEX_POINT('',#7678);
#7678 = CARTESIAN_POINT('',(0.32,-2.86,0.));
#7679 = VERTEX_POINT('',#7680);
#7680 = CARTESIAN_POINT('',(-0.32,-2.86,0.));
#7681 = LINE('',#7682,#7683);
#7682 = CARTESIAN_POINT('',(-0.16,-2.86,0.));
#7683 = VECTOR('',#7684,1.);
#7684 = DIRECTION('',(-1.,0.,0.));
#7685 = ORIENTED_EDGE('',*,*,#7686,.T.);
#7686 = EDGE_CURVE('',#7679,#7687,#7689,.T.);
#7687 = VERTEX_POINT('',#7688);
#7688 = CARTESIAN_POINT('',(-0.32,-2.22,0.));
#7689 = LINE('',#7690,#7691);
#7690 = CARTESIAN_POINT('',(-0.32,-2.7,0.));
#7691 = VECTOR('',#7692,1.);
#7692 = DIRECTION('',(0.,1.,0.));
#7693 = ORIENTED_EDGE('',*,*,#7694,.F.);
#7694 = EDGE_CURVE('',#7695,#7687,#7697,.T.);
#7695 = VERTEX_POINT('',#7696);
#7696 = CARTESIAN_POINT('',(0.32,-2.22,0.));
#7697 = LINE('',#7698,#7699);
#7698 = CARTESIAN_POINT('',(-0.16,-2.22,0.));
#7699 = VECTOR('',#7700,1.);
#7700 = DIRECTION('',(-1.,0.,0.));
#7701 = ORIENTED_EDGE('',*,*,#7702,.F.);
#7702 = EDGE_CURVE('',#7677,#7695,#7703,.T.);
#7703 = LINE('',#7704,#7705);
#7704 = CARTESIAN_POINT('',(0.32,-2.7,0.));
#7705 = VECTOR('',#7706,1.);
#7706 = DIRECTION('',(0.,1.,0.));
#7707 = FACE_BOUND('',#7708,.F.);
#7708 = EDGE_LOOP('',(#7709,#7719,#7727,#7735));
#7709 = ORIENTED_EDGE('',*,*,#7710,.F.);
#7710 = EDGE_CURVE('',#7711,#7713,#7715,.T.);
#7711 = VERTEX_POINT('',#7712);
#7712 = CARTESIAN_POINT('',(0.32,-4.76,0.));
#7713 = VERTEX_POINT('',#7714);
#7714 = CARTESIAN_POINT('',(-0.32,-4.76,0.));
#7715 = LINE('',#7716,#7717);
#7716 = CARTESIAN_POINT('',(-0.16,-4.76,0.));
#7717 = VECTOR('',#7718,1.);
#7718 = DIRECTION('',(-1.,0.,0.));
#7719 = ORIENTED_EDGE('',*,*,#7720,.F.);
#7720 = EDGE_CURVE('',#7721,#7711,#7723,.T.);
#7721 = VERTEX_POINT('',#7722);
#7722 = CARTESIAN_POINT('',(0.32,-5.4,0.));
#7723 = LINE('',#7724,#7725);
#7724 = CARTESIAN_POINT('',(0.32,-3.97,0.));
#7725 = VECTOR('',#7726,1.);
#7726 = DIRECTION('',(0.,1.,0.));
#7727 = ORIENTED_EDGE('',*,*,#7728,.T.);
#7728 = EDGE_CURVE('',#7721,#7729,#7731,.T.);
#7729 = VERTEX_POINT('',#7730);
#7730 = CARTESIAN_POINT('',(-0.32,-5.4,0.));
#7731 = LINE('',#7732,#7733);
#7732 = CARTESIAN_POINT('',(-0.16,-5.4,0.));
#7733 = VECTOR('',#7734,1.);
#7734 = DIRECTION('',(-1.,0.,0.));
#7735 = ORIENTED_EDGE('',*,*,#7736,.T.);
#7736 = EDGE_CURVE('',#7729,#7713,#7737,.T.);
#7737 = LINE('',#7738,#7739);
#7738 = CARTESIAN_POINT('',(-0.32,-3.97,0.));
#7739 = VECTOR('',#7740,1.);
#7740 = DIRECTION('',(0.,1.,0.));
#7741 = PLANE('',#7742);
#7742 = AXIS2_PLACEMENT_3D('',#7743,#7744,#7745);
#7743 = CARTESIAN_POINT('',(5.398204781459E-17,-2.54,0.));
#7744 = DIRECTION('',(0.,0.,1.));
#7745 = DIRECTION('',(1.,0.,-0.));
#7746 = ADVANCED_FACE('',(#7747,#7886,#7920,#7954),#7988,.T.);
#7747 = FACE_BOUND('',#7748,.T.);
#7748 = EDGE_LOOP('',(#7749,#7750,#7751,#7759,#7767,#7775,#7783,#7791,
    #7799,#7807,#7815,#7823,#7831,#7839,#7847,#7855,#7863,#7871,#7879,
    #7885));
#7749 = ORIENTED_EDGE('',*,*,#7411,.T.);
#7750 = ORIENTED_EDGE('',*,*,#7473,.T.);
#7751 = ORIENTED_EDGE('',*,*,#7752,.T.);
#7752 = EDGE_CURVE('',#7474,#7753,#7755,.T.);
#7753 = VERTEX_POINT('',#7754);
#7754 = CARTESIAN_POINT('',(-1.016,-1.27,2.54));
#7755 = LINE('',#7756,#7757);
#7756 = CARTESIAN_POINT('',(-1.27,-1.016,2.54));
#7757 = VECTOR('',#7758,1.);
#7758 = DIRECTION('',(0.707106781187,-0.707106781187,0.));
#7759 = ORIENTED_EDGE('',*,*,#7760,.T.);
#7760 = EDGE_CURVE('',#7753,#7761,#7763,.T.);
#7761 = VERTEX_POINT('',#7762);
#7762 = CARTESIAN_POINT('',(-1.27,-1.524,2.54));
#7763 = LINE('',#7764,#7765);
#7764 = CARTESIAN_POINT('',(-1.016,-1.27,2.54));
#7765 = VECTOR('',#7766,1.);
#7766 = DIRECTION('',(-0.707106781187,-0.707106781187,0.));
#7767 = ORIENTED_EDGE('',*,*,#7768,.T.);
#7768 = EDGE_CURVE('',#7761,#7769,#7771,.T.);
#7769 = VERTEX_POINT('',#7770);
#7770 = CARTESIAN_POINT('',(-1.27,-3.556,2.54));
#7771 = LINE('',#7772,#7773);
#7772 = CARTESIAN_POINT('',(-1.27,-1.524,2.54));
#7773 = VECTOR('',#7774,1.);
#7774 = DIRECTION('',(0.,-1.,0.));
#7775 = ORIENTED_EDGE('',*,*,#7776,.T.);
#7776 = EDGE_CURVE('',#7769,#7777,#7779,.T.);
#7777 = VERTEX_POINT('',#7778);
#7778 = CARTESIAN_POINT('',(-1.016,-3.81,2.54));
#7779 = LINE('',#7780,#7781);
#7780 = CARTESIAN_POINT('',(-1.27,-3.556,2.54));
#7781 = VECTOR('',#7782,1.);
#7782 = DIRECTION('',(0.707106781187,-0.707106781187,0.));
#7783 = ORIENTED_EDGE('',*,*,#7784,.T.);
#7784 = EDGE_CURVE('',#7777,#7785,#7787,.T.);
#7785 = VERTEX_POINT('',#7786);
#7786 = CARTESIAN_POINT('',(-1.27,-4.064,2.54));
#7787 = LINE('',#7788,#7789);
#7788 = CARTESIAN_POINT('',(-1.016,-3.81,2.54));
#7789 = VECTOR('',#7790,1.);
#7790 = DIRECTION('',(-0.707106781187,-0.707106781187,0.));
#7791 = ORIENTED_EDGE('',*,*,#7792,.T.);
#7792 = EDGE_CURVE('',#7785,#7793,#7795,.T.);
#7793 = VERTEX_POINT('',#7794);
#7794 = CARTESIAN_POINT('',(-1.27,-6.096,2.54));
#7795 = LINE('',#7796,#7797);
#7796 = CARTESIAN_POINT('',(-1.27,-4.064,2.54));
#7797 = VECTOR('',#7798,1.);
#7798 = DIRECTION('',(0.,-1.,0.));
#7799 = ORIENTED_EDGE('',*,*,#7800,.T.);
#7800 = EDGE_CURVE('',#7793,#7801,#7803,.T.);
#7801 = VERTEX_POINT('',#7802);
#7802 = CARTESIAN_POINT('',(-1.016,-6.35,2.54));
#7803 = LINE('',#7804,#7805);
#7804 = CARTESIAN_POINT('',(-1.27,-6.096,2.54));
#7805 = VECTOR('',#7806,1.);
#7806 = DIRECTION('',(0.707106781187,-0.707106781187,0.));
#7807 = ORIENTED_EDGE('',*,*,#7808,.T.);
#7808 = EDGE_CURVE('',#7801,#7809,#7811,.T.);
#7809 = VERTEX_POINT('',#7810);
#7810 = CARTESIAN_POINT('',(1.016,-6.35,2.54));
#7811 = LINE('',#7812,#7813);
#7812 = CARTESIAN_POINT('',(-1.016,-6.35,2.54));
#7813 = VECTOR('',#7814,1.);
#7814 = DIRECTION('',(1.,0.,0.));
#7815 = ORIENTED_EDGE('',*,*,#7816,.T.);
#7816 = EDGE_CURVE('',#7809,#7817,#7819,.T.);
#7817 = VERTEX_POINT('',#7818);
#7818 = CARTESIAN_POINT('',(1.27,-6.096,2.54));
#7819 = LINE('',#7820,#7821);
#7820 = CARTESIAN_POINT('',(1.016,-6.35,2.54));
#7821 = VECTOR('',#7822,1.);
#7822 = DIRECTION('',(0.707106781187,0.707106781187,0.));
#7823 = ORIENTED_EDGE('',*,*,#7824,.T.);
#7824 = EDGE_CURVE('',#7817,#7825,#7827,.T.);
#7825 = VERTEX_POINT('',#7826);
#7826 = CARTESIAN_POINT('',(1.27,-4.064,2.54));
#7827 = LINE('',#7828,#7829);
#7828 = CARTESIAN_POINT('',(1.27,-6.096,2.54));
#7829 = VECTOR('',#7830,1.);
#7830 = DIRECTION('',(0.,1.,0.));
#7831 = ORIENTED_EDGE('',*,*,#7832,.T.);
#7832 = EDGE_CURVE('',#7825,#7833,#7835,.T.);
#7833 = VERTEX_POINT('',#7834);
#7834 = CARTESIAN_POINT('',(1.016,-3.81,2.54));
#7835 = LINE('',#7836,#7837);
#7836 = CARTESIAN_POINT('',(1.27,-4.064,2.54));
#7837 = VECTOR('',#7838,1.);
#7838 = DIRECTION('',(-0.707106781187,0.707106781187,0.));
#7839 = ORIENTED_EDGE('',*,*,#7840,.T.);
#7840 = EDGE_CURVE('',#7833,#7841,#7843,.T.);
#7841 = VERTEX_POINT('',#7842);
#7842 = CARTESIAN_POINT('',(1.27,-3.556,2.54));
#7843 = LINE('',#7844,#7845);
#7844 = CARTESIAN_POINT('',(1.016,-3.81,2.54));
#7845 = VECTOR('',#7846,1.);
#7846 = DIRECTION('',(0.707106781187,0.707106781187,0.));
#7847 = ORIENTED_EDGE('',*,*,#7848,.T.);
#7848 = EDGE_CURVE('',#7841,#7849,#7851,.T.);
#7849 = VERTEX_POINT('',#7850);
#7850 = CARTESIAN_POINT('',(1.27,-1.524,2.54));
#7851 = LINE('',#7852,#7853);
#7852 = CARTESIAN_POINT('',(1.27,-3.556,2.54));
#7853 = VECTOR('',#7854,1.);
#7854 = DIRECTION('',(0.,1.,0.));
#7855 = ORIENTED_EDGE('',*,*,#7856,.T.);
#7856 = EDGE_CURVE('',#7849,#7857,#7859,.T.);
#7857 = VERTEX_POINT('',#7858);
#7858 = CARTESIAN_POINT('',(1.016,-1.27,2.54));
#7859 = LINE('',#7860,#7861);
#7860 = CARTESIAN_POINT('',(1.27,-1.524,2.54));
#7861 = VECTOR('',#7862,1.);
#7862 = DIRECTION('',(-0.707106781187,0.707106781187,0.));
#7863 = ORIENTED_EDGE('',*,*,#7864,.T.);
#7864 = EDGE_CURVE('',#7857,#7865,#7867,.T.);
#7865 = VERTEX_POINT('',#7866);
#7866 = CARTESIAN_POINT('',(1.27,-1.016,2.54));
#7867 = LINE('',#7868,#7869);
#7868 = CARTESIAN_POINT('',(1.016,-1.27,2.54));
#7869 = VECTOR('',#7870,1.);
#7870 = DIRECTION('',(0.707106781187,0.707106781187,0.));
#7871 = ORIENTED_EDGE('',*,*,#7872,.T.);
#7872 = EDGE_CURVE('',#7865,#7873,#7875,.T.);
#7873 = VERTEX_POINT('',#7874);
#7874 = CARTESIAN_POINT('',(1.27,1.016,2.54));
#7875 = LINE('',#7876,#7877);
#7876 = CARTESIAN_POINT('',(1.27,-1.016,2.54));
#7877 = VECTOR('',#7878,1.);
#7878 = DIRECTION('',(0.,1.,0.));
#7879 = ORIENTED_EDGE('',*,*,#7880,.T.);
#7880 = EDGE_CURVE('',#7873,#7444,#7881,.T.);
#7881 = LINE('',#7882,#7883);
#7882 = CARTESIAN_POINT('',(1.27,1.016,2.54));
#7883 = VECTOR('',#7884,1.);
#7884 = DIRECTION('',(-0.707106781187,0.707106781187,0.));
#7885 = ORIENTED_EDGE('',*,*,#7451,.T.);
#7886 = FACE_BOUND('',#7887,.T.);
#7887 = EDGE_LOOP('',(#7888,#7898,#7906,#7914));
#7888 = ORIENTED_EDGE('',*,*,#7889,.F.);
#7889 = EDGE_CURVE('',#7890,#7892,#7894,.T.);
#7890 = VERTEX_POINT('',#7891);
#7891 = CARTESIAN_POINT('',(0.32,-0.32,2.54));
#7892 = VERTEX_POINT('',#7893);
#7893 = CARTESIAN_POINT('',(0.32,0.32,2.54));
#7894 = LINE('',#7895,#7896);
#7895 = CARTESIAN_POINT('',(0.32,-1.43,2.54));
#7896 = VECTOR('',#7897,1.);
#7897 = DIRECTION('',(0.,1.,0.));
#7898 = ORIENTED_EDGE('',*,*,#7899,.T.);
#7899 = EDGE_CURVE('',#7890,#7900,#7902,.T.);
#7900 = VERTEX_POINT('',#7901);
#7901 = CARTESIAN_POINT('',(-0.32,-0.32,2.54));
#7902 = LINE('',#7903,#7904);
#7903 = CARTESIAN_POINT('',(-0.16,-0.32,2.54));
#7904 = VECTOR('',#7905,1.);
#7905 = DIRECTION('',(-1.,0.,0.));
#7906 = ORIENTED_EDGE('',*,*,#7907,.T.);
#7907 = EDGE_CURVE('',#7900,#7908,#7910,.T.);
#7908 = VERTEX_POINT('',#7909);
#7909 = CARTESIAN_POINT('',(-0.32,0.32,2.54));
#7910 = LINE('',#7911,#7912);
#7911 = CARTESIAN_POINT('',(-0.32,-1.43,2.54));
#7912 = VECTOR('',#7913,1.);
#7913 = DIRECTION('',(0.,1.,0.));
#7914 = ORIENTED_EDGE('',*,*,#7915,.F.);
#7915 = EDGE_CURVE('',#7892,#7908,#7916,.T.);
#7916 = LINE('',#7917,#7918);
#7917 = CARTESIAN_POINT('',(-0.16,0.32,2.54));
#7918 = VECTOR('',#7919,1.);
#7919 = DIRECTION('',(-1.,0.,0.));
#7920 = FACE_BOUND('',#7921,.T.);
#7921 = EDGE_LOOP('',(#7922,#7932,#7940,#7948));
#7922 = ORIENTED_EDGE('',*,*,#7923,.T.);
#7923 = EDGE_CURVE('',#7924,#7926,#7928,.T.);
#7924 = VERTEX_POINT('',#7925);
#7925 = CARTESIAN_POINT('',(0.32,-2.86,2.54));
#7926 = VERTEX_POINT('',#7927);
#7927 = CARTESIAN_POINT('',(-0.32,-2.86,2.54));
#7928 = LINE('',#7929,#7930);
#7929 = CARTESIAN_POINT('',(-0.16,-2.86,2.54));
#7930 = VECTOR('',#7931,1.);
#7931 = DIRECTION('',(-1.,0.,0.));
#7932 = ORIENTED_EDGE('',*,*,#7933,.T.);
#7933 = EDGE_CURVE('',#7926,#7934,#7936,.T.);
#7934 = VERTEX_POINT('',#7935);
#7935 = CARTESIAN_POINT('',(-0.32,-2.22,2.54));
#7936 = LINE('',#7937,#7938);
#7937 = CARTESIAN_POINT('',(-0.32,-2.7,2.54));
#7938 = VECTOR('',#7939,1.);
#7939 = DIRECTION('',(0.,1.,0.));
#7940 = ORIENTED_EDGE('',*,*,#7941,.F.);
#7941 = EDGE_CURVE('',#7942,#7934,#7944,.T.);
#7942 = VERTEX_POINT('',#7943);
#7943 = CARTESIAN_POINT('',(0.32,-2.22,2.54));
#7944 = LINE('',#7945,#7946);
#7945 = CARTESIAN_POINT('',(-0.16,-2.22,2.54));
#7946 = VECTOR('',#7947,1.);
#7947 = DIRECTION('',(-1.,0.,0.));
#7948 = ORIENTED_EDGE('',*,*,#7949,.F.);
#7949 = EDGE_CURVE('',#7924,#7942,#7950,.T.);
#7950 = LINE('',#7951,#7952);
#7951 = CARTESIAN_POINT('',(0.32,-2.7,2.54));
#7952 = VECTOR('',#7953,1.);
#7953 = DIRECTION('',(0.,1.,0.));
#7954 = FACE_BOUND('',#7955,.T.);
#7955 = EDGE_LOOP('',(#7956,#7966,#7974,#7982));
#7956 = ORIENTED_EDGE('',*,*,#7957,.F.);
#7957 = EDGE_CURVE('',#7958,#7960,#7962,.T.);
#7958 = VERTEX_POINT('',#7959);
#7959 = CARTESIAN_POINT('',(0.32,-4.76,2.54));
#7960 = VERTEX_POINT('',#7961);
#7961 = CARTESIAN_POINT('',(-0.32,-4.76,2.54));
#7962 = LINE('',#7963,#7964);
#7963 = CARTESIAN_POINT('',(-0.16,-4.76,2.54));
#7964 = VECTOR('',#7965,1.);
#7965 = DIRECTION('',(-1.,0.,0.));
#7966 = ORIENTED_EDGE('',*,*,#7967,.F.);
#7967 = EDGE_CURVE('',#7968,#7958,#7970,.T.);
#7968 = VERTEX_POINT('',#7969);
#7969 = CARTESIAN_POINT('',(0.32,-5.4,2.54));
#7970 = LINE('',#7971,#7972);
#7971 = CARTESIAN_POINT('',(0.32,-3.97,2.54));
#7972 = VECTOR('',#7973,1.);
#7973 = DIRECTION('',(0.,1.,0.));
#7974 = ORIENTED_EDGE('',*,*,#7975,.T.);
#7975 = EDGE_CURVE('',#7968,#7976,#7978,.T.);
#7976 = VERTEX_POINT('',#7977);
#7977 = CARTESIAN_POINT('',(-0.32,-5.4,2.54));
#7978 = LINE('',#7979,#7980);
#7979 = CARTESIAN_POINT('',(-0.16,-5.4,2.54));
#7980 = VECTOR('',#7981,1.);
#7981 = DIRECTION('',(-1.,0.,0.));
#7982 = ORIENTED_EDGE('',*,*,#7983,.T.);
#7983 = EDGE_CURVE('',#7976,#7960,#7984,.T.);
#7984 = LINE('',#7985,#7986);
#7985 = CARTESIAN_POINT('',(-0.32,-3.97,2.54));
#7986 = VECTOR('',#7987,1.);
#7987 = DIRECTION('',(0.,1.,0.));
#7988 = PLANE('',#7989);
#7989 = AXIS2_PLACEMENT_3D('',#7990,#7991,#7992);
#7990 = CARTESIAN_POINT('',(5.398204781459E-17,-2.54,2.54));
#7991 = DIRECTION('',(0.,0.,1.));
#7992 = DIRECTION('',(1.,0.,-0.));
#7993 = ADVANCED_FACE('',(#7994),#8005,.F.);
#7994 = FACE_BOUND('',#7995,.F.);
#7995 = EDGE_LOOP('',(#7996,#8002,#8003,#8004));
#7996 = ORIENTED_EDGE('',*,*,#7997,.T.);
#7997 = EDGE_CURVE('',#7626,#7873,#7998,.T.);
#7998 = LINE('',#7999,#8000);
#7999 = CARTESIAN_POINT('',(1.27,1.016,0.));
#8000 = VECTOR('',#8001,1.);
#8001 = DIRECTION('',(0.,0.,1.));
#8002 = ORIENTED_EDGE('',*,*,#7880,.T.);
#8003 = ORIENTED_EDGE('',*,*,#7441,.F.);
#8004 = ORIENTED_EDGE('',*,*,#7633,.F.);
#8005 = PLANE('',#8006);
#8006 = AXIS2_PLACEMENT_3D('',#8007,#8008,#8009);
#8007 = CARTESIAN_POINT('',(1.27,1.016,0.));
#8008 = DIRECTION('',(-0.707106781187,-0.707106781187,0.));
#8009 = DIRECTION('',(-0.707106781187,0.707106781187,0.));
#8010 = ADVANCED_FACE('',(#8011),#8022,.F.);
#8011 = FACE_BOUND('',#8012,.F.);
#8012 = EDGE_LOOP('',(#8013,#8014,#8015,#8021));
#8013 = ORIENTED_EDGE('',*,*,#7481,.T.);
#8014 = ORIENTED_EDGE('',*,*,#7752,.T.);
#8015 = ORIENTED_EDGE('',*,*,#8016,.F.);
#8016 = EDGE_CURVE('',#7506,#7753,#8017,.T.);
#8017 = LINE('',#8018,#8019);
#8018 = CARTESIAN_POINT('',(-1.016,-1.27,0.));
#8019 = VECTOR('',#8020,1.);
#8020 = DIRECTION('',(0.,0.,1.));
#8021 = ORIENTED_EDGE('',*,*,#7505,.F.);
#8022 = PLANE('',#8023);
#8023 = AXIS2_PLACEMENT_3D('',#8024,#8025,#8026);
#8024 = CARTESIAN_POINT('',(-1.27,-1.016,0.));
#8025 = DIRECTION('',(0.707106781187,0.707106781187,0.));
#8026 = DIRECTION('',(0.707106781187,-0.707106781187,0.));
#8027 = ADVANCED_FACE('',(#8028),#8039,.F.);
#8028 = FACE_BOUND('',#8029,.F.);
#8029 = EDGE_LOOP('',(#8030,#8036,#8037,#8038));
#8030 = ORIENTED_EDGE('',*,*,#8031,.T.);
#8031 = EDGE_CURVE('',#7618,#7865,#8032,.T.);
#8032 = LINE('',#8033,#8034);
#8033 = CARTESIAN_POINT('',(1.27,-1.016,0.));
#8034 = VECTOR('',#8035,1.);
#8035 = DIRECTION('',(0.,0.,1.));
#8036 = ORIENTED_EDGE('',*,*,#7872,.T.);
#8037 = ORIENTED_EDGE('',*,*,#7997,.F.);
#8038 = ORIENTED_EDGE('',*,*,#7625,.F.);
#8039 = PLANE('',#8040);
#8040 = AXIS2_PLACEMENT_3D('',#8041,#8042,#8043);
#8041 = CARTESIAN_POINT('',(1.27,-1.016,0.));
#8042 = DIRECTION('',(-1.,0.,0.));
#8043 = DIRECTION('',(0.,1.,0.));
#8044 = ADVANCED_FACE('',(#8045),#8056,.F.);
#8045 = FACE_BOUND('',#8046,.F.);
#8046 = EDGE_LOOP('',(#8047,#8048,#8049,#8055));
#8047 = ORIENTED_EDGE('',*,*,#8016,.T.);
#8048 = ORIENTED_EDGE('',*,*,#7760,.T.);
#8049 = ORIENTED_EDGE('',*,*,#8050,.F.);
#8050 = EDGE_CURVE('',#7514,#7761,#8051,.T.);
#8051 = LINE('',#8052,#8053);
#8052 = CARTESIAN_POINT('',(-1.27,-1.524,0.));
#8053 = VECTOR('',#8054,1.);
#8054 = DIRECTION('',(0.,0.,1.));
#8055 = ORIENTED_EDGE('',*,*,#7513,.F.);
#8056 = PLANE('',#8057);
#8057 = AXIS2_PLACEMENT_3D('',#8058,#8059,#8060);
#8058 = CARTESIAN_POINT('',(-1.016,-1.27,0.));
#8059 = DIRECTION('',(0.707106781187,-0.707106781187,0.));
#8060 = DIRECTION('',(-0.707106781187,-0.707106781187,0.));
#8061 = ADVANCED_FACE('',(#8062),#8073,.F.);
#8062 = FACE_BOUND('',#8063,.F.);
#8063 = EDGE_LOOP('',(#8064,#8070,#8071,#8072));
#8064 = ORIENTED_EDGE('',*,*,#8065,.T.);
#8065 = EDGE_CURVE('',#7610,#7857,#8066,.T.);
#8066 = LINE('',#8067,#8068);
#8067 = CARTESIAN_POINT('',(1.016,-1.27,0.));
#8068 = VECTOR('',#8069,1.);
#8069 = DIRECTION('',(0.,0.,1.));
#8070 = ORIENTED_EDGE('',*,*,#7864,.T.);
#8071 = ORIENTED_EDGE('',*,*,#8031,.F.);
#8072 = ORIENTED_EDGE('',*,*,#7617,.F.);
#8073 = PLANE('',#8074);
#8074 = AXIS2_PLACEMENT_3D('',#8075,#8076,#8077);
#8075 = CARTESIAN_POINT('',(1.016,-1.27,0.));
#8076 = DIRECTION('',(-0.707106781187,0.707106781187,0.));
#8077 = DIRECTION('',(0.707106781187,0.707106781187,0.));
#8078 = ADVANCED_FACE('',(#8079),#8090,.F.);
#8079 = FACE_BOUND('',#8080,.F.);
#8080 = EDGE_LOOP('',(#8081,#8082,#8083,#8089));
#8081 = ORIENTED_EDGE('',*,*,#8050,.T.);
#8082 = ORIENTED_EDGE('',*,*,#7768,.T.);
#8083 = ORIENTED_EDGE('',*,*,#8084,.F.);
#8084 = EDGE_CURVE('',#7522,#7769,#8085,.T.);
#8085 = LINE('',#8086,#8087);
#8086 = CARTESIAN_POINT('',(-1.27,-3.556,0.));
#8087 = VECTOR('',#8088,1.);
#8088 = DIRECTION('',(0.,0.,1.));
#8089 = ORIENTED_EDGE('',*,*,#7521,.F.);
#8090 = PLANE('',#8091);
#8091 = AXIS2_PLACEMENT_3D('',#8092,#8093,#8094);
#8092 = CARTESIAN_POINT('',(-1.27,-1.524,0.));
#8093 = DIRECTION('',(1.,0.,0.));
#8094 = DIRECTION('',(0.,-1.,0.));
#8095 = ADVANCED_FACE('',(#8096),#8107,.F.);
#8096 = FACE_BOUND('',#8097,.F.);
#8097 = EDGE_LOOP('',(#8098,#8104,#8105,#8106));
#8098 = ORIENTED_EDGE('',*,*,#8099,.T.);
#8099 = EDGE_CURVE('',#7602,#7849,#8100,.T.);
#8100 = LINE('',#8101,#8102);
#8101 = CARTESIAN_POINT('',(1.27,-1.524,0.));
#8102 = VECTOR('',#8103,1.);
#8103 = DIRECTION('',(0.,0.,1.));
#8104 = ORIENTED_EDGE('',*,*,#7856,.T.);
#8105 = ORIENTED_EDGE('',*,*,#8065,.F.);
#8106 = ORIENTED_EDGE('',*,*,#7609,.F.);
#8107 = PLANE('',#8108);
#8108 = AXIS2_PLACEMENT_3D('',#8109,#8110,#8111);
#8109 = CARTESIAN_POINT('',(1.27,-1.524,0.));
#8110 = DIRECTION('',(-0.707106781187,-0.707106781187,0.));
#8111 = DIRECTION('',(-0.707106781187,0.707106781187,0.));
#8112 = ADVANCED_FACE('',(#8113),#8124,.F.);
#8113 = FACE_BOUND('',#8114,.F.);
#8114 = EDGE_LOOP('',(#8115,#8116,#8117,#8123));
#8115 = ORIENTED_EDGE('',*,*,#8084,.T.);
#8116 = ORIENTED_EDGE('',*,*,#7776,.T.);
#8117 = ORIENTED_EDGE('',*,*,#8118,.F.);
#8118 = EDGE_CURVE('',#7530,#7777,#8119,.T.);
#8119 = LINE('',#8120,#8121);
#8120 = CARTESIAN_POINT('',(-1.016,-3.81,0.));
#8121 = VECTOR('',#8122,1.);
#8122 = DIRECTION('',(0.,0.,1.));
#8123 = ORIENTED_EDGE('',*,*,#7529,.F.);
#8124 = PLANE('',#8125);
#8125 = AXIS2_PLACEMENT_3D('',#8126,#8127,#8128);
#8126 = CARTESIAN_POINT('',(-1.27,-3.556,0.));
#8127 = DIRECTION('',(0.707106781187,0.707106781187,0.));
#8128 = DIRECTION('',(0.707106781187,-0.707106781187,0.));
#8129 = ADVANCED_FACE('',(#8130),#8141,.F.);
#8130 = FACE_BOUND('',#8131,.F.);
#8131 = EDGE_LOOP('',(#8132,#8138,#8139,#8140));
#8132 = ORIENTED_EDGE('',*,*,#8133,.T.);
#8133 = EDGE_CURVE('',#7594,#7841,#8134,.T.);
#8134 = LINE('',#8135,#8136);
#8135 = CARTESIAN_POINT('',(1.27,-3.556,0.));
#8136 = VECTOR('',#8137,1.);
#8137 = DIRECTION('',(0.,0.,1.));
#8138 = ORIENTED_EDGE('',*,*,#7848,.T.);
#8139 = ORIENTED_EDGE('',*,*,#8099,.F.);
#8140 = ORIENTED_EDGE('',*,*,#7601,.F.);
#8141 = PLANE('',#8142);
#8142 = AXIS2_PLACEMENT_3D('',#8143,#8144,#8145);
#8143 = CARTESIAN_POINT('',(1.27,-3.556,0.));
#8144 = DIRECTION('',(-1.,0.,0.));
#8145 = DIRECTION('',(0.,1.,0.));
#8146 = ADVANCED_FACE('',(#8147),#8158,.F.);
#8147 = FACE_BOUND('',#8148,.F.);
#8148 = EDGE_LOOP('',(#8149,#8150,#8151,#8157));
#8149 = ORIENTED_EDGE('',*,*,#8118,.T.);
#8150 = ORIENTED_EDGE('',*,*,#7784,.T.);
#8151 = ORIENTED_EDGE('',*,*,#8152,.F.);
#8152 = EDGE_CURVE('',#7538,#7785,#8153,.T.);
#8153 = LINE('',#8154,#8155);
#8154 = CARTESIAN_POINT('',(-1.27,-4.064,0.));
#8155 = VECTOR('',#8156,1.);
#8156 = DIRECTION('',(0.,0.,1.));
#8157 = ORIENTED_EDGE('',*,*,#7537,.F.);
#8158 = PLANE('',#8159);
#8159 = AXIS2_PLACEMENT_3D('',#8160,#8161,#8162);
#8160 = CARTESIAN_POINT('',(-1.016,-3.81,0.));
#8161 = DIRECTION('',(0.707106781187,-0.707106781187,0.));
#8162 = DIRECTION('',(-0.707106781187,-0.707106781187,0.));
#8163 = ADVANCED_FACE('',(#8164),#8175,.F.);
#8164 = FACE_BOUND('',#8165,.F.);
#8165 = EDGE_LOOP('',(#8166,#8172,#8173,#8174));
#8166 = ORIENTED_EDGE('',*,*,#8167,.T.);
#8167 = EDGE_CURVE('',#7586,#7833,#8168,.T.);
#8168 = LINE('',#8169,#8170);
#8169 = CARTESIAN_POINT('',(1.016,-3.81,0.));
#8170 = VECTOR('',#8171,1.);
#8171 = DIRECTION('',(0.,0.,1.));
#8172 = ORIENTED_EDGE('',*,*,#7840,.T.);
#8173 = ORIENTED_EDGE('',*,*,#8133,.F.);
#8174 = ORIENTED_EDGE('',*,*,#7593,.F.);
#8175 = PLANE('',#8176);
#8176 = AXIS2_PLACEMENT_3D('',#8177,#8178,#8179);
#8177 = CARTESIAN_POINT('',(1.016,-3.81,0.));
#8178 = DIRECTION('',(-0.707106781187,0.707106781187,0.));
#8179 = DIRECTION('',(0.707106781187,0.707106781187,0.));
#8180 = ADVANCED_FACE('',(#8181),#8192,.F.);
#8181 = FACE_BOUND('',#8182,.F.);
#8182 = EDGE_LOOP('',(#8183,#8184,#8185,#8191));
#8183 = ORIENTED_EDGE('',*,*,#8152,.T.);
#8184 = ORIENTED_EDGE('',*,*,#7792,.T.);
#8185 = ORIENTED_EDGE('',*,*,#8186,.F.);
#8186 = EDGE_CURVE('',#7546,#7793,#8187,.T.);
#8187 = LINE('',#8188,#8189);
#8188 = CARTESIAN_POINT('',(-1.27,-6.096,0.));
#8189 = VECTOR('',#8190,1.);
#8190 = DIRECTION('',(0.,0.,1.));
#8191 = ORIENTED_EDGE('',*,*,#7545,.F.);
#8192 = PLANE('',#8193);
#8193 = AXIS2_PLACEMENT_3D('',#8194,#8195,#8196);
#8194 = CARTESIAN_POINT('',(-1.27,-4.064,0.));
#8195 = DIRECTION('',(1.,0.,0.));
#8196 = DIRECTION('',(0.,-1.,0.));
#8197 = ADVANCED_FACE('',(#8198),#8209,.F.);
#8198 = FACE_BOUND('',#8199,.F.);
#8199 = EDGE_LOOP('',(#8200,#8206,#8207,#8208));
#8200 = ORIENTED_EDGE('',*,*,#8201,.T.);
#8201 = EDGE_CURVE('',#7578,#7825,#8202,.T.);
#8202 = LINE('',#8203,#8204);
#8203 = CARTESIAN_POINT('',(1.27,-4.064,0.));
#8204 = VECTOR('',#8205,1.);
#8205 = DIRECTION('',(0.,0.,1.));
#8206 = ORIENTED_EDGE('',*,*,#7832,.T.);
#8207 = ORIENTED_EDGE('',*,*,#8167,.F.);
#8208 = ORIENTED_EDGE('',*,*,#7585,.F.);
#8209 = PLANE('',#8210);
#8210 = AXIS2_PLACEMENT_3D('',#8211,#8212,#8213);
#8211 = CARTESIAN_POINT('',(1.27,-4.064,0.));
#8212 = DIRECTION('',(-0.707106781187,-0.707106781187,0.));
#8213 = DIRECTION('',(-0.707106781187,0.707106781187,0.));
#8214 = ADVANCED_FACE('',(#8215),#8226,.F.);
#8215 = FACE_BOUND('',#8216,.F.);
#8216 = EDGE_LOOP('',(#8217,#8218,#8219,#8225));
#8217 = ORIENTED_EDGE('',*,*,#8186,.T.);
#8218 = ORIENTED_EDGE('',*,*,#7800,.T.);
#8219 = ORIENTED_EDGE('',*,*,#8220,.F.);
#8220 = EDGE_CURVE('',#7554,#7801,#8221,.T.);
#8221 = LINE('',#8222,#8223);
#8222 = CARTESIAN_POINT('',(-1.016,-6.35,0.));
#8223 = VECTOR('',#8224,1.);
#8224 = DIRECTION('',(0.,0.,1.));
#8225 = ORIENTED_EDGE('',*,*,#7553,.F.);
#8226 = PLANE('',#8227);
#8227 = AXIS2_PLACEMENT_3D('',#8228,#8229,#8230);
#8228 = CARTESIAN_POINT('',(-1.27,-6.096,0.));
#8229 = DIRECTION('',(0.707106781187,0.707106781187,0.));
#8230 = DIRECTION('',(0.707106781187,-0.707106781187,0.));
#8231 = ADVANCED_FACE('',(#8232),#8243,.F.);
#8232 = FACE_BOUND('',#8233,.F.);
#8233 = EDGE_LOOP('',(#8234,#8240,#8241,#8242));
#8234 = ORIENTED_EDGE('',*,*,#8235,.T.);
#8235 = EDGE_CURVE('',#7570,#7817,#8236,.T.);
#8236 = LINE('',#8237,#8238);
#8237 = CARTESIAN_POINT('',(1.27,-6.096,0.));
#8238 = VECTOR('',#8239,1.);
#8239 = DIRECTION('',(0.,0.,1.));
#8240 = ORIENTED_EDGE('',*,*,#7824,.T.);
#8241 = ORIENTED_EDGE('',*,*,#8201,.F.);
#8242 = ORIENTED_EDGE('',*,*,#7577,.F.);
#8243 = PLANE('',#8244);
#8244 = AXIS2_PLACEMENT_3D('',#8245,#8246,#8247);
#8245 = CARTESIAN_POINT('',(1.27,-6.096,0.));
#8246 = DIRECTION('',(-1.,0.,0.));
#8247 = DIRECTION('',(0.,1.,0.));
#8248 = ADVANCED_FACE('',(#8249),#8260,.F.);
#8249 = FACE_BOUND('',#8250,.F.);
#8250 = EDGE_LOOP('',(#8251,#8252,#8253,#8259));
#8251 = ORIENTED_EDGE('',*,*,#8220,.T.);
#8252 = ORIENTED_EDGE('',*,*,#7808,.T.);
#8253 = ORIENTED_EDGE('',*,*,#8254,.F.);
#8254 = EDGE_CURVE('',#7562,#7809,#8255,.T.);
#8255 = LINE('',#8256,#8257);
#8256 = CARTESIAN_POINT('',(1.016,-6.35,0.));
#8257 = VECTOR('',#8258,1.);
#8258 = DIRECTION('',(0.,0.,1.));
#8259 = ORIENTED_EDGE('',*,*,#7561,.F.);
#8260 = PLANE('',#8261);
#8261 = AXIS2_PLACEMENT_3D('',#8262,#8263,#8264);
#8262 = CARTESIAN_POINT('',(-1.016,-6.35,0.));
#8263 = DIRECTION('',(0.,1.,0.));
#8264 = DIRECTION('',(1.,0.,0.));
#8265 = ADVANCED_FACE('',(#8266),#8272,.F.);
#8266 = FACE_BOUND('',#8267,.F.);
#8267 = EDGE_LOOP('',(#8268,#8269,#8270,#8271));
#8268 = ORIENTED_EDGE('',*,*,#8254,.T.);
#8269 = ORIENTED_EDGE('',*,*,#7816,.T.);
#8270 = ORIENTED_EDGE('',*,*,#8235,.F.);
#8271 = ORIENTED_EDGE('',*,*,#7569,.F.);
#8272 = PLANE('',#8273);
#8273 = AXIS2_PLACEMENT_3D('',#8274,#8275,#8276);
#8274 = CARTESIAN_POINT('',(1.016,-6.35,0.));
#8275 = DIRECTION('',(-0.707106781187,0.707106781187,0.));
#8276 = DIRECTION('',(0.707106781187,0.707106781187,0.));
#8277 = ADVANCED_FACE('',(#8278),#8303,.T.);
#8278 = FACE_BOUND('',#8279,.T.);
#8279 = EDGE_LOOP('',(#8280,#8288,#8296,#8302));
#8280 = ORIENTED_EDGE('',*,*,#8281,.F.);
#8281 = EDGE_CURVE('',#8282,#7643,#8284,.T.);
#8282 = VERTEX_POINT('',#8283);
#8283 = CARTESIAN_POINT('',(0.32,-0.32,-2.84));
#8284 = LINE('',#8285,#8286);
#8285 = CARTESIAN_POINT('',(0.32,-0.32,-3.));
#8286 = VECTOR('',#8287,1.);
#8287 = DIRECTION('',(0.,0.,1.));
#8288 = ORIENTED_EDGE('',*,*,#8289,.T.);
#8289 = EDGE_CURVE('',#8282,#8290,#8292,.T.);
#8290 = VERTEX_POINT('',#8291);
#8291 = CARTESIAN_POINT('',(0.32,0.32,-2.84));
#8292 = LINE('',#8293,#8294);
#8293 = CARTESIAN_POINT('',(0.32,-0.32,-2.84));
#8294 = VECTOR('',#8295,1.);
#8295 = DIRECTION('',(0.,1.,0.));
#8296 = ORIENTED_EDGE('',*,*,#8297,.T.);
#8297 = EDGE_CURVE('',#8290,#7645,#8298,.T.);
#8298 = LINE('',#8299,#8300);
#8299 = CARTESIAN_POINT('',(0.32,0.32,-3.));
#8300 = VECTOR('',#8301,1.);
#8301 = DIRECTION('',(0.,0.,1.));
#8302 = ORIENTED_EDGE('',*,*,#7642,.F.);
#8303 = PLANE('',#8304);
#8304 = AXIS2_PLACEMENT_3D('',#8305,#8306,#8307);
#8305 = CARTESIAN_POINT('',(0.32,-0.32,-3.));
#8306 = DIRECTION('',(1.,0.,0.));
#8307 = DIRECTION('',(0.,0.,1.));
#8308 = ADVANCED_FACE('',(#8309),#8327,.T.);
#8309 = FACE_BOUND('',#8310,.T.);
#8310 = EDGE_LOOP('',(#8311,#8312,#8320,#8326));
#8311 = ORIENTED_EDGE('',*,*,#8297,.F.);
#8312 = ORIENTED_EDGE('',*,*,#8313,.F.);
#8313 = EDGE_CURVE('',#8314,#8290,#8316,.T.);
#8314 = VERTEX_POINT('',#8315);
#8315 = CARTESIAN_POINT('',(-0.32,0.32,-2.84));
#8316 = LINE('',#8317,#8318);
#8317 = CARTESIAN_POINT('',(-0.32,0.32,-2.84));
#8318 = VECTOR('',#8319,1.);
#8319 = DIRECTION('',(1.,0.,0.));
#8320 = ORIENTED_EDGE('',*,*,#8321,.T.);
#8321 = EDGE_CURVE('',#8314,#7661,#8322,.T.);
#8322 = LINE('',#8323,#8324);
#8323 = CARTESIAN_POINT('',(-0.32,0.32,-3.));
#8324 = VECTOR('',#8325,1.);
#8325 = DIRECTION('',(0.,0.,1.));
#8326 = ORIENTED_EDGE('',*,*,#7668,.F.);
#8327 = PLANE('',#8328);
#8328 = AXIS2_PLACEMENT_3D('',#8329,#8330,#8331);
#8329 = CARTESIAN_POINT('',(-0.32,0.32,-3.));
#8330 = DIRECTION('',(0.,1.,0.));
#8331 = DIRECTION('',(0.,-0.,1.));
#8332 = ADVANCED_FACE('',(#8333),#8351,.F.);
#8333 = FACE_BOUND('',#8334,.F.);
#8334 = EDGE_LOOP('',(#8335,#8343,#8349,#8350));
#8335 = ORIENTED_EDGE('',*,*,#8336,.F.);
#8336 = EDGE_CURVE('',#8337,#7653,#8339,.T.);
#8337 = VERTEX_POINT('',#8338);
#8338 = CARTESIAN_POINT('',(-0.32,-0.32,-2.84));
#8339 = LINE('',#8340,#8341);
#8340 = CARTESIAN_POINT('',(-0.32,-0.32,-3.));
#8341 = VECTOR('',#8342,1.);
#8342 = DIRECTION('',(0.,0.,1.));
#8343 = ORIENTED_EDGE('',*,*,#8344,.T.);
#8344 = EDGE_CURVE('',#8337,#8314,#8345,.T.);
#8345 = LINE('',#8346,#8347);
#8346 = CARTESIAN_POINT('',(-0.32,-0.32,-2.84));
#8347 = VECTOR('',#8348,1.);
#8348 = DIRECTION('',(0.,1.,0.));
#8349 = ORIENTED_EDGE('',*,*,#8321,.T.);
#8350 = ORIENTED_EDGE('',*,*,#7660,.F.);
#8351 = PLANE('',#8352);
#8352 = AXIS2_PLACEMENT_3D('',#8353,#8354,#8355);
#8353 = CARTESIAN_POINT('',(-0.32,-0.32,-3.));
#8354 = DIRECTION('',(1.,0.,0.));
#8355 = DIRECTION('',(0.,0.,1.));
#8356 = ADVANCED_FACE('',(#8357),#8368,.F.);
#8357 = FACE_BOUND('',#8358,.F.);
#8358 = EDGE_LOOP('',(#8359,#8360,#8366,#8367));
#8359 = ORIENTED_EDGE('',*,*,#8281,.F.);
#8360 = ORIENTED_EDGE('',*,*,#8361,.F.);
#8361 = EDGE_CURVE('',#8337,#8282,#8362,.T.);
#8362 = LINE('',#8363,#8364);
#8363 = CARTESIAN_POINT('',(-0.32,-0.32,-2.84));
#8364 = VECTOR('',#8365,1.);
#8365 = DIRECTION('',(1.,0.,0.));
#8366 = ORIENTED_EDGE('',*,*,#8336,.T.);
#8367 = ORIENTED_EDGE('',*,*,#7652,.F.);
#8368 = PLANE('',#8369);
#8369 = AXIS2_PLACEMENT_3D('',#8370,#8371,#8372);
#8370 = CARTESIAN_POINT('',(-0.32,-0.32,-3.));
#8371 = DIRECTION('',(0.,1.,0.));
#8372 = DIRECTION('',(0.,-0.,1.));
#8373 = ADVANCED_FACE('',(#8374),#8399,.F.);
#8374 = FACE_BOUND('',#8375,.F.);
#8375 = EDGE_LOOP('',(#8376,#8384,#8392,#8398));
#8376 = ORIENTED_EDGE('',*,*,#8377,.F.);
#8377 = EDGE_CURVE('',#8378,#7677,#8380,.T.);
#8378 = VERTEX_POINT('',#8379);
#8379 = CARTESIAN_POINT('',(0.32,-2.86,-2.84));
#8380 = LINE('',#8381,#8382);
#8381 = CARTESIAN_POINT('',(0.32,-2.86,-3.));
#8382 = VECTOR('',#8383,1.);
#8383 = DIRECTION('',(0.,0.,1.));
#8384 = ORIENTED_EDGE('',*,*,#8385,.F.);
#8385 = EDGE_CURVE('',#8386,#8378,#8388,.T.);
#8386 = VERTEX_POINT('',#8387);
#8387 = CARTESIAN_POINT('',(-0.32,-2.86,-2.84));
#8388 = LINE('',#8389,#8390);
#8389 = CARTESIAN_POINT('',(-0.32,-2.86,-2.84));
#8390 = VECTOR('',#8391,1.);
#8391 = DIRECTION('',(1.,0.,0.));
#8392 = ORIENTED_EDGE('',*,*,#8393,.T.);
#8393 = EDGE_CURVE('',#8386,#7679,#8394,.T.);
#8394 = LINE('',#8395,#8396);
#8395 = CARTESIAN_POINT('',(-0.32,-2.86,-3.));
#8396 = VECTOR('',#8397,1.);
#8397 = DIRECTION('',(0.,0.,1.));
#8398 = ORIENTED_EDGE('',*,*,#7676,.F.);
#8399 = PLANE('',#8400);
#8400 = AXIS2_PLACEMENT_3D('',#8401,#8402,#8403);
#8401 = CARTESIAN_POINT('',(-0.32,-2.86,-3.));
#8402 = DIRECTION('',(0.,1.,0.));
#8403 = DIRECTION('',(0.,-0.,1.));
#8404 = ADVANCED_FACE('',(#8405),#8423,.T.);
#8405 = FACE_BOUND('',#8406,.T.);
#8406 = EDGE_LOOP('',(#8407,#8408,#8416,#8422));
#8407 = ORIENTED_EDGE('',*,*,#8377,.F.);
#8408 = ORIENTED_EDGE('',*,*,#8409,.T.);
#8409 = EDGE_CURVE('',#8378,#8410,#8412,.T.);
#8410 = VERTEX_POINT('',#8411);
#8411 = CARTESIAN_POINT('',(0.32,-2.22,-2.84));
#8412 = LINE('',#8413,#8414);
#8413 = CARTESIAN_POINT('',(0.32,-2.86,-2.84));
#8414 = VECTOR('',#8415,1.);
#8415 = DIRECTION('',(0.,1.,0.));
#8416 = ORIENTED_EDGE('',*,*,#8417,.T.);
#8417 = EDGE_CURVE('',#8410,#7695,#8418,.T.);
#8418 = LINE('',#8419,#8420);
#8419 = CARTESIAN_POINT('',(0.32,-2.22,-3.));
#8420 = VECTOR('',#8421,1.);
#8421 = DIRECTION('',(0.,0.,1.));
#8422 = ORIENTED_EDGE('',*,*,#7702,.F.);
#8423 = PLANE('',#8424);
#8424 = AXIS2_PLACEMENT_3D('',#8425,#8426,#8427);
#8425 = CARTESIAN_POINT('',(0.32,-2.86,-3.));
#8426 = DIRECTION('',(1.,0.,0.));
#8427 = DIRECTION('',(0.,0.,1.));
#8428 = ADVANCED_FACE('',(#8429),#8447,.T.);
#8429 = FACE_BOUND('',#8430,.T.);
#8430 = EDGE_LOOP('',(#8431,#8432,#8440,#8446));
#8431 = ORIENTED_EDGE('',*,*,#8417,.F.);
#8432 = ORIENTED_EDGE('',*,*,#8433,.F.);
#8433 = EDGE_CURVE('',#8434,#8410,#8436,.T.);
#8434 = VERTEX_POINT('',#8435);
#8435 = CARTESIAN_POINT('',(-0.32,-2.22,-2.84));
#8436 = LINE('',#8437,#8438);
#8437 = CARTESIAN_POINT('',(-0.32,-2.22,-2.84));
#8438 = VECTOR('',#8439,1.);
#8439 = DIRECTION('',(1.,0.,0.));
#8440 = ORIENTED_EDGE('',*,*,#8441,.T.);
#8441 = EDGE_CURVE('',#8434,#7687,#8442,.T.);
#8442 = LINE('',#8443,#8444);
#8443 = CARTESIAN_POINT('',(-0.32,-2.22,-3.));
#8444 = VECTOR('',#8445,1.);
#8445 = DIRECTION('',(0.,0.,1.));
#8446 = ORIENTED_EDGE('',*,*,#7694,.F.);
#8447 = PLANE('',#8448);
#8448 = AXIS2_PLACEMENT_3D('',#8449,#8450,#8451);
#8449 = CARTESIAN_POINT('',(-0.32,-2.22,-3.));
#8450 = DIRECTION('',(0.,1.,0.));
#8451 = DIRECTION('',(0.,-0.,1.));
#8452 = ADVANCED_FACE('',(#8453),#8464,.F.);
#8453 = FACE_BOUND('',#8454,.F.);
#8454 = EDGE_LOOP('',(#8455,#8456,#8462,#8463));
#8455 = ORIENTED_EDGE('',*,*,#8393,.F.);
#8456 = ORIENTED_EDGE('',*,*,#8457,.T.);
#8457 = EDGE_CURVE('',#8386,#8434,#8458,.T.);
#8458 = LINE('',#8459,#8460);
#8459 = CARTESIAN_POINT('',(-0.32,-2.86,-2.84));
#8460 = VECTOR('',#8461,1.);
#8461 = DIRECTION('',(0.,1.,0.));
#8462 = ORIENTED_EDGE('',*,*,#8441,.T.);
#8463 = ORIENTED_EDGE('',*,*,#7686,.F.);
#8464 = PLANE('',#8465);
#8465 = AXIS2_PLACEMENT_3D('',#8466,#8467,#8468);
#8466 = CARTESIAN_POINT('',(-0.32,-2.86,-3.));
#8467 = DIRECTION('',(1.,0.,0.));
#8468 = DIRECTION('',(0.,0.,1.));
#8469 = ADVANCED_FACE('',(#8470),#8495,.T.);
#8470 = FACE_BOUND('',#8471,.T.);
#8471 = EDGE_LOOP('',(#8472,#8480,#8488,#8494));
#8472 = ORIENTED_EDGE('',*,*,#8473,.F.);
#8473 = EDGE_CURVE('',#8474,#7711,#8476,.T.);
#8474 = VERTEX_POINT('',#8475);
#8475 = CARTESIAN_POINT('',(0.32,-4.76,-2.84));
#8476 = LINE('',#8477,#8478);
#8477 = CARTESIAN_POINT('',(0.32,-4.76,-3.));
#8478 = VECTOR('',#8479,1.);
#8479 = DIRECTION('',(0.,0.,1.));
#8480 = ORIENTED_EDGE('',*,*,#8481,.F.);
#8481 = EDGE_CURVE('',#8482,#8474,#8484,.T.);
#8482 = VERTEX_POINT('',#8483);
#8483 = CARTESIAN_POINT('',(-0.32,-4.76,-2.84));
#8484 = LINE('',#8485,#8486);
#8485 = CARTESIAN_POINT('',(-0.32,-4.76,-2.84));
#8486 = VECTOR('',#8487,1.);
#8487 = DIRECTION('',(1.,0.,0.));
#8488 = ORIENTED_EDGE('',*,*,#8489,.T.);
#8489 = EDGE_CURVE('',#8482,#7713,#8490,.T.);
#8490 = LINE('',#8491,#8492);
#8491 = CARTESIAN_POINT('',(-0.32,-4.76,-3.));
#8492 = VECTOR('',#8493,1.);
#8493 = DIRECTION('',(0.,0.,1.));
#8494 = ORIENTED_EDGE('',*,*,#7710,.F.);
#8495 = PLANE('',#8496);
#8496 = AXIS2_PLACEMENT_3D('',#8497,#8498,#8499);
#8497 = CARTESIAN_POINT('',(-0.32,-4.76,-3.));
#8498 = DIRECTION('',(0.,1.,0.));
#8499 = DIRECTION('',(0.,-0.,1.));
#8500 = ADVANCED_FACE('',(#8501),#8519,.F.);
#8501 = FACE_BOUND('',#8502,.F.);
#8502 = EDGE_LOOP('',(#8503,#8511,#8517,#8518));
#8503 = ORIENTED_EDGE('',*,*,#8504,.F.);
#8504 = EDGE_CURVE('',#8505,#7729,#8507,.T.);
#8505 = VERTEX_POINT('',#8506);
#8506 = CARTESIAN_POINT('',(-0.32,-5.4,-2.84));
#8507 = LINE('',#8508,#8509);
#8508 = CARTESIAN_POINT('',(-0.32,-5.4,-3.));
#8509 = VECTOR('',#8510,1.);
#8510 = DIRECTION('',(0.,0.,1.));
#8511 = ORIENTED_EDGE('',*,*,#8512,.T.);
#8512 = EDGE_CURVE('',#8505,#8482,#8513,.T.);
#8513 = LINE('',#8514,#8515);
#8514 = CARTESIAN_POINT('',(-0.32,-5.4,-2.84));
#8515 = VECTOR('',#8516,1.);
#8516 = DIRECTION('',(0.,1.,0.));
#8517 = ORIENTED_EDGE('',*,*,#8489,.T.);
#8518 = ORIENTED_EDGE('',*,*,#7736,.F.);
#8519 = PLANE('',#8520);
#8520 = AXIS2_PLACEMENT_3D('',#8521,#8522,#8523);
#8521 = CARTESIAN_POINT('',(-0.32,-5.4,-3.));
#8522 = DIRECTION('',(1.,0.,0.));
#8523 = DIRECTION('',(0.,0.,1.));
#8524 = ADVANCED_FACE('',(#8525),#8543,.F.);
#8525 = FACE_BOUND('',#8526,.F.);
#8526 = EDGE_LOOP('',(#8527,#8535,#8541,#8542));
#8527 = ORIENTED_EDGE('',*,*,#8528,.F.);
#8528 = EDGE_CURVE('',#8529,#7721,#8531,.T.);
#8529 = VERTEX_POINT('',#8530);
#8530 = CARTESIAN_POINT('',(0.32,-5.4,-2.84));
#8531 = LINE('',#8532,#8533);
#8532 = CARTESIAN_POINT('',(0.32,-5.4,-3.));
#8533 = VECTOR('',#8534,1.);
#8534 = DIRECTION('',(0.,0.,1.));
#8535 = ORIENTED_EDGE('',*,*,#8536,.F.);
#8536 = EDGE_CURVE('',#8505,#8529,#8537,.T.);
#8537 = LINE('',#8538,#8539);
#8538 = CARTESIAN_POINT('',(-0.32,-5.4,-2.84));
#8539 = VECTOR('',#8540,1.);
#8540 = DIRECTION('',(1.,0.,0.));
#8541 = ORIENTED_EDGE('',*,*,#8504,.T.);
#8542 = ORIENTED_EDGE('',*,*,#7728,.F.);
#8543 = PLANE('',#8544);
#8544 = AXIS2_PLACEMENT_3D('',#8545,#8546,#8547);
#8545 = CARTESIAN_POINT('',(-0.32,-5.4,-3.));
#8546 = DIRECTION('',(0.,1.,0.));
#8547 = DIRECTION('',(0.,-0.,1.));
#8548 = ADVANCED_FACE('',(#8549),#8560,.T.);
#8549 = FACE_BOUND('',#8550,.T.);
#8550 = EDGE_LOOP('',(#8551,#8552,#8558,#8559));
#8551 = ORIENTED_EDGE('',*,*,#8528,.F.);
#8552 = ORIENTED_EDGE('',*,*,#8553,.T.);
#8553 = EDGE_CURVE('',#8529,#8474,#8554,.T.);
#8554 = LINE('',#8555,#8556);
#8555 = CARTESIAN_POINT('',(0.32,-5.4,-2.84));
#8556 = VECTOR('',#8557,1.);
#8557 = DIRECTION('',(0.,1.,0.));
#8558 = ORIENTED_EDGE('',*,*,#8473,.T.);
#8559 = ORIENTED_EDGE('',*,*,#7720,.F.);
#8560 = PLANE('',#8561);
#8561 = AXIS2_PLACEMENT_3D('',#8562,#8563,#8564);
#8562 = CARTESIAN_POINT('',(0.32,-5.4,-3.));
#8563 = DIRECTION('',(1.,0.,0.));
#8564 = DIRECTION('',(0.,0.,1.));
#8565 = ADVANCED_FACE('',(#8566),#8591,.T.);
#8566 = FACE_BOUND('',#8567,.T.);
#8567 = EDGE_LOOP('',(#8568,#8576,#8577,#8585));
#8568 = ORIENTED_EDGE('',*,*,#8569,.F.);
#8569 = EDGE_CURVE('',#7890,#8570,#8572,.T.);
#8570 = VERTEX_POINT('',#8571);
#8571 = CARTESIAN_POINT('',(0.32,-0.32,8.38));
#8572 = LINE('',#8573,#8574);
#8573 = CARTESIAN_POINT('',(0.32,-0.32,-3.));
#8574 = VECTOR('',#8575,1.);
#8575 = DIRECTION('',(0.,0.,1.));
#8576 = ORIENTED_EDGE('',*,*,#7889,.T.);
#8577 = ORIENTED_EDGE('',*,*,#8578,.T.);
#8578 = EDGE_CURVE('',#7892,#8579,#8581,.T.);
#8579 = VERTEX_POINT('',#8580);
#8580 = CARTESIAN_POINT('',(0.32,0.32,8.38));
#8581 = LINE('',#8582,#8583);
#8582 = CARTESIAN_POINT('',(0.32,0.32,-3.));
#8583 = VECTOR('',#8584,1.);
#8584 = DIRECTION('',(0.,0.,1.));
#8585 = ORIENTED_EDGE('',*,*,#8586,.F.);
#8586 = EDGE_CURVE('',#8570,#8579,#8587,.T.);
#8587 = LINE('',#8588,#8589);
#8588 = CARTESIAN_POINT('',(0.32,-0.32,8.38));
#8589 = VECTOR('',#8590,1.);
#8590 = DIRECTION('',(0.,1.,0.));
#8591 = PLANE('',#8592);
#8592 = AXIS2_PLACEMENT_3D('',#8593,#8594,#8595);
#8593 = CARTESIAN_POINT('',(0.32,-0.32,-3.));
#8594 = DIRECTION('',(1.,0.,0.));
#8595 = DIRECTION('',(0.,0.,1.));
#8596 = ADVANCED_FACE('',(#8597),#8615,.T.);
#8597 = FACE_BOUND('',#8598,.T.);
#8598 = EDGE_LOOP('',(#8599,#8600,#8601,#8609));
#8599 = ORIENTED_EDGE('',*,*,#8578,.F.);
#8600 = ORIENTED_EDGE('',*,*,#7915,.T.);
#8601 = ORIENTED_EDGE('',*,*,#8602,.T.);
#8602 = EDGE_CURVE('',#7908,#8603,#8605,.T.);
#8603 = VERTEX_POINT('',#8604);
#8604 = CARTESIAN_POINT('',(-0.32,0.32,8.38));
#8605 = LINE('',#8606,#8607);
#8606 = CARTESIAN_POINT('',(-0.32,0.32,-3.));
#8607 = VECTOR('',#8608,1.);
#8608 = DIRECTION('',(0.,0.,1.));
#8609 = ORIENTED_EDGE('',*,*,#8610,.T.);
#8610 = EDGE_CURVE('',#8603,#8579,#8611,.T.);
#8611 = LINE('',#8612,#8613);
#8612 = CARTESIAN_POINT('',(-0.32,0.32,8.38));
#8613 = VECTOR('',#8614,1.);
#8614 = DIRECTION('',(1.,0.,0.));
#8615 = PLANE('',#8616);
#8616 = AXIS2_PLACEMENT_3D('',#8617,#8618,#8619);
#8617 = CARTESIAN_POINT('',(-0.32,0.32,-3.));
#8618 = DIRECTION('',(0.,1.,0.));
#8619 = DIRECTION('',(0.,-0.,1.));
#8620 = ADVANCED_FACE('',(#8621),#8639,.F.);
#8621 = FACE_BOUND('',#8622,.F.);
#8622 = EDGE_LOOP('',(#8623,#8631,#8632,#8633));
#8623 = ORIENTED_EDGE('',*,*,#8624,.F.);
#8624 = EDGE_CURVE('',#7900,#8625,#8627,.T.);
#8625 = VERTEX_POINT('',#8626);
#8626 = CARTESIAN_POINT('',(-0.32,-0.32,8.38));
#8627 = LINE('',#8628,#8629);
#8628 = CARTESIAN_POINT('',(-0.32,-0.32,-3.));
#8629 = VECTOR('',#8630,1.);
#8630 = DIRECTION('',(0.,0.,1.));
#8631 = ORIENTED_EDGE('',*,*,#7907,.T.);
#8632 = ORIENTED_EDGE('',*,*,#8602,.T.);
#8633 = ORIENTED_EDGE('',*,*,#8634,.F.);
#8634 = EDGE_CURVE('',#8625,#8603,#8635,.T.);
#8635 = LINE('',#8636,#8637);
#8636 = CARTESIAN_POINT('',(-0.32,-0.32,8.38));
#8637 = VECTOR('',#8638,1.);
#8638 = DIRECTION('',(0.,1.,0.));
#8639 = PLANE('',#8640);
#8640 = AXIS2_PLACEMENT_3D('',#8641,#8642,#8643);
#8641 = CARTESIAN_POINT('',(-0.32,-0.32,-3.));
#8642 = DIRECTION('',(1.,0.,0.));
#8643 = DIRECTION('',(0.,0.,1.));
#8644 = ADVANCED_FACE('',(#8645),#8656,.F.);
#8645 = FACE_BOUND('',#8646,.F.);
#8646 = EDGE_LOOP('',(#8647,#8648,#8649,#8650));
#8647 = ORIENTED_EDGE('',*,*,#8569,.F.);
#8648 = ORIENTED_EDGE('',*,*,#7899,.T.);
#8649 = ORIENTED_EDGE('',*,*,#8624,.T.);
#8650 = ORIENTED_EDGE('',*,*,#8651,.T.);
#8651 = EDGE_CURVE('',#8625,#8570,#8652,.T.);
#8652 = LINE('',#8653,#8654);
#8653 = CARTESIAN_POINT('',(-0.32,-0.32,8.38));
#8654 = VECTOR('',#8655,1.);
#8655 = DIRECTION('',(1.,0.,0.));
#8656 = PLANE('',#8657);
#8657 = AXIS2_PLACEMENT_3D('',#8658,#8659,#8660);
#8658 = CARTESIAN_POINT('',(-0.32,-0.32,-3.));
#8659 = DIRECTION('',(0.,1.,0.));
#8660 = DIRECTION('',(0.,-0.,1.));
#8661 = ADVANCED_FACE('',(#8662),#8687,.F.);
#8662 = FACE_BOUND('',#8663,.F.);
#8663 = EDGE_LOOP('',(#8664,#8672,#8673,#8681));
#8664 = ORIENTED_EDGE('',*,*,#8665,.F.);
#8665 = EDGE_CURVE('',#7924,#8666,#8668,.T.);
#8666 = VERTEX_POINT('',#8667);
#8667 = CARTESIAN_POINT('',(0.32,-2.86,8.38));
#8668 = LINE('',#8669,#8670);
#8669 = CARTESIAN_POINT('',(0.32,-2.86,-3.));
#8670 = VECTOR('',#8671,1.);
#8671 = DIRECTION('',(0.,0.,1.));
#8672 = ORIENTED_EDGE('',*,*,#7923,.T.);
#8673 = ORIENTED_EDGE('',*,*,#8674,.T.);
#8674 = EDGE_CURVE('',#7926,#8675,#8677,.T.);
#8675 = VERTEX_POINT('',#8676);
#8676 = CARTESIAN_POINT('',(-0.32,-2.86,8.38));
#8677 = LINE('',#8678,#8679);
#8678 = CARTESIAN_POINT('',(-0.32,-2.86,-3.));
#8679 = VECTOR('',#8680,1.);
#8680 = DIRECTION('',(0.,0.,1.));
#8681 = ORIENTED_EDGE('',*,*,#8682,.T.);
#8682 = EDGE_CURVE('',#8675,#8666,#8683,.T.);
#8683 = LINE('',#8684,#8685);
#8684 = CARTESIAN_POINT('',(-0.32,-2.86,8.38));
#8685 = VECTOR('',#8686,1.);
#8686 = DIRECTION('',(1.,0.,0.));
#8687 = PLANE('',#8688);
#8688 = AXIS2_PLACEMENT_3D('',#8689,#8690,#8691);
#8689 = CARTESIAN_POINT('',(-0.32,-2.86,-3.));
#8690 = DIRECTION('',(0.,1.,0.));
#8691 = DIRECTION('',(0.,-0.,1.));
#8692 = ADVANCED_FACE('',(#8693),#8711,.T.);
#8693 = FACE_BOUND('',#8694,.T.);
#8694 = EDGE_LOOP('',(#8695,#8696,#8697,#8705));
#8695 = ORIENTED_EDGE('',*,*,#8665,.F.);
#8696 = ORIENTED_EDGE('',*,*,#7949,.T.);
#8697 = ORIENTED_EDGE('',*,*,#8698,.T.);
#8698 = EDGE_CURVE('',#7942,#8699,#8701,.T.);
#8699 = VERTEX_POINT('',#8700);
#8700 = CARTESIAN_POINT('',(0.32,-2.22,8.38));
#8701 = LINE('',#8702,#8703);
#8702 = CARTESIAN_POINT('',(0.32,-2.22,-3.));
#8703 = VECTOR('',#8704,1.);
#8704 = DIRECTION('',(0.,0.,1.));
#8705 = ORIENTED_EDGE('',*,*,#8706,.F.);
#8706 = EDGE_CURVE('',#8666,#8699,#8707,.T.);
#8707 = LINE('',#8708,#8709);
#8708 = CARTESIAN_POINT('',(0.32,-2.86,8.38));
#8709 = VECTOR('',#8710,1.);
#8710 = DIRECTION('',(0.,1.,0.));
#8711 = PLANE('',#8712);
#8712 = AXIS2_PLACEMENT_3D('',#8713,#8714,#8715);
#8713 = CARTESIAN_POINT('',(0.32,-2.86,-3.));
#8714 = DIRECTION('',(1.,0.,0.));
#8715 = DIRECTION('',(0.,0.,1.));
#8716 = ADVANCED_FACE('',(#8717),#8735,.T.);
#8717 = FACE_BOUND('',#8718,.T.);
#8718 = EDGE_LOOP('',(#8719,#8720,#8721,#8729));
#8719 = ORIENTED_EDGE('',*,*,#8698,.F.);
#8720 = ORIENTED_EDGE('',*,*,#7941,.T.);
#8721 = ORIENTED_EDGE('',*,*,#8722,.T.);
#8722 = EDGE_CURVE('',#7934,#8723,#8725,.T.);
#8723 = VERTEX_POINT('',#8724);
#8724 = CARTESIAN_POINT('',(-0.32,-2.22,8.38));
#8725 = LINE('',#8726,#8727);
#8726 = CARTESIAN_POINT('',(-0.32,-2.22,-3.));
#8727 = VECTOR('',#8728,1.);
#8728 = DIRECTION('',(0.,0.,1.));
#8729 = ORIENTED_EDGE('',*,*,#8730,.T.);
#8730 = EDGE_CURVE('',#8723,#8699,#8731,.T.);
#8731 = LINE('',#8732,#8733);
#8732 = CARTESIAN_POINT('',(-0.32,-2.22,8.38));
#8733 = VECTOR('',#8734,1.);
#8734 = DIRECTION('',(1.,0.,0.));
#8735 = PLANE('',#8736);
#8736 = AXIS2_PLACEMENT_3D('',#8737,#8738,#8739);
#8737 = CARTESIAN_POINT('',(-0.32,-2.22,-3.));
#8738 = DIRECTION('',(0.,1.,0.));
#8739 = DIRECTION('',(0.,-0.,1.));
#8740 = ADVANCED_FACE('',(#8741),#8752,.F.);
#8741 = FACE_BOUND('',#8742,.F.);
#8742 = EDGE_LOOP('',(#8743,#8744,#8745,#8746));
#8743 = ORIENTED_EDGE('',*,*,#8674,.F.);
#8744 = ORIENTED_EDGE('',*,*,#7933,.T.);
#8745 = ORIENTED_EDGE('',*,*,#8722,.T.);
#8746 = ORIENTED_EDGE('',*,*,#8747,.F.);
#8747 = EDGE_CURVE('',#8675,#8723,#8748,.T.);
#8748 = LINE('',#8749,#8750);
#8749 = CARTESIAN_POINT('',(-0.32,-2.86,8.38));
#8750 = VECTOR('',#8751,1.);
#8751 = DIRECTION('',(0.,1.,0.));
#8752 = PLANE('',#8753);
#8753 = AXIS2_PLACEMENT_3D('',#8754,#8755,#8756);
#8754 = CARTESIAN_POINT('',(-0.32,-2.86,-3.));
#8755 = DIRECTION('',(1.,0.,0.));
#8756 = DIRECTION('',(0.,0.,1.));
#8757 = ADVANCED_FACE('',(#8758),#8783,.T.);
#8758 = FACE_BOUND('',#8759,.T.);
#8759 = EDGE_LOOP('',(#8760,#8768,#8769,#8777));
#8760 = ORIENTED_EDGE('',*,*,#8761,.F.);
#8761 = EDGE_CURVE('',#7958,#8762,#8764,.T.);
#8762 = VERTEX_POINT('',#8763);
#8763 = CARTESIAN_POINT('',(0.32,-4.76,8.38));
#8764 = LINE('',#8765,#8766);
#8765 = CARTESIAN_POINT('',(0.32,-4.76,-3.));
#8766 = VECTOR('',#8767,1.);
#8767 = DIRECTION('',(0.,0.,1.));
#8768 = ORIENTED_EDGE('',*,*,#7957,.T.);
#8769 = ORIENTED_EDGE('',*,*,#8770,.T.);
#8770 = EDGE_CURVE('',#7960,#8771,#8773,.T.);
#8771 = VERTEX_POINT('',#8772);
#8772 = CARTESIAN_POINT('',(-0.32,-4.76,8.38));
#8773 = LINE('',#8774,#8775);
#8774 = CARTESIAN_POINT('',(-0.32,-4.76,-3.));
#8775 = VECTOR('',#8776,1.);
#8776 = DIRECTION('',(0.,0.,1.));
#8777 = ORIENTED_EDGE('',*,*,#8778,.T.);
#8778 = EDGE_CURVE('',#8771,#8762,#8779,.T.);
#8779 = LINE('',#8780,#8781);
#8780 = CARTESIAN_POINT('',(-0.32,-4.76,8.38));
#8781 = VECTOR('',#8782,1.);
#8782 = DIRECTION('',(1.,0.,0.));
#8783 = PLANE('',#8784);
#8784 = AXIS2_PLACEMENT_3D('',#8785,#8786,#8787);
#8785 = CARTESIAN_POINT('',(-0.32,-4.76,-3.));
#8786 = DIRECTION('',(0.,1.,0.));
#8787 = DIRECTION('',(0.,-0.,1.));
#8788 = ADVANCED_FACE('',(#8789),#8807,.F.);
#8789 = FACE_BOUND('',#8790,.F.);
#8790 = EDGE_LOOP('',(#8791,#8799,#8800,#8801));
#8791 = ORIENTED_EDGE('',*,*,#8792,.F.);
#8792 = EDGE_CURVE('',#7976,#8793,#8795,.T.);
#8793 = VERTEX_POINT('',#8794);
#8794 = CARTESIAN_POINT('',(-0.32,-5.4,8.38));
#8795 = LINE('',#8796,#8797);
#8796 = CARTESIAN_POINT('',(-0.32,-5.4,-3.));
#8797 = VECTOR('',#8798,1.);
#8798 = DIRECTION('',(0.,0.,1.));
#8799 = ORIENTED_EDGE('',*,*,#7983,.T.);
#8800 = ORIENTED_EDGE('',*,*,#8770,.T.);
#8801 = ORIENTED_EDGE('',*,*,#8802,.F.);
#8802 = EDGE_CURVE('',#8793,#8771,#8803,.T.);
#8803 = LINE('',#8804,#8805);
#8804 = CARTESIAN_POINT('',(-0.32,-5.4,8.38));
#8805 = VECTOR('',#8806,1.);
#8806 = DIRECTION('',(0.,1.,0.));
#8807 = PLANE('',#8808);
#8808 = AXIS2_PLACEMENT_3D('',#8809,#8810,#8811);
#8809 = CARTESIAN_POINT('',(-0.32,-5.4,-3.));
#8810 = DIRECTION('',(1.,0.,0.));
#8811 = DIRECTION('',(0.,0.,1.));
#8812 = ADVANCED_FACE('',(#8813),#8831,.F.);
#8813 = FACE_BOUND('',#8814,.F.);
#8814 = EDGE_LOOP('',(#8815,#8823,#8824,#8825));
#8815 = ORIENTED_EDGE('',*,*,#8816,.F.);
#8816 = EDGE_CURVE('',#7968,#8817,#8819,.T.);
#8817 = VERTEX_POINT('',#8818);
#8818 = CARTESIAN_POINT('',(0.32,-5.4,8.38));
#8819 = LINE('',#8820,#8821);
#8820 = CARTESIAN_POINT('',(0.32,-5.4,-3.));
#8821 = VECTOR('',#8822,1.);
#8822 = DIRECTION('',(0.,0.,1.));
#8823 = ORIENTED_EDGE('',*,*,#7975,.T.);
#8824 = ORIENTED_EDGE('',*,*,#8792,.T.);
#8825 = ORIENTED_EDGE('',*,*,#8826,.T.);
#8826 = EDGE_CURVE('',#8793,#8817,#8827,.T.);
#8827 = LINE('',#8828,#8829);
#8828 = CARTESIAN_POINT('',(-0.32,-5.4,8.38));
#8829 = VECTOR('',#8830,1.);
#8830 = DIRECTION('',(1.,0.,0.));
#8831 = PLANE('',#8832);
#8832 = AXIS2_PLACEMENT_3D('',#8833,#8834,#8835);
#8833 = CARTESIAN_POINT('',(-0.32,-5.4,-3.));
#8834 = DIRECTION('',(0.,1.,0.));
#8835 = DIRECTION('',(0.,-0.,1.));
#8836 = ADVANCED_FACE('',(#8837),#8848,.T.);
#8837 = FACE_BOUND('',#8838,.T.);
#8838 = EDGE_LOOP('',(#8839,#8840,#8841,#8842));
#8839 = ORIENTED_EDGE('',*,*,#8816,.F.);
#8840 = ORIENTED_EDGE('',*,*,#7967,.T.);
#8841 = ORIENTED_EDGE('',*,*,#8761,.T.);
#8842 = ORIENTED_EDGE('',*,*,#8843,.F.);
#8843 = EDGE_CURVE('',#8817,#8762,#8844,.T.);
#8844 = LINE('',#8845,#8846);
#8845 = CARTESIAN_POINT('',(0.32,-5.4,8.38));
#8846 = VECTOR('',#8847,1.);
#8847 = DIRECTION('',(0.,1.,0.));
#8848 = PLANE('',#8849);
#8849 = AXIS2_PLACEMENT_3D('',#8850,#8851,#8852);
#8850 = CARTESIAN_POINT('',(0.32,-5.4,-3.));
#8851 = DIRECTION('',(1.,0.,0.));
#8852 = DIRECTION('',(0.,0.,1.));
#8853 = ADVANCED_FACE('',(#8854),#8879,.F.);
#8854 = FACE_BOUND('',#8855,.F.);
#8855 = EDGE_LOOP('',(#8856,#8864,#8865,#8873));
#8856 = ORIENTED_EDGE('',*,*,#8857,.F.);
#8857 = EDGE_CURVE('',#8282,#8858,#8860,.T.);
#8858 = VERTEX_POINT('',#8859);
#8859 = CARTESIAN_POINT('',(0.16,-0.16,-3.));
#8860 = LINE('',#8861,#8862);
#8861 = CARTESIAN_POINT('',(0.16,-0.16,-3.));
#8862 = VECTOR('',#8863,1.);
#8863 = DIRECTION('',(-0.57735026919,0.57735026919,-0.57735026919));
#8864 = ORIENTED_EDGE('',*,*,#8289,.T.);
#8865 = ORIENTED_EDGE('',*,*,#8866,.T.);
#8866 = EDGE_CURVE('',#8290,#8867,#8869,.T.);
#8867 = VERTEX_POINT('',#8868);
#8868 = CARTESIAN_POINT('',(0.16,0.16,-3.));
#8869 = LINE('',#8870,#8871);
#8870 = CARTESIAN_POINT('',(5.333333333333E-02,5.333333333333E-02,
    -3.106666666667));
#8871 = VECTOR('',#8872,1.);
#8872 = DIRECTION('',(-0.57735026919,-0.57735026919,-0.57735026919));
#8873 = ORIENTED_EDGE('',*,*,#8874,.F.);
#8874 = EDGE_CURVE('',#8858,#8867,#8875,.T.);
#8875 = LINE('',#8876,#8877);
#8876 = CARTESIAN_POINT('',(0.16,-0.32,-3.));
#8877 = VECTOR('',#8878,1.);
#8878 = DIRECTION('',(0.,1.,0.));
#8879 = PLANE('',#8880);
#8880 = AXIS2_PLACEMENT_3D('',#8881,#8882,#8883);
#8881 = CARTESIAN_POINT('',(0.24,-0.32,-2.92));
#8882 = DIRECTION('',(-0.707106781187,1.735167508357E-18,0.707106781187)
  );
#8883 = DIRECTION('',(1.226948711654E-18,1.,-1.226948711654E-18));
#8884 = ADVANCED_FACE('',(#8885),#8903,.F.);
#8885 = FACE_BOUND('',#8886,.T.);
#8886 = EDGE_LOOP('',(#8887,#8895,#8896,#8897));
#8887 = ORIENTED_EDGE('',*,*,#8888,.F.);
#8888 = EDGE_CURVE('',#8314,#8889,#8891,.T.);
#8889 = VERTEX_POINT('',#8890);
#8890 = CARTESIAN_POINT('',(-0.16,0.16,-3.));
#8891 = LINE('',#8892,#8893);
#8892 = CARTESIAN_POINT('',(-0.16,0.16,-3.));
#8893 = VECTOR('',#8894,1.);
#8894 = DIRECTION('',(0.57735026919,-0.57735026919,-0.57735026919));
#8895 = ORIENTED_EDGE('',*,*,#8313,.T.);
#8896 = ORIENTED_EDGE('',*,*,#8866,.T.);
#8897 = ORIENTED_EDGE('',*,*,#8898,.F.);
#8898 = EDGE_CURVE('',#8889,#8867,#8899,.T.);
#8899 = LINE('',#8900,#8901);
#8900 = CARTESIAN_POINT('',(-0.32,0.16,-3.));
#8901 = VECTOR('',#8902,1.);
#8902 = DIRECTION('',(1.,0.,0.));
#8903 = PLANE('',#8904);
#8904 = AXIS2_PLACEMENT_3D('',#8905,#8906,#8907);
#8905 = CARTESIAN_POINT('',(-0.32,0.24,-2.92));
#8906 = DIRECTION('',(-1.735167508357E-18,-0.707106781187,0.707106781187
    ));
#8907 = DIRECTION('',(-1.,1.226948711654E-18,-1.226948711654E-18));
#8908 = ADVANCED_FACE('',(#8909),#8927,.T.);
#8909 = FACE_BOUND('',#8910,.T.);
#8910 = EDGE_LOOP('',(#8911,#8919,#8920,#8921));
#8911 = ORIENTED_EDGE('',*,*,#8912,.F.);
#8912 = EDGE_CURVE('',#8337,#8913,#8915,.T.);
#8913 = VERTEX_POINT('',#8914);
#8914 = CARTESIAN_POINT('',(-0.16,-0.16,-3.));
#8915 = LINE('',#8916,#8917);
#8916 = CARTESIAN_POINT('',(-0.266666666667,-0.266666666667,
    -2.893333333333));
#8917 = VECTOR('',#8918,1.);
#8918 = DIRECTION('',(0.57735026919,0.57735026919,-0.57735026919));
#8919 = ORIENTED_EDGE('',*,*,#8344,.T.);
#8920 = ORIENTED_EDGE('',*,*,#8888,.T.);
#8921 = ORIENTED_EDGE('',*,*,#8922,.F.);
#8922 = EDGE_CURVE('',#8913,#8889,#8923,.T.);
#8923 = LINE('',#8924,#8925);
#8924 = CARTESIAN_POINT('',(-0.16,-0.32,-3.));
#8925 = VECTOR('',#8926,1.);
#8926 = DIRECTION('',(0.,1.,0.));
#8927 = PLANE('',#8928);
#8928 = AXIS2_PLACEMENT_3D('',#8929,#8930,#8931);
#8929 = CARTESIAN_POINT('',(-0.24,-0.32,-2.92));
#8930 = DIRECTION('',(-0.707106781187,-1.735167508357E-18,
    -0.707106781187));
#8931 = DIRECTION('',(-1.226948711654E-18,1.,-1.226948711654E-18));
#8932 = ADVANCED_FACE('',(#8933),#8944,.T.);
#8933 = FACE_BOUND('',#8934,.F.);
#8934 = EDGE_LOOP('',(#8935,#8936,#8937,#8938));
#8935 = ORIENTED_EDGE('',*,*,#8912,.F.);
#8936 = ORIENTED_EDGE('',*,*,#8361,.T.);
#8937 = ORIENTED_EDGE('',*,*,#8857,.T.);
#8938 = ORIENTED_EDGE('',*,*,#8939,.F.);
#8939 = EDGE_CURVE('',#8913,#8858,#8940,.T.);
#8940 = LINE('',#8941,#8942);
#8941 = CARTESIAN_POINT('',(-0.32,-0.16,-3.));
#8942 = VECTOR('',#8943,1.);
#8943 = DIRECTION('',(1.,0.,0.));
#8944 = PLANE('',#8945);
#8945 = AXIS2_PLACEMENT_3D('',#8946,#8947,#8948);
#8946 = CARTESIAN_POINT('',(-0.32,-0.24,-2.92));
#8947 = DIRECTION('',(1.735167508357E-18,-0.707106781187,-0.707106781187
    ));
#8948 = DIRECTION('',(-1.,-1.226948711654E-18,-1.226948711654E-18));
#8949 = ADVANCED_FACE('',(#8950),#8975,.T.);
#8950 = FACE_BOUND('',#8951,.F.);
#8951 = EDGE_LOOP('',(#8952,#8960,#8961,#8969));
#8952 = ORIENTED_EDGE('',*,*,#8953,.F.);
#8953 = EDGE_CURVE('',#8386,#8954,#8956,.T.);
#8954 = VERTEX_POINT('',#8955);
#8955 = CARTESIAN_POINT('',(-0.16,-2.7,-3.));
#8956 = LINE('',#8957,#8958);
#8957 = CARTESIAN_POINT('',(-0.266666666667,-2.806666666667,
    -2.893333333333));
#8958 = VECTOR('',#8959,1.);
#8959 = DIRECTION('',(0.57735026919,0.57735026919,-0.57735026919));
#8960 = ORIENTED_EDGE('',*,*,#8385,.T.);
#8961 = ORIENTED_EDGE('',*,*,#8962,.T.);
#8962 = EDGE_CURVE('',#8378,#8963,#8965,.T.);
#8963 = VERTEX_POINT('',#8964);
#8964 = CARTESIAN_POINT('',(0.16,-2.7,-3.));
#8965 = LINE('',#8966,#8967);
#8966 = CARTESIAN_POINT('',(0.16,-2.7,-3.));
#8967 = VECTOR('',#8968,1.);
#8968 = DIRECTION('',(-0.57735026919,0.57735026919,-0.57735026919));
#8969 = ORIENTED_EDGE('',*,*,#8970,.F.);
#8970 = EDGE_CURVE('',#8954,#8963,#8971,.T.);
#8971 = LINE('',#8972,#8973);
#8972 = CARTESIAN_POINT('',(-0.32,-2.7,-3.));
#8973 = VECTOR('',#8974,1.);
#8974 = DIRECTION('',(1.,0.,0.));
#8975 = PLANE('',#8976);
#8976 = AXIS2_PLACEMENT_3D('',#8977,#8978,#8979);
#8977 = CARTESIAN_POINT('',(-0.32,-2.78,-2.92));
#8978 = DIRECTION('',(1.735167508357E-18,-0.707106781187,-0.707106781187
    ));
#8979 = DIRECTION('',(-1.,-1.226948711654E-18,-1.226948711654E-18));
#8980 = ADVANCED_FACE('',(#8981),#8999,.F.);
#8981 = FACE_BOUND('',#8982,.F.);
#8982 = EDGE_LOOP('',(#8983,#8984,#8985,#8993));
#8983 = ORIENTED_EDGE('',*,*,#8962,.F.);
#8984 = ORIENTED_EDGE('',*,*,#8409,.T.);
#8985 = ORIENTED_EDGE('',*,*,#8986,.T.);
#8986 = EDGE_CURVE('',#8410,#8987,#8989,.T.);
#8987 = VERTEX_POINT('',#8988);
#8988 = CARTESIAN_POINT('',(0.16,-2.38,-3.));
#8989 = LINE('',#8990,#8991);
#8990 = CARTESIAN_POINT('',(5.333333333333E-02,-2.486666666667,
    -3.106666666667));
#8991 = VECTOR('',#8992,1.);
#8992 = DIRECTION('',(-0.57735026919,-0.57735026919,-0.57735026919));
#8993 = ORIENTED_EDGE('',*,*,#8994,.F.);
#8994 = EDGE_CURVE('',#8963,#8987,#8995,.T.);
#8995 = LINE('',#8996,#8997);
#8996 = CARTESIAN_POINT('',(0.16,-2.86,-3.));
#8997 = VECTOR('',#8998,1.);
#8998 = DIRECTION('',(0.,1.,0.));
#8999 = PLANE('',#9000);
#9000 = AXIS2_PLACEMENT_3D('',#9001,#9002,#9003);
#9001 = CARTESIAN_POINT('',(0.24,-2.86,-2.92));
#9002 = DIRECTION('',(-0.707106781187,1.735167508357E-18,0.707106781187)
  );
#9003 = DIRECTION('',(1.226948711654E-18,1.,-1.226948711654E-18));
#9004 = ADVANCED_FACE('',(#9005),#9023,.F.);
#9005 = FACE_BOUND('',#9006,.T.);
#9006 = EDGE_LOOP('',(#9007,#9015,#9016,#9017));
#9007 = ORIENTED_EDGE('',*,*,#9008,.F.);
#9008 = EDGE_CURVE('',#8434,#9009,#9011,.T.);
#9009 = VERTEX_POINT('',#9010);
#9010 = CARTESIAN_POINT('',(-0.16,-2.38,-3.));
#9011 = LINE('',#9012,#9013);
#9012 = CARTESIAN_POINT('',(-0.16,-2.38,-3.));
#9013 = VECTOR('',#9014,1.);
#9014 = DIRECTION('',(0.57735026919,-0.57735026919,-0.57735026919));
#9015 = ORIENTED_EDGE('',*,*,#8433,.T.);
#9016 = ORIENTED_EDGE('',*,*,#8986,.T.);
#9017 = ORIENTED_EDGE('',*,*,#9018,.F.);
#9018 = EDGE_CURVE('',#9009,#8987,#9019,.T.);
#9019 = LINE('',#9020,#9021);
#9020 = CARTESIAN_POINT('',(-0.32,-2.38,-3.));
#9021 = VECTOR('',#9022,1.);
#9022 = DIRECTION('',(1.,0.,0.));
#9023 = PLANE('',#9024);
#9024 = AXIS2_PLACEMENT_3D('',#9025,#9026,#9027);
#9025 = CARTESIAN_POINT('',(-0.32,-2.3,-2.92));
#9026 = DIRECTION('',(-1.735167508357E-18,-0.707106781187,0.707106781187
    ));
#9027 = DIRECTION('',(-1.,1.226948711654E-18,-1.226948711654E-18));
#9028 = ADVANCED_FACE('',(#9029),#9040,.T.);
#9029 = FACE_BOUND('',#9030,.T.);
#9030 = EDGE_LOOP('',(#9031,#9032,#9033,#9034));
#9031 = ORIENTED_EDGE('',*,*,#8953,.F.);
#9032 = ORIENTED_EDGE('',*,*,#8457,.T.);
#9033 = ORIENTED_EDGE('',*,*,#9008,.T.);
#9034 = ORIENTED_EDGE('',*,*,#9035,.F.);
#9035 = EDGE_CURVE('',#8954,#9009,#9036,.T.);
#9036 = LINE('',#9037,#9038);
#9037 = CARTESIAN_POINT('',(-0.16,-2.86,-3.));
#9038 = VECTOR('',#9039,1.);
#9039 = DIRECTION('',(0.,1.,0.));
#9040 = PLANE('',#9041);
#9041 = AXIS2_PLACEMENT_3D('',#9042,#9043,#9044);
#9042 = CARTESIAN_POINT('',(-0.24,-2.86,-2.92));
#9043 = DIRECTION('',(-0.707106781187,-1.735167508357E-18,
    -0.707106781187));
#9044 = DIRECTION('',(-1.226948711654E-18,1.,-1.226948711654E-18));
#9045 = ADVANCED_FACE('',(#9046),#9071,.F.);
#9046 = FACE_BOUND('',#9047,.T.);
#9047 = EDGE_LOOP('',(#9048,#9056,#9057,#9065));
#9048 = ORIENTED_EDGE('',*,*,#9049,.F.);
#9049 = EDGE_CURVE('',#8482,#9050,#9052,.T.);
#9050 = VERTEX_POINT('',#9051);
#9051 = CARTESIAN_POINT('',(-0.16,-4.92,-3.));
#9052 = LINE('',#9053,#9054);
#9053 = CARTESIAN_POINT('',(-0.16,-4.92,-3.));
#9054 = VECTOR('',#9055,1.);
#9055 = DIRECTION('',(0.57735026919,-0.57735026919,-0.57735026919));
#9056 = ORIENTED_EDGE('',*,*,#8481,.T.);
#9057 = ORIENTED_EDGE('',*,*,#9058,.T.);
#9058 = EDGE_CURVE('',#8474,#9059,#9061,.T.);
#9059 = VERTEX_POINT('',#9060);
#9060 = CARTESIAN_POINT('',(0.16,-4.92,-3.));
#9061 = LINE('',#9062,#9063);
#9062 = CARTESIAN_POINT('',(5.333333333333E-02,-5.026666666667,
    -3.106666666667));
#9063 = VECTOR('',#9064,1.);
#9064 = DIRECTION('',(-0.57735026919,-0.57735026919,-0.57735026919));
#9065 = ORIENTED_EDGE('',*,*,#9066,.F.);
#9066 = EDGE_CURVE('',#9050,#9059,#9067,.T.);
#9067 = LINE('',#9068,#9069);
#9068 = CARTESIAN_POINT('',(-0.32,-4.92,-3.));
#9069 = VECTOR('',#9070,1.);
#9070 = DIRECTION('',(1.,0.,0.));
#9071 = PLANE('',#9072);
#9072 = AXIS2_PLACEMENT_3D('',#9073,#9074,#9075);
#9073 = CARTESIAN_POINT('',(-0.32,-4.84,-2.92));
#9074 = DIRECTION('',(-1.735167508357E-18,-0.707106781187,0.707106781187
    ));
#9075 = DIRECTION('',(-1.,1.226948711654E-18,-1.226948711654E-18));
#9076 = ADVANCED_FACE('',(#9077),#9095,.T.);
#9077 = FACE_BOUND('',#9078,.T.);
#9078 = EDGE_LOOP('',(#9079,#9087,#9088,#9089));
#9079 = ORIENTED_EDGE('',*,*,#9080,.F.);
#9080 = EDGE_CURVE('',#8505,#9081,#9083,.T.);
#9081 = VERTEX_POINT('',#9082);
#9082 = CARTESIAN_POINT('',(-0.16,-5.24,-3.));
#9083 = LINE('',#9084,#9085);
#9084 = CARTESIAN_POINT('',(-0.266666666667,-5.346666666667,
    -2.893333333333));
#9085 = VECTOR('',#9086,1.);
#9086 = DIRECTION('',(0.57735026919,0.57735026919,-0.57735026919));
#9087 = ORIENTED_EDGE('',*,*,#8512,.T.);
#9088 = ORIENTED_EDGE('',*,*,#9049,.T.);
#9089 = ORIENTED_EDGE('',*,*,#9090,.F.);
#9090 = EDGE_CURVE('',#9081,#9050,#9091,.T.);
#9091 = LINE('',#9092,#9093);
#9092 = CARTESIAN_POINT('',(-0.16,-5.4,-3.));
#9093 = VECTOR('',#9094,1.);
#9094 = DIRECTION('',(0.,1.,0.));
#9095 = PLANE('',#9096);
#9096 = AXIS2_PLACEMENT_3D('',#9097,#9098,#9099);
#9097 = CARTESIAN_POINT('',(-0.24,-5.4,-2.92));
#9098 = DIRECTION('',(-0.707106781187,-1.735167508357E-18,
    -0.707106781187));
#9099 = DIRECTION('',(-1.226948711654E-18,1.,-1.226948711654E-18));
#9100 = ADVANCED_FACE('',(#9101),#9119,.T.);
#9101 = FACE_BOUND('',#9102,.F.);
#9102 = EDGE_LOOP('',(#9103,#9104,#9105,#9113));
#9103 = ORIENTED_EDGE('',*,*,#9080,.F.);
#9104 = ORIENTED_EDGE('',*,*,#8536,.T.);
#9105 = ORIENTED_EDGE('',*,*,#9106,.T.);
#9106 = EDGE_CURVE('',#8529,#9107,#9109,.T.);
#9107 = VERTEX_POINT('',#9108);
#9108 = CARTESIAN_POINT('',(0.16,-5.24,-3.));
#9109 = LINE('',#9110,#9111);
#9110 = CARTESIAN_POINT('',(0.16,-5.24,-3.));
#9111 = VECTOR('',#9112,1.);
#9112 = DIRECTION('',(-0.57735026919,0.57735026919,-0.57735026919));
#9113 = ORIENTED_EDGE('',*,*,#9114,.F.);
#9114 = EDGE_CURVE('',#9081,#9107,#9115,.T.);
#9115 = LINE('',#9116,#9117);
#9116 = CARTESIAN_POINT('',(-0.32,-5.24,-3.));
#9117 = VECTOR('',#9118,1.);
#9118 = DIRECTION('',(1.,0.,0.));
#9119 = PLANE('',#9120);
#9120 = AXIS2_PLACEMENT_3D('',#9121,#9122,#9123);
#9121 = CARTESIAN_POINT('',(-0.32,-5.32,-2.92));
#9122 = DIRECTION('',(1.735167508357E-18,-0.707106781187,-0.707106781187
    ));
#9123 = DIRECTION('',(-1.,-1.226948711654E-18,-1.226948711654E-18));
#9124 = ADVANCED_FACE('',(#9125),#9136,.F.);
#9125 = FACE_BOUND('',#9126,.F.);
#9126 = EDGE_LOOP('',(#9127,#9128,#9129,#9130));
#9127 = ORIENTED_EDGE('',*,*,#9106,.F.);
#9128 = ORIENTED_EDGE('',*,*,#8553,.T.);
#9129 = ORIENTED_EDGE('',*,*,#9058,.T.);
#9130 = ORIENTED_EDGE('',*,*,#9131,.F.);
#9131 = EDGE_CURVE('',#9107,#9059,#9132,.T.);
#9132 = LINE('',#9133,#9134);
#9133 = CARTESIAN_POINT('',(0.16,-5.4,-3.));
#9134 = VECTOR('',#9135,1.);
#9135 = DIRECTION('',(0.,1.,0.));
#9136 = PLANE('',#9137);
#9137 = AXIS2_PLACEMENT_3D('',#9138,#9139,#9140);
#9138 = CARTESIAN_POINT('',(0.24,-5.4,-2.92));
#9139 = DIRECTION('',(-0.707106781187,1.735167508357E-18,0.707106781187)
  );
#9140 = DIRECTION('',(1.226948711654E-18,1.,-1.226948711654E-18));
#9141 = ADVANCED_FACE('',(#9142),#9167,.T.);
#9142 = FACE_BOUND('',#9143,.T.);
#9143 = EDGE_LOOP('',(#9144,#9152,#9153,#9161));
#9144 = ORIENTED_EDGE('',*,*,#9145,.F.);
#9145 = EDGE_CURVE('',#8570,#9146,#9148,.T.);
#9146 = VERTEX_POINT('',#9147);
#9147 = CARTESIAN_POINT('',(0.16,-0.16,8.54));
#9148 = LINE('',#9149,#9150);
#9149 = CARTESIAN_POINT('',(0.16,-0.16,8.54));
#9150 = VECTOR('',#9151,1.);
#9151 = DIRECTION('',(-0.57735026919,0.57735026919,0.57735026919));
#9152 = ORIENTED_EDGE('',*,*,#8586,.T.);
#9153 = ORIENTED_EDGE('',*,*,#9154,.T.);
#9154 = EDGE_CURVE('',#8579,#9155,#9157,.T.);
#9155 = VERTEX_POINT('',#9156);
#9156 = CARTESIAN_POINT('',(0.16,0.16,8.54));
#9157 = LINE('',#9158,#9159);
#9158 = CARTESIAN_POINT('',(5.333333333333E-02,5.333333333333E-02,
    8.646666666667));
#9159 = VECTOR('',#9160,1.);
#9160 = DIRECTION('',(-0.57735026919,-0.57735026919,0.57735026919));
#9161 = ORIENTED_EDGE('',*,*,#9162,.F.);
#9162 = EDGE_CURVE('',#9146,#9155,#9163,.T.);
#9163 = LINE('',#9164,#9165);
#9164 = CARTESIAN_POINT('',(0.16,-0.32,8.54));
#9165 = VECTOR('',#9166,1.);
#9166 = DIRECTION('',(0.,1.,0.));
#9167 = PLANE('',#9168);
#9168 = AXIS2_PLACEMENT_3D('',#9169,#9170,#9171);
#9169 = CARTESIAN_POINT('',(0.24,-0.32,8.46));
#9170 = DIRECTION('',(0.707106781187,-1.735167508357E-18,0.707106781187)
  );
#9171 = DIRECTION('',(1.226948711654E-18,1.,1.226948711654E-18));
#9172 = ADVANCED_FACE('',(#9173),#9191,.T.);
#9173 = FACE_BOUND('',#9174,.F.);
#9174 = EDGE_LOOP('',(#9175,#9183,#9184,#9185));
#9175 = ORIENTED_EDGE('',*,*,#9176,.F.);
#9176 = EDGE_CURVE('',#8603,#9177,#9179,.T.);
#9177 = VERTEX_POINT('',#9178);
#9178 = CARTESIAN_POINT('',(-0.16,0.16,8.54));
#9179 = LINE('',#9180,#9181);
#9180 = CARTESIAN_POINT('',(-0.16,0.16,8.54));
#9181 = VECTOR('',#9182,1.);
#9182 = DIRECTION('',(0.57735026919,-0.57735026919,0.57735026919));
#9183 = ORIENTED_EDGE('',*,*,#8610,.T.);
#9184 = ORIENTED_EDGE('',*,*,#9154,.T.);
#9185 = ORIENTED_EDGE('',*,*,#9186,.F.);
#9186 = EDGE_CURVE('',#9177,#9155,#9187,.T.);
#9187 = LINE('',#9188,#9189);
#9188 = CARTESIAN_POINT('',(-0.32,0.16,8.54));
#9189 = VECTOR('',#9190,1.);
#9190 = DIRECTION('',(1.,0.,0.));
#9191 = PLANE('',#9192);
#9192 = AXIS2_PLACEMENT_3D('',#9193,#9194,#9195);
#9193 = CARTESIAN_POINT('',(-0.32,0.24,8.46));
#9194 = DIRECTION('',(1.735167508357E-18,0.707106781187,0.707106781187)
  );
#9195 = DIRECTION('',(-1.,1.226948711654E-18,1.226948711654E-18));
#9196 = ADVANCED_FACE('',(#9197),#9215,.F.);
#9197 = FACE_BOUND('',#9198,.F.);
#9198 = EDGE_LOOP('',(#9199,#9207,#9208,#9209));
#9199 = ORIENTED_EDGE('',*,*,#9200,.F.);
#9200 = EDGE_CURVE('',#8625,#9201,#9203,.T.);
#9201 = VERTEX_POINT('',#9202);
#9202 = CARTESIAN_POINT('',(-0.16,-0.16,8.54));
#9203 = LINE('',#9204,#9205);
#9204 = CARTESIAN_POINT('',(-0.266666666667,-0.266666666667,
    8.433333333333));
#9205 = VECTOR('',#9206,1.);
#9206 = DIRECTION('',(0.57735026919,0.57735026919,0.57735026919));
#9207 = ORIENTED_EDGE('',*,*,#8634,.T.);
#9208 = ORIENTED_EDGE('',*,*,#9176,.T.);
#9209 = ORIENTED_EDGE('',*,*,#9210,.F.);
#9210 = EDGE_CURVE('',#9201,#9177,#9211,.T.);
#9211 = LINE('',#9212,#9213);
#9212 = CARTESIAN_POINT('',(-0.16,-0.32,8.54));
#9213 = VECTOR('',#9214,1.);
#9214 = DIRECTION('',(0.,1.,0.));
#9215 = PLANE('',#9216);
#9216 = AXIS2_PLACEMENT_3D('',#9217,#9218,#9219);
#9217 = CARTESIAN_POINT('',(-0.24,-0.32,8.46));
#9218 = DIRECTION('',(0.707106781187,1.735167508357E-18,-0.707106781187)
  );
#9219 = DIRECTION('',(-1.226948711654E-18,1.,1.226948711654E-18));
#9220 = ADVANCED_FACE('',(#9221),#9232,.F.);
#9221 = FACE_BOUND('',#9222,.T.);
#9222 = EDGE_LOOP('',(#9223,#9224,#9225,#9226));
#9223 = ORIENTED_EDGE('',*,*,#9200,.F.);
#9224 = ORIENTED_EDGE('',*,*,#8651,.T.);
#9225 = ORIENTED_EDGE('',*,*,#9145,.T.);
#9226 = ORIENTED_EDGE('',*,*,#9227,.F.);
#9227 = EDGE_CURVE('',#9201,#9146,#9228,.T.);
#9228 = LINE('',#9229,#9230);
#9229 = CARTESIAN_POINT('',(-0.32,-0.16,8.54));
#9230 = VECTOR('',#9231,1.);
#9231 = DIRECTION('',(1.,0.,0.));
#9232 = PLANE('',#9233);
#9233 = AXIS2_PLACEMENT_3D('',#9234,#9235,#9236);
#9234 = CARTESIAN_POINT('',(-0.32,-0.24,8.46));
#9235 = DIRECTION('',(-1.735167508357E-18,0.707106781187,-0.707106781187
    ));
#9236 = DIRECTION('',(-1.,-1.226948711654E-18,1.226948711654E-18));
#9237 = ADVANCED_FACE('',(#9238),#9263,.F.);
#9238 = FACE_BOUND('',#9239,.T.);
#9239 = EDGE_LOOP('',(#9240,#9248,#9249,#9257));
#9240 = ORIENTED_EDGE('',*,*,#9241,.F.);
#9241 = EDGE_CURVE('',#8675,#9242,#9244,.T.);
#9242 = VERTEX_POINT('',#9243);
#9243 = CARTESIAN_POINT('',(-0.16,-2.7,8.54));
#9244 = LINE('',#9245,#9246);
#9245 = CARTESIAN_POINT('',(-0.266666666667,-2.806666666667,
    8.433333333333));
#9246 = VECTOR('',#9247,1.);
#9247 = DIRECTION('',(0.57735026919,0.57735026919,0.57735026919));
#9248 = ORIENTED_EDGE('',*,*,#8682,.T.);
#9249 = ORIENTED_EDGE('',*,*,#9250,.T.);
#9250 = EDGE_CURVE('',#8666,#9251,#9253,.T.);
#9251 = VERTEX_POINT('',#9252);
#9252 = CARTESIAN_POINT('',(0.16,-2.7,8.54));
#9253 = LINE('',#9254,#9255);
#9254 = CARTESIAN_POINT('',(0.16,-2.7,8.54));
#9255 = VECTOR('',#9256,1.);
#9256 = DIRECTION('',(-0.57735026919,0.57735026919,0.57735026919));
#9257 = ORIENTED_EDGE('',*,*,#9258,.F.);
#9258 = EDGE_CURVE('',#9242,#9251,#9259,.T.);
#9259 = LINE('',#9260,#9261);
#9260 = CARTESIAN_POINT('',(-0.32,-2.7,8.54));
#9261 = VECTOR('',#9262,1.);
#9262 = DIRECTION('',(1.,0.,0.));
#9263 = PLANE('',#9264);
#9264 = AXIS2_PLACEMENT_3D('',#9265,#9266,#9267);
#9265 = CARTESIAN_POINT('',(-0.32,-2.78,8.46));
#9266 = DIRECTION('',(-1.735167508357E-18,0.707106781187,-0.707106781187
    ));
#9267 = DIRECTION('',(-1.,-1.226948711654E-18,1.226948711654E-18));
#9268 = ADVANCED_FACE('',(#9269),#9287,.T.);
#9269 = FACE_BOUND('',#9270,.T.);
#9270 = EDGE_LOOP('',(#9271,#9272,#9273,#9281));
#9271 = ORIENTED_EDGE('',*,*,#9250,.F.);
#9272 = ORIENTED_EDGE('',*,*,#8706,.T.);
#9273 = ORIENTED_EDGE('',*,*,#9274,.T.);
#9274 = EDGE_CURVE('',#8699,#9275,#9277,.T.);
#9275 = VERTEX_POINT('',#9276);
#9276 = CARTESIAN_POINT('',(0.16,-2.38,8.54));
#9277 = LINE('',#9278,#9279);
#9278 = CARTESIAN_POINT('',(5.333333333333E-02,-2.486666666667,
    8.646666666667));
#9279 = VECTOR('',#9280,1.);
#9280 = DIRECTION('',(-0.57735026919,-0.57735026919,0.57735026919));
#9281 = ORIENTED_EDGE('',*,*,#9282,.F.);
#9282 = EDGE_CURVE('',#9251,#9275,#9283,.T.);
#9283 = LINE('',#9284,#9285);
#9284 = CARTESIAN_POINT('',(0.16,-2.86,8.54));
#9285 = VECTOR('',#9286,1.);
#9286 = DIRECTION('',(0.,1.,0.));
#9287 = PLANE('',#9288);
#9288 = AXIS2_PLACEMENT_3D('',#9289,#9290,#9291);
#9289 = CARTESIAN_POINT('',(0.24,-2.86,8.46));
#9290 = DIRECTION('',(0.707106781187,-1.735167508357E-18,0.707106781187)
  );
#9291 = DIRECTION('',(1.226948711654E-18,1.,1.226948711654E-18));
#9292 = ADVANCED_FACE('',(#9293),#9311,.T.);
#9293 = FACE_BOUND('',#9294,.F.);
#9294 = EDGE_LOOP('',(#9295,#9303,#9304,#9305));
#9295 = ORIENTED_EDGE('',*,*,#9296,.F.);
#9296 = EDGE_CURVE('',#8723,#9297,#9299,.T.);
#9297 = VERTEX_POINT('',#9298);
#9298 = CARTESIAN_POINT('',(-0.16,-2.38,8.54));
#9299 = LINE('',#9300,#9301);
#9300 = CARTESIAN_POINT('',(-0.16,-2.38,8.54));
#9301 = VECTOR('',#9302,1.);
#9302 = DIRECTION('',(0.57735026919,-0.57735026919,0.57735026919));
#9303 = ORIENTED_EDGE('',*,*,#8730,.T.);
#9304 = ORIENTED_EDGE('',*,*,#9274,.T.);
#9305 = ORIENTED_EDGE('',*,*,#9306,.F.);
#9306 = EDGE_CURVE('',#9297,#9275,#9307,.T.);
#9307 = LINE('',#9308,#9309);
#9308 = CARTESIAN_POINT('',(-0.32,-2.38,8.54));
#9309 = VECTOR('',#9310,1.);
#9310 = DIRECTION('',(1.,0.,0.));
#9311 = PLANE('',#9312);
#9312 = AXIS2_PLACEMENT_3D('',#9313,#9314,#9315);
#9313 = CARTESIAN_POINT('',(-0.32,-2.3,8.46));
#9314 = DIRECTION('',(1.735167508357E-18,0.707106781187,0.707106781187)
  );
#9315 = DIRECTION('',(-1.,1.226948711654E-18,1.226948711654E-18));
#9316 = ADVANCED_FACE('',(#9317),#9328,.F.);
#9317 = FACE_BOUND('',#9318,.F.);
#9318 = EDGE_LOOP('',(#9319,#9320,#9321,#9322));
#9319 = ORIENTED_EDGE('',*,*,#9241,.F.);
#9320 = ORIENTED_EDGE('',*,*,#8747,.T.);
#9321 = ORIENTED_EDGE('',*,*,#9296,.T.);
#9322 = ORIENTED_EDGE('',*,*,#9323,.F.);
#9323 = EDGE_CURVE('',#9242,#9297,#9324,.T.);
#9324 = LINE('',#9325,#9326);
#9325 = CARTESIAN_POINT('',(-0.16,-2.86,8.54));
#9326 = VECTOR('',#9327,1.);
#9327 = DIRECTION('',(0.,1.,0.));
#9328 = PLANE('',#9329);
#9329 = AXIS2_PLACEMENT_3D('',#9330,#9331,#9332);
#9330 = CARTESIAN_POINT('',(-0.24,-2.86,8.46));
#9331 = DIRECTION('',(0.707106781187,1.735167508357E-18,-0.707106781187)
  );
#9332 = DIRECTION('',(-1.226948711654E-18,1.,1.226948711654E-18));
#9333 = ADVANCED_FACE('',(#9334),#9359,.T.);
#9334 = FACE_BOUND('',#9335,.F.);
#9335 = EDGE_LOOP('',(#9336,#9344,#9345,#9353));
#9336 = ORIENTED_EDGE('',*,*,#9337,.F.);
#9337 = EDGE_CURVE('',#8771,#9338,#9340,.T.);
#9338 = VERTEX_POINT('',#9339);
#9339 = CARTESIAN_POINT('',(-0.16,-4.92,8.54));
#9340 = LINE('',#9341,#9342);
#9341 = CARTESIAN_POINT('',(-0.16,-4.92,8.54));
#9342 = VECTOR('',#9343,1.);
#9343 = DIRECTION('',(0.57735026919,-0.57735026919,0.57735026919));
#9344 = ORIENTED_EDGE('',*,*,#8778,.T.);
#9345 = ORIENTED_EDGE('',*,*,#9346,.T.);
#9346 = EDGE_CURVE('',#8762,#9347,#9349,.T.);
#9347 = VERTEX_POINT('',#9348);
#9348 = CARTESIAN_POINT('',(0.16,-4.92,8.54));
#9349 = LINE('',#9350,#9351);
#9350 = CARTESIAN_POINT('',(5.333333333333E-02,-5.026666666667,
    8.646666666667));
#9351 = VECTOR('',#9352,1.);
#9352 = DIRECTION('',(-0.57735026919,-0.57735026919,0.57735026919));
#9353 = ORIENTED_EDGE('',*,*,#9354,.F.);
#9354 = EDGE_CURVE('',#9338,#9347,#9355,.T.);
#9355 = LINE('',#9356,#9357);
#9356 = CARTESIAN_POINT('',(-0.32,-4.92,8.54));
#9357 = VECTOR('',#9358,1.);
#9358 = DIRECTION('',(1.,0.,0.));
#9359 = PLANE('',#9360);
#9360 = AXIS2_PLACEMENT_3D('',#9361,#9362,#9363);
#9361 = CARTESIAN_POINT('',(-0.32,-4.84,8.46));
#9362 = DIRECTION('',(1.735167508357E-18,0.707106781187,0.707106781187)
  );
#9363 = DIRECTION('',(-1.,1.226948711654E-18,1.226948711654E-18));
#9364 = ADVANCED_FACE('',(#9365),#9383,.F.);
#9365 = FACE_BOUND('',#9366,.F.);
#9366 = EDGE_LOOP('',(#9367,#9375,#9376,#9377));
#9367 = ORIENTED_EDGE('',*,*,#9368,.F.);
#9368 = EDGE_CURVE('',#8793,#9369,#9371,.T.);
#9369 = VERTEX_POINT('',#9370);
#9370 = CARTESIAN_POINT('',(-0.16,-5.24,8.54));
#9371 = LINE('',#9372,#9373);
#9372 = CARTESIAN_POINT('',(-0.266666666667,-5.346666666667,
    8.433333333333));
#9373 = VECTOR('',#9374,1.);
#9374 = DIRECTION('',(0.57735026919,0.57735026919,0.57735026919));
#9375 = ORIENTED_EDGE('',*,*,#8802,.T.);
#9376 = ORIENTED_EDGE('',*,*,#9337,.T.);
#9377 = ORIENTED_EDGE('',*,*,#9378,.F.);
#9378 = EDGE_CURVE('',#9369,#9338,#9379,.T.);
#9379 = LINE('',#9380,#9381);
#9380 = CARTESIAN_POINT('',(-0.16,-5.4,8.54));
#9381 = VECTOR('',#9382,1.);
#9382 = DIRECTION('',(0.,1.,0.));
#9383 = PLANE('',#9384);
#9384 = AXIS2_PLACEMENT_3D('',#9385,#9386,#9387);
#9385 = CARTESIAN_POINT('',(-0.24,-5.4,8.46));
#9386 = DIRECTION('',(0.707106781187,1.735167508357E-18,-0.707106781187)
  );
#9387 = DIRECTION('',(-1.226948711654E-18,1.,1.226948711654E-18));
#9388 = ADVANCED_FACE('',(#9389),#9407,.F.);
#9389 = FACE_BOUND('',#9390,.T.);
#9390 = EDGE_LOOP('',(#9391,#9392,#9393,#9401));
#9391 = ORIENTED_EDGE('',*,*,#9368,.F.);
#9392 = ORIENTED_EDGE('',*,*,#8826,.T.);
#9393 = ORIENTED_EDGE('',*,*,#9394,.T.);
#9394 = EDGE_CURVE('',#8817,#9395,#9397,.T.);
#9395 = VERTEX_POINT('',#9396);
#9396 = CARTESIAN_POINT('',(0.16,-5.24,8.54));
#9397 = LINE('',#9398,#9399);
#9398 = CARTESIAN_POINT('',(0.16,-5.24,8.54));
#9399 = VECTOR('',#9400,1.);
#9400 = DIRECTION('',(-0.57735026919,0.57735026919,0.57735026919));
#9401 = ORIENTED_EDGE('',*,*,#9402,.F.);
#9402 = EDGE_CURVE('',#9369,#9395,#9403,.T.);
#9403 = LINE('',#9404,#9405);
#9404 = CARTESIAN_POINT('',(-0.32,-5.24,8.54));
#9405 = VECTOR('',#9406,1.);
#9406 = DIRECTION('',(1.,0.,0.));
#9407 = PLANE('',#9408);
#9408 = AXIS2_PLACEMENT_3D('',#9409,#9410,#9411);
#9409 = CARTESIAN_POINT('',(-0.32,-5.32,8.46));
#9410 = DIRECTION('',(-1.735167508357E-18,0.707106781187,-0.707106781187
    ));
#9411 = DIRECTION('',(-1.,-1.226948711654E-18,1.226948711654E-18));
#9412 = ADVANCED_FACE('',(#9413),#9424,.T.);
#9413 = FACE_BOUND('',#9414,.T.);
#9414 = EDGE_LOOP('',(#9415,#9416,#9417,#9418));
#9415 = ORIENTED_EDGE('',*,*,#9394,.F.);
#9416 = ORIENTED_EDGE('',*,*,#8843,.T.);
#9417 = ORIENTED_EDGE('',*,*,#9346,.T.);
#9418 = ORIENTED_EDGE('',*,*,#9419,.F.);
#9419 = EDGE_CURVE('',#9395,#9347,#9420,.T.);
#9420 = LINE('',#9421,#9422);
#9421 = CARTESIAN_POINT('',(0.16,-5.4,8.54));
#9422 = VECTOR('',#9423,1.);
#9423 = DIRECTION('',(0.,1.,0.));
#9424 = PLANE('',#9425);
#9425 = AXIS2_PLACEMENT_3D('',#9426,#9427,#9428);
#9426 = CARTESIAN_POINT('',(0.24,-5.4,8.46));
#9427 = DIRECTION('',(0.707106781187,-1.735167508357E-18,0.707106781187)
  );
#9428 = DIRECTION('',(1.226948711654E-18,1.,1.226948711654E-18));
#9429 = ADVANCED_FACE('',(#9430),#9436,.F.);
#9430 = FACE_BOUND('',#9431,.F.);
#9431 = EDGE_LOOP('',(#9432,#9433,#9434,#9435));
#9432 = ORIENTED_EDGE('',*,*,#8898,.F.);
#9433 = ORIENTED_EDGE('',*,*,#8922,.F.);
#9434 = ORIENTED_EDGE('',*,*,#8939,.T.);
#9435 = ORIENTED_EDGE('',*,*,#8874,.T.);
#9436 = PLANE('',#9437);
#9437 = AXIS2_PLACEMENT_3D('',#9438,#9439,#9440);
#9438 = CARTESIAN_POINT('',(-0.32,-0.32,-3.));
#9439 = DIRECTION('',(0.,0.,1.));
#9440 = DIRECTION('',(1.,0.,-0.));
#9441 = ADVANCED_FACE('',(#9442),#9448,.F.);
#9442 = FACE_BOUND('',#9443,.F.);
#9443 = EDGE_LOOP('',(#9444,#9445,#9446,#9447));
#9444 = ORIENTED_EDGE('',*,*,#9018,.F.);
#9445 = ORIENTED_EDGE('',*,*,#9035,.F.);
#9446 = ORIENTED_EDGE('',*,*,#8970,.T.);
#9447 = ORIENTED_EDGE('',*,*,#8994,.T.);
#9448 = PLANE('',#9449);
#9449 = AXIS2_PLACEMENT_3D('',#9450,#9451,#9452);
#9450 = CARTESIAN_POINT('',(-0.32,-2.86,-3.));
#9451 = DIRECTION('',(0.,0.,1.));
#9452 = DIRECTION('',(1.,0.,-0.));
#9453 = ADVANCED_FACE('',(#9454),#9460,.F.);
#9454 = FACE_BOUND('',#9455,.F.);
#9455 = EDGE_LOOP('',(#9456,#9457,#9458,#9459));
#9456 = ORIENTED_EDGE('',*,*,#9066,.F.);
#9457 = ORIENTED_EDGE('',*,*,#9090,.F.);
#9458 = ORIENTED_EDGE('',*,*,#9114,.T.);
#9459 = ORIENTED_EDGE('',*,*,#9131,.T.);
#9460 = PLANE('',#9461);
#9461 = AXIS2_PLACEMENT_3D('',#9462,#9463,#9464);
#9462 = CARTESIAN_POINT('',(-0.32,-5.4,-3.));
#9463 = DIRECTION('',(0.,0.,1.));
#9464 = DIRECTION('',(1.,0.,-0.));
#9465 = ADVANCED_FACE('',(#9466),#9472,.T.);
#9466 = FACE_BOUND('',#9467,.T.);
#9467 = EDGE_LOOP('',(#9468,#9469,#9470,#9471));
#9468 = ORIENTED_EDGE('',*,*,#9227,.T.);
#9469 = ORIENTED_EDGE('',*,*,#9162,.T.);
#9470 = ORIENTED_EDGE('',*,*,#9186,.F.);
#9471 = ORIENTED_EDGE('',*,*,#9210,.F.);
#9472 = PLANE('',#9473);
#9473 = AXIS2_PLACEMENT_3D('',#9474,#9475,#9476);
#9474 = CARTESIAN_POINT('',(-0.32,-0.32,8.54));
#9475 = DIRECTION('',(0.,0.,1.));
#9476 = DIRECTION('',(1.,0.,-0.));
#9477 = ADVANCED_FACE('',(#9478),#9484,.T.);
#9478 = FACE_BOUND('',#9479,.T.);
#9479 = EDGE_LOOP('',(#9480,#9481,#9482,#9483));
#9480 = ORIENTED_EDGE('',*,*,#9258,.T.);
#9481 = ORIENTED_EDGE('',*,*,#9282,.T.);
#9482 = ORIENTED_EDGE('',*,*,#9306,.F.);
#9483 = ORIENTED_EDGE('',*,*,#9323,.F.);
#9484 = PLANE('',#9485);
#9485 = AXIS2_PLACEMENT_3D('',#9486,#9487,#9488);
#9486 = CARTESIAN_POINT('',(-0.32,-2.86,8.54));
#9487 = DIRECTION('',(0.,0.,1.));
#9488 = DIRECTION('',(1.,0.,-0.));
#9489 = ADVANCED_FACE('',(#9490),#9496,.T.);
#9490 = FACE_BOUND('',#9491,.T.);
#9491 = EDGE_LOOP('',(#9492,#9493,#9494,#9495));
#9492 = ORIENTED_EDGE('',*,*,#9402,.T.);
#9493 = ORIENTED_EDGE('',*,*,#9419,.T.);
#9494 = ORIENTED_EDGE('',*,*,#9354,.F.);
#9495 = ORIENTED_EDGE('',*,*,#9378,.F.);
#9496 = PLANE('',#9497);
#9497 = AXIS2_PLACEMENT_3D('',#9498,#9499,#9500);
#9498 = CARTESIAN_POINT('',(-0.32,-5.4,8.54));
#9499 = DIRECTION('',(0.,0.,1.));
#9500 = DIRECTION('',(1.,0.,-0.));
#9501 = ( GEOMETRIC_REPRESENTATION_CONTEXT(3) 
GLOBAL_UNCERTAINTY_ASSIGNED_CONTEXT((#9505)) 
GLOBAL_UNIT_ASSIGNED_CONTEXT((#9502,#9503,#9504)) REPRESENTATION_CONTEXT
('Context #1','3D Context with UNIT and UNCERTAINTY') );
#9502 = ( LENGTH_UNIT() NAMED_UNIT(*) SI_UNIT(.MILLI.,.METRE.) );
#9503 = ( NAMED_UNIT(*) PLANE_ANGLE_UNIT() SI_UNIT($,.RADIAN.) );
#9504 = ( NAMED_UNIT(*) SI_UNIT($,.STERADIAN.) SOLID_ANGLE_UNIT() );
#9505 = UNCERTAINTY_MEASURE_WITH_UNIT(LENGTH_MEASURE(1.E-07),#9502,
  'distance_accuracy_value','confusion accuracy');
#9506 = CONTEXT_DEPENDENT_SHAPE_REPRESENTATION(#9507,#9509);
#9507 = ( REPRESENTATION_RELATIONSHIP('','',#7394,#10) 
REPRESENTATION_RELATIONSHIP_WITH_TRANSFORMATION(#9508) 
SHAPE_REPRESENTATION_RELATIONSHIP() );
#9508 = ITEM_DEFINED_TRANSFORMATION('','',#11,#35);
#9509 = PRODUCT_DEFINITION_SHAPE('Placement','Placement of an item',
  #9510);
#9510 = NEXT_ASSEMBLY_USAGE_OCCURRENCE('10','SW6','',#5,#7389,$);
#9511 = PRODUCT_RELATED_PRODUCT_CATEGORY('part',$,(#7391));
#9512 = CONTEXT_DEPENDENT_SHAPE_REPRESENTATION(#9513,#9515);
#9513 = ( REPRESENTATION_RELATIONSHIP('','',#68,#10) 
REPRESENTATION_RELATIONSHIP_WITH_TRANSFORMATION(#9514) 
SHAPE_REPRESENTATION_RELATIONSHIP() );
#9514 = ITEM_DEFINED_TRANSFORMATION('','',#11,#39);
#9515 = PRODUCT_DEFINITION_SHAPE('Placement','Placement of an item',
  #9516);
#9516 = NEXT_ASSEMBLY_USAGE_OCCURRENCE('11','SW3','',#5,#63,$);
#9517 = SHAPE_DEFINITION_REPRESENTATION(#9518,#9524);
#9518 = PRODUCT_DEFINITION_SHAPE('','',#9519);
#9519 = PRODUCT_DEFINITION('design','',#9520,#9523);
#9520 = PRODUCT_DEFINITION_FORMATION('','',#9521);
#9521 = PRODUCT('PinHeader_1x07_P2.54mm_Vertical',
  'PinHeader_1x07_P2.54mm_Vertical','',(#9522));
#9522 = PRODUCT_CONTEXT('',#2,'mechanical');
#9523 = PRODUCT_DEFINITION_CONTEXT('part definition',#2,'design');
#9524 = ADVANCED_BREP_SHAPE_REPRESENTATION('',(#11,#9525),#14327);
#9525 = MANIFOLD_SOLID_BREP('',#9526);
#9526 = CLOSED_SHELL('',(#9527,#9567,#9598,#9629,#10204,#10779,#10796,
    #10813,#10830,#10847,#10864,#10881,#10898,#10915,#10932,#10949,
    #10966,#10983,#11000,#11017,#11034,#11051,#11068,#11085,#11102,
    #11119,#11136,#11153,#11170,#11187,#11204,#11221,#11238,#11255,
    #11272,#11289,#11306,#11323,#11340,#11357,#11374,#11391,#11408,
    #11425,#11442,#11459,#11471,#11502,#11526,#11550,#11567,#11598,
    #11622,#11646,#11663,#11694,#11718,#11742,#11759,#11790,#11814,
    #11838,#11855,#11886,#11910,#11934,#11951,#11982,#12006,#12030,
    #12047,#12078,#12102,#12126,#12143,#12174,#12198,#12222,#12239,
    #12270,#12294,#12318,#12335,#12366,#12390,#12414,#12431,#12462,
    #12486,#12510,#12527,#12558,#12582,#12606,#12623,#12654,#12678,
    #12702,#12719,#12750,#12774,#12798,#12815,#12846,#12870,#12894,
    #12911,#12942,#12966,#12990,#13007,#13038,#13062,#13086,#13103,
    #13134,#13158,#13182,#13199,#13230,#13254,#13278,#13295,#13326,
    #13350,#13374,#13391,#13422,#13446,#13470,#13487,#13518,#13542,
    #13566,#13583,#13614,#13638,#13662,#13679,#13710,#13734,#13758,
    #13775,#13806,#13830,#13854,#13871,#13902,#13926,#13950,#13967,
    #13998,#14022,#14046,#14063,#14094,#14118,#14142,#14159,#14171,
    #14183,#14195,#14207,#14219,#14231,#14243,#14255,#14267,#14279,
    #14291,#14303,#14315));
#9527 = ADVANCED_FACE('',(#9528),#9562,.F.);
#9528 = FACE_BOUND('',#9529,.F.);
#9529 = EDGE_LOOP('',(#9530,#9540,#9548,#9556));
#9530 = ORIENTED_EDGE('',*,*,#9531,.T.);
#9531 = EDGE_CURVE('',#9532,#9534,#9536,.T.);
#9532 = VERTEX_POINT('',#9533);
#9533 = CARTESIAN_POINT('',(-1.016,1.27,0.));
#9534 = VERTEX_POINT('',#9535);
#9535 = CARTESIAN_POINT('',(-1.016,1.27,2.54));
#9536 = LINE('',#9537,#9538);
#9537 = CARTESIAN_POINT('',(-1.016,1.27,0.));
#9538 = VECTOR('',#9539,1.);
#9539 = DIRECTION('',(0.,0.,1.));
#9540 = ORIENTED_EDGE('',*,*,#9541,.T.);
#9541 = EDGE_CURVE('',#9534,#9542,#9544,.T.);
#9542 = VERTEX_POINT('',#9543);
#9543 = CARTESIAN_POINT('',(-1.27,1.016,2.54));
#9544 = LINE('',#9545,#9546);
#9545 = CARTESIAN_POINT('',(-1.016,1.27,2.54));
#9546 = VECTOR('',#9547,1.);
#9547 = DIRECTION('',(-0.707106781187,-0.707106781187,0.));
#9548 = ORIENTED_EDGE('',*,*,#9549,.F.);
#9549 = EDGE_CURVE('',#9550,#9542,#9552,.T.);
#9550 = VERTEX_POINT('',#9551);
#9551 = CARTESIAN_POINT('',(-1.27,1.016,0.));
#9552 = LINE('',#9553,#9554);
#9553 = CARTESIAN_POINT('',(-1.27,1.016,0.));
#9554 = VECTOR('',#9555,1.);
#9555 = DIRECTION('',(0.,0.,1.));
#9556 = ORIENTED_EDGE('',*,*,#9557,.F.);
#9557 = EDGE_CURVE('',#9532,#9550,#9558,.T.);
#9558 = LINE('',#9559,#9560);
#9559 = CARTESIAN_POINT('',(-1.016,1.27,0.));
#9560 = VECTOR('',#9561,1.);
#9561 = DIRECTION('',(-0.707106781187,-0.707106781187,0.));
#9562 = PLANE('',#9563);
#9563 = AXIS2_PLACEMENT_3D('',#9564,#9565,#9566);
#9564 = CARTESIAN_POINT('',(-1.016,1.27,0.));
#9565 = DIRECTION('',(0.707106781187,-0.707106781187,0.));
#9566 = DIRECTION('',(-0.707106781187,-0.707106781187,0.));
#9567 = ADVANCED_FACE('',(#9568),#9593,.F.);
#9568 = FACE_BOUND('',#9569,.F.);
#9569 = EDGE_LOOP('',(#9570,#9580,#9586,#9587));
#9570 = ORIENTED_EDGE('',*,*,#9571,.T.);
#9571 = EDGE_CURVE('',#9572,#9574,#9576,.T.);
#9572 = VERTEX_POINT('',#9573);
#9573 = CARTESIAN_POINT('',(1.016,1.27,0.));
#9574 = VERTEX_POINT('',#9575);
#9575 = CARTESIAN_POINT('',(1.016,1.27,2.54));
#9576 = LINE('',#9577,#9578);
#9577 = CARTESIAN_POINT('',(1.016,1.27,0.));
#9578 = VECTOR('',#9579,1.);
#9579 = DIRECTION('',(0.,0.,1.));
#9580 = ORIENTED_EDGE('',*,*,#9581,.T.);
#9581 = EDGE_CURVE('',#9574,#9534,#9582,.T.);
#9582 = LINE('',#9583,#9584);
#9583 = CARTESIAN_POINT('',(1.016,1.27,2.54));
#9584 = VECTOR('',#9585,1.);
#9585 = DIRECTION('',(-1.,0.,0.));
#9586 = ORIENTED_EDGE('',*,*,#9531,.F.);
#9587 = ORIENTED_EDGE('',*,*,#9588,.F.);
#9588 = EDGE_CURVE('',#9572,#9532,#9589,.T.);
#9589 = LINE('',#9590,#9591);
#9590 = CARTESIAN_POINT('',(1.016,1.27,0.));
#9591 = VECTOR('',#9592,1.);
#9592 = DIRECTION('',(-1.,0.,0.));
#9593 = PLANE('',#9594);
#9594 = AXIS2_PLACEMENT_3D('',#9595,#9596,#9597);
#9595 = CARTESIAN_POINT('',(1.016,1.27,0.));
#9596 = DIRECTION('',(0.,-1.,0.));
#9597 = DIRECTION('',(-1.,0.,0.));
#9598 = ADVANCED_FACE('',(#9599),#9624,.F.);
#9599 = FACE_BOUND('',#9600,.F.);
#9600 = EDGE_LOOP('',(#9601,#9602,#9610,#9618));
#9601 = ORIENTED_EDGE('',*,*,#9549,.T.);
#9602 = ORIENTED_EDGE('',*,*,#9603,.T.);
#9603 = EDGE_CURVE('',#9542,#9604,#9606,.T.);
#9604 = VERTEX_POINT('',#9605);
#9605 = CARTESIAN_POINT('',(-1.27,-1.016,2.54));
#9606 = LINE('',#9607,#9608);
#9607 = CARTESIAN_POINT('',(-1.27,1.016,2.54));
#9608 = VECTOR('',#9609,1.);
#9609 = DIRECTION('',(0.,-1.,0.));
#9610 = ORIENTED_EDGE('',*,*,#9611,.F.);
#9611 = EDGE_CURVE('',#9612,#9604,#9614,.T.);
#9612 = VERTEX_POINT('',#9613);
#9613 = CARTESIAN_POINT('',(-1.27,-1.016,0.));
#9614 = LINE('',#9615,#9616);
#9615 = CARTESIAN_POINT('',(-1.27,-1.016,0.));
#9616 = VECTOR('',#9617,1.);
#9617 = DIRECTION('',(0.,0.,1.));
#9618 = ORIENTED_EDGE('',*,*,#9619,.F.);
#9619 = EDGE_CURVE('',#9550,#9612,#9620,.T.);
#9620 = LINE('',#9621,#9622);
#9621 = CARTESIAN_POINT('',(-1.27,1.016,0.));
#9622 = VECTOR('',#9623,1.);
#9623 = DIRECTION('',(0.,-1.,0.));
#9624 = PLANE('',#9625);
#9625 = AXIS2_PLACEMENT_3D('',#9626,#9627,#9628);
#9626 = CARTESIAN_POINT('',(-1.27,1.016,0.));
#9627 = DIRECTION('',(1.,0.,0.));
#9628 = DIRECTION('',(0.,-1.,0.));
#9629 = ADVANCED_FACE('',(#9630,#9961,#9995,#10029,#10063,#10097,#10131,
    #10165),#10199,.F.);
#9630 = FACE_BOUND('',#9631,.F.);
#9631 = EDGE_LOOP('',(#9632,#9633,#9634,#9642,#9650,#9658,#9666,#9674,
    #9682,#9690,#9698,#9706,#9714,#9722,#9730,#9738,#9746,#9754,#9762,
    #9770,#9778,#9786,#9794,#9802,#9810,#9818,#9826,#9834,#9842,#9850,
    #9858,#9866,#9874,#9882,#9890,#9898,#9906,#9914,#9922,#9930,#9938,
    #9946,#9954,#9960));
#9632 = ORIENTED_EDGE('',*,*,#9557,.T.);
#9633 = ORIENTED_EDGE('',*,*,#9619,.T.);
#9634 = ORIENTED_EDGE('',*,*,#9635,.T.);
#9635 = EDGE_CURVE('',#9612,#9636,#9638,.T.);
#9636 = VERTEX_POINT('',#9637);
#9637 = CARTESIAN_POINT('',(-1.016,-1.27,0.));
#9638 = LINE('',#9639,#9640);
#9639 = CARTESIAN_POINT('',(-1.27,-1.016,0.));
#9640 = VECTOR('',#9641,1.);
#9641 = DIRECTION('',(0.707106781187,-0.707106781187,0.));
#9642 = ORIENTED_EDGE('',*,*,#9643,.T.);
#9643 = EDGE_CURVE('',#9636,#9644,#9646,.T.);
#9644 = VERTEX_POINT('',#9645);
#9645 = CARTESIAN_POINT('',(-1.27,-1.524,0.));
#9646 = LINE('',#9647,#9648);
#9647 = CARTESIAN_POINT('',(-1.016,-1.27,0.));
#9648 = VECTOR('',#9649,1.);
#9649 = DIRECTION('',(-0.707106781187,-0.707106781187,0.));
#9650 = ORIENTED_EDGE('',*,*,#9651,.T.);
#9651 = EDGE_CURVE('',#9644,#9652,#9654,.T.);
#9652 = VERTEX_POINT('',#9653);
#9653 = CARTESIAN_POINT('',(-1.27,-3.556,0.));
#9654 = LINE('',#9655,#9656);
#9655 = CARTESIAN_POINT('',(-1.27,-1.524,0.));
#9656 = VECTOR('',#9657,1.);
#9657 = DIRECTION('',(0.,-1.,0.));
#9658 = ORIENTED_EDGE('',*,*,#9659,.T.);
#9659 = EDGE_CURVE('',#9652,#9660,#9662,.T.);
#9660 = VERTEX_POINT('',#9661);
#9661 = CARTESIAN_POINT('',(-1.016,-3.81,0.));
#9662 = LINE('',#9663,#9664);
#9663 = CARTESIAN_POINT('',(-1.27,-3.556,0.));
#9664 = VECTOR('',#9665,1.);
#9665 = DIRECTION('',(0.707106781187,-0.707106781187,0.));
#9666 = ORIENTED_EDGE('',*,*,#9667,.T.);
#9667 = EDGE_CURVE('',#9660,#9668,#9670,.T.);
#9668 = VERTEX_POINT('',#9669);
#9669 = CARTESIAN_POINT('',(-1.27,-4.064,0.));
#9670 = LINE('',#9671,#9672);
#9671 = CARTESIAN_POINT('',(-1.016,-3.81,0.));
#9672 = VECTOR('',#9673,1.);
#9673 = DIRECTION('',(-0.707106781187,-0.707106781187,0.));
#9674 = ORIENTED_EDGE('',*,*,#9675,.T.);
#9675 = EDGE_CURVE('',#9668,#9676,#9678,.T.);
#9676 = VERTEX_POINT('',#9677);
#9677 = CARTESIAN_POINT('',(-1.27,-6.096,0.));
#9678 = LINE('',#9679,#9680);
#9679 = CARTESIAN_POINT('',(-1.27,-4.064,0.));
#9680 = VECTOR('',#9681,1.);
#9681 = DIRECTION('',(0.,-1.,0.));
#9682 = ORIENTED_EDGE('',*,*,#9683,.T.);
#9683 = EDGE_CURVE('',#9676,#9684,#9686,.T.);
#9684 = VERTEX_POINT('',#9685);
#9685 = CARTESIAN_POINT('',(-1.016,-6.35,0.));
#9686 = LINE('',#9687,#9688);
#9687 = CARTESIAN_POINT('',(-1.27,-6.096,0.));
#9688 = VECTOR('',#9689,1.);
#9689 = DIRECTION('',(0.707106781187,-0.707106781187,0.));
#9690 = ORIENTED_EDGE('',*,*,#9691,.T.);
#9691 = EDGE_CURVE('',#9684,#9692,#9694,.T.);
#9692 = VERTEX_POINT('',#9693);
#9693 = CARTESIAN_POINT('',(-1.27,-6.604,0.));
#9694 = LINE('',#9695,#9696);
#9695 = CARTESIAN_POINT('',(-1.016,-6.35,0.));
#9696 = VECTOR('',#9697,1.);
#9697 = DIRECTION('',(-0.707106781187,-0.707106781187,0.));
#9698 = ORIENTED_EDGE('',*,*,#9699,.T.);
#9699 = EDGE_CURVE('',#9692,#9700,#9702,.T.);
#9700 = VERTEX_POINT('',#9701);
#9701 = CARTESIAN_POINT('',(-1.27,-8.636,0.));
#9702 = LINE('',#9703,#9704);
#9703 = CARTESIAN_POINT('',(-1.27,-6.604,0.));
#9704 = VECTOR('',#9705,1.);
#9705 = DIRECTION('',(0.,-1.,0.));
#9706 = ORIENTED_EDGE('',*,*,#9707,.T.);
#9707 = EDGE_CURVE('',#9700,#9708,#9710,.T.);
#9708 = VERTEX_POINT('',#9709);
#9709 = CARTESIAN_POINT('',(-1.016,-8.89,0.));
#9710 = LINE('',#9711,#9712);
#9711 = CARTESIAN_POINT('',(-1.27,-8.636,0.));
#9712 = VECTOR('',#9713,1.);
#9713 = DIRECTION('',(0.707106781187,-0.707106781187,0.));
#9714 = ORIENTED_EDGE('',*,*,#9715,.T.);
#9715 = EDGE_CURVE('',#9708,#9716,#9718,.T.);
#9716 = VERTEX_POINT('',#9717);
#9717 = CARTESIAN_POINT('',(-1.27,-9.144,0.));
#9718 = LINE('',#9719,#9720);
#9719 = CARTESIAN_POINT('',(-1.016,-8.89,0.));
#9720 = VECTOR('',#9721,1.);
#9721 = DIRECTION('',(-0.707106781187,-0.707106781187,0.));
#9722 = ORIENTED_EDGE('',*,*,#9723,.T.);
#9723 = EDGE_CURVE('',#9716,#9724,#9726,.T.);
#9724 = VERTEX_POINT('',#9725);
#9725 = CARTESIAN_POINT('',(-1.27,-11.176,0.));
#9726 = LINE('',#9727,#9728);
#9727 = CARTESIAN_POINT('',(-1.27,-9.144,0.));
#9728 = VECTOR('',#9729,1.);
#9729 = DIRECTION('',(0.,-1.,0.));
#9730 = ORIENTED_EDGE('',*,*,#9731,.T.);
#9731 = EDGE_CURVE('',#9724,#9732,#9734,.T.);
#9732 = VERTEX_POINT('',#9733);
#9733 = CARTESIAN_POINT('',(-1.016,-11.43,0.));
#9734 = LINE('',#9735,#9736);
#9735 = CARTESIAN_POINT('',(-1.27,-11.176,0.));
#9736 = VECTOR('',#9737,1.);
#9737 = DIRECTION('',(0.707106781187,-0.707106781187,0.));
#9738 = ORIENTED_EDGE('',*,*,#9739,.T.);
#9739 = EDGE_CURVE('',#9732,#9740,#9742,.T.);
#9740 = VERTEX_POINT('',#9741);
#9741 = CARTESIAN_POINT('',(-1.27,-11.684,0.));
#9742 = LINE('',#9743,#9744);
#9743 = CARTESIAN_POINT('',(-1.016,-11.43,0.));
#9744 = VECTOR('',#9745,1.);
#9745 = DIRECTION('',(-0.707106781187,-0.707106781187,0.));
#9746 = ORIENTED_EDGE('',*,*,#9747,.T.);
#9747 = EDGE_CURVE('',#9740,#9748,#9750,.T.);
#9748 = VERTEX_POINT('',#9749);
#9749 = CARTESIAN_POINT('',(-1.27,-13.716,0.));
#9750 = LINE('',#9751,#9752);
#9751 = CARTESIAN_POINT('',(-1.27,-11.684,0.));
#9752 = VECTOR('',#9753,1.);
#9753 = DIRECTION('',(0.,-1.,0.));
#9754 = ORIENTED_EDGE('',*,*,#9755,.T.);
#9755 = EDGE_CURVE('',#9748,#9756,#9758,.T.);
#9756 = VERTEX_POINT('',#9757);
#9757 = CARTESIAN_POINT('',(-1.016,-13.97,0.));
#9758 = LINE('',#9759,#9760);
#9759 = CARTESIAN_POINT('',(-1.27,-13.716,0.));
#9760 = VECTOR('',#9761,1.);
#9761 = DIRECTION('',(0.707106781187,-0.707106781187,0.));
#9762 = ORIENTED_EDGE('',*,*,#9763,.T.);
#9763 = EDGE_CURVE('',#9756,#9764,#9766,.T.);
#9764 = VERTEX_POINT('',#9765);
#9765 = CARTESIAN_POINT('',(-1.27,-14.224,0.));
#9766 = LINE('',#9767,#9768);
#9767 = CARTESIAN_POINT('',(-1.016,-13.97,0.));
#9768 = VECTOR('',#9769,1.);
#9769 = DIRECTION('',(-0.707106781187,-0.707106781187,0.));
#9770 = ORIENTED_EDGE('',*,*,#9771,.T.);
#9771 = EDGE_CURVE('',#9764,#9772,#9774,.T.);
#9772 = VERTEX_POINT('',#9773);
#9773 = CARTESIAN_POINT('',(-1.27,-16.256,0.));
#9774 = LINE('',#9775,#9776);
#9775 = CARTESIAN_POINT('',(-1.27,-14.224,0.));
#9776 = VECTOR('',#9777,1.);
#9777 = DIRECTION('',(0.,-1.,0.));
#9778 = ORIENTED_EDGE('',*,*,#9779,.T.);
#9779 = EDGE_CURVE('',#9772,#9780,#9782,.T.);
#9780 = VERTEX_POINT('',#9781);
#9781 = CARTESIAN_POINT('',(-1.016,-16.51,0.));
#9782 = LINE('',#9783,#9784);
#9783 = CARTESIAN_POINT('',(-1.27,-16.256,0.));
#9784 = VECTOR('',#9785,1.);
#9785 = DIRECTION('',(0.707106781187,-0.707106781187,0.));
#9786 = ORIENTED_EDGE('',*,*,#9787,.T.);
#9787 = EDGE_CURVE('',#9780,#9788,#9790,.T.);
#9788 = VERTEX_POINT('',#9789);
#9789 = CARTESIAN_POINT('',(1.016,-16.51,0.));
#9790 = LINE('',#9791,#9792);
#9791 = CARTESIAN_POINT('',(-1.016,-16.51,0.));
#9792 = VECTOR('',#9793,1.);
#9793 = DIRECTION('',(1.,0.,0.));
#9794 = ORIENTED_EDGE('',*,*,#9795,.T.);
#9795 = EDGE_CURVE('',#9788,#9796,#9798,.T.);
#9796 = VERTEX_POINT('',#9797);
#9797 = CARTESIAN_POINT('',(1.27,-16.256,0.));
#9798 = LINE('',#9799,#9800);
#9799 = CARTESIAN_POINT('',(1.016,-16.51,0.));
#9800 = VECTOR('',#9801,1.);
#9801 = DIRECTION('',(0.707106781187,0.707106781187,0.));
#9802 = ORIENTED_EDGE('',*,*,#9803,.T.);
#9803 = EDGE_CURVE('',#9796,#9804,#9806,.T.);
#9804 = VERTEX_POINT('',#9805);
#9805 = CARTESIAN_POINT('',(1.27,-14.224,0.));
#9806 = LINE('',#9807,#9808);
#9807 = CARTESIAN_POINT('',(1.27,-16.256,0.));
#9808 = VECTOR('',#9809,1.);
#9809 = DIRECTION('',(0.,1.,0.));
#9810 = ORIENTED_EDGE('',*,*,#9811,.T.);
#9811 = EDGE_CURVE('',#9804,#9812,#9814,.T.);
#9812 = VERTEX_POINT('',#9813);
#9813 = CARTESIAN_POINT('',(1.016,-13.97,0.));
#9814 = LINE('',#9815,#9816);
#9815 = CARTESIAN_POINT('',(1.27,-14.224,0.));
#9816 = VECTOR('',#9817,1.);
#9817 = DIRECTION('',(-0.707106781187,0.707106781187,0.));
#9818 = ORIENTED_EDGE('',*,*,#9819,.T.);
#9819 = EDGE_CURVE('',#9812,#9820,#9822,.T.);
#9820 = VERTEX_POINT('',#9821);
#9821 = CARTESIAN_POINT('',(1.27,-13.716,0.));
#9822 = LINE('',#9823,#9824);
#9823 = CARTESIAN_POINT('',(1.016,-13.97,0.));
#9824 = VECTOR('',#9825,1.);
#9825 = DIRECTION('',(0.707106781187,0.707106781187,0.));
#9826 = ORIENTED_EDGE('',*,*,#9827,.T.);
#9827 = EDGE_CURVE('',#9820,#9828,#9830,.T.);
#9828 = VERTEX_POINT('',#9829);
#9829 = CARTESIAN_POINT('',(1.27,-11.684,0.));
#9830 = LINE('',#9831,#9832);
#9831 = CARTESIAN_POINT('',(1.27,-13.716,0.));
#9832 = VECTOR('',#9833,1.);
#9833 = DIRECTION('',(0.,1.,0.));
#9834 = ORIENTED_EDGE('',*,*,#9835,.T.);
#9835 = EDGE_CURVE('',#9828,#9836,#9838,.T.);
#9836 = VERTEX_POINT('',#9837);
#9837 = CARTESIAN_POINT('',(1.016,-11.43,0.));
#9838 = LINE('',#9839,#9840);
#9839 = CARTESIAN_POINT('',(1.27,-11.684,0.));
#9840 = VECTOR('',#9841,1.);
#9841 = DIRECTION('',(-0.707106781187,0.707106781187,0.));
#9842 = ORIENTED_EDGE('',*,*,#9843,.T.);
#9843 = EDGE_CURVE('',#9836,#9844,#9846,.T.);
#9844 = VERTEX_POINT('',#9845);
#9845 = CARTESIAN_POINT('',(1.27,-11.176,0.));
#9846 = LINE('',#9847,#9848);
#9847 = CARTESIAN_POINT('',(1.016,-11.43,0.));
#9848 = VECTOR('',#9849,1.);
#9849 = DIRECTION('',(0.707106781187,0.707106781187,0.));
#9850 = ORIENTED_EDGE('',*,*,#9851,.T.);
#9851 = EDGE_CURVE('',#9844,#9852,#9854,.T.);
#9852 = VERTEX_POINT('',#9853);
#9853 = CARTESIAN_POINT('',(1.27,-9.144,0.));
#9854 = LINE('',#9855,#9856);
#9855 = CARTESIAN_POINT('',(1.27,-11.176,0.));
#9856 = VECTOR('',#9857,1.);
#9857 = DIRECTION('',(0.,1.,0.));
#9858 = ORIENTED_EDGE('',*,*,#9859,.T.);
#9859 = EDGE_CURVE('',#9852,#9860,#9862,.T.);
#9860 = VERTEX_POINT('',#9861);
#9861 = CARTESIAN_POINT('',(1.016,-8.89,0.));
#9862 = LINE('',#9863,#9864);
#9863 = CARTESIAN_POINT('',(1.27,-9.144,0.));
#9864 = VECTOR('',#9865,1.);
#9865 = DIRECTION('',(-0.707106781187,0.707106781187,0.));
#9866 = ORIENTED_EDGE('',*,*,#9867,.T.);
#9867 = EDGE_CURVE('',#9860,#9868,#9870,.T.);
#9868 = VERTEX_POINT('',#9869);
#9869 = CARTESIAN_POINT('',(1.27,-8.636,0.));
#9870 = LINE('',#9871,#9872);
#9871 = CARTESIAN_POINT('',(1.016,-8.89,0.));
#9872 = VECTOR('',#9873,1.);
#9873 = DIRECTION('',(0.707106781187,0.707106781187,0.));
#9874 = ORIENTED_EDGE('',*,*,#9875,.T.);
#9875 = EDGE_CURVE('',#9868,#9876,#9878,.T.);
#9876 = VERTEX_POINT('',#9877);
#9877 = CARTESIAN_POINT('',(1.27,-6.604,0.));
#9878 = LINE('',#9879,#9880);
#9879 = CARTESIAN_POINT('',(1.27,-8.636,0.));
#9880 = VECTOR('',#9881,1.);
#9881 = DIRECTION('',(0.,1.,0.));
#9882 = ORIENTED_EDGE('',*,*,#9883,.T.);
#9883 = EDGE_CURVE('',#9876,#9884,#9886,.T.);
#9884 = VERTEX_POINT('',#9885);
#9885 = CARTESIAN_POINT('',(1.016,-6.35,0.));
#9886 = LINE('',#9887,#9888);
#9887 = CARTESIAN_POINT('',(1.27,-6.604,0.));
#9888 = VECTOR('',#9889,1.);
#9889 = DIRECTION('',(-0.707106781187,0.707106781187,0.));
#9890 = ORIENTED_EDGE('',*,*,#9891,.T.);
#9891 = EDGE_CURVE('',#9884,#9892,#9894,.T.);
#9892 = VERTEX_POINT('',#9893);
#9893 = CARTESIAN_POINT('',(1.27,-6.096,0.));
#9894 = LINE('',#9895,#9896);
#9895 = CARTESIAN_POINT('',(1.016,-6.35,0.));
#9896 = VECTOR('',#9897,1.);
#9897 = DIRECTION('',(0.707106781187,0.707106781187,0.));
#9898 = ORIENTED_EDGE('',*,*,#9899,.T.);
#9899 = EDGE_CURVE('',#9892,#9900,#9902,.T.);
#9900 = VERTEX_POINT('',#9901);
#9901 = CARTESIAN_POINT('',(1.27,-4.064,0.));
#9902 = LINE('',#9903,#9904);
#9903 = CARTESIAN_POINT('',(1.27,-6.096,0.));
#9904 = VECTOR('',#9905,1.);
#9905 = DIRECTION('',(0.,1.,0.));
#9906 = ORIENTED_EDGE('',*,*,#9907,.T.);
#9907 = EDGE_CURVE('',#9900,#9908,#9910,.T.);
#9908 = VERTEX_POINT('',#9909);
#9909 = CARTESIAN_POINT('',(1.016,-3.81,0.));
#9910 = LINE('',#9911,#9912);
#9911 = CARTESIAN_POINT('',(1.27,-4.064,0.));
#9912 = VECTOR('',#9913,1.);
#9913 = DIRECTION('',(-0.707106781187,0.707106781187,0.));
#9914 = ORIENTED_EDGE('',*,*,#9915,.T.);
#9915 = EDGE_CURVE('',#9908,#9916,#9918,.T.);
#9916 = VERTEX_POINT('',#9917);
#9917 = CARTESIAN_POINT('',(1.27,-3.556,0.));
#9918 = LINE('',#9919,#9920);
#9919 = CARTESIAN_POINT('',(1.016,-3.81,0.));
#9920 = VECTOR('',#9921,1.);
#9921 = DIRECTION('',(0.707106781187,0.707106781187,0.));
#9922 = ORIENTED_EDGE('',*,*,#9923,.T.);
#9923 = EDGE_CURVE('',#9916,#9924,#9926,.T.);
#9924 = VERTEX_POINT('',#9925);
#9925 = CARTESIAN_POINT('',(1.27,-1.524,0.));
#9926 = LINE('',#9927,#9928);
#9927 = CARTESIAN_POINT('',(1.27,-3.556,0.));
#9928 = VECTOR('',#9929,1.);
#9929 = DIRECTION('',(0.,1.,0.));
#9930 = ORIENTED_EDGE('',*,*,#9931,.T.);
#9931 = EDGE_CURVE('',#9924,#9932,#9934,.T.);
#9932 = VERTEX_POINT('',#9933);
#9933 = CARTESIAN_POINT('',(1.016,-1.27,0.));
#9934 = LINE('',#9935,#9936);
#9935 = CARTESIAN_POINT('',(1.27,-1.524,0.));
#9936 = VECTOR('',#9937,1.);
#9937 = DIRECTION('',(-0.707106781187,0.707106781187,0.));
#9938 = ORIENTED_EDGE('',*,*,#9939,.T.);
#9939 = EDGE_CURVE('',#9932,#9940,#9942,.T.);
#9940 = VERTEX_POINT('',#9941);
#9941 = CARTESIAN_POINT('',(1.27,-1.016,0.));
#9942 = LINE('',#9943,#9944);
#9943 = CARTESIAN_POINT('',(1.016,-1.27,0.));
#9944 = VECTOR('',#9945,1.);
#9945 = DIRECTION('',(0.707106781187,0.707106781187,0.));
#9946 = ORIENTED_EDGE('',*,*,#9947,.T.);
#9947 = EDGE_CURVE('',#9940,#9948,#9950,.T.);
#9948 = VERTEX_POINT('',#9949);
#9949 = CARTESIAN_POINT('',(1.27,1.016,0.));
#9950 = LINE('',#9951,#9952);
#9951 = CARTESIAN_POINT('',(1.27,-1.016,0.));
#9952 = VECTOR('',#9953,1.);
#9953 = DIRECTION('',(0.,1.,0.));
#9954 = ORIENTED_EDGE('',*,*,#9955,.T.);
#9955 = EDGE_CURVE('',#9948,#9572,#9956,.T.);
#9956 = LINE('',#9957,#9958);
#9957 = CARTESIAN_POINT('',(1.27,1.016,0.));
#9958 = VECTOR('',#9959,1.);
#9959 = DIRECTION('',(-0.707106781187,0.707106781187,0.));
#9960 = ORIENTED_EDGE('',*,*,#9588,.T.);
#9961 = FACE_BOUND('',#9962,.F.);
#9962 = EDGE_LOOP('',(#9963,#9973,#9981,#9989));
#9963 = ORIENTED_EDGE('',*,*,#9964,.F.);
#9964 = EDGE_CURVE('',#9965,#9967,#9969,.T.);
#9965 = VERTEX_POINT('',#9966);
#9966 = CARTESIAN_POINT('',(0.32,-12.38,0.));
#9967 = VERTEX_POINT('',#9968);
#9968 = CARTESIAN_POINT('',(-0.32,-12.38,0.));
#9969 = LINE('',#9970,#9971);
#9970 = CARTESIAN_POINT('',(-0.16,-12.38,0.));
#9971 = VECTOR('',#9972,1.);
#9972 = DIRECTION('',(-1.,0.,0.));
#9973 = ORIENTED_EDGE('',*,*,#9974,.F.);
#9974 = EDGE_CURVE('',#9975,#9965,#9977,.T.);
#9975 = VERTEX_POINT('',#9976);
#9976 = CARTESIAN_POINT('',(0.32,-13.02,0.));
#9977 = LINE('',#9978,#9979);
#9978 = CARTESIAN_POINT('',(0.32,-10.32,0.));
#9979 = VECTOR('',#9980,1.);
#9980 = DIRECTION('',(0.,1.,0.));
#9981 = ORIENTED_EDGE('',*,*,#9982,.T.);
#9982 = EDGE_CURVE('',#9975,#9983,#9985,.T.);
#9983 = VERTEX_POINT('',#9984);
#9984 = CARTESIAN_POINT('',(-0.32,-13.02,0.));
#9985 = LINE('',#9986,#9987);
#9986 = CARTESIAN_POINT('',(-0.16,-13.02,0.));
#9987 = VECTOR('',#9988,1.);
#9988 = DIRECTION('',(-1.,0.,0.));
#9989 = ORIENTED_EDGE('',*,*,#9990,.T.);
#9990 = EDGE_CURVE('',#9983,#9967,#9991,.T.);
#9991 = LINE('',#9992,#9993);
#9992 = CARTESIAN_POINT('',(-0.32,-10.32,0.));
#9993 = VECTOR('',#9994,1.);
#9994 = DIRECTION('',(0.,1.,0.));
#9995 = FACE_BOUND('',#9996,.F.);
#9996 = EDGE_LOOP('',(#9997,#10007,#10015,#10023));
#9997 = ORIENTED_EDGE('',*,*,#9998,.F.);
#9998 = EDGE_CURVE('',#9999,#10001,#10003,.T.);
#9999 = VERTEX_POINT('',#10000);
#10000 = CARTESIAN_POINT('',(0.32,-15.56,0.));
#10001 = VERTEX_POINT('',#10002);
#10002 = CARTESIAN_POINT('',(0.32,-14.92,0.));
#10003 = LINE('',#10004,#10005);
#10004 = CARTESIAN_POINT('',(0.32,-11.59,0.));
#10005 = VECTOR('',#10006,1.);
#10006 = DIRECTION('',(0.,1.,0.));
#10007 = ORIENTED_EDGE('',*,*,#10008,.T.);
#10008 = EDGE_CURVE('',#9999,#10009,#10011,.T.);
#10009 = VERTEX_POINT('',#10010);
#10010 = CARTESIAN_POINT('',(-0.32,-15.56,0.));
#10011 = LINE('',#10012,#10013);
#10012 = CARTESIAN_POINT('',(-0.16,-15.56,0.));
#10013 = VECTOR('',#10014,1.);
#10014 = DIRECTION('',(-1.,0.,0.));
#10015 = ORIENTED_EDGE('',*,*,#10016,.T.);
#10016 = EDGE_CURVE('',#10009,#10017,#10019,.T.);
#10017 = VERTEX_POINT('',#10018);
#10018 = CARTESIAN_POINT('',(-0.32,-14.92,0.));
#10019 = LINE('',#10020,#10021);
#10020 = CARTESIAN_POINT('',(-0.32,-11.59,0.));
#10021 = VECTOR('',#10022,1.);
#10022 = DIRECTION('',(0.,1.,0.));
#10023 = ORIENTED_EDGE('',*,*,#10024,.F.);
#10024 = EDGE_CURVE('',#10001,#10017,#10025,.T.);
#10025 = LINE('',#10026,#10027);
#10026 = CARTESIAN_POINT('',(-0.16,-14.92,0.));
#10027 = VECTOR('',#10028,1.);
#10028 = DIRECTION('',(-1.,0.,0.));
#10029 = FACE_BOUND('',#10030,.F.);
#10030 = EDGE_LOOP('',(#10031,#10041,#10049,#10057));
#10031 = ORIENTED_EDGE('',*,*,#10032,.F.);
#10032 = EDGE_CURVE('',#10033,#10035,#10037,.T.);
#10033 = VERTEX_POINT('',#10034);
#10034 = CARTESIAN_POINT('',(0.32,-9.84,0.));
#10035 = VERTEX_POINT('',#10036);
#10036 = CARTESIAN_POINT('',(-0.32,-9.84,0.));
#10037 = LINE('',#10038,#10039);
#10038 = CARTESIAN_POINT('',(-0.16,-9.84,0.));
#10039 = VECTOR('',#10040,1.);
#10040 = DIRECTION('',(-1.,0.,0.));
#10041 = ORIENTED_EDGE('',*,*,#10042,.F.);
#10042 = EDGE_CURVE('',#10043,#10033,#10045,.T.);
#10043 = VERTEX_POINT('',#10044);
#10044 = CARTESIAN_POINT('',(0.32,-10.48,0.));
#10045 = LINE('',#10046,#10047);
#10046 = CARTESIAN_POINT('',(0.32,-9.05,0.));
#10047 = VECTOR('',#10048,1.);
#10048 = DIRECTION('',(0.,1.,0.));
#10049 = ORIENTED_EDGE('',*,*,#10050,.T.);
#10050 = EDGE_CURVE('',#10043,#10051,#10053,.T.);
#10051 = VERTEX_POINT('',#10052);
#10052 = CARTESIAN_POINT('',(-0.32,-10.48,0.));
#10053 = LINE('',#10054,#10055);
#10054 = CARTESIAN_POINT('',(-0.16,-10.48,0.));
#10055 = VECTOR('',#10056,1.);
#10056 = DIRECTION('',(-1.,0.,0.));
#10057 = ORIENTED_EDGE('',*,*,#10058,.T.);
#10058 = EDGE_CURVE('',#10051,#10035,#10059,.T.);
#10059 = LINE('',#10060,#10061);
#10060 = CARTESIAN_POINT('',(-0.32,-9.05,0.));
#10061 = VECTOR('',#10062,1.);
#10062 = DIRECTION('',(0.,1.,0.));
#10063 = FACE_BOUND('',#10064,.F.);
#10064 = EDGE_LOOP('',(#10065,#10075,#10083,#10091));
#10065 = ORIENTED_EDGE('',*,*,#10066,.F.);
#10066 = EDGE_CURVE('',#10067,#10069,#10071,.T.);
#10067 = VERTEX_POINT('',#10068);
#10068 = CARTESIAN_POINT('',(0.32,-2.86,0.));
#10069 = VERTEX_POINT('',#10070);
#10070 = CARTESIAN_POINT('',(0.32,-2.22,0.));
#10071 = LINE('',#10072,#10073);
#10072 = CARTESIAN_POINT('',(0.32,-5.24,0.));
#10073 = VECTOR('',#10074,1.);
#10074 = DIRECTION('',(0.,1.,0.));
#10075 = ORIENTED_EDGE('',*,*,#10076,.T.);
#10076 = EDGE_CURVE('',#10067,#10077,#10079,.T.);
#10077 = VERTEX_POINT('',#10078);
#10078 = CARTESIAN_POINT('',(-0.32,-2.86,0.));
#10079 = LINE('',#10080,#10081);
#10080 = CARTESIAN_POINT('',(-0.16,-2.86,0.));
#10081 = VECTOR('',#10082,1.);
#10082 = DIRECTION('',(-1.,0.,0.));
#10083 = ORIENTED_EDGE('',*,*,#10084,.T.);
#10084 = EDGE_CURVE('',#10077,#10085,#10087,.T.);
#10085 = VERTEX_POINT('',#10086);
#10086 = CARTESIAN_POINT('',(-0.32,-2.22,0.));
#10087 = LINE('',#10088,#10089);
#10088 = CARTESIAN_POINT('',(-0.32,-5.24,0.));
#10089 = VECTOR('',#10090,1.);
#10090 = DIRECTION('',(0.,1.,0.));
#10091 = ORIENTED_EDGE('',*,*,#10092,.F.);
#10092 = EDGE_CURVE('',#10069,#10085,#10093,.T.);
#10093 = LINE('',#10094,#10095);
#10094 = CARTESIAN_POINT('',(-0.16,-2.22,0.));
#10095 = VECTOR('',#10096,1.);
#10096 = DIRECTION('',(-1.,0.,0.));
#10097 = FACE_BOUND('',#10098,.F.);
#10098 = EDGE_LOOP('',(#10099,#10109,#10117,#10125));
#10099 = ORIENTED_EDGE('',*,*,#10100,.T.);
#10100 = EDGE_CURVE('',#10101,#10103,#10105,.T.);
#10101 = VERTEX_POINT('',#10102);
#10102 = CARTESIAN_POINT('',(0.32,-5.4,0.));
#10103 = VERTEX_POINT('',#10104);
#10104 = CARTESIAN_POINT('',(-0.32,-5.4,0.));
#10105 = LINE('',#10106,#10107);
#10106 = CARTESIAN_POINT('',(-0.16,-5.4,0.));
#10107 = VECTOR('',#10108,1.);
#10108 = DIRECTION('',(-1.,0.,0.));
#10109 = ORIENTED_EDGE('',*,*,#10110,.T.);
#10110 = EDGE_CURVE('',#10103,#10111,#10113,.T.);
#10111 = VERTEX_POINT('',#10112);
#10112 = CARTESIAN_POINT('',(-0.32,-4.76,0.));
#10113 = LINE('',#10114,#10115);
#10114 = CARTESIAN_POINT('',(-0.32,-6.51,0.));
#10115 = VECTOR('',#10116,1.);
#10116 = DIRECTION('',(0.,1.,0.));
#10117 = ORIENTED_EDGE('',*,*,#10118,.F.);
#10118 = EDGE_CURVE('',#10119,#10111,#10121,.T.);
#10119 = VERTEX_POINT('',#10120);
#10120 = CARTESIAN_POINT('',(0.32,-4.76,0.));
#10121 = LINE('',#10122,#10123);
#10122 = CARTESIAN_POINT('',(-0.16,-4.76,0.));
#10123 = VECTOR('',#10124,1.);
#10124 = DIRECTION('',(-1.,0.,0.));
#10125 = ORIENTED_EDGE('',*,*,#10126,.F.);
#10126 = EDGE_CURVE('',#10101,#10119,#10127,.T.);
#10127 = LINE('',#10128,#10129);
#10128 = CARTESIAN_POINT('',(0.32,-6.51,0.));
#10129 = VECTOR('',#10130,1.);
#10130 = DIRECTION('',(0.,1.,0.));
#10131 = FACE_BOUND('',#10132,.F.);
#10132 = EDGE_LOOP('',(#10133,#10143,#10151,#10159));
#10133 = ORIENTED_EDGE('',*,*,#10134,.F.);
#10134 = EDGE_CURVE('',#10135,#10137,#10139,.T.);
#10135 = VERTEX_POINT('',#10136);
#10136 = CARTESIAN_POINT('',(0.32,-7.94,0.));
#10137 = VERTEX_POINT('',#10138);
#10138 = CARTESIAN_POINT('',(0.32,-7.3,0.));
#10139 = LINE('',#10140,#10141);
#10140 = CARTESIAN_POINT('',(0.32,-7.78,0.));
#10141 = VECTOR('',#10142,1.);
#10142 = DIRECTION('',(0.,1.,0.));
#10143 = ORIENTED_EDGE('',*,*,#10144,.T.);
#10144 = EDGE_CURVE('',#10135,#10145,#10147,.T.);
#10145 = VERTEX_POINT('',#10146);
#10146 = CARTESIAN_POINT('',(-0.32,-7.94,0.));
#10147 = LINE('',#10148,#10149);
#10148 = CARTESIAN_POINT('',(-0.16,-7.94,0.));
#10149 = VECTOR('',#10150,1.);
#10150 = DIRECTION('',(-1.,0.,0.));
#10151 = ORIENTED_EDGE('',*,*,#10152,.T.);
#10152 = EDGE_CURVE('',#10145,#10153,#10155,.T.);
#10153 = VERTEX_POINT('',#10154);
#10154 = CARTESIAN_POINT('',(-0.32,-7.3,0.));
#10155 = LINE('',#10156,#10157);
#10156 = CARTESIAN_POINT('',(-0.32,-7.78,0.));
#10157 = VECTOR('',#10158,1.);
#10158 = DIRECTION('',(0.,1.,0.));
#10159 = ORIENTED_EDGE('',*,*,#10160,.F.);
#10160 = EDGE_CURVE('',#10137,#10153,#10161,.T.);
#10161 = LINE('',#10162,#10163);
#10162 = CARTESIAN_POINT('',(-0.16,-7.3,0.));
#10163 = VECTOR('',#10164,1.);
#10164 = DIRECTION('',(-1.,0.,0.));
#10165 = FACE_BOUND('',#10166,.F.);
#10166 = EDGE_LOOP('',(#10167,#10177,#10185,#10193));
#10167 = ORIENTED_EDGE('',*,*,#10168,.T.);
#10168 = EDGE_CURVE('',#10169,#10171,#10173,.T.);
#10169 = VERTEX_POINT('',#10170);
#10170 = CARTESIAN_POINT('',(0.32,-0.32,0.));
#10171 = VERTEX_POINT('',#10172);
#10172 = CARTESIAN_POINT('',(-0.32,-0.32,0.));
#10173 = LINE('',#10174,#10175);
#10174 = CARTESIAN_POINT('',(-0.16,-0.32,0.));
#10175 = VECTOR('',#10176,1.);
#10176 = DIRECTION('',(-1.,0.,0.));
#10177 = ORIENTED_EDGE('',*,*,#10178,.T.);
#10178 = EDGE_CURVE('',#10171,#10179,#10181,.T.);
#10179 = VERTEX_POINT('',#10180);
#10180 = CARTESIAN_POINT('',(-0.32,0.32,0.));
#10181 = LINE('',#10182,#10183);
#10182 = CARTESIAN_POINT('',(-0.32,-3.97,0.));
#10183 = VECTOR('',#10184,1.);
#10184 = DIRECTION('',(0.,1.,0.));
#10185 = ORIENTED_EDGE('',*,*,#10186,.F.);
#10186 = EDGE_CURVE('',#10187,#10179,#10189,.T.);
#10187 = VERTEX_POINT('',#10188);
#10188 = CARTESIAN_POINT('',(0.32,0.32,0.));
#10189 = LINE('',#10190,#10191);
#10190 = CARTESIAN_POINT('',(-0.16,0.32,0.));
#10191 = VECTOR('',#10192,1.);
#10192 = DIRECTION('',(-1.,0.,0.));
#10193 = ORIENTED_EDGE('',*,*,#10194,.F.);
#10194 = EDGE_CURVE('',#10169,#10187,#10195,.T.);
#10195 = LINE('',#10196,#10197);
#10196 = CARTESIAN_POINT('',(0.32,-3.97,0.));
#10197 = VECTOR('',#10198,1.);
#10198 = DIRECTION('',(0.,1.,0.));
#10199 = PLANE('',#10200);
#10200 = AXIS2_PLACEMENT_3D('',#10201,#10202,#10203);
#10201 = CARTESIAN_POINT('',(-1.56480052915E-17,-7.62,0.));
#10202 = DIRECTION('',(0.,0.,1.));
#10203 = DIRECTION('',(1.,0.,-0.));
#10204 = ADVANCED_FACE('',(#10205,#10536,#10570,#10604,#10638,#10672,
    #10706,#10740),#10774,.T.);
#10205 = FACE_BOUND('',#10206,.T.);
#10206 = EDGE_LOOP('',(#10207,#10208,#10209,#10217,#10225,#10233,#10241,
    #10249,#10257,#10265,#10273,#10281,#10289,#10297,#10305,#10313,
    #10321,#10329,#10337,#10345,#10353,#10361,#10369,#10377,#10385,
    #10393,#10401,#10409,#10417,#10425,#10433,#10441,#10449,#10457,
    #10465,#10473,#10481,#10489,#10497,#10505,#10513,#10521,#10529,
    #10535));
#10207 = ORIENTED_EDGE('',*,*,#9541,.T.);
#10208 = ORIENTED_EDGE('',*,*,#9603,.T.);
#10209 = ORIENTED_EDGE('',*,*,#10210,.T.);
#10210 = EDGE_CURVE('',#9604,#10211,#10213,.T.);
#10211 = VERTEX_POINT('',#10212);
#10212 = CARTESIAN_POINT('',(-1.016,-1.27,2.54));
#10213 = LINE('',#10214,#10215);
#10214 = CARTESIAN_POINT('',(-1.27,-1.016,2.54));
#10215 = VECTOR('',#10216,1.);
#10216 = DIRECTION('',(0.707106781187,-0.707106781187,0.));
#10217 = ORIENTED_EDGE('',*,*,#10218,.T.);
#10218 = EDGE_CURVE('',#10211,#10219,#10221,.T.);
#10219 = VERTEX_POINT('',#10220);
#10220 = CARTESIAN_POINT('',(-1.27,-1.524,2.54));
#10221 = LINE('',#10222,#10223);
#10222 = CARTESIAN_POINT('',(-1.016,-1.27,2.54));
#10223 = VECTOR('',#10224,1.);
#10224 = DIRECTION('',(-0.707106781187,-0.707106781187,0.));
#10225 = ORIENTED_EDGE('',*,*,#10226,.T.);
#10226 = EDGE_CURVE('',#10219,#10227,#10229,.T.);
#10227 = VERTEX_POINT('',#10228);
#10228 = CARTESIAN_POINT('',(-1.27,-3.556,2.54));
#10229 = LINE('',#10230,#10231);
#10230 = CARTESIAN_POINT('',(-1.27,-1.524,2.54));
#10231 = VECTOR('',#10232,1.);
#10232 = DIRECTION('',(0.,-1.,0.));
#10233 = ORIENTED_EDGE('',*,*,#10234,.T.);
#10234 = EDGE_CURVE('',#10227,#10235,#10237,.T.);
#10235 = VERTEX_POINT('',#10236);
#10236 = CARTESIAN_POINT('',(-1.016,-3.81,2.54));
#10237 = LINE('',#10238,#10239);
#10238 = CARTESIAN_POINT('',(-1.27,-3.556,2.54));
#10239 = VECTOR('',#10240,1.);
#10240 = DIRECTION('',(0.707106781187,-0.707106781187,0.));
#10241 = ORIENTED_EDGE('',*,*,#10242,.T.);
#10242 = EDGE_CURVE('',#10235,#10243,#10245,.T.);
#10243 = VERTEX_POINT('',#10244);
#10244 = CARTESIAN_POINT('',(-1.27,-4.064,2.54));
#10245 = LINE('',#10246,#10247);
#10246 = CARTESIAN_POINT('',(-1.016,-3.81,2.54));
#10247 = VECTOR('',#10248,1.);
#10248 = DIRECTION('',(-0.707106781187,-0.707106781187,0.));
#10249 = ORIENTED_EDGE('',*,*,#10250,.T.);
#10250 = EDGE_CURVE('',#10243,#10251,#10253,.T.);
#10251 = VERTEX_POINT('',#10252);
#10252 = CARTESIAN_POINT('',(-1.27,-6.096,2.54));
#10253 = LINE('',#10254,#10255);
#10254 = CARTESIAN_POINT('',(-1.27,-4.064,2.54));
#10255 = VECTOR('',#10256,1.);
#10256 = DIRECTION('',(0.,-1.,0.));
#10257 = ORIENTED_EDGE('',*,*,#10258,.T.);
#10258 = EDGE_CURVE('',#10251,#10259,#10261,.T.);
#10259 = VERTEX_POINT('',#10260);
#10260 = CARTESIAN_POINT('',(-1.016,-6.35,2.54));
#10261 = LINE('',#10262,#10263);
#10262 = CARTESIAN_POINT('',(-1.27,-6.096,2.54));
#10263 = VECTOR('',#10264,1.);
#10264 = DIRECTION('',(0.707106781187,-0.707106781187,0.));
#10265 = ORIENTED_EDGE('',*,*,#10266,.T.);
#10266 = EDGE_CURVE('',#10259,#10267,#10269,.T.);
#10267 = VERTEX_POINT('',#10268);
#10268 = CARTESIAN_POINT('',(-1.27,-6.604,2.54));
#10269 = LINE('',#10270,#10271);
#10270 = CARTESIAN_POINT('',(-1.016,-6.35,2.54));
#10271 = VECTOR('',#10272,1.);
#10272 = DIRECTION('',(-0.707106781187,-0.707106781187,0.));
#10273 = ORIENTED_EDGE('',*,*,#10274,.T.);
#10274 = EDGE_CURVE('',#10267,#10275,#10277,.T.);
#10275 = VERTEX_POINT('',#10276);
#10276 = CARTESIAN_POINT('',(-1.27,-8.636,2.54));
#10277 = LINE('',#10278,#10279);
#10278 = CARTESIAN_POINT('',(-1.27,-6.604,2.54));
#10279 = VECTOR('',#10280,1.);
#10280 = DIRECTION('',(0.,-1.,0.));
#10281 = ORIENTED_EDGE('',*,*,#10282,.T.);
#10282 = EDGE_CURVE('',#10275,#10283,#10285,.T.);
#10283 = VERTEX_POINT('',#10284);
#10284 = CARTESIAN_POINT('',(-1.016,-8.89,2.54));
#10285 = LINE('',#10286,#10287);
#10286 = CARTESIAN_POINT('',(-1.27,-8.636,2.54));
#10287 = VECTOR('',#10288,1.);
#10288 = DIRECTION('',(0.707106781187,-0.707106781187,0.));
#10289 = ORIENTED_EDGE('',*,*,#10290,.T.);
#10290 = EDGE_CURVE('',#10283,#10291,#10293,.T.);
#10291 = VERTEX_POINT('',#10292);
#10292 = CARTESIAN_POINT('',(-1.27,-9.144,2.54));
#10293 = LINE('',#10294,#10295);
#10294 = CARTESIAN_POINT('',(-1.016,-8.89,2.54));
#10295 = VECTOR('',#10296,1.);
#10296 = DIRECTION('',(-0.707106781187,-0.707106781187,0.));
#10297 = ORIENTED_EDGE('',*,*,#10298,.T.);
#10298 = EDGE_CURVE('',#10291,#10299,#10301,.T.);
#10299 = VERTEX_POINT('',#10300);
#10300 = CARTESIAN_POINT('',(-1.27,-11.176,2.54));
#10301 = LINE('',#10302,#10303);
#10302 = CARTESIAN_POINT('',(-1.27,-9.144,2.54));
#10303 = VECTOR('',#10304,1.);
#10304 = DIRECTION('',(0.,-1.,0.));
#10305 = ORIENTED_EDGE('',*,*,#10306,.T.);
#10306 = EDGE_CURVE('',#10299,#10307,#10309,.T.);
#10307 = VERTEX_POINT('',#10308);
#10308 = CARTESIAN_POINT('',(-1.016,-11.43,2.54));
#10309 = LINE('',#10310,#10311);
#10310 = CARTESIAN_POINT('',(-1.27,-11.176,2.54));
#10311 = VECTOR('',#10312,1.);
#10312 = DIRECTION('',(0.707106781187,-0.707106781187,0.));
#10313 = ORIENTED_EDGE('',*,*,#10314,.T.);
#10314 = EDGE_CURVE('',#10307,#10315,#10317,.T.);
#10315 = VERTEX_POINT('',#10316);
#10316 = CARTESIAN_POINT('',(-1.27,-11.684,2.54));
#10317 = LINE('',#10318,#10319);
#10318 = CARTESIAN_POINT('',(-1.016,-11.43,2.54));
#10319 = VECTOR('',#10320,1.);
#10320 = DIRECTION('',(-0.707106781187,-0.707106781187,0.));
#10321 = ORIENTED_EDGE('',*,*,#10322,.T.);
#10322 = EDGE_CURVE('',#10315,#10323,#10325,.T.);
#10323 = VERTEX_POINT('',#10324);
#10324 = CARTESIAN_POINT('',(-1.27,-13.716,2.54));
#10325 = LINE('',#10326,#10327);
#10326 = CARTESIAN_POINT('',(-1.27,-11.684,2.54));
#10327 = VECTOR('',#10328,1.);
#10328 = DIRECTION('',(0.,-1.,0.));
#10329 = ORIENTED_EDGE('',*,*,#10330,.T.);
#10330 = EDGE_CURVE('',#10323,#10331,#10333,.T.);
#10331 = VERTEX_POINT('',#10332);
#10332 = CARTESIAN_POINT('',(-1.016,-13.97,2.54));
#10333 = LINE('',#10334,#10335);
#10334 = CARTESIAN_POINT('',(-1.27,-13.716,2.54));
#10335 = VECTOR('',#10336,1.);
#10336 = DIRECTION('',(0.707106781187,-0.707106781187,0.));
#10337 = ORIENTED_EDGE('',*,*,#10338,.T.);
#10338 = EDGE_CURVE('',#10331,#10339,#10341,.T.);
#10339 = VERTEX_POINT('',#10340);
#10340 = CARTESIAN_POINT('',(-1.27,-14.224,2.54));
#10341 = LINE('',#10342,#10343);
#10342 = CARTESIAN_POINT('',(-1.016,-13.97,2.54));
#10343 = VECTOR('',#10344,1.);
#10344 = DIRECTION('',(-0.707106781187,-0.707106781187,0.));
#10345 = ORIENTED_EDGE('',*,*,#10346,.T.);
#10346 = EDGE_CURVE('',#10339,#10347,#10349,.T.);
#10347 = VERTEX_POINT('',#10348);
#10348 = CARTESIAN_POINT('',(-1.27,-16.256,2.54));
#10349 = LINE('',#10350,#10351);
#10350 = CARTESIAN_POINT('',(-1.27,-14.224,2.54));
#10351 = VECTOR('',#10352,1.);
#10352 = DIRECTION('',(0.,-1.,0.));
#10353 = ORIENTED_EDGE('',*,*,#10354,.T.);
#10354 = EDGE_CURVE('',#10347,#10355,#10357,.T.);
#10355 = VERTEX_POINT('',#10356);
#10356 = CARTESIAN_POINT('',(-1.016,-16.51,2.54));
#10357 = LINE('',#10358,#10359);
#10358 = CARTESIAN_POINT('',(-1.27,-16.256,2.54));
#10359 = VECTOR('',#10360,1.);
#10360 = DIRECTION('',(0.707106781187,-0.707106781187,0.));
#10361 = ORIENTED_EDGE('',*,*,#10362,.T.);
#10362 = EDGE_CURVE('',#10355,#10363,#10365,.T.);
#10363 = VERTEX_POINT('',#10364);
#10364 = CARTESIAN_POINT('',(1.016,-16.51,2.54));
#10365 = LINE('',#10366,#10367);
#10366 = CARTESIAN_POINT('',(-1.016,-16.51,2.54));
#10367 = VECTOR('',#10368,1.);
#10368 = DIRECTION('',(1.,0.,0.));
#10369 = ORIENTED_EDGE('',*,*,#10370,.T.);
#10370 = EDGE_CURVE('',#10363,#10371,#10373,.T.);
#10371 = VERTEX_POINT('',#10372);
#10372 = CARTESIAN_POINT('',(1.27,-16.256,2.54));
#10373 = LINE('',#10374,#10375);
#10374 = CARTESIAN_POINT('',(1.016,-16.51,2.54));
#10375 = VECTOR('',#10376,1.);
#10376 = DIRECTION('',(0.707106781187,0.707106781187,0.));
#10377 = ORIENTED_EDGE('',*,*,#10378,.T.);
#10378 = EDGE_CURVE('',#10371,#10379,#10381,.T.);
#10379 = VERTEX_POINT('',#10380);
#10380 = CARTESIAN_POINT('',(1.27,-14.224,2.54));
#10381 = LINE('',#10382,#10383);
#10382 = CARTESIAN_POINT('',(1.27,-16.256,2.54));
#10383 = VECTOR('',#10384,1.);
#10384 = DIRECTION('',(0.,1.,0.));
#10385 = ORIENTED_EDGE('',*,*,#10386,.T.);
#10386 = EDGE_CURVE('',#10379,#10387,#10389,.T.);
#10387 = VERTEX_POINT('',#10388);
#10388 = CARTESIAN_POINT('',(1.016,-13.97,2.54));
#10389 = LINE('',#10390,#10391);
#10390 = CARTESIAN_POINT('',(1.27,-14.224,2.54));
#10391 = VECTOR('',#10392,1.);
#10392 = DIRECTION('',(-0.707106781187,0.707106781187,0.));
#10393 = ORIENTED_EDGE('',*,*,#10394,.T.);
#10394 = EDGE_CURVE('',#10387,#10395,#10397,.T.);
#10395 = VERTEX_POINT('',#10396);
#10396 = CARTESIAN_POINT('',(1.27,-13.716,2.54));
#10397 = LINE('',#10398,#10399);
#10398 = CARTESIAN_POINT('',(1.016,-13.97,2.54));
#10399 = VECTOR('',#10400,1.);
#10400 = DIRECTION('',(0.707106781187,0.707106781187,0.));
#10401 = ORIENTED_EDGE('',*,*,#10402,.T.);
#10402 = EDGE_CURVE('',#10395,#10403,#10405,.T.);
#10403 = VERTEX_POINT('',#10404);
#10404 = CARTESIAN_POINT('',(1.27,-11.684,2.54));
#10405 = LINE('',#10406,#10407);
#10406 = CARTESIAN_POINT('',(1.27,-13.716,2.54));
#10407 = VECTOR('',#10408,1.);
#10408 = DIRECTION('',(0.,1.,0.));
#10409 = ORIENTED_EDGE('',*,*,#10410,.T.);
#10410 = EDGE_CURVE('',#10403,#10411,#10413,.T.);
#10411 = VERTEX_POINT('',#10412);
#10412 = CARTESIAN_POINT('',(1.016,-11.43,2.54));
#10413 = LINE('',#10414,#10415);
#10414 = CARTESIAN_POINT('',(1.27,-11.684,2.54));
#10415 = VECTOR('',#10416,1.);
#10416 = DIRECTION('',(-0.707106781187,0.707106781187,0.));
#10417 = ORIENTED_EDGE('',*,*,#10418,.T.);
#10418 = EDGE_CURVE('',#10411,#10419,#10421,.T.);
#10419 = VERTEX_POINT('',#10420);
#10420 = CARTESIAN_POINT('',(1.27,-11.176,2.54));
#10421 = LINE('',#10422,#10423);
#10422 = CARTESIAN_POINT('',(1.016,-11.43,2.54));
#10423 = VECTOR('',#10424,1.);
#10424 = DIRECTION('',(0.707106781187,0.707106781187,0.));
#10425 = ORIENTED_EDGE('',*,*,#10426,.T.);
#10426 = EDGE_CURVE('',#10419,#10427,#10429,.T.);
#10427 = VERTEX_POINT('',#10428);
#10428 = CARTESIAN_POINT('',(1.27,-9.144,2.54));
#10429 = LINE('',#10430,#10431);
#10430 = CARTESIAN_POINT('',(1.27,-11.176,2.54));
#10431 = VECTOR('',#10432,1.);
#10432 = DIRECTION('',(0.,1.,0.));
#10433 = ORIENTED_EDGE('',*,*,#10434,.T.);
#10434 = EDGE_CURVE('',#10427,#10435,#10437,.T.);
#10435 = VERTEX_POINT('',#10436);
#10436 = CARTESIAN_POINT('',(1.016,-8.89,2.54));
#10437 = LINE('',#10438,#10439);
#10438 = CARTESIAN_POINT('',(1.27,-9.144,2.54));
#10439 = VECTOR('',#10440,1.);
#10440 = DIRECTION('',(-0.707106781187,0.707106781187,0.));
#10441 = ORIENTED_EDGE('',*,*,#10442,.T.);
#10442 = EDGE_CURVE('',#10435,#10443,#10445,.T.);
#10443 = VERTEX_POINT('',#10444);
#10444 = CARTESIAN_POINT('',(1.27,-8.636,2.54));
#10445 = LINE('',#10446,#10447);
#10446 = CARTESIAN_POINT('',(1.016,-8.89,2.54));
#10447 = VECTOR('',#10448,1.);
#10448 = DIRECTION('',(0.707106781187,0.707106781187,0.));
#10449 = ORIENTED_EDGE('',*,*,#10450,.T.);
#10450 = EDGE_CURVE('',#10443,#10451,#10453,.T.);
#10451 = VERTEX_POINT('',#10452);
#10452 = CARTESIAN_POINT('',(1.27,-6.604,2.54));
#10453 = LINE('',#10454,#10455);
#10454 = CARTESIAN_POINT('',(1.27,-8.636,2.54));
#10455 = VECTOR('',#10456,1.);
#10456 = DIRECTION('',(0.,1.,0.));
#10457 = ORIENTED_EDGE('',*,*,#10458,.T.);
#10458 = EDGE_CURVE('',#10451,#10459,#10461,.T.);
#10459 = VERTEX_POINT('',#10460);
#10460 = CARTESIAN_POINT('',(1.016,-6.35,2.54));
#10461 = LINE('',#10462,#10463);
#10462 = CARTESIAN_POINT('',(1.27,-6.604,2.54));
#10463 = VECTOR('',#10464,1.);
#10464 = DIRECTION('',(-0.707106781187,0.707106781187,0.));
#10465 = ORIENTED_EDGE('',*,*,#10466,.T.);
#10466 = EDGE_CURVE('',#10459,#10467,#10469,.T.);
#10467 = VERTEX_POINT('',#10468);
#10468 = CARTESIAN_POINT('',(1.27,-6.096,2.54));
#10469 = LINE('',#10470,#10471);
#10470 = CARTESIAN_POINT('',(1.016,-6.35,2.54));
#10471 = VECTOR('',#10472,1.);
#10472 = DIRECTION('',(0.707106781187,0.707106781187,0.));
#10473 = ORIENTED_EDGE('',*,*,#10474,.T.);
#10474 = EDGE_CURVE('',#10467,#10475,#10477,.T.);
#10475 = VERTEX_POINT('',#10476);
#10476 = CARTESIAN_POINT('',(1.27,-4.064,2.54));
#10477 = LINE('',#10478,#10479);
#10478 = CARTESIAN_POINT('',(1.27,-6.096,2.54));
#10479 = VECTOR('',#10480,1.);
#10480 = DIRECTION('',(0.,1.,0.));
#10481 = ORIENTED_EDGE('',*,*,#10482,.T.);
#10482 = EDGE_CURVE('',#10475,#10483,#10485,.T.);
#10483 = VERTEX_POINT('',#10484);
#10484 = CARTESIAN_POINT('',(1.016,-3.81,2.54));
#10485 = LINE('',#10486,#10487);
#10486 = CARTESIAN_POINT('',(1.27,-4.064,2.54));
#10487 = VECTOR('',#10488,1.);
#10488 = DIRECTION('',(-0.707106781187,0.707106781187,0.));
#10489 = ORIENTED_EDGE('',*,*,#10490,.T.);
#10490 = EDGE_CURVE('',#10483,#10491,#10493,.T.);
#10491 = VERTEX_POINT('',#10492);
#10492 = CARTESIAN_POINT('',(1.27,-3.556,2.54));
#10493 = LINE('',#10494,#10495);
#10494 = CARTESIAN_POINT('',(1.016,-3.81,2.54));
#10495 = VECTOR('',#10496,1.);
#10496 = DIRECTION('',(0.707106781187,0.707106781187,0.));
#10497 = ORIENTED_EDGE('',*,*,#10498,.T.);
#10498 = EDGE_CURVE('',#10491,#10499,#10501,.T.);
#10499 = VERTEX_POINT('',#10500);
#10500 = CARTESIAN_POINT('',(1.27,-1.524,2.54));
#10501 = LINE('',#10502,#10503);
#10502 = CARTESIAN_POINT('',(1.27,-3.556,2.54));
#10503 = VECTOR('',#10504,1.);
#10504 = DIRECTION('',(0.,1.,0.));
#10505 = ORIENTED_EDGE('',*,*,#10506,.T.);
#10506 = EDGE_CURVE('',#10499,#10507,#10509,.T.);
#10507 = VERTEX_POINT('',#10508);
#10508 = CARTESIAN_POINT('',(1.016,-1.27,2.54));
#10509 = LINE('',#10510,#10511);
#10510 = CARTESIAN_POINT('',(1.27,-1.524,2.54));
#10511 = VECTOR('',#10512,1.);
#10512 = DIRECTION('',(-0.707106781187,0.707106781187,0.));
#10513 = ORIENTED_EDGE('',*,*,#10514,.T.);
#10514 = EDGE_CURVE('',#10507,#10515,#10517,.T.);
#10515 = VERTEX_POINT('',#10516);
#10516 = CARTESIAN_POINT('',(1.27,-1.016,2.54));
#10517 = LINE('',#10518,#10519);
#10518 = CARTESIAN_POINT('',(1.016,-1.27,2.54));
#10519 = VECTOR('',#10520,1.);
#10520 = DIRECTION('',(0.707106781187,0.707106781187,0.));
#10521 = ORIENTED_EDGE('',*,*,#10522,.T.);
#10522 = EDGE_CURVE('',#10515,#10523,#10525,.T.);
#10523 = VERTEX_POINT('',#10524);
#10524 = CARTESIAN_POINT('',(1.27,1.016,2.54));
#10525 = LINE('',#10526,#10527);
#10526 = CARTESIAN_POINT('',(1.27,-1.016,2.54));
#10527 = VECTOR('',#10528,1.);
#10528 = DIRECTION('',(0.,1.,0.));
#10529 = ORIENTED_EDGE('',*,*,#10530,.T.);
#10530 = EDGE_CURVE('',#10523,#9574,#10531,.T.);
#10531 = LINE('',#10532,#10533);
#10532 = CARTESIAN_POINT('',(1.27,1.016,2.54));
#10533 = VECTOR('',#10534,1.);
#10534 = DIRECTION('',(-0.707106781187,0.707106781187,0.));
#10535 = ORIENTED_EDGE('',*,*,#9581,.T.);
#10536 = FACE_BOUND('',#10537,.T.);
#10537 = EDGE_LOOP('',(#10538,#10548,#10556,#10564));
#10538 = ORIENTED_EDGE('',*,*,#10539,.F.);
#10539 = EDGE_CURVE('',#10540,#10542,#10544,.T.);
#10540 = VERTEX_POINT('',#10541);
#10541 = CARTESIAN_POINT('',(0.32,-12.38,2.54));
#10542 = VERTEX_POINT('',#10543);
#10543 = CARTESIAN_POINT('',(-0.32,-12.38,2.54));
#10544 = LINE('',#10545,#10546);
#10545 = CARTESIAN_POINT('',(-0.16,-12.38,2.54));
#10546 = VECTOR('',#10547,1.);
#10547 = DIRECTION('',(-1.,0.,0.));
#10548 = ORIENTED_EDGE('',*,*,#10549,.F.);
#10549 = EDGE_CURVE('',#10550,#10540,#10552,.T.);
#10550 = VERTEX_POINT('',#10551);
#10551 = CARTESIAN_POINT('',(0.32,-13.02,2.54));
#10552 = LINE('',#10553,#10554);
#10553 = CARTESIAN_POINT('',(0.32,-10.32,2.54));
#10554 = VECTOR('',#10555,1.);
#10555 = DIRECTION('',(0.,1.,0.));
#10556 = ORIENTED_EDGE('',*,*,#10557,.T.);
#10557 = EDGE_CURVE('',#10550,#10558,#10560,.T.);
#10558 = VERTEX_POINT('',#10559);
#10559 = CARTESIAN_POINT('',(-0.32,-13.02,2.54));
#10560 = LINE('',#10561,#10562);
#10561 = CARTESIAN_POINT('',(-0.16,-13.02,2.54));
#10562 = VECTOR('',#10563,1.);
#10563 = DIRECTION('',(-1.,0.,0.));
#10564 = ORIENTED_EDGE('',*,*,#10565,.T.);
#10565 = EDGE_CURVE('',#10558,#10542,#10566,.T.);
#10566 = LINE('',#10567,#10568);
#10567 = CARTESIAN_POINT('',(-0.32,-10.32,2.54));
#10568 = VECTOR('',#10569,1.);
#10569 = DIRECTION('',(0.,1.,0.));
#10570 = FACE_BOUND('',#10571,.T.);
#10571 = EDGE_LOOP('',(#10572,#10582,#10590,#10598));
#10572 = ORIENTED_EDGE('',*,*,#10573,.F.);
#10573 = EDGE_CURVE('',#10574,#10576,#10578,.T.);
#10574 = VERTEX_POINT('',#10575);
#10575 = CARTESIAN_POINT('',(0.32,-15.56,2.54));
#10576 = VERTEX_POINT('',#10577);
#10577 = CARTESIAN_POINT('',(0.32,-14.92,2.54));
#10578 = LINE('',#10579,#10580);
#10579 = CARTESIAN_POINT('',(0.32,-11.59,2.54));
#10580 = VECTOR('',#10581,1.);
#10581 = DIRECTION('',(0.,1.,0.));
#10582 = ORIENTED_EDGE('',*,*,#10583,.T.);
#10583 = EDGE_CURVE('',#10574,#10584,#10586,.T.);
#10584 = VERTEX_POINT('',#10585);
#10585 = CARTESIAN_POINT('',(-0.32,-15.56,2.54));
#10586 = LINE('',#10587,#10588);
#10587 = CARTESIAN_POINT('',(-0.16,-15.56,2.54));
#10588 = VECTOR('',#10589,1.);
#10589 = DIRECTION('',(-1.,0.,0.));
#10590 = ORIENTED_EDGE('',*,*,#10591,.T.);
#10591 = EDGE_CURVE('',#10584,#10592,#10594,.T.);
#10592 = VERTEX_POINT('',#10593);
#10593 = CARTESIAN_POINT('',(-0.32,-14.92,2.54));
#10594 = LINE('',#10595,#10596);
#10595 = CARTESIAN_POINT('',(-0.32,-11.59,2.54));
#10596 = VECTOR('',#10597,1.);
#10597 = DIRECTION('',(0.,1.,0.));
#10598 = ORIENTED_EDGE('',*,*,#10599,.F.);
#10599 = EDGE_CURVE('',#10576,#10592,#10600,.T.);
#10600 = LINE('',#10601,#10602);
#10601 = CARTESIAN_POINT('',(-0.16,-14.92,2.54));
#10602 = VECTOR('',#10603,1.);
#10603 = DIRECTION('',(-1.,0.,0.));
#10604 = FACE_BOUND('',#10605,.T.);
#10605 = EDGE_LOOP('',(#10606,#10616,#10624,#10632));
#10606 = ORIENTED_EDGE('',*,*,#10607,.F.);
#10607 = EDGE_CURVE('',#10608,#10610,#10612,.T.);
#10608 = VERTEX_POINT('',#10609);
#10609 = CARTESIAN_POINT('',(0.32,-9.84,2.54));
#10610 = VERTEX_POINT('',#10611);
#10611 = CARTESIAN_POINT('',(-0.32,-9.84,2.54));
#10612 = LINE('',#10613,#10614);
#10613 = CARTESIAN_POINT('',(-0.16,-9.84,2.54));
#10614 = VECTOR('',#10615,1.);
#10615 = DIRECTION('',(-1.,0.,0.));
#10616 = ORIENTED_EDGE('',*,*,#10617,.F.);
#10617 = EDGE_CURVE('',#10618,#10608,#10620,.T.);
#10618 = VERTEX_POINT('',#10619);
#10619 = CARTESIAN_POINT('',(0.32,-10.48,2.54));
#10620 = LINE('',#10621,#10622);
#10621 = CARTESIAN_POINT('',(0.32,-9.05,2.54));
#10622 = VECTOR('',#10623,1.);
#10623 = DIRECTION('',(0.,1.,0.));
#10624 = ORIENTED_EDGE('',*,*,#10625,.T.);
#10625 = EDGE_CURVE('',#10618,#10626,#10628,.T.);
#10626 = VERTEX_POINT('',#10627);
#10627 = CARTESIAN_POINT('',(-0.32,-10.48,2.54));
#10628 = LINE('',#10629,#10630);
#10629 = CARTESIAN_POINT('',(-0.16,-10.48,2.54));
#10630 = VECTOR('',#10631,1.);
#10631 = DIRECTION('',(-1.,0.,0.));
#10632 = ORIENTED_EDGE('',*,*,#10633,.T.);
#10633 = EDGE_CURVE('',#10626,#10610,#10634,.T.);
#10634 = LINE('',#10635,#10636);
#10635 = CARTESIAN_POINT('',(-0.32,-9.05,2.54));
#10636 = VECTOR('',#10637,1.);
#10637 = DIRECTION('',(0.,1.,0.));
#10638 = FACE_BOUND('',#10639,.T.);
#10639 = EDGE_LOOP('',(#10640,#10650,#10658,#10666));
#10640 = ORIENTED_EDGE('',*,*,#10641,.F.);
#10641 = EDGE_CURVE('',#10642,#10644,#10646,.T.);
#10642 = VERTEX_POINT('',#10643);
#10643 = CARTESIAN_POINT('',(0.32,-2.86,2.54));
#10644 = VERTEX_POINT('',#10645);
#10645 = CARTESIAN_POINT('',(0.32,-2.22,2.54));
#10646 = LINE('',#10647,#10648);
#10647 = CARTESIAN_POINT('',(0.32,-5.24,2.54));
#10648 = VECTOR('',#10649,1.);
#10649 = DIRECTION('',(0.,1.,0.));
#10650 = ORIENTED_EDGE('',*,*,#10651,.T.);
#10651 = EDGE_CURVE('',#10642,#10652,#10654,.T.);
#10652 = VERTEX_POINT('',#10653);
#10653 = CARTESIAN_POINT('',(-0.32,-2.86,2.54));
#10654 = LINE('',#10655,#10656);
#10655 = CARTESIAN_POINT('',(-0.16,-2.86,2.54));
#10656 = VECTOR('',#10657,1.);
#10657 = DIRECTION('',(-1.,0.,0.));
#10658 = ORIENTED_EDGE('',*,*,#10659,.T.);
#10659 = EDGE_CURVE('',#10652,#10660,#10662,.T.);
#10660 = VERTEX_POINT('',#10661);
#10661 = CARTESIAN_POINT('',(-0.32,-2.22,2.54));
#10662 = LINE('',#10663,#10664);
#10663 = CARTESIAN_POINT('',(-0.32,-5.24,2.54));
#10664 = VECTOR('',#10665,1.);
#10665 = DIRECTION('',(0.,1.,0.));
#10666 = ORIENTED_EDGE('',*,*,#10667,.F.);
#10667 = EDGE_CURVE('',#10644,#10660,#10668,.T.);
#10668 = LINE('',#10669,#10670);
#10669 = CARTESIAN_POINT('',(-0.16,-2.22,2.54));
#10670 = VECTOR('',#10671,1.);
#10671 = DIRECTION('',(-1.,0.,0.));
#10672 = FACE_BOUND('',#10673,.T.);
#10673 = EDGE_LOOP('',(#10674,#10684,#10692,#10700));
#10674 = ORIENTED_EDGE('',*,*,#10675,.T.);
#10675 = EDGE_CURVE('',#10676,#10678,#10680,.T.);
#10676 = VERTEX_POINT('',#10677);
#10677 = CARTESIAN_POINT('',(0.32,-5.4,2.54));
#10678 = VERTEX_POINT('',#10679);
#10679 = CARTESIAN_POINT('',(-0.32,-5.4,2.54));
#10680 = LINE('',#10681,#10682);
#10681 = CARTESIAN_POINT('',(-0.16,-5.4,2.54));
#10682 = VECTOR('',#10683,1.);
#10683 = DIRECTION('',(-1.,0.,0.));
#10684 = ORIENTED_EDGE('',*,*,#10685,.T.);
#10685 = EDGE_CURVE('',#10678,#10686,#10688,.T.);
#10686 = VERTEX_POINT('',#10687);
#10687 = CARTESIAN_POINT('',(-0.32,-4.76,2.54));
#10688 = LINE('',#10689,#10690);
#10689 = CARTESIAN_POINT('',(-0.32,-6.51,2.54));
#10690 = VECTOR('',#10691,1.);
#10691 = DIRECTION('',(0.,1.,0.));
#10692 = ORIENTED_EDGE('',*,*,#10693,.F.);
#10693 = EDGE_CURVE('',#10694,#10686,#10696,.T.);
#10694 = VERTEX_POINT('',#10695);
#10695 = CARTESIAN_POINT('',(0.32,-4.76,2.54));
#10696 = LINE('',#10697,#10698);
#10697 = CARTESIAN_POINT('',(-0.16,-4.76,2.54));
#10698 = VECTOR('',#10699,1.);
#10699 = DIRECTION('',(-1.,0.,0.));
#10700 = ORIENTED_EDGE('',*,*,#10701,.F.);
#10701 = EDGE_CURVE('',#10676,#10694,#10702,.T.);
#10702 = LINE('',#10703,#10704);
#10703 = CARTESIAN_POINT('',(0.32,-6.51,2.54));
#10704 = VECTOR('',#10705,1.);
#10705 = DIRECTION('',(0.,1.,0.));
#10706 = FACE_BOUND('',#10707,.T.);
#10707 = EDGE_LOOP('',(#10708,#10718,#10726,#10734));
#10708 = ORIENTED_EDGE('',*,*,#10709,.F.);
#10709 = EDGE_CURVE('',#10710,#10712,#10714,.T.);
#10710 = VERTEX_POINT('',#10711);
#10711 = CARTESIAN_POINT('',(0.32,-7.94,2.54));
#10712 = VERTEX_POINT('',#10713);
#10713 = CARTESIAN_POINT('',(0.32,-7.3,2.54));
#10714 = LINE('',#10715,#10716);
#10715 = CARTESIAN_POINT('',(0.32,-7.78,2.54));
#10716 = VECTOR('',#10717,1.);
#10717 = DIRECTION('',(0.,1.,0.));
#10718 = ORIENTED_EDGE('',*,*,#10719,.T.);
#10719 = EDGE_CURVE('',#10710,#10720,#10722,.T.);
#10720 = VERTEX_POINT('',#10721);
#10721 = CARTESIAN_POINT('',(-0.32,-7.94,2.54));
#10722 = LINE('',#10723,#10724);
#10723 = CARTESIAN_POINT('',(-0.16,-7.94,2.54));
#10724 = VECTOR('',#10725,1.);
#10725 = DIRECTION('',(-1.,0.,0.));
#10726 = ORIENTED_EDGE('',*,*,#10727,.T.);
#10727 = EDGE_CURVE('',#10720,#10728,#10730,.T.);
#10728 = VERTEX_POINT('',#10729);
#10729 = CARTESIAN_POINT('',(-0.32,-7.3,2.54));
#10730 = LINE('',#10731,#10732);
#10731 = CARTESIAN_POINT('',(-0.32,-7.78,2.54));
#10732 = VECTOR('',#10733,1.);
#10733 = DIRECTION('',(0.,1.,0.));
#10734 = ORIENTED_EDGE('',*,*,#10735,.F.);
#10735 = EDGE_CURVE('',#10712,#10728,#10736,.T.);
#10736 = LINE('',#10737,#10738);
#10737 = CARTESIAN_POINT('',(-0.16,-7.3,2.54));
#10738 = VECTOR('',#10739,1.);
#10739 = DIRECTION('',(-1.,0.,0.));
#10740 = FACE_BOUND('',#10741,.T.);
#10741 = EDGE_LOOP('',(#10742,#10752,#10760,#10768));
#10742 = ORIENTED_EDGE('',*,*,#10743,.T.);
#10743 = EDGE_CURVE('',#10744,#10746,#10748,.T.);
#10744 = VERTEX_POINT('',#10745);
#10745 = CARTESIAN_POINT('',(0.32,-0.32,2.54));
#10746 = VERTEX_POINT('',#10747);
#10747 = CARTESIAN_POINT('',(-0.32,-0.32,2.54));
#10748 = LINE('',#10749,#10750);
#10749 = CARTESIAN_POINT('',(-0.16,-0.32,2.54));
#10750 = VECTOR('',#10751,1.);
#10751 = DIRECTION('',(-1.,0.,0.));
#10752 = ORIENTED_EDGE('',*,*,#10753,.T.);
#10753 = EDGE_CURVE('',#10746,#10754,#10756,.T.);
#10754 = VERTEX_POINT('',#10755);
#10755 = CARTESIAN_POINT('',(-0.32,0.32,2.54));
#10756 = LINE('',#10757,#10758);
#10757 = CARTESIAN_POINT('',(-0.32,-3.97,2.54));
#10758 = VECTOR('',#10759,1.);
#10759 = DIRECTION('',(0.,1.,0.));
#10760 = ORIENTED_EDGE('',*,*,#10761,.F.);
#10761 = EDGE_CURVE('',#10762,#10754,#10764,.T.);
#10762 = VERTEX_POINT('',#10763);
#10763 = CARTESIAN_POINT('',(0.32,0.32,2.54));
#10764 = LINE('',#10765,#10766);
#10765 = CARTESIAN_POINT('',(-0.16,0.32,2.54));
#10766 = VECTOR('',#10767,1.);
#10767 = DIRECTION('',(-1.,0.,0.));
#10768 = ORIENTED_EDGE('',*,*,#10769,.F.);
#10769 = EDGE_CURVE('',#10744,#10762,#10770,.T.);
#10770 = LINE('',#10771,#10772);
#10771 = CARTESIAN_POINT('',(0.32,-3.97,2.54));
#10772 = VECTOR('',#10773,1.);
#10773 = DIRECTION('',(0.,1.,0.));
#10774 = PLANE('',#10775);
#10775 = AXIS2_PLACEMENT_3D('',#10776,#10777,#10778);
#10776 = CARTESIAN_POINT('',(-1.56480052915E-17,-7.62,2.54));
#10777 = DIRECTION('',(0.,0.,1.));
#10778 = DIRECTION('',(1.,0.,-0.));
#10779 = ADVANCED_FACE('',(#10780),#10791,.F.);
#10780 = FACE_BOUND('',#10781,.F.);
#10781 = EDGE_LOOP('',(#10782,#10788,#10789,#10790));
#10782 = ORIENTED_EDGE('',*,*,#10783,.T.);
#10783 = EDGE_CURVE('',#9948,#10523,#10784,.T.);
#10784 = LINE('',#10785,#10786);
#10785 = CARTESIAN_POINT('',(1.27,1.016,0.));
#10786 = VECTOR('',#10787,1.);
#10787 = DIRECTION('',(0.,0.,1.));
#10788 = ORIENTED_EDGE('',*,*,#10530,.T.);
#10789 = ORIENTED_EDGE('',*,*,#9571,.F.);
#10790 = ORIENTED_EDGE('',*,*,#9955,.F.);
#10791 = PLANE('',#10792);
#10792 = AXIS2_PLACEMENT_3D('',#10793,#10794,#10795);
#10793 = CARTESIAN_POINT('',(1.27,1.016,0.));
#10794 = DIRECTION('',(-0.707106781187,-0.707106781187,0.));
#10795 = DIRECTION('',(-0.707106781187,0.707106781187,0.));
#10796 = ADVANCED_FACE('',(#10797),#10808,.F.);
#10797 = FACE_BOUND('',#10798,.F.);
#10798 = EDGE_LOOP('',(#10799,#10800,#10801,#10807));
#10799 = ORIENTED_EDGE('',*,*,#9611,.T.);
#10800 = ORIENTED_EDGE('',*,*,#10210,.T.);
#10801 = ORIENTED_EDGE('',*,*,#10802,.F.);
#10802 = EDGE_CURVE('',#9636,#10211,#10803,.T.);
#10803 = LINE('',#10804,#10805);
#10804 = CARTESIAN_POINT('',(-1.016,-1.27,0.));
#10805 = VECTOR('',#10806,1.);
#10806 = DIRECTION('',(0.,0.,1.));
#10807 = ORIENTED_EDGE('',*,*,#9635,.F.);
#10808 = PLANE('',#10809);
#10809 = AXIS2_PLACEMENT_3D('',#10810,#10811,#10812);
#10810 = CARTESIAN_POINT('',(-1.27,-1.016,0.));
#10811 = DIRECTION('',(0.707106781187,0.707106781187,0.));
#10812 = DIRECTION('',(0.707106781187,-0.707106781187,0.));
#10813 = ADVANCED_FACE('',(#10814),#10825,.F.);
#10814 = FACE_BOUND('',#10815,.F.);
#10815 = EDGE_LOOP('',(#10816,#10822,#10823,#10824));
#10816 = ORIENTED_EDGE('',*,*,#10817,.T.);
#10817 = EDGE_CURVE('',#9940,#10515,#10818,.T.);
#10818 = LINE('',#10819,#10820);
#10819 = CARTESIAN_POINT('',(1.27,-1.016,0.));
#10820 = VECTOR('',#10821,1.);
#10821 = DIRECTION('',(0.,0.,1.));
#10822 = ORIENTED_EDGE('',*,*,#10522,.T.);
#10823 = ORIENTED_EDGE('',*,*,#10783,.F.);
#10824 = ORIENTED_EDGE('',*,*,#9947,.F.);
#10825 = PLANE('',#10826);
#10826 = AXIS2_PLACEMENT_3D('',#10827,#10828,#10829);
#10827 = CARTESIAN_POINT('',(1.27,-1.016,0.));
#10828 = DIRECTION('',(-1.,0.,0.));
#10829 = DIRECTION('',(0.,1.,0.));
#10830 = ADVANCED_FACE('',(#10831),#10842,.F.);
#10831 = FACE_BOUND('',#10832,.F.);
#10832 = EDGE_LOOP('',(#10833,#10834,#10835,#10841));
#10833 = ORIENTED_EDGE('',*,*,#10802,.T.);
#10834 = ORIENTED_EDGE('',*,*,#10218,.T.);
#10835 = ORIENTED_EDGE('',*,*,#10836,.F.);
#10836 = EDGE_CURVE('',#9644,#10219,#10837,.T.);
#10837 = LINE('',#10838,#10839);
#10838 = CARTESIAN_POINT('',(-1.27,-1.524,0.));
#10839 = VECTOR('',#10840,1.);
#10840 = DIRECTION('',(0.,0.,1.));
#10841 = ORIENTED_EDGE('',*,*,#9643,.F.);
#10842 = PLANE('',#10843);
#10843 = AXIS2_PLACEMENT_3D('',#10844,#10845,#10846);
#10844 = CARTESIAN_POINT('',(-1.016,-1.27,0.));
#10845 = DIRECTION('',(0.707106781187,-0.707106781187,0.));
#10846 = DIRECTION('',(-0.707106781187,-0.707106781187,0.));
#10847 = ADVANCED_FACE('',(#10848),#10859,.F.);
#10848 = FACE_BOUND('',#10849,.F.);
#10849 = EDGE_LOOP('',(#10850,#10856,#10857,#10858));
#10850 = ORIENTED_EDGE('',*,*,#10851,.T.);
#10851 = EDGE_CURVE('',#9932,#10507,#10852,.T.);
#10852 = LINE('',#10853,#10854);
#10853 = CARTESIAN_POINT('',(1.016,-1.27,0.));
#10854 = VECTOR('',#10855,1.);
#10855 = DIRECTION('',(0.,0.,1.));
#10856 = ORIENTED_EDGE('',*,*,#10514,.T.);
#10857 = ORIENTED_EDGE('',*,*,#10817,.F.);
#10858 = ORIENTED_EDGE('',*,*,#9939,.F.);
#10859 = PLANE('',#10860);
#10860 = AXIS2_PLACEMENT_3D('',#10861,#10862,#10863);
#10861 = CARTESIAN_POINT('',(1.016,-1.27,0.));
#10862 = DIRECTION('',(-0.707106781187,0.707106781187,0.));
#10863 = DIRECTION('',(0.707106781187,0.707106781187,0.));
#10864 = ADVANCED_FACE('',(#10865),#10876,.F.);
#10865 = FACE_BOUND('',#10866,.F.);
#10866 = EDGE_LOOP('',(#10867,#10868,#10869,#10875));
#10867 = ORIENTED_EDGE('',*,*,#10836,.T.);
#10868 = ORIENTED_EDGE('',*,*,#10226,.T.);
#10869 = ORIENTED_EDGE('',*,*,#10870,.F.);
#10870 = EDGE_CURVE('',#9652,#10227,#10871,.T.);
#10871 = LINE('',#10872,#10873);
#10872 = CARTESIAN_POINT('',(-1.27,-3.556,0.));
#10873 = VECTOR('',#10874,1.);
#10874 = DIRECTION('',(0.,0.,1.));
#10875 = ORIENTED_EDGE('',*,*,#9651,.F.);
#10876 = PLANE('',#10877);
#10877 = AXIS2_PLACEMENT_3D('',#10878,#10879,#10880);
#10878 = CARTESIAN_POINT('',(-1.27,-1.524,0.));
#10879 = DIRECTION('',(1.,0.,0.));
#10880 = DIRECTION('',(0.,-1.,0.));
#10881 = ADVANCED_FACE('',(#10882),#10893,.F.);
#10882 = FACE_BOUND('',#10883,.F.);
#10883 = EDGE_LOOP('',(#10884,#10890,#10891,#10892));
#10884 = ORIENTED_EDGE('',*,*,#10885,.T.);
#10885 = EDGE_CURVE('',#9924,#10499,#10886,.T.);
#10886 = LINE('',#10887,#10888);
#10887 = CARTESIAN_POINT('',(1.27,-1.524,0.));
#10888 = VECTOR('',#10889,1.);
#10889 = DIRECTION('',(0.,0.,1.));
#10890 = ORIENTED_EDGE('',*,*,#10506,.T.);
#10891 = ORIENTED_EDGE('',*,*,#10851,.F.);
#10892 = ORIENTED_EDGE('',*,*,#9931,.F.);
#10893 = PLANE('',#10894);
#10894 = AXIS2_PLACEMENT_3D('',#10895,#10896,#10897);
#10895 = CARTESIAN_POINT('',(1.27,-1.524,0.));
#10896 = DIRECTION('',(-0.707106781187,-0.707106781187,0.));
#10897 = DIRECTION('',(-0.707106781187,0.707106781187,0.));
#10898 = ADVANCED_FACE('',(#10899),#10910,.F.);
#10899 = FACE_BOUND('',#10900,.F.);
#10900 = EDGE_LOOP('',(#10901,#10902,#10903,#10909));
#10901 = ORIENTED_EDGE('',*,*,#10870,.T.);
#10902 = ORIENTED_EDGE('',*,*,#10234,.T.);
#10903 = ORIENTED_EDGE('',*,*,#10904,.F.);
#10904 = EDGE_CURVE('',#9660,#10235,#10905,.T.);
#10905 = LINE('',#10906,#10907);
#10906 = CARTESIAN_POINT('',(-1.016,-3.81,0.));
#10907 = VECTOR('',#10908,1.);
#10908 = DIRECTION('',(0.,0.,1.));
#10909 = ORIENTED_EDGE('',*,*,#9659,.F.);
#10910 = PLANE('',#10911);
#10911 = AXIS2_PLACEMENT_3D('',#10912,#10913,#10914);
#10912 = CARTESIAN_POINT('',(-1.27,-3.556,0.));
#10913 = DIRECTION('',(0.707106781187,0.707106781187,0.));
#10914 = DIRECTION('',(0.707106781187,-0.707106781187,0.));
#10915 = ADVANCED_FACE('',(#10916),#10927,.F.);
#10916 = FACE_BOUND('',#10917,.F.);
#10917 = EDGE_LOOP('',(#10918,#10924,#10925,#10926));
#10918 = ORIENTED_EDGE('',*,*,#10919,.T.);
#10919 = EDGE_CURVE('',#9916,#10491,#10920,.T.);
#10920 = LINE('',#10921,#10922);
#10921 = CARTESIAN_POINT('',(1.27,-3.556,0.));
#10922 = VECTOR('',#10923,1.);
#10923 = DIRECTION('',(0.,0.,1.));
#10924 = ORIENTED_EDGE('',*,*,#10498,.T.);
#10925 = ORIENTED_EDGE('',*,*,#10885,.F.);
#10926 = ORIENTED_EDGE('',*,*,#9923,.F.);
#10927 = PLANE('',#10928);
#10928 = AXIS2_PLACEMENT_3D('',#10929,#10930,#10931);
#10929 = CARTESIAN_POINT('',(1.27,-3.556,0.));
#10930 = DIRECTION('',(-1.,0.,0.));
#10931 = DIRECTION('',(0.,1.,0.));
#10932 = ADVANCED_FACE('',(#10933),#10944,.F.);
#10933 = FACE_BOUND('',#10934,.F.);
#10934 = EDGE_LOOP('',(#10935,#10936,#10937,#10943));
#10935 = ORIENTED_EDGE('',*,*,#10904,.T.);
#10936 = ORIENTED_EDGE('',*,*,#10242,.T.);
#10937 = ORIENTED_EDGE('',*,*,#10938,.F.);
#10938 = EDGE_CURVE('',#9668,#10243,#10939,.T.);
#10939 = LINE('',#10940,#10941);
#10940 = CARTESIAN_POINT('',(-1.27,-4.064,0.));
#10941 = VECTOR('',#10942,1.);
#10942 = DIRECTION('',(0.,0.,1.));
#10943 = ORIENTED_EDGE('',*,*,#9667,.F.);
#10944 = PLANE('',#10945);
#10945 = AXIS2_PLACEMENT_3D('',#10946,#10947,#10948);
#10946 = CARTESIAN_POINT('',(-1.016,-3.81,0.));
#10947 = DIRECTION('',(0.707106781187,-0.707106781187,0.));
#10948 = DIRECTION('',(-0.707106781187,-0.707106781187,0.));
#10949 = ADVANCED_FACE('',(#10950),#10961,.F.);
#10950 = FACE_BOUND('',#10951,.F.);
#10951 = EDGE_LOOP('',(#10952,#10958,#10959,#10960));
#10952 = ORIENTED_EDGE('',*,*,#10953,.T.);
#10953 = EDGE_CURVE('',#9908,#10483,#10954,.T.);
#10954 = LINE('',#10955,#10956);
#10955 = CARTESIAN_POINT('',(1.016,-3.81,0.));
#10956 = VECTOR('',#10957,1.);
#10957 = DIRECTION('',(0.,0.,1.));
#10958 = ORIENTED_EDGE('',*,*,#10490,.T.);
#10959 = ORIENTED_EDGE('',*,*,#10919,.F.);
#10960 = ORIENTED_EDGE('',*,*,#9915,.F.);
#10961 = PLANE('',#10962);
#10962 = AXIS2_PLACEMENT_3D('',#10963,#10964,#10965);
#10963 = CARTESIAN_POINT('',(1.016,-3.81,0.));
#10964 = DIRECTION('',(-0.707106781187,0.707106781187,0.));
#10965 = DIRECTION('',(0.707106781187,0.707106781187,0.));
#10966 = ADVANCED_FACE('',(#10967),#10978,.F.);
#10967 = FACE_BOUND('',#10968,.F.);
#10968 = EDGE_LOOP('',(#10969,#10970,#10971,#10977));
#10969 = ORIENTED_EDGE('',*,*,#10938,.T.);
#10970 = ORIENTED_EDGE('',*,*,#10250,.T.);
#10971 = ORIENTED_EDGE('',*,*,#10972,.F.);
#10972 = EDGE_CURVE('',#9676,#10251,#10973,.T.);
#10973 = LINE('',#10974,#10975);
#10974 = CARTESIAN_POINT('',(-1.27,-6.096,0.));
#10975 = VECTOR('',#10976,1.);
#10976 = DIRECTION('',(0.,0.,1.));
#10977 = ORIENTED_EDGE('',*,*,#9675,.F.);
#10978 = PLANE('',#10979);
#10979 = AXIS2_PLACEMENT_3D('',#10980,#10981,#10982);
#10980 = CARTESIAN_POINT('',(-1.27,-4.064,0.));
#10981 = DIRECTION('',(1.,0.,0.));
#10982 = DIRECTION('',(0.,-1.,0.));
#10983 = ADVANCED_FACE('',(#10984),#10995,.F.);
#10984 = FACE_BOUND('',#10985,.F.);
#10985 = EDGE_LOOP('',(#10986,#10992,#10993,#10994));
#10986 = ORIENTED_EDGE('',*,*,#10987,.T.);
#10987 = EDGE_CURVE('',#9900,#10475,#10988,.T.);
#10988 = LINE('',#10989,#10990);
#10989 = CARTESIAN_POINT('',(1.27,-4.064,0.));
#10990 = VECTOR('',#10991,1.);
#10991 = DIRECTION('',(0.,0.,1.));
#10992 = ORIENTED_EDGE('',*,*,#10482,.T.);
#10993 = ORIENTED_EDGE('',*,*,#10953,.F.);
#10994 = ORIENTED_EDGE('',*,*,#9907,.F.);
#10995 = PLANE('',#10996);
#10996 = AXIS2_PLACEMENT_3D('',#10997,#10998,#10999);
#10997 = CARTESIAN_POINT('',(1.27,-4.064,0.));
#10998 = DIRECTION('',(-0.707106781187,-0.707106781187,0.));
#10999 = DIRECTION('',(-0.707106781187,0.707106781187,0.));
#11000 = ADVANCED_FACE('',(#11001),#11012,.F.);
#11001 = FACE_BOUND('',#11002,.F.);
#11002 = EDGE_LOOP('',(#11003,#11004,#11005,#11011));
#11003 = ORIENTED_EDGE('',*,*,#10972,.T.);
#11004 = ORIENTED_EDGE('',*,*,#10258,.T.);
#11005 = ORIENTED_EDGE('',*,*,#11006,.F.);
#11006 = EDGE_CURVE('',#9684,#10259,#11007,.T.);
#11007 = LINE('',#11008,#11009);
#11008 = CARTESIAN_POINT('',(-1.016,-6.35,0.));
#11009 = VECTOR('',#11010,1.);
#11010 = DIRECTION('',(0.,0.,1.));
#11011 = ORIENTED_EDGE('',*,*,#9683,.F.);
#11012 = PLANE('',#11013);
#11013 = AXIS2_PLACEMENT_3D('',#11014,#11015,#11016);
#11014 = CARTESIAN_POINT('',(-1.27,-6.096,0.));
#11015 = DIRECTION('',(0.707106781187,0.707106781187,0.));
#11016 = DIRECTION('',(0.707106781187,-0.707106781187,0.));
#11017 = ADVANCED_FACE('',(#11018),#11029,.F.);
#11018 = FACE_BOUND('',#11019,.F.);
#11019 = EDGE_LOOP('',(#11020,#11026,#11027,#11028));
#11020 = ORIENTED_EDGE('',*,*,#11021,.T.);
#11021 = EDGE_CURVE('',#9892,#10467,#11022,.T.);
#11022 = LINE('',#11023,#11024);
#11023 = CARTESIAN_POINT('',(1.27,-6.096,0.));
#11024 = VECTOR('',#11025,1.);
#11025 = DIRECTION('',(0.,0.,1.));
#11026 = ORIENTED_EDGE('',*,*,#10474,.T.);
#11027 = ORIENTED_EDGE('',*,*,#10987,.F.);
#11028 = ORIENTED_EDGE('',*,*,#9899,.F.);
#11029 = PLANE('',#11030);
#11030 = AXIS2_PLACEMENT_3D('',#11031,#11032,#11033);
#11031 = CARTESIAN_POINT('',(1.27,-6.096,0.));
#11032 = DIRECTION('',(-1.,0.,0.));
#11033 = DIRECTION('',(0.,1.,0.));
#11034 = ADVANCED_FACE('',(#11035),#11046,.F.);
#11035 = FACE_BOUND('',#11036,.F.);
#11036 = EDGE_LOOP('',(#11037,#11038,#11039,#11045));
#11037 = ORIENTED_EDGE('',*,*,#11006,.T.);
#11038 = ORIENTED_EDGE('',*,*,#10266,.T.);
#11039 = ORIENTED_EDGE('',*,*,#11040,.F.);
#11040 = EDGE_CURVE('',#9692,#10267,#11041,.T.);
#11041 = LINE('',#11042,#11043);
#11042 = CARTESIAN_POINT('',(-1.27,-6.604,0.));
#11043 = VECTOR('',#11044,1.);
#11044 = DIRECTION('',(0.,0.,1.));
#11045 = ORIENTED_EDGE('',*,*,#9691,.F.);
#11046 = PLANE('',#11047);
#11047 = AXIS2_PLACEMENT_3D('',#11048,#11049,#11050);
#11048 = CARTESIAN_POINT('',(-1.016,-6.35,0.));
#11049 = DIRECTION('',(0.707106781187,-0.707106781187,0.));
#11050 = DIRECTION('',(-0.707106781187,-0.707106781187,0.));
#11051 = ADVANCED_FACE('',(#11052),#11063,.F.);
#11052 = FACE_BOUND('',#11053,.F.);
#11053 = EDGE_LOOP('',(#11054,#11060,#11061,#11062));
#11054 = ORIENTED_EDGE('',*,*,#11055,.T.);
#11055 = EDGE_CURVE('',#9884,#10459,#11056,.T.);
#11056 = LINE('',#11057,#11058);
#11057 = CARTESIAN_POINT('',(1.016,-6.35,0.));
#11058 = VECTOR('',#11059,1.);
#11059 = DIRECTION('',(0.,0.,1.));
#11060 = ORIENTED_EDGE('',*,*,#10466,.T.);
#11061 = ORIENTED_EDGE('',*,*,#11021,.F.);
#11062 = ORIENTED_EDGE('',*,*,#9891,.F.);
#11063 = PLANE('',#11064);
#11064 = AXIS2_PLACEMENT_3D('',#11065,#11066,#11067);
#11065 = CARTESIAN_POINT('',(1.016,-6.35,0.));
#11066 = DIRECTION('',(-0.707106781187,0.707106781187,0.));
#11067 = DIRECTION('',(0.707106781187,0.707106781187,0.));
#11068 = ADVANCED_FACE('',(#11069),#11080,.F.);
#11069 = FACE_BOUND('',#11070,.F.);
#11070 = EDGE_LOOP('',(#11071,#11072,#11073,#11079));
#11071 = ORIENTED_EDGE('',*,*,#11040,.T.);
#11072 = ORIENTED_EDGE('',*,*,#10274,.T.);
#11073 = ORIENTED_EDGE('',*,*,#11074,.F.);
#11074 = EDGE_CURVE('',#9700,#10275,#11075,.T.);
#11075 = LINE('',#11076,#11077);
#11076 = CARTESIAN_POINT('',(-1.27,-8.636,0.));
#11077 = VECTOR('',#11078,1.);
#11078 = DIRECTION('',(0.,0.,1.));
#11079 = ORIENTED_EDGE('',*,*,#9699,.F.);
#11080 = PLANE('',#11081);
#11081 = AXIS2_PLACEMENT_3D('',#11082,#11083,#11084);
#11082 = CARTESIAN_POINT('',(-1.27,-6.604,0.));
#11083 = DIRECTION('',(1.,0.,0.));
#11084 = DIRECTION('',(0.,-1.,0.));
#11085 = ADVANCED_FACE('',(#11086),#11097,.F.);
#11086 = FACE_BOUND('',#11087,.F.);
#11087 = EDGE_LOOP('',(#11088,#11094,#11095,#11096));
#11088 = ORIENTED_EDGE('',*,*,#11089,.T.);
#11089 = EDGE_CURVE('',#9876,#10451,#11090,.T.);
#11090 = LINE('',#11091,#11092);
#11091 = CARTESIAN_POINT('',(1.27,-6.604,0.));
#11092 = VECTOR('',#11093,1.);
#11093 = DIRECTION('',(0.,0.,1.));
#11094 = ORIENTED_EDGE('',*,*,#10458,.T.);
#11095 = ORIENTED_EDGE('',*,*,#11055,.F.);
#11096 = ORIENTED_EDGE('',*,*,#9883,.F.);
#11097 = PLANE('',#11098);
#11098 = AXIS2_PLACEMENT_3D('',#11099,#11100,#11101);
#11099 = CARTESIAN_POINT('',(1.27,-6.604,0.));
#11100 = DIRECTION('',(-0.707106781187,-0.707106781187,0.));
#11101 = DIRECTION('',(-0.707106781187,0.707106781187,0.));
#11102 = ADVANCED_FACE('',(#11103),#11114,.F.);
#11103 = FACE_BOUND('',#11104,.F.);
#11104 = EDGE_LOOP('',(#11105,#11106,#11107,#11113));
#11105 = ORIENTED_EDGE('',*,*,#11074,.T.);
#11106 = ORIENTED_EDGE('',*,*,#10282,.T.);
#11107 = ORIENTED_EDGE('',*,*,#11108,.F.);
#11108 = EDGE_CURVE('',#9708,#10283,#11109,.T.);
#11109 = LINE('',#11110,#11111);
#11110 = CARTESIAN_POINT('',(-1.016,-8.89,0.));
#11111 = VECTOR('',#11112,1.);
#11112 = DIRECTION('',(0.,0.,1.));
#11113 = ORIENTED_EDGE('',*,*,#9707,.F.);
#11114 = PLANE('',#11115);
#11115 = AXIS2_PLACEMENT_3D('',#11116,#11117,#11118);
#11116 = CARTESIAN_POINT('',(-1.27,-8.636,0.));
#11117 = DIRECTION('',(0.707106781187,0.707106781187,0.));
#11118 = DIRECTION('',(0.707106781187,-0.707106781187,0.));
#11119 = ADVANCED_FACE('',(#11120),#11131,.F.);
#11120 = FACE_BOUND('',#11121,.F.);
#11121 = EDGE_LOOP('',(#11122,#11128,#11129,#11130));
#11122 = ORIENTED_EDGE('',*,*,#11123,.T.);
#11123 = EDGE_CURVE('',#9868,#10443,#11124,.T.);
#11124 = LINE('',#11125,#11126);
#11125 = CARTESIAN_POINT('',(1.27,-8.636,0.));
#11126 = VECTOR('',#11127,1.);
#11127 = DIRECTION('',(0.,0.,1.));
#11128 = ORIENTED_EDGE('',*,*,#10450,.T.);
#11129 = ORIENTED_EDGE('',*,*,#11089,.F.);
#11130 = ORIENTED_EDGE('',*,*,#9875,.F.);
#11131 = PLANE('',#11132);
#11132 = AXIS2_PLACEMENT_3D('',#11133,#11134,#11135);
#11133 = CARTESIAN_POINT('',(1.27,-8.636,0.));
#11134 = DIRECTION('',(-1.,0.,0.));
#11135 = DIRECTION('',(0.,1.,0.));
#11136 = ADVANCED_FACE('',(#11137),#11148,.F.);
#11137 = FACE_BOUND('',#11138,.F.);
#11138 = EDGE_LOOP('',(#11139,#11140,#11141,#11147));
#11139 = ORIENTED_EDGE('',*,*,#11108,.T.);
#11140 = ORIENTED_EDGE('',*,*,#10290,.T.);
#11141 = ORIENTED_EDGE('',*,*,#11142,.F.);
#11142 = EDGE_CURVE('',#9716,#10291,#11143,.T.);
#11143 = LINE('',#11144,#11145);
#11144 = CARTESIAN_POINT('',(-1.27,-9.144,0.));
#11145 = VECTOR('',#11146,1.);
#11146 = DIRECTION('',(0.,0.,1.));
#11147 = ORIENTED_EDGE('',*,*,#9715,.F.);
#11148 = PLANE('',#11149);
#11149 = AXIS2_PLACEMENT_3D('',#11150,#11151,#11152);
#11150 = CARTESIAN_POINT('',(-1.016,-8.89,0.));
#11151 = DIRECTION('',(0.707106781187,-0.707106781187,0.));
#11152 = DIRECTION('',(-0.707106781187,-0.707106781187,0.));
#11153 = ADVANCED_FACE('',(#11154),#11165,.F.);
#11154 = FACE_BOUND('',#11155,.F.);
#11155 = EDGE_LOOP('',(#11156,#11162,#11163,#11164));
#11156 = ORIENTED_EDGE('',*,*,#11157,.T.);
#11157 = EDGE_CURVE('',#9860,#10435,#11158,.T.);
#11158 = LINE('',#11159,#11160);
#11159 = CARTESIAN_POINT('',(1.016,-8.89,0.));
#11160 = VECTOR('',#11161,1.);
#11161 = DIRECTION('',(0.,0.,1.));
#11162 = ORIENTED_EDGE('',*,*,#10442,.T.);
#11163 = ORIENTED_EDGE('',*,*,#11123,.F.);
#11164 = ORIENTED_EDGE('',*,*,#9867,.F.);
#11165 = PLANE('',#11166);
#11166 = AXIS2_PLACEMENT_3D('',#11167,#11168,#11169);
#11167 = CARTESIAN_POINT('',(1.016,-8.89,0.));
#11168 = DIRECTION('',(-0.707106781187,0.707106781187,0.));
#11169 = DIRECTION('',(0.707106781187,0.707106781187,0.));
#11170 = ADVANCED_FACE('',(#11171),#11182,.F.);
#11171 = FACE_BOUND('',#11172,.F.);
#11172 = EDGE_LOOP('',(#11173,#11174,#11175,#11181));
#11173 = ORIENTED_EDGE('',*,*,#11142,.T.);
#11174 = ORIENTED_EDGE('',*,*,#10298,.T.);
#11175 = ORIENTED_EDGE('',*,*,#11176,.F.);
#11176 = EDGE_CURVE('',#9724,#10299,#11177,.T.);
#11177 = LINE('',#11178,#11179);
#11178 = CARTESIAN_POINT('',(-1.27,-11.176,0.));
#11179 = VECTOR('',#11180,1.);
#11180 = DIRECTION('',(0.,0.,1.));
#11181 = ORIENTED_EDGE('',*,*,#9723,.F.);
#11182 = PLANE('',#11183);
#11183 = AXIS2_PLACEMENT_3D('',#11184,#11185,#11186);
#11184 = CARTESIAN_POINT('',(-1.27,-9.144,0.));
#11185 = DIRECTION('',(1.,0.,0.));
#11186 = DIRECTION('',(0.,-1.,0.));
#11187 = ADVANCED_FACE('',(#11188),#11199,.F.);
#11188 = FACE_BOUND('',#11189,.F.);
#11189 = EDGE_LOOP('',(#11190,#11196,#11197,#11198));
#11190 = ORIENTED_EDGE('',*,*,#11191,.T.);
#11191 = EDGE_CURVE('',#9852,#10427,#11192,.T.);
#11192 = LINE('',#11193,#11194);
#11193 = CARTESIAN_POINT('',(1.27,-9.144,0.));
#11194 = VECTOR('',#11195,1.);
#11195 = DIRECTION('',(0.,0.,1.));
#11196 = ORIENTED_EDGE('',*,*,#10434,.T.);
#11197 = ORIENTED_EDGE('',*,*,#11157,.F.);
#11198 = ORIENTED_EDGE('',*,*,#9859,.F.);
#11199 = PLANE('',#11200);
#11200 = AXIS2_PLACEMENT_3D('',#11201,#11202,#11203);
#11201 = CARTESIAN_POINT('',(1.27,-9.144,0.));
#11202 = DIRECTION('',(-0.707106781187,-0.707106781187,0.));
#11203 = DIRECTION('',(-0.707106781187,0.707106781187,0.));
#11204 = ADVANCED_FACE('',(#11205),#11216,.F.);
#11205 = FACE_BOUND('',#11206,.F.);
#11206 = EDGE_LOOP('',(#11207,#11208,#11209,#11215));
#11207 = ORIENTED_EDGE('',*,*,#11176,.T.);
#11208 = ORIENTED_EDGE('',*,*,#10306,.T.);
#11209 = ORIENTED_EDGE('',*,*,#11210,.F.);
#11210 = EDGE_CURVE('',#9732,#10307,#11211,.T.);
#11211 = LINE('',#11212,#11213);
#11212 = CARTESIAN_POINT('',(-1.016,-11.43,0.));
#11213 = VECTOR('',#11214,1.);
#11214 = DIRECTION('',(0.,0.,1.));
#11215 = ORIENTED_EDGE('',*,*,#9731,.F.);
#11216 = PLANE('',#11217);
#11217 = AXIS2_PLACEMENT_3D('',#11218,#11219,#11220);
#11218 = CARTESIAN_POINT('',(-1.27,-11.176,0.));
#11219 = DIRECTION('',(0.707106781187,0.707106781187,0.));
#11220 = DIRECTION('',(0.707106781187,-0.707106781187,0.));
#11221 = ADVANCED_FACE('',(#11222),#11233,.F.);
#11222 = FACE_BOUND('',#11223,.F.);
#11223 = EDGE_LOOP('',(#11224,#11230,#11231,#11232));
#11224 = ORIENTED_EDGE('',*,*,#11225,.T.);
#11225 = EDGE_CURVE('',#9844,#10419,#11226,.T.);
#11226 = LINE('',#11227,#11228);
#11227 = CARTESIAN_POINT('',(1.27,-11.176,0.));
#11228 = VECTOR('',#11229,1.);
#11229 = DIRECTION('',(0.,0.,1.));
#11230 = ORIENTED_EDGE('',*,*,#10426,.T.);
#11231 = ORIENTED_EDGE('',*,*,#11191,.F.);
#11232 = ORIENTED_EDGE('',*,*,#9851,.F.);
#11233 = PLANE('',#11234);
#11234 = AXIS2_PLACEMENT_3D('',#11235,#11236,#11237);
#11235 = CARTESIAN_POINT('',(1.27,-11.176,0.));
#11236 = DIRECTION('',(-1.,0.,0.));
#11237 = DIRECTION('',(0.,1.,0.));
#11238 = ADVANCED_FACE('',(#11239),#11250,.F.);
#11239 = FACE_BOUND('',#11240,.F.);
#11240 = EDGE_LOOP('',(#11241,#11242,#11243,#11249));
#11241 = ORIENTED_EDGE('',*,*,#11210,.T.);
#11242 = ORIENTED_EDGE('',*,*,#10314,.T.);
#11243 = ORIENTED_EDGE('',*,*,#11244,.F.);
#11244 = EDGE_CURVE('',#9740,#10315,#11245,.T.);
#11245 = LINE('',#11246,#11247);
#11246 = CARTESIAN_POINT('',(-1.27,-11.684,0.));
#11247 = VECTOR('',#11248,1.);
#11248 = DIRECTION('',(0.,0.,1.));
#11249 = ORIENTED_EDGE('',*,*,#9739,.F.);
#11250 = PLANE('',#11251);
#11251 = AXIS2_PLACEMENT_3D('',#11252,#11253,#11254);
#11252 = CARTESIAN_POINT('',(-1.016,-11.43,0.));
#11253 = DIRECTION('',(0.707106781187,-0.707106781187,0.));
#11254 = DIRECTION('',(-0.707106781187,-0.707106781187,0.));
#11255 = ADVANCED_FACE('',(#11256),#11267,.F.);
#11256 = FACE_BOUND('',#11257,.F.);
#11257 = EDGE_LOOP('',(#11258,#11264,#11265,#11266));
#11258 = ORIENTED_EDGE('',*,*,#11259,.T.);
#11259 = EDGE_CURVE('',#9836,#10411,#11260,.T.);
#11260 = LINE('',#11261,#11262);
#11261 = CARTESIAN_POINT('',(1.016,-11.43,0.));
#11262 = VECTOR('',#11263,1.);
#11263 = DIRECTION('',(0.,0.,1.));
#11264 = ORIENTED_EDGE('',*,*,#10418,.T.);
#11265 = ORIENTED_EDGE('',*,*,#11225,.F.);
#11266 = ORIENTED_EDGE('',*,*,#9843,.F.);
#11267 = PLANE('',#11268);
#11268 = AXIS2_PLACEMENT_3D('',#11269,#11270,#11271);
#11269 = CARTESIAN_POINT('',(1.016,-11.43,0.));
#11270 = DIRECTION('',(-0.707106781187,0.707106781187,0.));
#11271 = DIRECTION('',(0.707106781187,0.707106781187,0.));
#11272 = ADVANCED_FACE('',(#11273),#11284,.F.);
#11273 = FACE_BOUND('',#11274,.F.);
#11274 = EDGE_LOOP('',(#11275,#11276,#11277,#11283));
#11275 = ORIENTED_EDGE('',*,*,#11244,.T.);
#11276 = ORIENTED_EDGE('',*,*,#10322,.T.);
#11277 = ORIENTED_EDGE('',*,*,#11278,.F.);
#11278 = EDGE_CURVE('',#9748,#10323,#11279,.T.);
#11279 = LINE('',#11280,#11281);
#11280 = CARTESIAN_POINT('',(-1.27,-13.716,0.));
#11281 = VECTOR('',#11282,1.);
#11282 = DIRECTION('',(0.,0.,1.));
#11283 = ORIENTED_EDGE('',*,*,#9747,.F.);
#11284 = PLANE('',#11285);
#11285 = AXIS2_PLACEMENT_3D('',#11286,#11287,#11288);
#11286 = CARTESIAN_POINT('',(-1.27,-11.684,0.));
#11287 = DIRECTION('',(1.,0.,0.));
#11288 = DIRECTION('',(0.,-1.,0.));
#11289 = ADVANCED_FACE('',(#11290),#11301,.F.);
#11290 = FACE_BOUND('',#11291,.F.);
#11291 = EDGE_LOOP('',(#11292,#11298,#11299,#11300));
#11292 = ORIENTED_EDGE('',*,*,#11293,.T.);
#11293 = EDGE_CURVE('',#9828,#10403,#11294,.T.);
#11294 = LINE('',#11295,#11296);
#11295 = CARTESIAN_POINT('',(1.27,-11.684,0.));
#11296 = VECTOR('',#11297,1.);
#11297 = DIRECTION('',(0.,0.,1.));
#11298 = ORIENTED_EDGE('',*,*,#10410,.T.);
#11299 = ORIENTED_EDGE('',*,*,#11259,.F.);
#11300 = ORIENTED_EDGE('',*,*,#9835,.F.);
#11301 = PLANE('',#11302);
#11302 = AXIS2_PLACEMENT_3D('',#11303,#11304,#11305);
#11303 = CARTESIAN_POINT('',(1.27,-11.684,0.));
#11304 = DIRECTION('',(-0.707106781187,-0.707106781187,0.));
#11305 = DIRECTION('',(-0.707106781187,0.707106781187,0.));
#11306 = ADVANCED_FACE('',(#11307),#11318,.F.);
#11307 = FACE_BOUND('',#11308,.F.);
#11308 = EDGE_LOOP('',(#11309,#11310,#11311,#11317));
#11309 = ORIENTED_EDGE('',*,*,#11278,.T.);
#11310 = ORIENTED_EDGE('',*,*,#10330,.T.);
#11311 = ORIENTED_EDGE('',*,*,#11312,.F.);
#11312 = EDGE_CURVE('',#9756,#10331,#11313,.T.);
#11313 = LINE('',#11314,#11315);
#11314 = CARTESIAN_POINT('',(-1.016,-13.97,0.));
#11315 = VECTOR('',#11316,1.);
#11316 = DIRECTION('',(0.,0.,1.));
#11317 = ORIENTED_EDGE('',*,*,#9755,.F.);
#11318 = PLANE('',#11319);
#11319 = AXIS2_PLACEMENT_3D('',#11320,#11321,#11322);
#11320 = CARTESIAN_POINT('',(-1.27,-13.716,0.));
#11321 = DIRECTION('',(0.707106781187,0.707106781187,0.));
#11322 = DIRECTION('',(0.707106781187,-0.707106781187,0.));
#11323 = ADVANCED_FACE('',(#11324),#11335,.F.);
#11324 = FACE_BOUND('',#11325,.F.);
#11325 = EDGE_LOOP('',(#11326,#11332,#11333,#11334));
#11326 = ORIENTED_EDGE('',*,*,#11327,.T.);
#11327 = EDGE_CURVE('',#9820,#10395,#11328,.T.);
#11328 = LINE('',#11329,#11330);
#11329 = CARTESIAN_POINT('',(1.27,-13.716,0.));
#11330 = VECTOR('',#11331,1.);
#11331 = DIRECTION('',(0.,0.,1.));
#11332 = ORIENTED_EDGE('',*,*,#10402,.T.);
#11333 = ORIENTED_EDGE('',*,*,#11293,.F.);
#11334 = ORIENTED_EDGE('',*,*,#9827,.F.);
#11335 = PLANE('',#11336);
#11336 = AXIS2_PLACEMENT_3D('',#11337,#11338,#11339);
#11337 = CARTESIAN_POINT('',(1.27,-13.716,0.));
#11338 = DIRECTION('',(-1.,0.,0.));
#11339 = DIRECTION('',(0.,1.,0.));
#11340 = ADVANCED_FACE('',(#11341),#11352,.F.);
#11341 = FACE_BOUND('',#11342,.F.);
#11342 = EDGE_LOOP('',(#11343,#11344,#11345,#11351));
#11343 = ORIENTED_EDGE('',*,*,#11312,.T.);
#11344 = ORIENTED_EDGE('',*,*,#10338,.T.);
#11345 = ORIENTED_EDGE('',*,*,#11346,.F.);
#11346 = EDGE_CURVE('',#9764,#10339,#11347,.T.);
#11347 = LINE('',#11348,#11349);
#11348 = CARTESIAN_POINT('',(-1.27,-14.224,0.));
#11349 = VECTOR('',#11350,1.);
#11350 = DIRECTION('',(0.,0.,1.));
#11351 = ORIENTED_EDGE('',*,*,#9763,.F.);
#11352 = PLANE('',#11353);
#11353 = AXIS2_PLACEMENT_3D('',#11354,#11355,#11356);
#11354 = CARTESIAN_POINT('',(-1.016,-13.97,0.));
#11355 = DIRECTION('',(0.707106781187,-0.707106781187,0.));
#11356 = DIRECTION('',(-0.707106781187,-0.707106781187,0.));
#11357 = ADVANCED_FACE('',(#11358),#11369,.F.);
#11358 = FACE_BOUND('',#11359,.F.);
#11359 = EDGE_LOOP('',(#11360,#11366,#11367,#11368));
#11360 = ORIENTED_EDGE('',*,*,#11361,.T.);
#11361 = EDGE_CURVE('',#9812,#10387,#11362,.T.);
#11362 = LINE('',#11363,#11364);
#11363 = CARTESIAN_POINT('',(1.016,-13.97,0.));
#11364 = VECTOR('',#11365,1.);
#11365 = DIRECTION('',(0.,0.,1.));
#11366 = ORIENTED_EDGE('',*,*,#10394,.T.);
#11367 = ORIENTED_EDGE('',*,*,#11327,.F.);
#11368 = ORIENTED_EDGE('',*,*,#9819,.F.);
#11369 = PLANE('',#11370);
#11370 = AXIS2_PLACEMENT_3D('',#11371,#11372,#11373);
#11371 = CARTESIAN_POINT('',(1.016,-13.97,0.));
#11372 = DIRECTION('',(-0.707106781187,0.707106781187,0.));
#11373 = DIRECTION('',(0.707106781187,0.707106781187,0.));
#11374 = ADVANCED_FACE('',(#11375),#11386,.F.);
#11375 = FACE_BOUND('',#11376,.F.);
#11376 = EDGE_LOOP('',(#11377,#11378,#11379,#11385));
#11377 = ORIENTED_EDGE('',*,*,#11346,.T.);
#11378 = ORIENTED_EDGE('',*,*,#10346,.T.);
#11379 = ORIENTED_EDGE('',*,*,#11380,.F.);
#11380 = EDGE_CURVE('',#9772,#10347,#11381,.T.);
#11381 = LINE('',#11382,#11383);
#11382 = CARTESIAN_POINT('',(-1.27,-16.256,0.));
#11383 = VECTOR('',#11384,1.);
#11384 = DIRECTION('',(0.,0.,1.));
#11385 = ORIENTED_EDGE('',*,*,#9771,.F.);
#11386 = PLANE('',#11387);
#11387 = AXIS2_PLACEMENT_3D('',#11388,#11389,#11390);
#11388 = CARTESIAN_POINT('',(-1.27,-14.224,0.));
#11389 = DIRECTION('',(1.,0.,0.));
#11390 = DIRECTION('',(0.,-1.,0.));
#11391 = ADVANCED_FACE('',(#11392),#11403,.F.);
#11392 = FACE_BOUND('',#11393,.F.);
#11393 = EDGE_LOOP('',(#11394,#11400,#11401,#11402));
#11394 = ORIENTED_EDGE('',*,*,#11395,.T.);
#11395 = EDGE_CURVE('',#9804,#10379,#11396,.T.);
#11396 = LINE('',#11397,#11398);
#11397 = CARTESIAN_POINT('',(1.27,-14.224,0.));
#11398 = VECTOR('',#11399,1.);
#11399 = DIRECTION('',(0.,0.,1.));
#11400 = ORIENTED_EDGE('',*,*,#10386,.T.);
#11401 = ORIENTED_EDGE('',*,*,#11361,.F.);
#11402 = ORIENTED_EDGE('',*,*,#9811,.F.);
#11403 = PLANE('',#11404);
#11404 = AXIS2_PLACEMENT_3D('',#11405,#11406,#11407);
#11405 = CARTESIAN_POINT('',(1.27,-14.224,0.));
#11406 = DIRECTION('',(-0.707106781187,-0.707106781187,0.));
#11407 = DIRECTION('',(-0.707106781187,0.707106781187,0.));
#11408 = ADVANCED_FACE('',(#11409),#11420,.F.);
#11409 = FACE_BOUND('',#11410,.F.);
#11410 = EDGE_LOOP('',(#11411,#11412,#11413,#11419));
#11411 = ORIENTED_EDGE('',*,*,#11380,.T.);
#11412 = ORIENTED_EDGE('',*,*,#10354,.T.);
#11413 = ORIENTED_EDGE('',*,*,#11414,.F.);
#11414 = EDGE_CURVE('',#9780,#10355,#11415,.T.);
#11415 = LINE('',#11416,#11417);
#11416 = CARTESIAN_POINT('',(-1.016,-16.51,0.));
#11417 = VECTOR('',#11418,1.);
#11418 = DIRECTION('',(0.,0.,1.));
#11419 = ORIENTED_EDGE('',*,*,#9779,.F.);
#11420 = PLANE('',#11421);
#11421 = AXIS2_PLACEMENT_3D('',#11422,#11423,#11424);
#11422 = CARTESIAN_POINT('',(-1.27,-16.256,0.));
#11423 = DIRECTION('',(0.707106781187,0.707106781187,0.));
#11424 = DIRECTION('',(0.707106781187,-0.707106781187,0.));
#11425 = ADVANCED_FACE('',(#11426),#11437,.F.);
#11426 = FACE_BOUND('',#11427,.F.);
#11427 = EDGE_LOOP('',(#11428,#11434,#11435,#11436));
#11428 = ORIENTED_EDGE('',*,*,#11429,.T.);
#11429 = EDGE_CURVE('',#9796,#10371,#11430,.T.);
#11430 = LINE('',#11431,#11432);
#11431 = CARTESIAN_POINT('',(1.27,-16.256,0.));
#11432 = VECTOR('',#11433,1.);
#11433 = DIRECTION('',(0.,0.,1.));
#11434 = ORIENTED_EDGE('',*,*,#10378,.T.);
#11435 = ORIENTED_EDGE('',*,*,#11395,.F.);
#11436 = ORIENTED_EDGE('',*,*,#9803,.F.);
#11437 = PLANE('',#11438);
#11438 = AXIS2_PLACEMENT_3D('',#11439,#11440,#11441);
#11439 = CARTESIAN_POINT('',(1.27,-16.256,0.));
#11440 = DIRECTION('',(-1.,0.,0.));
#11441 = DIRECTION('',(0.,1.,0.));
#11442 = ADVANCED_FACE('',(#11443),#11454,.F.);
#11443 = FACE_BOUND('',#11444,.F.);
#11444 = EDGE_LOOP('',(#11445,#11446,#11447,#11453));
#11445 = ORIENTED_EDGE('',*,*,#11414,.T.);
#11446 = ORIENTED_EDGE('',*,*,#10362,.T.);
#11447 = ORIENTED_EDGE('',*,*,#11448,.F.);
#11448 = EDGE_CURVE('',#9788,#10363,#11449,.T.);
#11449 = LINE('',#11450,#11451);
#11450 = CARTESIAN_POINT('',(1.016,-16.51,0.));
#11451 = VECTOR('',#11452,1.);
#11452 = DIRECTION('',(0.,0.,1.));
#11453 = ORIENTED_EDGE('',*,*,#9787,.F.);
#11454 = PLANE('',#11455);
#11455 = AXIS2_PLACEMENT_3D('',#11456,#11457,#11458);
#11456 = CARTESIAN_POINT('',(-1.016,-16.51,0.));
#11457 = DIRECTION('',(0.,1.,0.));
#11458 = DIRECTION('',(1.,0.,0.));
#11459 = ADVANCED_FACE('',(#11460),#11466,.F.);
#11460 = FACE_BOUND('',#11461,.F.);
#11461 = EDGE_LOOP('',(#11462,#11463,#11464,#11465));
#11462 = ORIENTED_EDGE('',*,*,#11448,.T.);
#11463 = ORIENTED_EDGE('',*,*,#10370,.T.);
#11464 = ORIENTED_EDGE('',*,*,#11429,.F.);
#11465 = ORIENTED_EDGE('',*,*,#9795,.F.);
#11466 = PLANE('',#11467);
#11467 = AXIS2_PLACEMENT_3D('',#11468,#11469,#11470);
#11468 = CARTESIAN_POINT('',(1.016,-16.51,0.));
#11469 = DIRECTION('',(-0.707106781187,0.707106781187,0.));
#11470 = DIRECTION('',(0.707106781187,0.707106781187,0.));
#11471 = ADVANCED_FACE('',(#11472),#11497,.T.);
#11472 = FACE_BOUND('',#11473,.T.);
#11473 = EDGE_LOOP('',(#11474,#11482,#11490,#11496));
#11474 = ORIENTED_EDGE('',*,*,#11475,.F.);
#11475 = EDGE_CURVE('',#11476,#9965,#11478,.T.);
#11476 = VERTEX_POINT('',#11477);
#11477 = CARTESIAN_POINT('',(0.32,-12.38,-2.84));
#11478 = LINE('',#11479,#11480);
#11479 = CARTESIAN_POINT('',(0.32,-12.38,-3.));
#11480 = VECTOR('',#11481,1.);
#11481 = DIRECTION('',(0.,0.,1.));
#11482 = ORIENTED_EDGE('',*,*,#11483,.F.);
#11483 = EDGE_CURVE('',#11484,#11476,#11486,.T.);
#11484 = VERTEX_POINT('',#11485);
#11485 = CARTESIAN_POINT('',(-0.32,-12.38,-2.84));
#11486 = LINE('',#11487,#11488);
#11487 = CARTESIAN_POINT('',(-0.32,-12.38,-2.84));
#11488 = VECTOR('',#11489,1.);
#11489 = DIRECTION('',(1.,0.,0.));
#11490 = ORIENTED_EDGE('',*,*,#11491,.T.);
#11491 = EDGE_CURVE('',#11484,#9967,#11492,.T.);
#11492 = LINE('',#11493,#11494);
#11493 = CARTESIAN_POINT('',(-0.32,-12.38,-3.));
#11494 = VECTOR('',#11495,1.);
#11495 = DIRECTION('',(0.,0.,1.));
#11496 = ORIENTED_EDGE('',*,*,#9964,.F.);
#11497 = PLANE('',#11498);
#11498 = AXIS2_PLACEMENT_3D('',#11499,#11500,#11501);
#11499 = CARTESIAN_POINT('',(-0.32,-12.38,-3.));
#11500 = DIRECTION('',(0.,1.,0.));
#11501 = DIRECTION('',(0.,-0.,1.));
#11502 = ADVANCED_FACE('',(#11503),#11521,.F.);
#11503 = FACE_BOUND('',#11504,.F.);
#11504 = EDGE_LOOP('',(#11505,#11513,#11519,#11520));
#11505 = ORIENTED_EDGE('',*,*,#11506,.F.);
#11506 = EDGE_CURVE('',#11507,#9983,#11509,.T.);
#11507 = VERTEX_POINT('',#11508);
#11508 = CARTESIAN_POINT('',(-0.32,-13.02,-2.84));
#11509 = LINE('',#11510,#11511);
#11510 = CARTESIAN_POINT('',(-0.32,-13.02,-3.));
#11511 = VECTOR('',#11512,1.);
#11512 = DIRECTION('',(0.,0.,1.));
#11513 = ORIENTED_EDGE('',*,*,#11514,.T.);
#11514 = EDGE_CURVE('',#11507,#11484,#11515,.T.);
#11515 = LINE('',#11516,#11517);
#11516 = CARTESIAN_POINT('',(-0.32,-13.02,-2.84));
#11517 = VECTOR('',#11518,1.);
#11518 = DIRECTION('',(0.,1.,0.));
#11519 = ORIENTED_EDGE('',*,*,#11491,.T.);
#11520 = ORIENTED_EDGE('',*,*,#9990,.F.);
#11521 = PLANE('',#11522);
#11522 = AXIS2_PLACEMENT_3D('',#11523,#11524,#11525);
#11523 = CARTESIAN_POINT('',(-0.32,-13.02,-3.));
#11524 = DIRECTION('',(1.,0.,0.));
#11525 = DIRECTION('',(0.,0.,1.));
#11526 = ADVANCED_FACE('',(#11527),#11545,.F.);
#11527 = FACE_BOUND('',#11528,.F.);
#11528 = EDGE_LOOP('',(#11529,#11537,#11543,#11544));
#11529 = ORIENTED_EDGE('',*,*,#11530,.F.);
#11530 = EDGE_CURVE('',#11531,#9975,#11533,.T.);
#11531 = VERTEX_POINT('',#11532);
#11532 = CARTESIAN_POINT('',(0.32,-13.02,-2.84));
#11533 = LINE('',#11534,#11535);
#11534 = CARTESIAN_POINT('',(0.32,-13.02,-3.));
#11535 = VECTOR('',#11536,1.);
#11536 = DIRECTION('',(0.,0.,1.));
#11537 = ORIENTED_EDGE('',*,*,#11538,.F.);
#11538 = EDGE_CURVE('',#11507,#11531,#11539,.T.);
#11539 = LINE('',#11540,#11541);
#11540 = CARTESIAN_POINT('',(-0.32,-13.02,-2.84));
#11541 = VECTOR('',#11542,1.);
#11542 = DIRECTION('',(1.,0.,0.));
#11543 = ORIENTED_EDGE('',*,*,#11506,.T.);
#11544 = ORIENTED_EDGE('',*,*,#9982,.F.);
#11545 = PLANE('',#11546);
#11546 = AXIS2_PLACEMENT_3D('',#11547,#11548,#11549);
#11547 = CARTESIAN_POINT('',(-0.32,-13.02,-3.));
#11548 = DIRECTION('',(0.,1.,0.));
#11549 = DIRECTION('',(0.,-0.,1.));
#11550 = ADVANCED_FACE('',(#11551),#11562,.T.);
#11551 = FACE_BOUND('',#11552,.T.);
#11552 = EDGE_LOOP('',(#11553,#11554,#11560,#11561));
#11553 = ORIENTED_EDGE('',*,*,#11530,.F.);
#11554 = ORIENTED_EDGE('',*,*,#11555,.T.);
#11555 = EDGE_CURVE('',#11531,#11476,#11556,.T.);
#11556 = LINE('',#11557,#11558);
#11557 = CARTESIAN_POINT('',(0.32,-13.02,-2.84));
#11558 = VECTOR('',#11559,1.);
#11559 = DIRECTION('',(0.,1.,0.));
#11560 = ORIENTED_EDGE('',*,*,#11475,.T.);
#11561 = ORIENTED_EDGE('',*,*,#9974,.F.);
#11562 = PLANE('',#11563);
#11563 = AXIS2_PLACEMENT_3D('',#11564,#11565,#11566);
#11564 = CARTESIAN_POINT('',(0.32,-13.02,-3.));
#11565 = DIRECTION('',(1.,0.,0.));
#11566 = DIRECTION('',(0.,0.,1.));
#11567 = ADVANCED_FACE('',(#11568),#11593,.T.);
#11568 = FACE_BOUND('',#11569,.T.);
#11569 = EDGE_LOOP('',(#11570,#11578,#11586,#11592));
#11570 = ORIENTED_EDGE('',*,*,#11571,.F.);
#11571 = EDGE_CURVE('',#11572,#9999,#11574,.T.);
#11572 = VERTEX_POINT('',#11573);
#11573 = CARTESIAN_POINT('',(0.32,-15.56,-2.84));
#11574 = LINE('',#11575,#11576);
#11575 = CARTESIAN_POINT('',(0.32,-15.56,-3.));
#11576 = VECTOR('',#11577,1.);
#11577 = DIRECTION('',(0.,0.,1.));
#11578 = ORIENTED_EDGE('',*,*,#11579,.T.);
#11579 = EDGE_CURVE('',#11572,#11580,#11582,.T.);
#11580 = VERTEX_POINT('',#11581);
#11581 = CARTESIAN_POINT('',(0.32,-14.92,-2.84));
#11582 = LINE('',#11583,#11584);
#11583 = CARTESIAN_POINT('',(0.32,-15.56,-2.84));
#11584 = VECTOR('',#11585,1.);
#11585 = DIRECTION('',(0.,1.,0.));
#11586 = ORIENTED_EDGE('',*,*,#11587,.T.);
#11587 = EDGE_CURVE('',#11580,#10001,#11588,.T.);
#11588 = LINE('',#11589,#11590);
#11589 = CARTESIAN_POINT('',(0.32,-14.92,-3.));
#11590 = VECTOR('',#11591,1.);
#11591 = DIRECTION('',(0.,0.,1.));
#11592 = ORIENTED_EDGE('',*,*,#9998,.F.);
#11593 = PLANE('',#11594);
#11594 = AXIS2_PLACEMENT_3D('',#11595,#11596,#11597);
#11595 = CARTESIAN_POINT('',(0.32,-15.56,-3.));
#11596 = DIRECTION('',(1.,0.,0.));
#11597 = DIRECTION('',(0.,0.,1.));
#11598 = ADVANCED_FACE('',(#11599),#11617,.T.);
#11599 = FACE_BOUND('',#11600,.T.);
#11600 = EDGE_LOOP('',(#11601,#11602,#11610,#11616));
#11601 = ORIENTED_EDGE('',*,*,#11587,.F.);
#11602 = ORIENTED_EDGE('',*,*,#11603,.F.);
#11603 = EDGE_CURVE('',#11604,#11580,#11606,.T.);
#11604 = VERTEX_POINT('',#11605);
#11605 = CARTESIAN_POINT('',(-0.32,-14.92,-2.84));
#11606 = LINE('',#11607,#11608);
#11607 = CARTESIAN_POINT('',(-0.32,-14.92,-2.84));
#11608 = VECTOR('',#11609,1.);
#11609 = DIRECTION('',(1.,0.,0.));
#11610 = ORIENTED_EDGE('',*,*,#11611,.T.);
#11611 = EDGE_CURVE('',#11604,#10017,#11612,.T.);
#11612 = LINE('',#11613,#11614);
#11613 = CARTESIAN_POINT('',(-0.32,-14.92,-3.));
#11614 = VECTOR('',#11615,1.);
#11615 = DIRECTION('',(0.,0.,1.));
#11616 = ORIENTED_EDGE('',*,*,#10024,.F.);
#11617 = PLANE('',#11618);
#11618 = AXIS2_PLACEMENT_3D('',#11619,#11620,#11621);
#11619 = CARTESIAN_POINT('',(-0.32,-14.92,-3.));
#11620 = DIRECTION('',(0.,1.,0.));
#11621 = DIRECTION('',(0.,-0.,1.));
#11622 = ADVANCED_FACE('',(#11623),#11641,.F.);
#11623 = FACE_BOUND('',#11624,.F.);
#11624 = EDGE_LOOP('',(#11625,#11633,#11639,#11640));
#11625 = ORIENTED_EDGE('',*,*,#11626,.F.);
#11626 = EDGE_CURVE('',#11627,#10009,#11629,.T.);
#11627 = VERTEX_POINT('',#11628);
#11628 = CARTESIAN_POINT('',(-0.32,-15.56,-2.84));
#11629 = LINE('',#11630,#11631);
#11630 = CARTESIAN_POINT('',(-0.32,-15.56,-3.));
#11631 = VECTOR('',#11632,1.);
#11632 = DIRECTION('',(0.,0.,1.));
#11633 = ORIENTED_EDGE('',*,*,#11634,.T.);
#11634 = EDGE_CURVE('',#11627,#11604,#11635,.T.);
#11635 = LINE('',#11636,#11637);
#11636 = CARTESIAN_POINT('',(-0.32,-15.56,-2.84));
#11637 = VECTOR('',#11638,1.);
#11638 = DIRECTION('',(0.,1.,0.));
#11639 = ORIENTED_EDGE('',*,*,#11611,.T.);
#11640 = ORIENTED_EDGE('',*,*,#10016,.F.);
#11641 = PLANE('',#11642);
#11642 = AXIS2_PLACEMENT_3D('',#11643,#11644,#11645);
#11643 = CARTESIAN_POINT('',(-0.32,-15.56,-3.));
#11644 = DIRECTION('',(1.,0.,0.));
#11645 = DIRECTION('',(0.,0.,1.));
#11646 = ADVANCED_FACE('',(#11647),#11658,.F.);
#11647 = FACE_BOUND('',#11648,.F.);
#11648 = EDGE_LOOP('',(#11649,#11650,#11656,#11657));
#11649 = ORIENTED_EDGE('',*,*,#11571,.F.);
#11650 = ORIENTED_EDGE('',*,*,#11651,.F.);
#11651 = EDGE_CURVE('',#11627,#11572,#11652,.T.);
#11652 = LINE('',#11653,#11654);
#11653 = CARTESIAN_POINT('',(-0.32,-15.56,-2.84));
#11654 = VECTOR('',#11655,1.);
#11655 = DIRECTION('',(1.,0.,0.));
#11656 = ORIENTED_EDGE('',*,*,#11626,.T.);
#11657 = ORIENTED_EDGE('',*,*,#10008,.F.);
#11658 = PLANE('',#11659);
#11659 = AXIS2_PLACEMENT_3D('',#11660,#11661,#11662);
#11660 = CARTESIAN_POINT('',(-0.32,-15.56,-3.));
#11661 = DIRECTION('',(0.,1.,0.));
#11662 = DIRECTION('',(0.,-0.,1.));
#11663 = ADVANCED_FACE('',(#11664),#11689,.T.);
#11664 = FACE_BOUND('',#11665,.T.);
#11665 = EDGE_LOOP('',(#11666,#11674,#11682,#11688));
#11666 = ORIENTED_EDGE('',*,*,#11667,.F.);
#11667 = EDGE_CURVE('',#11668,#10033,#11670,.T.);
#11668 = VERTEX_POINT('',#11669);
#11669 = CARTESIAN_POINT('',(0.32,-9.84,-2.84));
#11670 = LINE('',#11671,#11672);
#11671 = CARTESIAN_POINT('',(0.32,-9.84,-3.));
#11672 = VECTOR('',#11673,1.);
#11673 = DIRECTION('',(0.,0.,1.));
#11674 = ORIENTED_EDGE('',*,*,#11675,.F.);
#11675 = EDGE_CURVE('',#11676,#11668,#11678,.T.);
#11676 = VERTEX_POINT('',#11677);
#11677 = CARTESIAN_POINT('',(-0.32,-9.84,-2.84));
#11678 = LINE('',#11679,#11680);
#11679 = CARTESIAN_POINT('',(-0.32,-9.84,-2.84));
#11680 = VECTOR('',#11681,1.);
#11681 = DIRECTION('',(1.,0.,0.));
#11682 = ORIENTED_EDGE('',*,*,#11683,.T.);
#11683 = EDGE_CURVE('',#11676,#10035,#11684,.T.);
#11684 = LINE('',#11685,#11686);
#11685 = CARTESIAN_POINT('',(-0.32,-9.84,-3.));
#11686 = VECTOR('',#11687,1.);
#11687 = DIRECTION('',(0.,0.,1.));
#11688 = ORIENTED_EDGE('',*,*,#10032,.F.);
#11689 = PLANE('',#11690);
#11690 = AXIS2_PLACEMENT_3D('',#11691,#11692,#11693);
#11691 = CARTESIAN_POINT('',(-0.32,-9.84,-3.));
#11692 = DIRECTION('',(0.,1.,0.));
#11693 = DIRECTION('',(0.,-0.,1.));
#11694 = ADVANCED_FACE('',(#11695),#11713,.F.);
#11695 = FACE_BOUND('',#11696,.F.);
#11696 = EDGE_LOOP('',(#11697,#11705,#11711,#11712));
#11697 = ORIENTED_EDGE('',*,*,#11698,.F.);
#11698 = EDGE_CURVE('',#11699,#10051,#11701,.T.);
#11699 = VERTEX_POINT('',#11700);
#11700 = CARTESIAN_POINT('',(-0.32,-10.48,-2.84));
#11701 = LINE('',#11702,#11703);
#11702 = CARTESIAN_POINT('',(-0.32,-10.48,-3.));
#11703 = VECTOR('',#11704,1.);
#11704 = DIRECTION('',(0.,0.,1.));
#11705 = ORIENTED_EDGE('',*,*,#11706,.T.);
#11706 = EDGE_CURVE('',#11699,#11676,#11707,.T.);
#11707 = LINE('',#11708,#11709);
#11708 = CARTESIAN_POINT('',(-0.32,-10.48,-2.84));
#11709 = VECTOR('',#11710,1.);
#11710 = DIRECTION('',(0.,1.,0.));
#11711 = ORIENTED_EDGE('',*,*,#11683,.T.);
#11712 = ORIENTED_EDGE('',*,*,#10058,.F.);
#11713 = PLANE('',#11714);
#11714 = AXIS2_PLACEMENT_3D('',#11715,#11716,#11717);
#11715 = CARTESIAN_POINT('',(-0.32,-10.48,-3.));
#11716 = DIRECTION('',(1.,0.,0.));
#11717 = DIRECTION('',(0.,0.,1.));
#11718 = ADVANCED_FACE('',(#11719),#11737,.F.);
#11719 = FACE_BOUND('',#11720,.F.);
#11720 = EDGE_LOOP('',(#11721,#11729,#11735,#11736));
#11721 = ORIENTED_EDGE('',*,*,#11722,.F.);
#11722 = EDGE_CURVE('',#11723,#10043,#11725,.T.);
#11723 = VERTEX_POINT('',#11724);
#11724 = CARTESIAN_POINT('',(0.32,-10.48,-2.84));
#11725 = LINE('',#11726,#11727);
#11726 = CARTESIAN_POINT('',(0.32,-10.48,-3.));
#11727 = VECTOR('',#11728,1.);
#11728 = DIRECTION('',(0.,0.,1.));
#11729 = ORIENTED_EDGE('',*,*,#11730,.F.);
#11730 = EDGE_CURVE('',#11699,#11723,#11731,.T.);
#11731 = LINE('',#11732,#11733);
#11732 = CARTESIAN_POINT('',(-0.32,-10.48,-2.84));
#11733 = VECTOR('',#11734,1.);
#11734 = DIRECTION('',(1.,0.,0.));
#11735 = ORIENTED_EDGE('',*,*,#11698,.T.);
#11736 = ORIENTED_EDGE('',*,*,#10050,.F.);
#11737 = PLANE('',#11738);
#11738 = AXIS2_PLACEMENT_3D('',#11739,#11740,#11741);
#11739 = CARTESIAN_POINT('',(-0.32,-10.48,-3.));
#11740 = DIRECTION('',(0.,1.,0.));
#11741 = DIRECTION('',(0.,-0.,1.));
#11742 = ADVANCED_FACE('',(#11743),#11754,.T.);
#11743 = FACE_BOUND('',#11744,.T.);
#11744 = EDGE_LOOP('',(#11745,#11746,#11752,#11753));
#11745 = ORIENTED_EDGE('',*,*,#11722,.F.);
#11746 = ORIENTED_EDGE('',*,*,#11747,.T.);
#11747 = EDGE_CURVE('',#11723,#11668,#11748,.T.);
#11748 = LINE('',#11749,#11750);
#11749 = CARTESIAN_POINT('',(0.32,-10.48,-2.84));
#11750 = VECTOR('',#11751,1.);
#11751 = DIRECTION('',(0.,1.,0.));
#11752 = ORIENTED_EDGE('',*,*,#11667,.T.);
#11753 = ORIENTED_EDGE('',*,*,#10042,.F.);
#11754 = PLANE('',#11755);
#11755 = AXIS2_PLACEMENT_3D('',#11756,#11757,#11758);
#11756 = CARTESIAN_POINT('',(0.32,-10.48,-3.));
#11757 = DIRECTION('',(1.,0.,0.));
#11758 = DIRECTION('',(0.,0.,1.));
#11759 = ADVANCED_FACE('',(#11760),#11785,.T.);
#11760 = FACE_BOUND('',#11761,.T.);
#11761 = EDGE_LOOP('',(#11762,#11770,#11778,#11784));
#11762 = ORIENTED_EDGE('',*,*,#11763,.F.);
#11763 = EDGE_CURVE('',#11764,#10067,#11766,.T.);
#11764 = VERTEX_POINT('',#11765);
#11765 = CARTESIAN_POINT('',(0.32,-2.86,-2.84));
#11766 = LINE('',#11767,#11768);
#11767 = CARTESIAN_POINT('',(0.32,-2.86,-3.));
#11768 = VECTOR('',#11769,1.);
#11769 = DIRECTION('',(0.,0.,1.));
#11770 = ORIENTED_EDGE('',*,*,#11771,.T.);
#11771 = EDGE_CURVE('',#11764,#11772,#11774,.T.);
#11772 = VERTEX_POINT('',#11773);
#11773 = CARTESIAN_POINT('',(0.32,-2.22,-2.84));
#11774 = LINE('',#11775,#11776);
#11775 = CARTESIAN_POINT('',(0.32,-2.86,-2.84));
#11776 = VECTOR('',#11777,1.);
#11777 = DIRECTION('',(0.,1.,0.));
#11778 = ORIENTED_EDGE('',*,*,#11779,.T.);
#11779 = EDGE_CURVE('',#11772,#10069,#11780,.T.);
#11780 = LINE('',#11781,#11782);
#11781 = CARTESIAN_POINT('',(0.32,-2.22,-3.));
#11782 = VECTOR('',#11783,1.);
#11783 = DIRECTION('',(0.,0.,1.));
#11784 = ORIENTED_EDGE('',*,*,#10066,.F.);
#11785 = PLANE('',#11786);
#11786 = AXIS2_PLACEMENT_3D('',#11787,#11788,#11789);
#11787 = CARTESIAN_POINT('',(0.32,-2.86,-3.));
#11788 = DIRECTION('',(1.,0.,0.));
#11789 = DIRECTION('',(0.,0.,1.));
#11790 = ADVANCED_FACE('',(#11791),#11809,.T.);
#11791 = FACE_BOUND('',#11792,.T.);
#11792 = EDGE_LOOP('',(#11793,#11794,#11802,#11808));
#11793 = ORIENTED_EDGE('',*,*,#11779,.F.);
#11794 = ORIENTED_EDGE('',*,*,#11795,.F.);
#11795 = EDGE_CURVE('',#11796,#11772,#11798,.T.);
#11796 = VERTEX_POINT('',#11797);
#11797 = CARTESIAN_POINT('',(-0.32,-2.22,-2.84));
#11798 = LINE('',#11799,#11800);
#11799 = CARTESIAN_POINT('',(-0.32,-2.22,-2.84));
#11800 = VECTOR('',#11801,1.);
#11801 = DIRECTION('',(1.,0.,0.));
#11802 = ORIENTED_EDGE('',*,*,#11803,.T.);
#11803 = EDGE_CURVE('',#11796,#10085,#11804,.T.);
#11804 = LINE('',#11805,#11806);
#11805 = CARTESIAN_POINT('',(-0.32,-2.22,-3.));
#11806 = VECTOR('',#11807,1.);
#11807 = DIRECTION('',(0.,0.,1.));
#11808 = ORIENTED_EDGE('',*,*,#10092,.F.);
#11809 = PLANE('',#11810);
#11810 = AXIS2_PLACEMENT_3D('',#11811,#11812,#11813);
#11811 = CARTESIAN_POINT('',(-0.32,-2.22,-3.));
#11812 = DIRECTION('',(0.,1.,0.));
#11813 = DIRECTION('',(0.,-0.,1.));
#11814 = ADVANCED_FACE('',(#11815),#11833,.F.);
#11815 = FACE_BOUND('',#11816,.F.);
#11816 = EDGE_LOOP('',(#11817,#11825,#11831,#11832));
#11817 = ORIENTED_EDGE('',*,*,#11818,.F.);
#11818 = EDGE_CURVE('',#11819,#10077,#11821,.T.);
#11819 = VERTEX_POINT('',#11820);
#11820 = CARTESIAN_POINT('',(-0.32,-2.86,-2.84));
#11821 = LINE('',#11822,#11823);
#11822 = CARTESIAN_POINT('',(-0.32,-2.86,-3.));
#11823 = VECTOR('',#11824,1.);
#11824 = DIRECTION('',(0.,0.,1.));
#11825 = ORIENTED_EDGE('',*,*,#11826,.T.);
#11826 = EDGE_CURVE('',#11819,#11796,#11827,.T.);
#11827 = LINE('',#11828,#11829);
#11828 = CARTESIAN_POINT('',(-0.32,-2.86,-2.84));
#11829 = VECTOR('',#11830,1.);
#11830 = DIRECTION('',(0.,1.,0.));
#11831 = ORIENTED_EDGE('',*,*,#11803,.T.);
#11832 = ORIENTED_EDGE('',*,*,#10084,.F.);
#11833 = PLANE('',#11834);
#11834 = AXIS2_PLACEMENT_3D('',#11835,#11836,#11837);
#11835 = CARTESIAN_POINT('',(-0.32,-2.86,-3.));
#11836 = DIRECTION('',(1.,0.,0.));
#11837 = DIRECTION('',(0.,0.,1.));
#11838 = ADVANCED_FACE('',(#11839),#11850,.F.);
#11839 = FACE_BOUND('',#11840,.F.);
#11840 = EDGE_LOOP('',(#11841,#11842,#11848,#11849));
#11841 = ORIENTED_EDGE('',*,*,#11763,.F.);
#11842 = ORIENTED_EDGE('',*,*,#11843,.F.);
#11843 = EDGE_CURVE('',#11819,#11764,#11844,.T.);
#11844 = LINE('',#11845,#11846);
#11845 = CARTESIAN_POINT('',(-0.32,-2.86,-2.84));
#11846 = VECTOR('',#11847,1.);
#11847 = DIRECTION('',(1.,0.,0.));
#11848 = ORIENTED_EDGE('',*,*,#11818,.T.);
#11849 = ORIENTED_EDGE('',*,*,#10076,.F.);
#11850 = PLANE('',#11851);
#11851 = AXIS2_PLACEMENT_3D('',#11852,#11853,#11854);
#11852 = CARTESIAN_POINT('',(-0.32,-2.86,-3.));
#11853 = DIRECTION('',(0.,1.,0.));
#11854 = DIRECTION('',(0.,-0.,1.));
#11855 = ADVANCED_FACE('',(#11856),#11881,.F.);
#11856 = FACE_BOUND('',#11857,.F.);
#11857 = EDGE_LOOP('',(#11858,#11866,#11874,#11880));
#11858 = ORIENTED_EDGE('',*,*,#11859,.F.);
#11859 = EDGE_CURVE('',#11860,#10101,#11862,.T.);
#11860 = VERTEX_POINT('',#11861);
#11861 = CARTESIAN_POINT('',(0.32,-5.4,-2.84));
#11862 = LINE('',#11863,#11864);
#11863 = CARTESIAN_POINT('',(0.32,-5.4,-3.));
#11864 = VECTOR('',#11865,1.);
#11865 = DIRECTION('',(0.,0.,1.));
#11866 = ORIENTED_EDGE('',*,*,#11867,.F.);
#11867 = EDGE_CURVE('',#11868,#11860,#11870,.T.);
#11868 = VERTEX_POINT('',#11869);
#11869 = CARTESIAN_POINT('',(-0.32,-5.4,-2.84));
#11870 = LINE('',#11871,#11872);
#11871 = CARTESIAN_POINT('',(-0.32,-5.4,-2.84));
#11872 = VECTOR('',#11873,1.);
#11873 = DIRECTION('',(1.,0.,0.));
#11874 = ORIENTED_EDGE('',*,*,#11875,.T.);
#11875 = EDGE_CURVE('',#11868,#10103,#11876,.T.);
#11876 = LINE('',#11877,#11878);
#11877 = CARTESIAN_POINT('',(-0.32,-5.4,-3.));
#11878 = VECTOR('',#11879,1.);
#11879 = DIRECTION('',(0.,0.,1.));
#11880 = ORIENTED_EDGE('',*,*,#10100,.F.);
#11881 = PLANE('',#11882);
#11882 = AXIS2_PLACEMENT_3D('',#11883,#11884,#11885);
#11883 = CARTESIAN_POINT('',(-0.32,-5.4,-3.));
#11884 = DIRECTION('',(0.,1.,0.));
#11885 = DIRECTION('',(0.,-0.,1.));
#11886 = ADVANCED_FACE('',(#11887),#11905,.T.);
#11887 = FACE_BOUND('',#11888,.T.);
#11888 = EDGE_LOOP('',(#11889,#11890,#11898,#11904));
#11889 = ORIENTED_EDGE('',*,*,#11859,.F.);
#11890 = ORIENTED_EDGE('',*,*,#11891,.T.);
#11891 = EDGE_CURVE('',#11860,#11892,#11894,.T.);
#11892 = VERTEX_POINT('',#11893);
#11893 = CARTESIAN_POINT('',(0.32,-4.76,-2.84));
#11894 = LINE('',#11895,#11896);
#11895 = CARTESIAN_POINT('',(0.32,-5.4,-2.84));
#11896 = VECTOR('',#11897,1.);
#11897 = DIRECTION('',(0.,1.,0.));
#11898 = ORIENTED_EDGE('',*,*,#11899,.T.);
#11899 = EDGE_CURVE('',#11892,#10119,#11900,.T.);
#11900 = LINE('',#11901,#11902);
#11901 = CARTESIAN_POINT('',(0.32,-4.76,-3.));
#11902 = VECTOR('',#11903,1.);
#11903 = DIRECTION('',(0.,0.,1.));
#11904 = ORIENTED_EDGE('',*,*,#10126,.F.);
#11905 = PLANE('',#11906);
#11906 = AXIS2_PLACEMENT_3D('',#11907,#11908,#11909);
#11907 = CARTESIAN_POINT('',(0.32,-5.4,-3.));
#11908 = DIRECTION('',(1.,0.,0.));
#11909 = DIRECTION('',(0.,0.,1.));
#11910 = ADVANCED_FACE('',(#11911),#11929,.T.);
#11911 = FACE_BOUND('',#11912,.T.);
#11912 = EDGE_LOOP('',(#11913,#11914,#11922,#11928));
#11913 = ORIENTED_EDGE('',*,*,#11899,.F.);
#11914 = ORIENTED_EDGE('',*,*,#11915,.F.);
#11915 = EDGE_CURVE('',#11916,#11892,#11918,.T.);
#11916 = VERTEX_POINT('',#11917);
#11917 = CARTESIAN_POINT('',(-0.32,-4.76,-2.84));
#11918 = LINE('',#11919,#11920);
#11919 = CARTESIAN_POINT('',(-0.32,-4.76,-2.84));
#11920 = VECTOR('',#11921,1.);
#11921 = DIRECTION('',(1.,0.,0.));
#11922 = ORIENTED_EDGE('',*,*,#11923,.T.);
#11923 = EDGE_CURVE('',#11916,#10111,#11924,.T.);
#11924 = LINE('',#11925,#11926);
#11925 = CARTESIAN_POINT('',(-0.32,-4.76,-3.));
#11926 = VECTOR('',#11927,1.);
#11927 = DIRECTION('',(0.,0.,1.));
#11928 = ORIENTED_EDGE('',*,*,#10118,.F.);
#11929 = PLANE('',#11930);
#11930 = AXIS2_PLACEMENT_3D('',#11931,#11932,#11933);
#11931 = CARTESIAN_POINT('',(-0.32,-4.76,-3.));
#11932 = DIRECTION('',(0.,1.,0.));
#11933 = DIRECTION('',(0.,-0.,1.));
#11934 = ADVANCED_FACE('',(#11935),#11946,.F.);
#11935 = FACE_BOUND('',#11936,.F.);
#11936 = EDGE_LOOP('',(#11937,#11938,#11944,#11945));
#11937 = ORIENTED_EDGE('',*,*,#11875,.F.);
#11938 = ORIENTED_EDGE('',*,*,#11939,.T.);
#11939 = EDGE_CURVE('',#11868,#11916,#11940,.T.);
#11940 = LINE('',#11941,#11942);
#11941 = CARTESIAN_POINT('',(-0.32,-5.4,-2.84));
#11942 = VECTOR('',#11943,1.);
#11943 = DIRECTION('',(0.,1.,0.));
#11944 = ORIENTED_EDGE('',*,*,#11923,.T.);
#11945 = ORIENTED_EDGE('',*,*,#10110,.F.);
#11946 = PLANE('',#11947);
#11947 = AXIS2_PLACEMENT_3D('',#11948,#11949,#11950);
#11948 = CARTESIAN_POINT('',(-0.32,-5.4,-3.));
#11949 = DIRECTION('',(1.,0.,0.));
#11950 = DIRECTION('',(0.,0.,1.));
#11951 = ADVANCED_FACE('',(#11952),#11977,.T.);
#11952 = FACE_BOUND('',#11953,.T.);
#11953 = EDGE_LOOP('',(#11954,#11962,#11970,#11976));
#11954 = ORIENTED_EDGE('',*,*,#11955,.F.);
#11955 = EDGE_CURVE('',#11956,#10135,#11958,.T.);
#11956 = VERTEX_POINT('',#11957);
#11957 = CARTESIAN_POINT('',(0.32,-7.94,-2.84));
#11958 = LINE('',#11959,#11960);
#11959 = CARTESIAN_POINT('',(0.32,-7.94,-3.));
#11960 = VECTOR('',#11961,1.);
#11961 = DIRECTION('',(0.,0.,1.));
#11962 = ORIENTED_EDGE('',*,*,#11963,.T.);
#11963 = EDGE_CURVE('',#11956,#11964,#11966,.T.);
#11964 = VERTEX_POINT('',#11965);
#11965 = CARTESIAN_POINT('',(0.32,-7.3,-2.84));
#11966 = LINE('',#11967,#11968);
#11967 = CARTESIAN_POINT('',(0.32,-7.94,-2.84));
#11968 = VECTOR('',#11969,1.);
#11969 = DIRECTION('',(0.,1.,0.));
#11970 = ORIENTED_EDGE('',*,*,#11971,.T.);
#11971 = EDGE_CURVE('',#11964,#10137,#11972,.T.);
#11972 = LINE('',#11973,#11974);
#11973 = CARTESIAN_POINT('',(0.32,-7.3,-3.));
#11974 = VECTOR('',#11975,1.);
#11975 = DIRECTION('',(0.,0.,1.));
#11976 = ORIENTED_EDGE('',*,*,#10134,.F.);
#11977 = PLANE('',#11978);
#11978 = AXIS2_PLACEMENT_3D('',#11979,#11980,#11981);
#11979 = CARTESIAN_POINT('',(0.32,-7.94,-3.));
#11980 = DIRECTION('',(1.,0.,0.));
#11981 = DIRECTION('',(0.,0.,1.));
#11982 = ADVANCED_FACE('',(#11983),#12001,.T.);
#11983 = FACE_BOUND('',#11984,.T.);
#11984 = EDGE_LOOP('',(#11985,#11986,#11994,#12000));
#11985 = ORIENTED_EDGE('',*,*,#11971,.F.);
#11986 = ORIENTED_EDGE('',*,*,#11987,.F.);
#11987 = EDGE_CURVE('',#11988,#11964,#11990,.T.);
#11988 = VERTEX_POINT('',#11989);
#11989 = CARTESIAN_POINT('',(-0.32,-7.3,-2.84));
#11990 = LINE('',#11991,#11992);
#11991 = CARTESIAN_POINT('',(-0.32,-7.3,-2.84));
#11992 = VECTOR('',#11993,1.);
#11993 = DIRECTION('',(1.,0.,0.));
#11994 = ORIENTED_EDGE('',*,*,#11995,.T.);
#11995 = EDGE_CURVE('',#11988,#10153,#11996,.T.);
#11996 = LINE('',#11997,#11998);
#11997 = CARTESIAN_POINT('',(-0.32,-7.3,-3.));
#11998 = VECTOR('',#11999,1.);
#11999 = DIRECTION('',(0.,0.,1.));
#12000 = ORIENTED_EDGE('',*,*,#10160,.F.);
#12001 = PLANE('',#12002);
#12002 = AXIS2_PLACEMENT_3D('',#12003,#12004,#12005);
#12003 = CARTESIAN_POINT('',(-0.32,-7.3,-3.));
#12004 = DIRECTION('',(0.,1.,0.));
#12005 = DIRECTION('',(0.,-0.,1.));
#12006 = ADVANCED_FACE('',(#12007),#12025,.F.);
#12007 = FACE_BOUND('',#12008,.F.);
#12008 = EDGE_LOOP('',(#12009,#12017,#12023,#12024));
#12009 = ORIENTED_EDGE('',*,*,#12010,.F.);
#12010 = EDGE_CURVE('',#12011,#10145,#12013,.T.);
#12011 = VERTEX_POINT('',#12012);
#12012 = CARTESIAN_POINT('',(-0.32,-7.94,-2.84));
#12013 = LINE('',#12014,#12015);
#12014 = CARTESIAN_POINT('',(-0.32,-7.94,-3.));
#12015 = VECTOR('',#12016,1.);
#12016 = DIRECTION('',(0.,0.,1.));
#12017 = ORIENTED_EDGE('',*,*,#12018,.T.);
#12018 = EDGE_CURVE('',#12011,#11988,#12019,.T.);
#12019 = LINE('',#12020,#12021);
#12020 = CARTESIAN_POINT('',(-0.32,-7.94,-2.84));
#12021 = VECTOR('',#12022,1.);
#12022 = DIRECTION('',(0.,1.,0.));
#12023 = ORIENTED_EDGE('',*,*,#11995,.T.);
#12024 = ORIENTED_EDGE('',*,*,#10152,.F.);
#12025 = PLANE('',#12026);
#12026 = AXIS2_PLACEMENT_3D('',#12027,#12028,#12029);
#12027 = CARTESIAN_POINT('',(-0.32,-7.94,-3.));
#12028 = DIRECTION('',(1.,0.,0.));
#12029 = DIRECTION('',(0.,0.,1.));
#12030 = ADVANCED_FACE('',(#12031),#12042,.F.);
#12031 = FACE_BOUND('',#12032,.F.);
#12032 = EDGE_LOOP('',(#12033,#12034,#12040,#12041));
#12033 = ORIENTED_EDGE('',*,*,#11955,.F.);
#12034 = ORIENTED_EDGE('',*,*,#12035,.F.);
#12035 = EDGE_CURVE('',#12011,#11956,#12036,.T.);
#12036 = LINE('',#12037,#12038);
#12037 = CARTESIAN_POINT('',(-0.32,-7.94,-2.84));
#12038 = VECTOR('',#12039,1.);
#12039 = DIRECTION('',(1.,0.,0.));
#12040 = ORIENTED_EDGE('',*,*,#12010,.T.);
#12041 = ORIENTED_EDGE('',*,*,#10144,.F.);
#12042 = PLANE('',#12043);
#12043 = AXIS2_PLACEMENT_3D('',#12044,#12045,#12046);
#12044 = CARTESIAN_POINT('',(-0.32,-7.94,-3.));
#12045 = DIRECTION('',(0.,1.,0.));
#12046 = DIRECTION('',(0.,-0.,1.));
#12047 = ADVANCED_FACE('',(#12048),#12073,.F.);
#12048 = FACE_BOUND('',#12049,.F.);
#12049 = EDGE_LOOP('',(#12050,#12058,#12066,#12072));
#12050 = ORIENTED_EDGE('',*,*,#12051,.F.);
#12051 = EDGE_CURVE('',#12052,#10169,#12054,.T.);
#12052 = VERTEX_POINT('',#12053);
#12053 = CARTESIAN_POINT('',(0.32,-0.32,-2.84));
#12054 = LINE('',#12055,#12056);
#12055 = CARTESIAN_POINT('',(0.32,-0.32,-3.));
#12056 = VECTOR('',#12057,1.);
#12057 = DIRECTION('',(0.,0.,1.));
#12058 = ORIENTED_EDGE('',*,*,#12059,.F.);
#12059 = EDGE_CURVE('',#12060,#12052,#12062,.T.);
#12060 = VERTEX_POINT('',#12061);
#12061 = CARTESIAN_POINT('',(-0.32,-0.32,-2.84));
#12062 = LINE('',#12063,#12064);
#12063 = CARTESIAN_POINT('',(-0.32,-0.32,-2.84));
#12064 = VECTOR('',#12065,1.);
#12065 = DIRECTION('',(1.,0.,0.));
#12066 = ORIENTED_EDGE('',*,*,#12067,.T.);
#12067 = EDGE_CURVE('',#12060,#10171,#12068,.T.);
#12068 = LINE('',#12069,#12070);
#12069 = CARTESIAN_POINT('',(-0.32,-0.32,-3.));
#12070 = VECTOR('',#12071,1.);
#12071 = DIRECTION('',(0.,0.,1.));
#12072 = ORIENTED_EDGE('',*,*,#10168,.F.);
#12073 = PLANE('',#12074);
#12074 = AXIS2_PLACEMENT_3D('',#12075,#12076,#12077);
#12075 = CARTESIAN_POINT('',(-0.32,-0.32,-3.));
#12076 = DIRECTION('',(0.,1.,0.));
#12077 = DIRECTION('',(0.,-0.,1.));
#12078 = ADVANCED_FACE('',(#12079),#12097,.T.);
#12079 = FACE_BOUND('',#12080,.T.);
#12080 = EDGE_LOOP('',(#12081,#12082,#12090,#12096));
#12081 = ORIENTED_EDGE('',*,*,#12051,.F.);
#12082 = ORIENTED_EDGE('',*,*,#12083,.T.);
#12083 = EDGE_CURVE('',#12052,#12084,#12086,.T.);
#12084 = VERTEX_POINT('',#12085);
#12085 = CARTESIAN_POINT('',(0.32,0.32,-2.84));
#12086 = LINE('',#12087,#12088);
#12087 = CARTESIAN_POINT('',(0.32,-0.32,-2.84));
#12088 = VECTOR('',#12089,1.);
#12089 = DIRECTION('',(0.,1.,0.));
#12090 = ORIENTED_EDGE('',*,*,#12091,.T.);
#12091 = EDGE_CURVE('',#12084,#10187,#12092,.T.);
#12092 = LINE('',#12093,#12094);
#12093 = CARTESIAN_POINT('',(0.32,0.32,-3.));
#12094 = VECTOR('',#12095,1.);
#12095 = DIRECTION('',(0.,0.,1.));
#12096 = ORIENTED_EDGE('',*,*,#10194,.F.);
#12097 = PLANE('',#12098);
#12098 = AXIS2_PLACEMENT_3D('',#12099,#12100,#12101);
#12099 = CARTESIAN_POINT('',(0.32,-0.32,-3.));
#12100 = DIRECTION('',(1.,0.,0.));
#12101 = DIRECTION('',(0.,0.,1.));
#12102 = ADVANCED_FACE('',(#12103),#12121,.T.);
#12103 = FACE_BOUND('',#12104,.T.);
#12104 = EDGE_LOOP('',(#12105,#12106,#12114,#12120));
#12105 = ORIENTED_EDGE('',*,*,#12091,.F.);
#12106 = ORIENTED_EDGE('',*,*,#12107,.F.);
#12107 = EDGE_CURVE('',#12108,#12084,#12110,.T.);
#12108 = VERTEX_POINT('',#12109);
#12109 = CARTESIAN_POINT('',(-0.32,0.32,-2.84));
#12110 = LINE('',#12111,#12112);
#12111 = CARTESIAN_POINT('',(-0.32,0.32,-2.84));
#12112 = VECTOR('',#12113,1.);
#12113 = DIRECTION('',(1.,0.,0.));
#12114 = ORIENTED_EDGE('',*,*,#12115,.T.);
#12115 = EDGE_CURVE('',#12108,#10179,#12116,.T.);
#12116 = LINE('',#12117,#12118);
#12117 = CARTESIAN_POINT('',(-0.32,0.32,-3.));
#12118 = VECTOR('',#12119,1.);
#12119 = DIRECTION('',(0.,0.,1.));
#12120 = ORIENTED_EDGE('',*,*,#10186,.F.);
#12121 = PLANE('',#12122);
#12122 = AXIS2_PLACEMENT_3D('',#12123,#12124,#12125);
#12123 = CARTESIAN_POINT('',(-0.32,0.32,-3.));
#12124 = DIRECTION('',(0.,1.,0.));
#12125 = DIRECTION('',(0.,-0.,1.));
#12126 = ADVANCED_FACE('',(#12127),#12138,.F.);
#12127 = FACE_BOUND('',#12128,.F.);
#12128 = EDGE_LOOP('',(#12129,#12130,#12136,#12137));
#12129 = ORIENTED_EDGE('',*,*,#12067,.F.);
#12130 = ORIENTED_EDGE('',*,*,#12131,.T.);
#12131 = EDGE_CURVE('',#12060,#12108,#12132,.T.);
#12132 = LINE('',#12133,#12134);
#12133 = CARTESIAN_POINT('',(-0.32,-0.32,-2.84));
#12134 = VECTOR('',#12135,1.);
#12135 = DIRECTION('',(0.,1.,0.));
#12136 = ORIENTED_EDGE('',*,*,#12115,.T.);
#12137 = ORIENTED_EDGE('',*,*,#10178,.F.);
#12138 = PLANE('',#12139);
#12139 = AXIS2_PLACEMENT_3D('',#12140,#12141,#12142);
#12140 = CARTESIAN_POINT('',(-0.32,-0.32,-3.));
#12141 = DIRECTION('',(1.,0.,0.));
#12142 = DIRECTION('',(0.,0.,1.));
#12143 = ADVANCED_FACE('',(#12144),#12169,.T.);
#12144 = FACE_BOUND('',#12145,.T.);
#12145 = EDGE_LOOP('',(#12146,#12154,#12155,#12163));
#12146 = ORIENTED_EDGE('',*,*,#12147,.F.);
#12147 = EDGE_CURVE('',#10540,#12148,#12150,.T.);
#12148 = VERTEX_POINT('',#12149);
#12149 = CARTESIAN_POINT('',(0.32,-12.38,8.38));
#12150 = LINE('',#12151,#12152);
#12151 = CARTESIAN_POINT('',(0.32,-12.38,-3.));
#12152 = VECTOR('',#12153,1.);
#12153 = DIRECTION('',(0.,0.,1.));
#12154 = ORIENTED_EDGE('',*,*,#10539,.T.);
#12155 = ORIENTED_EDGE('',*,*,#12156,.T.);
#12156 = EDGE_CURVE('',#10542,#12157,#12159,.T.);
#12157 = VERTEX_POINT('',#12158);
#12158 = CARTESIAN_POINT('',(-0.32,-12.38,8.38));
#12159 = LINE('',#12160,#12161);
#12160 = CARTESIAN_POINT('',(-0.32,-12.38,-3.));
#12161 = VECTOR('',#12162,1.);
#12162 = DIRECTION('',(0.,0.,1.));
#12163 = ORIENTED_EDGE('',*,*,#12164,.T.);
#12164 = EDGE_CURVE('',#12157,#12148,#12165,.T.);
#12165 = LINE('',#12166,#12167);
#12166 = CARTESIAN_POINT('',(-0.32,-12.38,8.38));
#12167 = VECTOR('',#12168,1.);
#12168 = DIRECTION('',(1.,0.,0.));
#12169 = PLANE('',#12170);
#12170 = AXIS2_PLACEMENT_3D('',#12171,#12172,#12173);
#12171 = CARTESIAN_POINT('',(-0.32,-12.38,-3.));
#12172 = DIRECTION('',(0.,1.,0.));
#12173 = DIRECTION('',(0.,-0.,1.));
#12174 = ADVANCED_FACE('',(#12175),#12193,.F.);
#12175 = FACE_BOUND('',#12176,.F.);
#12176 = EDGE_LOOP('',(#12177,#12185,#12186,#12187));
#12177 = ORIENTED_EDGE('',*,*,#12178,.F.);
#12178 = EDGE_CURVE('',#10558,#12179,#12181,.T.);
#12179 = VERTEX_POINT('',#12180);
#12180 = CARTESIAN_POINT('',(-0.32,-13.02,8.38));
#12181 = LINE('',#12182,#12183);
#12182 = CARTESIAN_POINT('',(-0.32,-13.02,-3.));
#12183 = VECTOR('',#12184,1.);
#12184 = DIRECTION('',(0.,0.,1.));
#12185 = ORIENTED_EDGE('',*,*,#10565,.T.);
#12186 = ORIENTED_EDGE('',*,*,#12156,.T.);
#12187 = ORIENTED_EDGE('',*,*,#12188,.F.);
#12188 = EDGE_CURVE('',#12179,#12157,#12189,.T.);
#12189 = LINE('',#12190,#12191);
#12190 = CARTESIAN_POINT('',(-0.32,-13.02,8.38));
#12191 = VECTOR('',#12192,1.);
#12192 = DIRECTION('',(0.,1.,0.));
#12193 = PLANE('',#12194);
#12194 = AXIS2_PLACEMENT_3D('',#12195,#12196,#12197);
#12195 = CARTESIAN_POINT('',(-0.32,-13.02,-3.));
#12196 = DIRECTION('',(1.,0.,0.));
#12197 = DIRECTION('',(0.,0.,1.));
#12198 = ADVANCED_FACE('',(#12199),#12217,.F.);
#12199 = FACE_BOUND('',#12200,.F.);
#12200 = EDGE_LOOP('',(#12201,#12209,#12210,#12211));
#12201 = ORIENTED_EDGE('',*,*,#12202,.F.);
#12202 = EDGE_CURVE('',#10550,#12203,#12205,.T.);
#12203 = VERTEX_POINT('',#12204);
#12204 = CARTESIAN_POINT('',(0.32,-13.02,8.38));
#12205 = LINE('',#12206,#12207);
#12206 = CARTESIAN_POINT('',(0.32,-13.02,-3.));
#12207 = VECTOR('',#12208,1.);
#12208 = DIRECTION('',(0.,0.,1.));
#12209 = ORIENTED_EDGE('',*,*,#10557,.T.);
#12210 = ORIENTED_EDGE('',*,*,#12178,.T.);
#12211 = ORIENTED_EDGE('',*,*,#12212,.T.);
#12212 = EDGE_CURVE('',#12179,#12203,#12213,.T.);
#12213 = LINE('',#12214,#12215);
#12214 = CARTESIAN_POINT('',(-0.32,-13.02,8.38));
#12215 = VECTOR('',#12216,1.);
#12216 = DIRECTION('',(1.,0.,0.));
#12217 = PLANE('',#12218);
#12218 = AXIS2_PLACEMENT_3D('',#12219,#12220,#12221);
#12219 = CARTESIAN_POINT('',(-0.32,-13.02,-3.));
#12220 = DIRECTION('',(0.,1.,0.));
#12221 = DIRECTION('',(0.,-0.,1.));
#12222 = ADVANCED_FACE('',(#12223),#12234,.T.);
#12223 = FACE_BOUND('',#12224,.T.);
#12224 = EDGE_LOOP('',(#12225,#12226,#12227,#12228));
#12225 = ORIENTED_EDGE('',*,*,#12202,.F.);
#12226 = ORIENTED_EDGE('',*,*,#10549,.T.);
#12227 = ORIENTED_EDGE('',*,*,#12147,.T.);
#12228 = ORIENTED_EDGE('',*,*,#12229,.F.);
#12229 = EDGE_CURVE('',#12203,#12148,#12230,.T.);
#12230 = LINE('',#12231,#12232);
#12231 = CARTESIAN_POINT('',(0.32,-13.02,8.38));
#12232 = VECTOR('',#12233,1.);
#12233 = DIRECTION('',(0.,1.,0.));
#12234 = PLANE('',#12235);
#12235 = AXIS2_PLACEMENT_3D('',#12236,#12237,#12238);
#12236 = CARTESIAN_POINT('',(0.32,-13.02,-3.));
#12237 = DIRECTION('',(1.,0.,0.));
#12238 = DIRECTION('',(0.,0.,1.));
#12239 = ADVANCED_FACE('',(#12240),#12265,.T.);
#12240 = FACE_BOUND('',#12241,.T.);
#12241 = EDGE_LOOP('',(#12242,#12250,#12251,#12259));
#12242 = ORIENTED_EDGE('',*,*,#12243,.F.);
#12243 = EDGE_CURVE('',#10574,#12244,#12246,.T.);
#12244 = VERTEX_POINT('',#12245);
#12245 = CARTESIAN_POINT('',(0.32,-15.56,8.38));
#12246 = LINE('',#12247,#12248);
#12247 = CARTESIAN_POINT('',(0.32,-15.56,-3.));
#12248 = VECTOR('',#12249,1.);
#12249 = DIRECTION('',(0.,0.,1.));
#12250 = ORIENTED_EDGE('',*,*,#10573,.T.);
#12251 = ORIENTED_EDGE('',*,*,#12252,.T.);
#12252 = EDGE_CURVE('',#10576,#12253,#12255,.T.);
#12253 = VERTEX_POINT('',#12254);
#12254 = CARTESIAN_POINT('',(0.32,-14.92,8.38));
#12255 = LINE('',#12256,#12257);
#12256 = CARTESIAN_POINT('',(0.32,-14.92,-3.));
#12257 = VECTOR('',#12258,1.);
#12258 = DIRECTION('',(0.,0.,1.));
#12259 = ORIENTED_EDGE('',*,*,#12260,.F.);
#12260 = EDGE_CURVE('',#12244,#12253,#12261,.T.);
#12261 = LINE('',#12262,#12263);
#12262 = CARTESIAN_POINT('',(0.32,-15.56,8.38));
#12263 = VECTOR('',#12264,1.);
#12264 = DIRECTION('',(0.,1.,0.));
#12265 = PLANE('',#12266);
#12266 = AXIS2_PLACEMENT_3D('',#12267,#12268,#12269);
#12267 = CARTESIAN_POINT('',(0.32,-15.56,-3.));
#12268 = DIRECTION('',(1.,0.,0.));
#12269 = DIRECTION('',(0.,0.,1.));
#12270 = ADVANCED_FACE('',(#12271),#12289,.T.);
#12271 = FACE_BOUND('',#12272,.T.);
#12272 = EDGE_LOOP('',(#12273,#12274,#12275,#12283));
#12273 = ORIENTED_EDGE('',*,*,#12252,.F.);
#12274 = ORIENTED_EDGE('',*,*,#10599,.T.);
#12275 = ORIENTED_EDGE('',*,*,#12276,.T.);
#12276 = EDGE_CURVE('',#10592,#12277,#12279,.T.);
#12277 = VERTEX_POINT('',#12278);
#12278 = CARTESIAN_POINT('',(-0.32,-14.92,8.38));
#12279 = LINE('',#12280,#12281);
#12280 = CARTESIAN_POINT('',(-0.32,-14.92,-3.));
#12281 = VECTOR('',#12282,1.);
#12282 = DIRECTION('',(0.,0.,1.));
#12283 = ORIENTED_EDGE('',*,*,#12284,.T.);
#12284 = EDGE_CURVE('',#12277,#12253,#12285,.T.);
#12285 = LINE('',#12286,#12287);
#12286 = CARTESIAN_POINT('',(-0.32,-14.92,8.38));
#12287 = VECTOR('',#12288,1.);
#12288 = DIRECTION('',(1.,0.,0.));
#12289 = PLANE('',#12290);
#12290 = AXIS2_PLACEMENT_3D('',#12291,#12292,#12293);
#12291 = CARTESIAN_POINT('',(-0.32,-14.92,-3.));
#12292 = DIRECTION('',(0.,1.,0.));
#12293 = DIRECTION('',(0.,-0.,1.));
#12294 = ADVANCED_FACE('',(#12295),#12313,.F.);
#12295 = FACE_BOUND('',#12296,.F.);
#12296 = EDGE_LOOP('',(#12297,#12305,#12306,#12307));
#12297 = ORIENTED_EDGE('',*,*,#12298,.F.);
#12298 = EDGE_CURVE('',#10584,#12299,#12301,.T.);
#12299 = VERTEX_POINT('',#12300);
#12300 = CARTESIAN_POINT('',(-0.32,-15.56,8.38));
#12301 = LINE('',#12302,#12303);
#12302 = CARTESIAN_POINT('',(-0.32,-15.56,-3.));
#12303 = VECTOR('',#12304,1.);
#12304 = DIRECTION('',(0.,0.,1.));
#12305 = ORIENTED_EDGE('',*,*,#10591,.T.);
#12306 = ORIENTED_EDGE('',*,*,#12276,.T.);
#12307 = ORIENTED_EDGE('',*,*,#12308,.F.);
#12308 = EDGE_CURVE('',#12299,#12277,#12309,.T.);
#12309 = LINE('',#12310,#12311);
#12310 = CARTESIAN_POINT('',(-0.32,-15.56,8.38));
#12311 = VECTOR('',#12312,1.);
#12312 = DIRECTION('',(0.,1.,0.));
#12313 = PLANE('',#12314);
#12314 = AXIS2_PLACEMENT_3D('',#12315,#12316,#12317);
#12315 = CARTESIAN_POINT('',(-0.32,-15.56,-3.));
#12316 = DIRECTION('',(1.,0.,0.));
#12317 = DIRECTION('',(0.,0.,1.));
#12318 = ADVANCED_FACE('',(#12319),#12330,.F.);
#12319 = FACE_BOUND('',#12320,.F.);
#12320 = EDGE_LOOP('',(#12321,#12322,#12323,#12324));
#12321 = ORIENTED_EDGE('',*,*,#12243,.F.);
#12322 = ORIENTED_EDGE('',*,*,#10583,.T.);
#12323 = ORIENTED_EDGE('',*,*,#12298,.T.);
#12324 = ORIENTED_EDGE('',*,*,#12325,.T.);
#12325 = EDGE_CURVE('',#12299,#12244,#12326,.T.);
#12326 = LINE('',#12327,#12328);
#12327 = CARTESIAN_POINT('',(-0.32,-15.56,8.38));
#12328 = VECTOR('',#12329,1.);
#12329 = DIRECTION('',(1.,0.,0.));
#12330 = PLANE('',#12331);
#12331 = AXIS2_PLACEMENT_3D('',#12332,#12333,#12334);
#12332 = CARTESIAN_POINT('',(-0.32,-15.56,-3.));
#12333 = DIRECTION('',(0.,1.,0.));
#12334 = DIRECTION('',(0.,-0.,1.));
#12335 = ADVANCED_FACE('',(#12336),#12361,.T.);
#12336 = FACE_BOUND('',#12337,.T.);
#12337 = EDGE_LOOP('',(#12338,#12346,#12347,#12355));
#12338 = ORIENTED_EDGE('',*,*,#12339,.F.);
#12339 = EDGE_CURVE('',#10608,#12340,#12342,.T.);
#12340 = VERTEX_POINT('',#12341);
#12341 = CARTESIAN_POINT('',(0.32,-9.84,8.38));
#12342 = LINE('',#12343,#12344);
#12343 = CARTESIAN_POINT('',(0.32,-9.84,-3.));
#12344 = VECTOR('',#12345,1.);
#12345 = DIRECTION('',(0.,0.,1.));
#12346 = ORIENTED_EDGE('',*,*,#10607,.T.);
#12347 = ORIENTED_EDGE('',*,*,#12348,.T.);
#12348 = EDGE_CURVE('',#10610,#12349,#12351,.T.);
#12349 = VERTEX_POINT('',#12350);
#12350 = CARTESIAN_POINT('',(-0.32,-9.84,8.38));
#12351 = LINE('',#12352,#12353);
#12352 = CARTESIAN_POINT('',(-0.32,-9.84,-3.));
#12353 = VECTOR('',#12354,1.);
#12354 = DIRECTION('',(0.,0.,1.));
#12355 = ORIENTED_EDGE('',*,*,#12356,.T.);
#12356 = EDGE_CURVE('',#12349,#12340,#12357,.T.);
#12357 = LINE('',#12358,#12359);
#12358 = CARTESIAN_POINT('',(-0.32,-9.84,8.38));
#12359 = VECTOR('',#12360,1.);
#12360 = DIRECTION('',(1.,0.,0.));
#12361 = PLANE('',#12362);
#12362 = AXIS2_PLACEMENT_3D('',#12363,#12364,#12365);
#12363 = CARTESIAN_POINT('',(-0.32,-9.84,-3.));
#12364 = DIRECTION('',(0.,1.,0.));
#12365 = DIRECTION('',(0.,-0.,1.));
#12366 = ADVANCED_FACE('',(#12367),#12385,.F.);
#12367 = FACE_BOUND('',#12368,.F.);
#12368 = EDGE_LOOP('',(#12369,#12377,#12378,#12379));
#12369 = ORIENTED_EDGE('',*,*,#12370,.F.);
#12370 = EDGE_CURVE('',#10626,#12371,#12373,.T.);
#12371 = VERTEX_POINT('',#12372);
#12372 = CARTESIAN_POINT('',(-0.32,-10.48,8.38));
#12373 = LINE('',#12374,#12375);
#12374 = CARTESIAN_POINT('',(-0.32,-10.48,-3.));
#12375 = VECTOR('',#12376,1.);
#12376 = DIRECTION('',(0.,0.,1.));
#12377 = ORIENTED_EDGE('',*,*,#10633,.T.);
#12378 = ORIENTED_EDGE('',*,*,#12348,.T.);
#12379 = ORIENTED_EDGE('',*,*,#12380,.F.);
#12380 = EDGE_CURVE('',#12371,#12349,#12381,.T.);
#12381 = LINE('',#12382,#12383);
#12382 = CARTESIAN_POINT('',(-0.32,-10.48,8.38));
#12383 = VECTOR('',#12384,1.);
#12384 = DIRECTION('',(0.,1.,0.));
#12385 = PLANE('',#12386);
#12386 = AXIS2_PLACEMENT_3D('',#12387,#12388,#12389);
#12387 = CARTESIAN_POINT('',(-0.32,-10.48,-3.));
#12388 = DIRECTION('',(1.,0.,0.));
#12389 = DIRECTION('',(0.,0.,1.));
#12390 = ADVANCED_FACE('',(#12391),#12409,.F.);
#12391 = FACE_BOUND('',#12392,.F.);
#12392 = EDGE_LOOP('',(#12393,#12401,#12402,#12403));
#12393 = ORIENTED_EDGE('',*,*,#12394,.F.);
#12394 = EDGE_CURVE('',#10618,#12395,#12397,.T.);
#12395 = VERTEX_POINT('',#12396);
#12396 = CARTESIAN_POINT('',(0.32,-10.48,8.38));
#12397 = LINE('',#12398,#12399);
#12398 = CARTESIAN_POINT('',(0.32,-10.48,-3.));
#12399 = VECTOR('',#12400,1.);
#12400 = DIRECTION('',(0.,0.,1.));
#12401 = ORIENTED_EDGE('',*,*,#10625,.T.);
#12402 = ORIENTED_EDGE('',*,*,#12370,.T.);
#12403 = ORIENTED_EDGE('',*,*,#12404,.T.);
#12404 = EDGE_CURVE('',#12371,#12395,#12405,.T.);
#12405 = LINE('',#12406,#12407);
#12406 = CARTESIAN_POINT('',(-0.32,-10.48,8.38));
#12407 = VECTOR('',#12408,1.);
#12408 = DIRECTION('',(1.,0.,0.));
#12409 = PLANE('',#12410);
#12410 = AXIS2_PLACEMENT_3D('',#12411,#12412,#12413);
#12411 = CARTESIAN_POINT('',(-0.32,-10.48,-3.));
#12412 = DIRECTION('',(0.,1.,0.));
#12413 = DIRECTION('',(0.,-0.,1.));
#12414 = ADVANCED_FACE('',(#12415),#12426,.T.);
#12415 = FACE_BOUND('',#12416,.T.);
#12416 = EDGE_LOOP('',(#12417,#12418,#12419,#12420));
#12417 = ORIENTED_EDGE('',*,*,#12394,.F.);
#12418 = ORIENTED_EDGE('',*,*,#10617,.T.);
#12419 = ORIENTED_EDGE('',*,*,#12339,.T.);
#12420 = ORIENTED_EDGE('',*,*,#12421,.F.);
#12421 = EDGE_CURVE('',#12395,#12340,#12422,.T.);
#12422 = LINE('',#12423,#12424);
#12423 = CARTESIAN_POINT('',(0.32,-10.48,8.38));
#12424 = VECTOR('',#12425,1.);
#12425 = DIRECTION('',(0.,1.,0.));
#12426 = PLANE('',#12427);
#12427 = AXIS2_PLACEMENT_3D('',#12428,#12429,#12430);
#12428 = CARTESIAN_POINT('',(0.32,-10.48,-3.));
#12429 = DIRECTION('',(1.,0.,0.));
#12430 = DIRECTION('',(0.,0.,1.));
#12431 = ADVANCED_FACE('',(#12432),#12457,.T.);
#12432 = FACE_BOUND('',#12433,.T.);
#12433 = EDGE_LOOP('',(#12434,#12442,#12443,#12451));
#12434 = ORIENTED_EDGE('',*,*,#12435,.F.);
#12435 = EDGE_CURVE('',#10642,#12436,#12438,.T.);
#12436 = VERTEX_POINT('',#12437);
#12437 = CARTESIAN_POINT('',(0.32,-2.86,8.38));
#12438 = LINE('',#12439,#12440);
#12439 = CARTESIAN_POINT('',(0.32,-2.86,-3.));
#12440 = VECTOR('',#12441,1.);
#12441 = DIRECTION('',(0.,0.,1.));
#12442 = ORIENTED_EDGE('',*,*,#10641,.T.);
#12443 = ORIENTED_EDGE('',*,*,#12444,.T.);
#12444 = EDGE_CURVE('',#10644,#12445,#12447,.T.);
#12445 = VERTEX_POINT('',#12446);
#12446 = CARTESIAN_POINT('',(0.32,-2.22,8.38));
#12447 = LINE('',#12448,#12449);
#12448 = CARTESIAN_POINT('',(0.32,-2.22,-3.));
#12449 = VECTOR('',#12450,1.);
#12450 = DIRECTION('',(0.,0.,1.));
#12451 = ORIENTED_EDGE('',*,*,#12452,.F.);
#12452 = EDGE_CURVE('',#12436,#12445,#12453,.T.);
#12453 = LINE('',#12454,#12455);
#12454 = CARTESIAN_POINT('',(0.32,-2.86,8.38));
#12455 = VECTOR('',#12456,1.);
#12456 = DIRECTION('',(0.,1.,0.));
#12457 = PLANE('',#12458);
#12458 = AXIS2_PLACEMENT_3D('',#12459,#12460,#12461);
#12459 = CARTESIAN_POINT('',(0.32,-2.86,-3.));
#12460 = DIRECTION('',(1.,0.,0.));
#12461 = DIRECTION('',(0.,0.,1.));
#12462 = ADVANCED_FACE('',(#12463),#12481,.T.);
#12463 = FACE_BOUND('',#12464,.T.);
#12464 = EDGE_LOOP('',(#12465,#12466,#12467,#12475));
#12465 = ORIENTED_EDGE('',*,*,#12444,.F.);
#12466 = ORIENTED_EDGE('',*,*,#10667,.T.);
#12467 = ORIENTED_EDGE('',*,*,#12468,.T.);
#12468 = EDGE_CURVE('',#10660,#12469,#12471,.T.);
#12469 = VERTEX_POINT('',#12470);
#12470 = CARTESIAN_POINT('',(-0.32,-2.22,8.38));
#12471 = LINE('',#12472,#12473);
#12472 = CARTESIAN_POINT('',(-0.32,-2.22,-3.));
#12473 = VECTOR('',#12474,1.);
#12474 = DIRECTION('',(0.,0.,1.));
#12475 = ORIENTED_EDGE('',*,*,#12476,.T.);
#12476 = EDGE_CURVE('',#12469,#12445,#12477,.T.);
#12477 = LINE('',#12478,#12479);
#12478 = CARTESIAN_POINT('',(-0.32,-2.22,8.38));
#12479 = VECTOR('',#12480,1.);
#12480 = DIRECTION('',(1.,0.,0.));
#12481 = PLANE('',#12482);
#12482 = AXIS2_PLACEMENT_3D('',#12483,#12484,#12485);
#12483 = CARTESIAN_POINT('',(-0.32,-2.22,-3.));
#12484 = DIRECTION('',(0.,1.,0.));
#12485 = DIRECTION('',(0.,-0.,1.));
#12486 = ADVANCED_FACE('',(#12487),#12505,.F.);
#12487 = FACE_BOUND('',#12488,.F.);
#12488 = EDGE_LOOP('',(#12489,#12497,#12498,#12499));
#12489 = ORIENTED_EDGE('',*,*,#12490,.F.);
#12490 = EDGE_CURVE('',#10652,#12491,#12493,.T.);
#12491 = VERTEX_POINT('',#12492);
#12492 = CARTESIAN_POINT('',(-0.32,-2.86,8.38));
#12493 = LINE('',#12494,#12495);
#12494 = CARTESIAN_POINT('',(-0.32,-2.86,-3.));
#12495 = VECTOR('',#12496,1.);
#12496 = DIRECTION('',(0.,0.,1.));
#12497 = ORIENTED_EDGE('',*,*,#10659,.T.);
#12498 = ORIENTED_EDGE('',*,*,#12468,.T.);
#12499 = ORIENTED_EDGE('',*,*,#12500,.F.);
#12500 = EDGE_CURVE('',#12491,#12469,#12501,.T.);
#12501 = LINE('',#12502,#12503);
#12502 = CARTESIAN_POINT('',(-0.32,-2.86,8.38));
#12503 = VECTOR('',#12504,1.);
#12504 = DIRECTION('',(0.,1.,0.));
#12505 = PLANE('',#12506);
#12506 = AXIS2_PLACEMENT_3D('',#12507,#12508,#12509);
#12507 = CARTESIAN_POINT('',(-0.32,-2.86,-3.));
#12508 = DIRECTION('',(1.,0.,0.));
#12509 = DIRECTION('',(0.,0.,1.));
#12510 = ADVANCED_FACE('',(#12511),#12522,.F.);
#12511 = FACE_BOUND('',#12512,.F.);
#12512 = EDGE_LOOP('',(#12513,#12514,#12515,#12516));
#12513 = ORIENTED_EDGE('',*,*,#12435,.F.);
#12514 = ORIENTED_EDGE('',*,*,#10651,.T.);
#12515 = ORIENTED_EDGE('',*,*,#12490,.T.);
#12516 = ORIENTED_EDGE('',*,*,#12517,.T.);
#12517 = EDGE_CURVE('',#12491,#12436,#12518,.T.);
#12518 = LINE('',#12519,#12520);
#12519 = CARTESIAN_POINT('',(-0.32,-2.86,8.38));
#12520 = VECTOR('',#12521,1.);
#12521 = DIRECTION('',(1.,0.,0.));
#12522 = PLANE('',#12523);
#12523 = AXIS2_PLACEMENT_3D('',#12524,#12525,#12526);
#12524 = CARTESIAN_POINT('',(-0.32,-2.86,-3.));
#12525 = DIRECTION('',(0.,1.,0.));
#12526 = DIRECTION('',(0.,-0.,1.));
#12527 = ADVANCED_FACE('',(#12528),#12553,.F.);
#12528 = FACE_BOUND('',#12529,.F.);
#12529 = EDGE_LOOP('',(#12530,#12538,#12539,#12547));
#12530 = ORIENTED_EDGE('',*,*,#12531,.F.);
#12531 = EDGE_CURVE('',#10676,#12532,#12534,.T.);
#12532 = VERTEX_POINT('',#12533);
#12533 = CARTESIAN_POINT('',(0.32,-5.4,8.38));
#12534 = LINE('',#12535,#12536);
#12535 = CARTESIAN_POINT('',(0.32,-5.4,-3.));
#12536 = VECTOR('',#12537,1.);
#12537 = DIRECTION('',(0.,0.,1.));
#12538 = ORIENTED_EDGE('',*,*,#10675,.T.);
#12539 = ORIENTED_EDGE('',*,*,#12540,.T.);
#12540 = EDGE_CURVE('',#10678,#12541,#12543,.T.);
#12541 = VERTEX_POINT('',#12542);
#12542 = CARTESIAN_POINT('',(-0.32,-5.4,8.38));
#12543 = LINE('',#12544,#12545);
#12544 = CARTESIAN_POINT('',(-0.32,-5.4,-3.));
#12545 = VECTOR('',#12546,1.);
#12546 = DIRECTION('',(0.,0.,1.));
#12547 = ORIENTED_EDGE('',*,*,#12548,.T.);
#12548 = EDGE_CURVE('',#12541,#12532,#12549,.T.);
#12549 = LINE('',#12550,#12551);
#12550 = CARTESIAN_POINT('',(-0.32,-5.4,8.38));
#12551 = VECTOR('',#12552,1.);
#12552 = DIRECTION('',(1.,0.,0.));
#12553 = PLANE('',#12554);
#12554 = AXIS2_PLACEMENT_3D('',#12555,#12556,#12557);
#12555 = CARTESIAN_POINT('',(-0.32,-5.4,-3.));
#12556 = DIRECTION('',(0.,1.,0.));
#12557 = DIRECTION('',(0.,-0.,1.));
#12558 = ADVANCED_FACE('',(#12559),#12577,.T.);
#12559 = FACE_BOUND('',#12560,.T.);
#12560 = EDGE_LOOP('',(#12561,#12562,#12563,#12571));
#12561 = ORIENTED_EDGE('',*,*,#12531,.F.);
#12562 = ORIENTED_EDGE('',*,*,#10701,.T.);
#12563 = ORIENTED_EDGE('',*,*,#12564,.T.);
#12564 = EDGE_CURVE('',#10694,#12565,#12567,.T.);
#12565 = VERTEX_POINT('',#12566);
#12566 = CARTESIAN_POINT('',(0.32,-4.76,8.38));
#12567 = LINE('',#12568,#12569);
#12568 = CARTESIAN_POINT('',(0.32,-4.76,-3.));
#12569 = VECTOR('',#12570,1.);
#12570 = DIRECTION('',(0.,0.,1.));
#12571 = ORIENTED_EDGE('',*,*,#12572,.F.);
#12572 = EDGE_CURVE('',#12532,#12565,#12573,.T.);
#12573 = LINE('',#12574,#12575);
#12574 = CARTESIAN_POINT('',(0.32,-5.4,8.38));
#12575 = VECTOR('',#12576,1.);
#12576 = DIRECTION('',(0.,1.,0.));
#12577 = PLANE('',#12578);
#12578 = AXIS2_PLACEMENT_3D('',#12579,#12580,#12581);
#12579 = CARTESIAN_POINT('',(0.32,-5.4,-3.));
#12580 = DIRECTION('',(1.,0.,0.));
#12581 = DIRECTION('',(0.,0.,1.));
#12582 = ADVANCED_FACE('',(#12583),#12601,.T.);
#12583 = FACE_BOUND('',#12584,.T.);
#12584 = EDGE_LOOP('',(#12585,#12586,#12587,#12595));
#12585 = ORIENTED_EDGE('',*,*,#12564,.F.);
#12586 = ORIENTED_EDGE('',*,*,#10693,.T.);
#12587 = ORIENTED_EDGE('',*,*,#12588,.T.);
#12588 = EDGE_CURVE('',#10686,#12589,#12591,.T.);
#12589 = VERTEX_POINT('',#12590);
#12590 = CARTESIAN_POINT('',(-0.32,-4.76,8.38));
#12591 = LINE('',#12592,#12593);
#12592 = CARTESIAN_POINT('',(-0.32,-4.76,-3.));
#12593 = VECTOR('',#12594,1.);
#12594 = DIRECTION('',(0.,0.,1.));
#12595 = ORIENTED_EDGE('',*,*,#12596,.T.);
#12596 = EDGE_CURVE('',#12589,#12565,#12597,.T.);
#12597 = LINE('',#12598,#12599);
#12598 = CARTESIAN_POINT('',(-0.32,-4.76,8.38));
#12599 = VECTOR('',#12600,1.);
#12600 = DIRECTION('',(1.,0.,0.));
#12601 = PLANE('',#12602);
#12602 = AXIS2_PLACEMENT_3D('',#12603,#12604,#12605);
#12603 = CARTESIAN_POINT('',(-0.32,-4.76,-3.));
#12604 = DIRECTION('',(0.,1.,0.));
#12605 = DIRECTION('',(0.,-0.,1.));
#12606 = ADVANCED_FACE('',(#12607),#12618,.F.);
#12607 = FACE_BOUND('',#12608,.F.);
#12608 = EDGE_LOOP('',(#12609,#12610,#12611,#12612));
#12609 = ORIENTED_EDGE('',*,*,#12540,.F.);
#12610 = ORIENTED_EDGE('',*,*,#10685,.T.);
#12611 = ORIENTED_EDGE('',*,*,#12588,.T.);
#12612 = ORIENTED_EDGE('',*,*,#12613,.F.);
#12613 = EDGE_CURVE('',#12541,#12589,#12614,.T.);
#12614 = LINE('',#12615,#12616);
#12615 = CARTESIAN_POINT('',(-0.32,-5.4,8.38));
#12616 = VECTOR('',#12617,1.);
#12617 = DIRECTION('',(0.,1.,0.));
#12618 = PLANE('',#12619);
#12619 = AXIS2_PLACEMENT_3D('',#12620,#12621,#12622);
#12620 = CARTESIAN_POINT('',(-0.32,-5.4,-3.));
#12621 = DIRECTION('',(1.,0.,0.));
#12622 = DIRECTION('',(0.,0.,1.));
#12623 = ADVANCED_FACE('',(#12624),#12649,.T.);
#12624 = FACE_BOUND('',#12625,.T.);
#12625 = EDGE_LOOP('',(#12626,#12634,#12635,#12643));
#12626 = ORIENTED_EDGE('',*,*,#12627,.F.);
#12627 = EDGE_CURVE('',#10710,#12628,#12630,.T.);
#12628 = VERTEX_POINT('',#12629);
#12629 = CARTESIAN_POINT('',(0.32,-7.94,8.38));
#12630 = LINE('',#12631,#12632);
#12631 = CARTESIAN_POINT('',(0.32,-7.94,-3.));
#12632 = VECTOR('',#12633,1.);
#12633 = DIRECTION('',(0.,0.,1.));
#12634 = ORIENTED_EDGE('',*,*,#10709,.T.);
#12635 = ORIENTED_EDGE('',*,*,#12636,.T.);
#12636 = EDGE_CURVE('',#10712,#12637,#12639,.T.);
#12637 = VERTEX_POINT('',#12638);
#12638 = CARTESIAN_POINT('',(0.32,-7.3,8.38));
#12639 = LINE('',#12640,#12641);
#12640 = CARTESIAN_POINT('',(0.32,-7.3,-3.));
#12641 = VECTOR('',#12642,1.);
#12642 = DIRECTION('',(0.,0.,1.));
#12643 = ORIENTED_EDGE('',*,*,#12644,.F.);
#12644 = EDGE_CURVE('',#12628,#12637,#12645,.T.);
#12645 = LINE('',#12646,#12647);
#12646 = CARTESIAN_POINT('',(0.32,-7.94,8.38));
#12647 = VECTOR('',#12648,1.);
#12648 = DIRECTION('',(0.,1.,0.));
#12649 = PLANE('',#12650);
#12650 = AXIS2_PLACEMENT_3D('',#12651,#12652,#12653);
#12651 = CARTESIAN_POINT('',(0.32,-7.94,-3.));
#12652 = DIRECTION('',(1.,0.,0.));
#12653 = DIRECTION('',(0.,0.,1.));
#12654 = ADVANCED_FACE('',(#12655),#12673,.T.);
#12655 = FACE_BOUND('',#12656,.T.);
#12656 = EDGE_LOOP('',(#12657,#12658,#12659,#12667));
#12657 = ORIENTED_EDGE('',*,*,#12636,.F.);
#12658 = ORIENTED_EDGE('',*,*,#10735,.T.);
#12659 = ORIENTED_EDGE('',*,*,#12660,.T.);
#12660 = EDGE_CURVE('',#10728,#12661,#12663,.T.);
#12661 = VERTEX_POINT('',#12662);
#12662 = CARTESIAN_POINT('',(-0.32,-7.3,8.38));
#12663 = LINE('',#12664,#12665);
#12664 = CARTESIAN_POINT('',(-0.32,-7.3,-3.));
#12665 = VECTOR('',#12666,1.);
#12666 = DIRECTION('',(0.,0.,1.));
#12667 = ORIENTED_EDGE('',*,*,#12668,.T.);
#12668 = EDGE_CURVE('',#12661,#12637,#12669,.T.);
#12669 = LINE('',#12670,#12671);
#12670 = CARTESIAN_POINT('',(-0.32,-7.3,8.38));
#12671 = VECTOR('',#12672,1.);
#12672 = DIRECTION('',(1.,0.,0.));
#12673 = PLANE('',#12674);
#12674 = AXIS2_PLACEMENT_3D('',#12675,#12676,#12677);
#12675 = CARTESIAN_POINT('',(-0.32,-7.3,-3.));
#12676 = DIRECTION('',(0.,1.,0.));
#12677 = DIRECTION('',(0.,-0.,1.));
#12678 = ADVANCED_FACE('',(#12679),#12697,.F.);
#12679 = FACE_BOUND('',#12680,.F.);
#12680 = EDGE_LOOP('',(#12681,#12689,#12690,#12691));
#12681 = ORIENTED_EDGE('',*,*,#12682,.F.);
#12682 = EDGE_CURVE('',#10720,#12683,#12685,.T.);
#12683 = VERTEX_POINT('',#12684);
#12684 = CARTESIAN_POINT('',(-0.32,-7.94,8.38));
#12685 = LINE('',#12686,#12687);
#12686 = CARTESIAN_POINT('',(-0.32,-7.94,-3.));
#12687 = VECTOR('',#12688,1.);
#12688 = DIRECTION('',(0.,0.,1.));
#12689 = ORIENTED_EDGE('',*,*,#10727,.T.);
#12690 = ORIENTED_EDGE('',*,*,#12660,.T.);
#12691 = ORIENTED_EDGE('',*,*,#12692,.F.);
#12692 = EDGE_CURVE('',#12683,#12661,#12693,.T.);
#12693 = LINE('',#12694,#12695);
#12694 = CARTESIAN_POINT('',(-0.32,-7.94,8.38));
#12695 = VECTOR('',#12696,1.);
#12696 = DIRECTION('',(0.,1.,0.));
#12697 = PLANE('',#12698);
#12698 = AXIS2_PLACEMENT_3D('',#12699,#12700,#12701);
#12699 = CARTESIAN_POINT('',(-0.32,-7.94,-3.));
#12700 = DIRECTION('',(1.,0.,0.));
#12701 = DIRECTION('',(0.,0.,1.));
#12702 = ADVANCED_FACE('',(#12703),#12714,.F.);
#12703 = FACE_BOUND('',#12704,.F.);
#12704 = EDGE_LOOP('',(#12705,#12706,#12707,#12708));
#12705 = ORIENTED_EDGE('',*,*,#12627,.F.);
#12706 = ORIENTED_EDGE('',*,*,#10719,.T.);
#12707 = ORIENTED_EDGE('',*,*,#12682,.T.);
#12708 = ORIENTED_EDGE('',*,*,#12709,.T.);
#12709 = EDGE_CURVE('',#12683,#12628,#12710,.T.);
#12710 = LINE('',#12711,#12712);
#12711 = CARTESIAN_POINT('',(-0.32,-7.94,8.38));
#12712 = VECTOR('',#12713,1.);
#12713 = DIRECTION('',(1.,0.,0.));
#12714 = PLANE('',#12715);
#12715 = AXIS2_PLACEMENT_3D('',#12716,#12717,#12718);
#12716 = CARTESIAN_POINT('',(-0.32,-7.94,-3.));
#12717 = DIRECTION('',(0.,1.,0.));
#12718 = DIRECTION('',(0.,-0.,1.));
#12719 = ADVANCED_FACE('',(#12720),#12745,.F.);
#12720 = FACE_BOUND('',#12721,.F.);
#12721 = EDGE_LOOP('',(#12722,#12730,#12731,#12739));
#12722 = ORIENTED_EDGE('',*,*,#12723,.F.);
#12723 = EDGE_CURVE('',#10744,#12724,#12726,.T.);
#12724 = VERTEX_POINT('',#12725);
#12725 = CARTESIAN_POINT('',(0.32,-0.32,8.38));
#12726 = LINE('',#12727,#12728);
#12727 = CARTESIAN_POINT('',(0.32,-0.32,-3.));
#12728 = VECTOR('',#12729,1.);
#12729 = DIRECTION('',(0.,0.,1.));
#12730 = ORIENTED_EDGE('',*,*,#10743,.T.);
#12731 = ORIENTED_EDGE('',*,*,#12732,.T.);
#12732 = EDGE_CURVE('',#10746,#12733,#12735,.T.);
#12733 = VERTEX_POINT('',#12734);
#12734 = CARTESIAN_POINT('',(-0.32,-0.32,8.38));
#12735 = LINE('',#12736,#12737);
#12736 = CARTESIAN_POINT('',(-0.32,-0.32,-3.));
#12737 = VECTOR('',#12738,1.);
#12738 = DIRECTION('',(0.,0.,1.));
#12739 = ORIENTED_EDGE('',*,*,#12740,.T.);
#12740 = EDGE_CURVE('',#12733,#12724,#12741,.T.);
#12741 = LINE('',#12742,#12743);
#12742 = CARTESIAN_POINT('',(-0.32,-0.32,8.38));
#12743 = VECTOR('',#12744,1.);
#12744 = DIRECTION('',(1.,0.,0.));
#12745 = PLANE('',#12746);
#12746 = AXIS2_PLACEMENT_3D('',#12747,#12748,#12749);
#12747 = CARTESIAN_POINT('',(-0.32,-0.32,-3.));
#12748 = DIRECTION('',(0.,1.,0.));
#12749 = DIRECTION('',(0.,-0.,1.));
#12750 = ADVANCED_FACE('',(#12751),#12769,.T.);
#12751 = FACE_BOUND('',#12752,.T.);
#12752 = EDGE_LOOP('',(#12753,#12754,#12755,#12763));
#12753 = ORIENTED_EDGE('',*,*,#12723,.F.);
#12754 = ORIENTED_EDGE('',*,*,#10769,.T.);
#12755 = ORIENTED_EDGE('',*,*,#12756,.T.);
#12756 = EDGE_CURVE('',#10762,#12757,#12759,.T.);
#12757 = VERTEX_POINT('',#12758);
#12758 = CARTESIAN_POINT('',(0.32,0.32,8.38));
#12759 = LINE('',#12760,#12761);
#12760 = CARTESIAN_POINT('',(0.32,0.32,-3.));
#12761 = VECTOR('',#12762,1.);
#12762 = DIRECTION('',(0.,0.,1.));
#12763 = ORIENTED_EDGE('',*,*,#12764,.F.);
#12764 = EDGE_CURVE('',#12724,#12757,#12765,.T.);
#12765 = LINE('',#12766,#12767);
#12766 = CARTESIAN_POINT('',(0.32,-0.32,8.38));
#12767 = VECTOR('',#12768,1.);
#12768 = DIRECTION('',(0.,1.,0.));
#12769 = PLANE('',#12770);
#12770 = AXIS2_PLACEMENT_3D('',#12771,#12772,#12773);
#12771 = CARTESIAN_POINT('',(0.32,-0.32,-3.));
#12772 = DIRECTION('',(1.,0.,0.));
#12773 = DIRECTION('',(0.,0.,1.));
#12774 = ADVANCED_FACE('',(#12775),#12793,.T.);
#12775 = FACE_BOUND('',#12776,.T.);
#12776 = EDGE_LOOP('',(#12777,#12778,#12779,#12787));
#12777 = ORIENTED_EDGE('',*,*,#12756,.F.);
#12778 = ORIENTED_EDGE('',*,*,#10761,.T.);
#12779 = ORIENTED_EDGE('',*,*,#12780,.T.);
#12780 = EDGE_CURVE('',#10754,#12781,#12783,.T.);
#12781 = VERTEX_POINT('',#12782);
#12782 = CARTESIAN_POINT('',(-0.32,0.32,8.38));
#12783 = LINE('',#12784,#12785);
#12784 = CARTESIAN_POINT('',(-0.32,0.32,-3.));
#12785 = VECTOR('',#12786,1.);
#12786 = DIRECTION('',(0.,0.,1.));
#12787 = ORIENTED_EDGE('',*,*,#12788,.T.);
#12788 = EDGE_CURVE('',#12781,#12757,#12789,.T.);
#12789 = LINE('',#12790,#12791);
#12790 = CARTESIAN_POINT('',(-0.32,0.32,8.38));
#12791 = VECTOR('',#12792,1.);
#12792 = DIRECTION('',(1.,0.,0.));
#12793 = PLANE('',#12794);
#12794 = AXIS2_PLACEMENT_3D('',#12795,#12796,#12797);
#12795 = CARTESIAN_POINT('',(-0.32,0.32,-3.));
#12796 = DIRECTION('',(0.,1.,0.));
#12797 = DIRECTION('',(0.,-0.,1.));
#12798 = ADVANCED_FACE('',(#12799),#12810,.F.);
#12799 = FACE_BOUND('',#12800,.F.);
#12800 = EDGE_LOOP('',(#12801,#12802,#12803,#12804));
#12801 = ORIENTED_EDGE('',*,*,#12732,.F.);
#12802 = ORIENTED_EDGE('',*,*,#10753,.T.);
#12803 = ORIENTED_EDGE('',*,*,#12780,.T.);
#12804 = ORIENTED_EDGE('',*,*,#12805,.F.);
#12805 = EDGE_CURVE('',#12733,#12781,#12806,.T.);
#12806 = LINE('',#12807,#12808);
#12807 = CARTESIAN_POINT('',(-0.32,-0.32,8.38));
#12808 = VECTOR('',#12809,1.);
#12809 = DIRECTION('',(0.,1.,0.));
#12810 = PLANE('',#12811);
#12811 = AXIS2_PLACEMENT_3D('',#12812,#12813,#12814);
#12812 = CARTESIAN_POINT('',(-0.32,-0.32,-3.));
#12813 = DIRECTION('',(1.,0.,0.));
#12814 = DIRECTION('',(0.,0.,1.));
#12815 = ADVANCED_FACE('',(#12816),#12841,.F.);
#12816 = FACE_BOUND('',#12817,.T.);
#12817 = EDGE_LOOP('',(#12818,#12826,#12827,#12835));
#12818 = ORIENTED_EDGE('',*,*,#12819,.F.);
#12819 = EDGE_CURVE('',#11484,#12820,#12822,.T.);
#12820 = VERTEX_POINT('',#12821);
#12821 = CARTESIAN_POINT('',(-0.16,-12.54,-3.));
#12822 = LINE('',#12823,#12824);
#12823 = CARTESIAN_POINT('',(-0.16,-12.54,-3.));
#12824 = VECTOR('',#12825,1.);
#12825 = DIRECTION('',(0.57735026919,-0.57735026919,-0.57735026919));
#12826 = ORIENTED_EDGE('',*,*,#11483,.T.);
#12827 = ORIENTED_EDGE('',*,*,#12828,.T.);
#12828 = EDGE_CURVE('',#11476,#12829,#12831,.T.);
#12829 = VERTEX_POINT('',#12830);
#12830 = CARTESIAN_POINT('',(0.16,-12.54,-3.));
#12831 = LINE('',#12832,#12833);
#12832 = CARTESIAN_POINT('',(5.333333333333E-02,-12.64666666666,
    -3.106666666667));
#12833 = VECTOR('',#12834,1.);
#12834 = DIRECTION('',(-0.57735026919,-0.57735026919,-0.57735026919));
#12835 = ORIENTED_EDGE('',*,*,#12836,.F.);
#12836 = EDGE_CURVE('',#12820,#12829,#12837,.T.);
#12837 = LINE('',#12838,#12839);
#12838 = CARTESIAN_POINT('',(-0.32,-12.54,-3.));
#12839 = VECTOR('',#12840,1.);
#12840 = DIRECTION('',(1.,0.,0.));
#12841 = PLANE('',#12842);
#12842 = AXIS2_PLACEMENT_3D('',#12843,#12844,#12845);
#12843 = CARTESIAN_POINT('',(-0.32,-12.46,-2.92));
#12844 = DIRECTION('',(-1.735167508357E-18,-0.707106781187,
    0.707106781187));
#12845 = DIRECTION('',(-1.,1.226948711654E-18,-1.226948711654E-18));
#12846 = ADVANCED_FACE('',(#12847),#12865,.T.);
#12847 = FACE_BOUND('',#12848,.T.);
#12848 = EDGE_LOOP('',(#12849,#12857,#12858,#12859));
#12849 = ORIENTED_EDGE('',*,*,#12850,.F.);
#12850 = EDGE_CURVE('',#11507,#12851,#12853,.T.);
#12851 = VERTEX_POINT('',#12852);
#12852 = CARTESIAN_POINT('',(-0.16,-12.86,-3.));
#12853 = LINE('',#12854,#12855);
#12854 = CARTESIAN_POINT('',(-0.266666666667,-12.96666666666,
    -2.893333333333));
#12855 = VECTOR('',#12856,1.);
#12856 = DIRECTION('',(0.57735026919,0.57735026919,-0.57735026919));
#12857 = ORIENTED_EDGE('',*,*,#11514,.T.);
#12858 = ORIENTED_EDGE('',*,*,#12819,.T.);
#12859 = ORIENTED_EDGE('',*,*,#12860,.F.);
#12860 = EDGE_CURVE('',#12851,#12820,#12861,.T.);
#12861 = LINE('',#12862,#12863);
#12862 = CARTESIAN_POINT('',(-0.16,-13.02,-3.));
#12863 = VECTOR('',#12864,1.);
#12864 = DIRECTION('',(0.,1.,0.));
#12865 = PLANE('',#12866);
#12866 = AXIS2_PLACEMENT_3D('',#12867,#12868,#12869);
#12867 = CARTESIAN_POINT('',(-0.24,-13.02,-2.92));
#12868 = DIRECTION('',(-0.707106781187,-1.735167508357E-18,
    -0.707106781187));
#12869 = DIRECTION('',(-1.226948711654E-18,1.,-1.226948711654E-18));
#12870 = ADVANCED_FACE('',(#12871),#12889,.T.);
#12871 = FACE_BOUND('',#12872,.F.);
#12872 = EDGE_LOOP('',(#12873,#12874,#12875,#12883));
#12873 = ORIENTED_EDGE('',*,*,#12850,.F.);
#12874 = ORIENTED_EDGE('',*,*,#11538,.T.);
#12875 = ORIENTED_EDGE('',*,*,#12876,.T.);
#12876 = EDGE_CURVE('',#11531,#12877,#12879,.T.);
#12877 = VERTEX_POINT('',#12878);
#12878 = CARTESIAN_POINT('',(0.16,-12.86,-3.));
#12879 = LINE('',#12880,#12881);
#12880 = CARTESIAN_POINT('',(0.16,-12.86,-3.));
#12881 = VECTOR('',#12882,1.);
#12882 = DIRECTION('',(-0.57735026919,0.57735026919,-0.57735026919));
#12883 = ORIENTED_EDGE('',*,*,#12884,.F.);
#12884 = EDGE_CURVE('',#12851,#12877,#12885,.T.);
#12885 = LINE('',#12886,#12887);
#12886 = CARTESIAN_POINT('',(-0.32,-12.86,-3.));
#12887 = VECTOR('',#12888,1.);
#12888 = DIRECTION('',(1.,0.,0.));
#12889 = PLANE('',#12890);
#12890 = AXIS2_PLACEMENT_3D('',#12891,#12892,#12893);
#12891 = CARTESIAN_POINT('',(-0.32,-12.94,-2.92));
#12892 = DIRECTION('',(1.735167508357E-18,-0.707106781187,
    -0.707106781187));
#12893 = DIRECTION('',(-1.,-1.226948711654E-18,-1.226948711654E-18));
#12894 = ADVANCED_FACE('',(#12895),#12906,.F.);
#12895 = FACE_BOUND('',#12896,.F.);
#12896 = EDGE_LOOP('',(#12897,#12898,#12899,#12900));
#12897 = ORIENTED_EDGE('',*,*,#12876,.F.);
#12898 = ORIENTED_EDGE('',*,*,#11555,.T.);
#12899 = ORIENTED_EDGE('',*,*,#12828,.T.);
#12900 = ORIENTED_EDGE('',*,*,#12901,.F.);
#12901 = EDGE_CURVE('',#12877,#12829,#12902,.T.);
#12902 = LINE('',#12903,#12904);
#12903 = CARTESIAN_POINT('',(0.16,-13.02,-3.));
#12904 = VECTOR('',#12905,1.);
#12905 = DIRECTION('',(0.,1.,0.));
#12906 = PLANE('',#12907);
#12907 = AXIS2_PLACEMENT_3D('',#12908,#12909,#12910);
#12908 = CARTESIAN_POINT('',(0.24,-13.02,-2.92));
#12909 = DIRECTION('',(-0.707106781187,1.735167508357E-18,0.707106781187
    ));
#12910 = DIRECTION('',(1.226948711654E-18,1.,-1.226948711654E-18));
#12911 = ADVANCED_FACE('',(#12912),#12937,.F.);
#12912 = FACE_BOUND('',#12913,.F.);
#12913 = EDGE_LOOP('',(#12914,#12922,#12923,#12931));
#12914 = ORIENTED_EDGE('',*,*,#12915,.F.);
#12915 = EDGE_CURVE('',#11572,#12916,#12918,.T.);
#12916 = VERTEX_POINT('',#12917);
#12917 = CARTESIAN_POINT('',(0.16,-15.4,-3.));
#12918 = LINE('',#12919,#12920);
#12919 = CARTESIAN_POINT('',(0.16,-15.4,-3.));
#12920 = VECTOR('',#12921,1.);
#12921 = DIRECTION('',(-0.57735026919,0.57735026919,-0.57735026919));
#12922 = ORIENTED_EDGE('',*,*,#11579,.T.);
#12923 = ORIENTED_EDGE('',*,*,#12924,.T.);
#12924 = EDGE_CURVE('',#11580,#12925,#12927,.T.);
#12925 = VERTEX_POINT('',#12926);
#12926 = CARTESIAN_POINT('',(0.16,-15.08,-3.));
#12927 = LINE('',#12928,#12929);
#12928 = CARTESIAN_POINT('',(5.333333333333E-02,-15.18666666666,
    -3.106666666667));
#12929 = VECTOR('',#12930,1.);
#12930 = DIRECTION('',(-0.57735026919,-0.57735026919,-0.57735026919));
#12931 = ORIENTED_EDGE('',*,*,#12932,.F.);
#12932 = EDGE_CURVE('',#12916,#12925,#12933,.T.);
#12933 = LINE('',#12934,#12935);
#12934 = CARTESIAN_POINT('',(0.16,-15.56,-3.));
#12935 = VECTOR('',#12936,1.);
#12936 = DIRECTION('',(0.,1.,0.));
#12937 = PLANE('',#12938);
#12938 = AXIS2_PLACEMENT_3D('',#12939,#12940,#12941);
#12939 = CARTESIAN_POINT('',(0.24,-15.56,-2.92));
#12940 = DIRECTION('',(-0.707106781187,1.735167508357E-18,0.707106781187
    ));
#12941 = DIRECTION('',(1.226948711654E-18,1.,-1.226948711654E-18));
#12942 = ADVANCED_FACE('',(#12943),#12961,.F.);
#12943 = FACE_BOUND('',#12944,.T.);
#12944 = EDGE_LOOP('',(#12945,#12953,#12954,#12955));
#12945 = ORIENTED_EDGE('',*,*,#12946,.F.);
#12946 = EDGE_CURVE('',#11604,#12947,#12949,.T.);
#12947 = VERTEX_POINT('',#12948);
#12948 = CARTESIAN_POINT('',(-0.16,-15.08,-3.));
#12949 = LINE('',#12950,#12951);
#12950 = CARTESIAN_POINT('',(-0.16,-15.08,-3.));
#12951 = VECTOR('',#12952,1.);
#12952 = DIRECTION('',(0.57735026919,-0.57735026919,-0.57735026919));
#12953 = ORIENTED_EDGE('',*,*,#11603,.T.);
#12954 = ORIENTED_EDGE('',*,*,#12924,.T.);
#12955 = ORIENTED_EDGE('',*,*,#12956,.F.);
#12956 = EDGE_CURVE('',#12947,#12925,#12957,.T.);
#12957 = LINE('',#12958,#12959);
#12958 = CARTESIAN_POINT('',(-0.32,-15.08,-3.));
#12959 = VECTOR('',#12960,1.);
#12960 = DIRECTION('',(1.,0.,0.));
#12961 = PLANE('',#12962);
#12962 = AXIS2_PLACEMENT_3D('',#12963,#12964,#12965);
#12963 = CARTESIAN_POINT('',(-0.32,-15.,-2.92));
#12964 = DIRECTION('',(-1.735167508357E-18,-0.707106781187,
    0.707106781187));
#12965 = DIRECTION('',(-1.,1.226948711654E-18,-1.226948711654E-18));
#12966 = ADVANCED_FACE('',(#12967),#12985,.T.);
#12967 = FACE_BOUND('',#12968,.T.);
#12968 = EDGE_LOOP('',(#12969,#12977,#12978,#12979));
#12969 = ORIENTED_EDGE('',*,*,#12970,.F.);
#12970 = EDGE_CURVE('',#11627,#12971,#12973,.T.);
#12971 = VERTEX_POINT('',#12972);
#12972 = CARTESIAN_POINT('',(-0.16,-15.4,-3.));
#12973 = LINE('',#12974,#12975);
#12974 = CARTESIAN_POINT('',(-0.266666666667,-15.50666666666,
    -2.893333333333));
#12975 = VECTOR('',#12976,1.);
#12976 = DIRECTION('',(0.57735026919,0.57735026919,-0.57735026919));
#12977 = ORIENTED_EDGE('',*,*,#11634,.T.);
#12978 = ORIENTED_EDGE('',*,*,#12946,.T.);
#12979 = ORIENTED_EDGE('',*,*,#12980,.F.);
#12980 = EDGE_CURVE('',#12971,#12947,#12981,.T.);
#12981 = LINE('',#12982,#12983);
#12982 = CARTESIAN_POINT('',(-0.16,-15.56,-3.));
#12983 = VECTOR('',#12984,1.);
#12984 = DIRECTION('',(0.,1.,0.));
#12985 = PLANE('',#12986);
#12986 = AXIS2_PLACEMENT_3D('',#12987,#12988,#12989);
#12987 = CARTESIAN_POINT('',(-0.24,-15.56,-2.92));
#12988 = DIRECTION('',(-0.707106781187,-1.735167508357E-18,
    -0.707106781187));
#12989 = DIRECTION('',(-1.226948711654E-18,1.,-1.226948711654E-18));
#12990 = ADVANCED_FACE('',(#12991),#13002,.T.);
#12991 = FACE_BOUND('',#12992,.F.);
#12992 = EDGE_LOOP('',(#12993,#12994,#12995,#12996));
#12993 = ORIENTED_EDGE('',*,*,#12970,.F.);
#12994 = ORIENTED_EDGE('',*,*,#11651,.T.);
#12995 = ORIENTED_EDGE('',*,*,#12915,.T.);
#12996 = ORIENTED_EDGE('',*,*,#12997,.F.);
#12997 = EDGE_CURVE('',#12971,#12916,#12998,.T.);
#12998 = LINE('',#12999,#13000);
#12999 = CARTESIAN_POINT('',(-0.32,-15.4,-3.));
#13000 = VECTOR('',#13001,1.);
#13001 = DIRECTION('',(1.,0.,0.));
#13002 = PLANE('',#13003);
#13003 = AXIS2_PLACEMENT_3D('',#13004,#13005,#13006);
#13004 = CARTESIAN_POINT('',(-0.32,-15.48,-2.92));
#13005 = DIRECTION('',(1.735167508357E-18,-0.707106781187,
    -0.707106781187));
#13006 = DIRECTION('',(-1.,-1.226948711654E-18,-1.226948711654E-18));
#13007 = ADVANCED_FACE('',(#13008),#13033,.F.);
#13008 = FACE_BOUND('',#13009,.T.);
#13009 = EDGE_LOOP('',(#13010,#13018,#13019,#13027));
#13010 = ORIENTED_EDGE('',*,*,#13011,.F.);
#13011 = EDGE_CURVE('',#11676,#13012,#13014,.T.);
#13012 = VERTEX_POINT('',#13013);
#13013 = CARTESIAN_POINT('',(-0.16,-10.,-3.));
#13014 = LINE('',#13015,#13016);
#13015 = CARTESIAN_POINT('',(-0.16,-10.,-3.));
#13016 = VECTOR('',#13017,1.);
#13017 = DIRECTION('',(0.57735026919,-0.57735026919,-0.57735026919));
#13018 = ORIENTED_EDGE('',*,*,#11675,.T.);
#13019 = ORIENTED_EDGE('',*,*,#13020,.T.);
#13020 = EDGE_CURVE('',#11668,#13021,#13023,.T.);
#13021 = VERTEX_POINT('',#13022);
#13022 = CARTESIAN_POINT('',(0.16,-10.,-3.));
#13023 = LINE('',#13024,#13025);
#13024 = CARTESIAN_POINT('',(5.333333333333E-02,-10.10666666666,
    -3.106666666667));
#13025 = VECTOR('',#13026,1.);
#13026 = DIRECTION('',(-0.57735026919,-0.57735026919,-0.57735026919));
#13027 = ORIENTED_EDGE('',*,*,#13028,.F.);
#13028 = EDGE_CURVE('',#13012,#13021,#13029,.T.);
#13029 = LINE('',#13030,#13031);
#13030 = CARTESIAN_POINT('',(-0.32,-10.,-3.));
#13031 = VECTOR('',#13032,1.);
#13032 = DIRECTION('',(1.,0.,0.));
#13033 = PLANE('',#13034);
#13034 = AXIS2_PLACEMENT_3D('',#13035,#13036,#13037);
#13035 = CARTESIAN_POINT('',(-0.32,-9.92,-2.92));
#13036 = DIRECTION('',(-1.735167508357E-18,-0.707106781187,
    0.707106781187));
#13037 = DIRECTION('',(-1.,1.226948711654E-18,-1.226948711654E-18));
#13038 = ADVANCED_FACE('',(#13039),#13057,.T.);
#13039 = FACE_BOUND('',#13040,.T.);
#13040 = EDGE_LOOP('',(#13041,#13049,#13050,#13051));
#13041 = ORIENTED_EDGE('',*,*,#13042,.F.);
#13042 = EDGE_CURVE('',#11699,#13043,#13045,.T.);
#13043 = VERTEX_POINT('',#13044);
#13044 = CARTESIAN_POINT('',(-0.16,-10.32,-3.));
#13045 = LINE('',#13046,#13047);
#13046 = CARTESIAN_POINT('',(-0.266666666667,-10.42666666666,
    -2.893333333333));
#13047 = VECTOR('',#13048,1.);
#13048 = DIRECTION('',(0.57735026919,0.57735026919,-0.57735026919));
#13049 = ORIENTED_EDGE('',*,*,#11706,.T.);
#13050 = ORIENTED_EDGE('',*,*,#13011,.T.);
#13051 = ORIENTED_EDGE('',*,*,#13052,.F.);
#13052 = EDGE_CURVE('',#13043,#13012,#13053,.T.);
#13053 = LINE('',#13054,#13055);
#13054 = CARTESIAN_POINT('',(-0.16,-10.48,-3.));
#13055 = VECTOR('',#13056,1.);
#13056 = DIRECTION('',(0.,1.,0.));
#13057 = PLANE('',#13058);
#13058 = AXIS2_PLACEMENT_3D('',#13059,#13060,#13061);
#13059 = CARTESIAN_POINT('',(-0.24,-10.48,-2.92));
#13060 = DIRECTION('',(-0.707106781187,-1.735167508357E-18,
    -0.707106781187));
#13061 = DIRECTION('',(-1.226948711654E-18,1.,-1.226948711654E-18));
#13062 = ADVANCED_FACE('',(#13063),#13081,.T.);
#13063 = FACE_BOUND('',#13064,.F.);
#13064 = EDGE_LOOP('',(#13065,#13066,#13067,#13075));
#13065 = ORIENTED_EDGE('',*,*,#13042,.F.);
#13066 = ORIENTED_EDGE('',*,*,#11730,.T.);
#13067 = ORIENTED_EDGE('',*,*,#13068,.T.);
#13068 = EDGE_CURVE('',#11723,#13069,#13071,.T.);
#13069 = VERTEX_POINT('',#13070);
#13070 = CARTESIAN_POINT('',(0.16,-10.32,-3.));
#13071 = LINE('',#13072,#13073);
#13072 = CARTESIAN_POINT('',(0.16,-10.32,-3.));
#13073 = VECTOR('',#13074,1.);
#13074 = DIRECTION('',(-0.57735026919,0.57735026919,-0.57735026919));
#13075 = ORIENTED_EDGE('',*,*,#13076,.F.);
#13076 = EDGE_CURVE('',#13043,#13069,#13077,.T.);
#13077 = LINE('',#13078,#13079);
#13078 = CARTESIAN_POINT('',(-0.32,-10.32,-3.));
#13079 = VECTOR('',#13080,1.);
#13080 = DIRECTION('',(1.,0.,0.));
#13081 = PLANE('',#13082);
#13082 = AXIS2_PLACEMENT_3D('',#13083,#13084,#13085);
#13083 = CARTESIAN_POINT('',(-0.32,-10.4,-2.92));
#13084 = DIRECTION('',(1.735167508357E-18,-0.707106781187,
    -0.707106781187));
#13085 = DIRECTION('',(-1.,-1.226948711654E-18,-1.226948711654E-18));
#13086 = ADVANCED_FACE('',(#13087),#13098,.F.);
#13087 = FACE_BOUND('',#13088,.F.);
#13088 = EDGE_LOOP('',(#13089,#13090,#13091,#13092));
#13089 = ORIENTED_EDGE('',*,*,#13068,.F.);
#13090 = ORIENTED_EDGE('',*,*,#11747,.T.);
#13091 = ORIENTED_EDGE('',*,*,#13020,.T.);
#13092 = ORIENTED_EDGE('',*,*,#13093,.F.);
#13093 = EDGE_CURVE('',#13069,#13021,#13094,.T.);
#13094 = LINE('',#13095,#13096);
#13095 = CARTESIAN_POINT('',(0.16,-10.48,-3.));
#13096 = VECTOR('',#13097,1.);
#13097 = DIRECTION('',(0.,1.,0.));
#13098 = PLANE('',#13099);
#13099 = AXIS2_PLACEMENT_3D('',#13100,#13101,#13102);
#13100 = CARTESIAN_POINT('',(0.24,-10.48,-2.92));
#13101 = DIRECTION('',(-0.707106781187,1.735167508357E-18,0.707106781187
    ));
#13102 = DIRECTION('',(1.226948711654E-18,1.,-1.226948711654E-18));
#13103 = ADVANCED_FACE('',(#13104),#13129,.F.);
#13104 = FACE_BOUND('',#13105,.F.);
#13105 = EDGE_LOOP('',(#13106,#13114,#13115,#13123));
#13106 = ORIENTED_EDGE('',*,*,#13107,.F.);
#13107 = EDGE_CURVE('',#11764,#13108,#13110,.T.);
#13108 = VERTEX_POINT('',#13109);
#13109 = CARTESIAN_POINT('',(0.16,-2.7,-3.));
#13110 = LINE('',#13111,#13112);
#13111 = CARTESIAN_POINT('',(0.16,-2.7,-3.));
#13112 = VECTOR('',#13113,1.);
#13113 = DIRECTION('',(-0.57735026919,0.57735026919,-0.57735026919));
#13114 = ORIENTED_EDGE('',*,*,#11771,.T.);
#13115 = ORIENTED_EDGE('',*,*,#13116,.T.);
#13116 = EDGE_CURVE('',#11772,#13117,#13119,.T.);
#13117 = VERTEX_POINT('',#13118);
#13118 = CARTESIAN_POINT('',(0.16,-2.38,-3.));
#13119 = LINE('',#13120,#13121);
#13120 = CARTESIAN_POINT('',(5.333333333333E-02,-2.486666666667,
    -3.106666666667));
#13121 = VECTOR('',#13122,1.);
#13122 = DIRECTION('',(-0.57735026919,-0.57735026919,-0.57735026919));
#13123 = ORIENTED_EDGE('',*,*,#13124,.F.);
#13124 = EDGE_CURVE('',#13108,#13117,#13125,.T.);
#13125 = LINE('',#13126,#13127);
#13126 = CARTESIAN_POINT('',(0.16,-2.86,-3.));
#13127 = VECTOR('',#13128,1.);
#13128 = DIRECTION('',(0.,1.,0.));
#13129 = PLANE('',#13130);
#13130 = AXIS2_PLACEMENT_3D('',#13131,#13132,#13133);
#13131 = CARTESIAN_POINT('',(0.24,-2.86,-2.92));
#13132 = DIRECTION('',(-0.707106781187,1.735167508357E-18,0.707106781187
    ));
#13133 = DIRECTION('',(1.226948711654E-18,1.,-1.226948711654E-18));
#13134 = ADVANCED_FACE('',(#13135),#13153,.F.);
#13135 = FACE_BOUND('',#13136,.T.);
#13136 = EDGE_LOOP('',(#13137,#13145,#13146,#13147));
#13137 = ORIENTED_EDGE('',*,*,#13138,.F.);
#13138 = EDGE_CURVE('',#11796,#13139,#13141,.T.);
#13139 = VERTEX_POINT('',#13140);
#13140 = CARTESIAN_POINT('',(-0.16,-2.38,-3.));
#13141 = LINE('',#13142,#13143);
#13142 = CARTESIAN_POINT('',(-0.16,-2.38,-3.));
#13143 = VECTOR('',#13144,1.);
#13144 = DIRECTION('',(0.57735026919,-0.57735026919,-0.57735026919));
#13145 = ORIENTED_EDGE('',*,*,#11795,.T.);
#13146 = ORIENTED_EDGE('',*,*,#13116,.T.);
#13147 = ORIENTED_EDGE('',*,*,#13148,.F.);
#13148 = EDGE_CURVE('',#13139,#13117,#13149,.T.);
#13149 = LINE('',#13150,#13151);
#13150 = CARTESIAN_POINT('',(-0.32,-2.38,-3.));
#13151 = VECTOR('',#13152,1.);
#13152 = DIRECTION('',(1.,0.,0.));
#13153 = PLANE('',#13154);
#13154 = AXIS2_PLACEMENT_3D('',#13155,#13156,#13157);
#13155 = CARTESIAN_POINT('',(-0.32,-2.3,-2.92));
#13156 = DIRECTION('',(-1.735167508357E-18,-0.707106781187,
    0.707106781187));
#13157 = DIRECTION('',(-1.,1.226948711654E-18,-1.226948711654E-18));
#13158 = ADVANCED_FACE('',(#13159),#13177,.T.);
#13159 = FACE_BOUND('',#13160,.T.);
#13160 = EDGE_LOOP('',(#13161,#13169,#13170,#13171));
#13161 = ORIENTED_EDGE('',*,*,#13162,.F.);
#13162 = EDGE_CURVE('',#11819,#13163,#13165,.T.);
#13163 = VERTEX_POINT('',#13164);
#13164 = CARTESIAN_POINT('',(-0.16,-2.7,-3.));
#13165 = LINE('',#13166,#13167);
#13166 = CARTESIAN_POINT('',(-0.266666666667,-2.806666666667,
    -2.893333333333));
#13167 = VECTOR('',#13168,1.);
#13168 = DIRECTION('',(0.57735026919,0.57735026919,-0.57735026919));
#13169 = ORIENTED_EDGE('',*,*,#11826,.T.);
#13170 = ORIENTED_EDGE('',*,*,#13138,.T.);
#13171 = ORIENTED_EDGE('',*,*,#13172,.F.);
#13172 = EDGE_CURVE('',#13163,#13139,#13173,.T.);
#13173 = LINE('',#13174,#13175);
#13174 = CARTESIAN_POINT('',(-0.16,-2.86,-3.));
#13175 = VECTOR('',#13176,1.);
#13176 = DIRECTION('',(0.,1.,0.));
#13177 = PLANE('',#13178);
#13178 = AXIS2_PLACEMENT_3D('',#13179,#13180,#13181);
#13179 = CARTESIAN_POINT('',(-0.24,-2.86,-2.92));
#13180 = DIRECTION('',(-0.707106781187,-1.735167508357E-18,
    -0.707106781187));
#13181 = DIRECTION('',(-1.226948711654E-18,1.,-1.226948711654E-18));
#13182 = ADVANCED_FACE('',(#13183),#13194,.T.);
#13183 = FACE_BOUND('',#13184,.F.);
#13184 = EDGE_LOOP('',(#13185,#13186,#13187,#13188));
#13185 = ORIENTED_EDGE('',*,*,#13162,.F.);
#13186 = ORIENTED_EDGE('',*,*,#11843,.T.);
#13187 = ORIENTED_EDGE('',*,*,#13107,.T.);
#13188 = ORIENTED_EDGE('',*,*,#13189,.F.);
#13189 = EDGE_CURVE('',#13163,#13108,#13190,.T.);
#13190 = LINE('',#13191,#13192);
#13191 = CARTESIAN_POINT('',(-0.32,-2.7,-3.));
#13192 = VECTOR('',#13193,1.);
#13193 = DIRECTION('',(1.,0.,0.));
#13194 = PLANE('',#13195);
#13195 = AXIS2_PLACEMENT_3D('',#13196,#13197,#13198);
#13196 = CARTESIAN_POINT('',(-0.32,-2.78,-2.92));
#13197 = DIRECTION('',(1.735167508357E-18,-0.707106781187,
    -0.707106781187));
#13198 = DIRECTION('',(-1.,-1.226948711654E-18,-1.226948711654E-18));
#13199 = ADVANCED_FACE('',(#13200),#13225,.T.);
#13200 = FACE_BOUND('',#13201,.F.);
#13201 = EDGE_LOOP('',(#13202,#13210,#13211,#13219));
#13202 = ORIENTED_EDGE('',*,*,#13203,.F.);
#13203 = EDGE_CURVE('',#11868,#13204,#13206,.T.);
#13204 = VERTEX_POINT('',#13205);
#13205 = CARTESIAN_POINT('',(-0.16,-5.24,-3.));
#13206 = LINE('',#13207,#13208);
#13207 = CARTESIAN_POINT('',(-0.266666666667,-5.346666666667,
    -2.893333333333));
#13208 = VECTOR('',#13209,1.);
#13209 = DIRECTION('',(0.57735026919,0.57735026919,-0.57735026919));
#13210 = ORIENTED_EDGE('',*,*,#11867,.T.);
#13211 = ORIENTED_EDGE('',*,*,#13212,.T.);
#13212 = EDGE_CURVE('',#11860,#13213,#13215,.T.);
#13213 = VERTEX_POINT('',#13214);
#13214 = CARTESIAN_POINT('',(0.16,-5.24,-3.));
#13215 = LINE('',#13216,#13217);
#13216 = CARTESIAN_POINT('',(0.16,-5.24,-3.));
#13217 = VECTOR('',#13218,1.);
#13218 = DIRECTION('',(-0.57735026919,0.57735026919,-0.57735026919));
#13219 = ORIENTED_EDGE('',*,*,#13220,.F.);
#13220 = EDGE_CURVE('',#13204,#13213,#13221,.T.);
#13221 = LINE('',#13222,#13223);
#13222 = CARTESIAN_POINT('',(-0.32,-5.24,-3.));
#13223 = VECTOR('',#13224,1.);
#13224 = DIRECTION('',(1.,0.,0.));
#13225 = PLANE('',#13226);
#13226 = AXIS2_PLACEMENT_3D('',#13227,#13228,#13229);
#13227 = CARTESIAN_POINT('',(-0.32,-5.32,-2.92));
#13228 = DIRECTION('',(1.735167508357E-18,-0.707106781187,
    -0.707106781187));
#13229 = DIRECTION('',(-1.,-1.226948711654E-18,-1.226948711654E-18));
#13230 = ADVANCED_FACE('',(#13231),#13249,.F.);
#13231 = FACE_BOUND('',#13232,.F.);
#13232 = EDGE_LOOP('',(#13233,#13234,#13235,#13243));
#13233 = ORIENTED_EDGE('',*,*,#13212,.F.);
#13234 = ORIENTED_EDGE('',*,*,#11891,.T.);
#13235 = ORIENTED_EDGE('',*,*,#13236,.T.);
#13236 = EDGE_CURVE('',#11892,#13237,#13239,.T.);
#13237 = VERTEX_POINT('',#13238);
#13238 = CARTESIAN_POINT('',(0.16,-4.92,-3.));
#13239 = LINE('',#13240,#13241);
#13240 = CARTESIAN_POINT('',(5.333333333333E-02,-5.026666666667,
    -3.106666666667));
#13241 = VECTOR('',#13242,1.);
#13242 = DIRECTION('',(-0.57735026919,-0.57735026919,-0.57735026919));
#13243 = ORIENTED_EDGE('',*,*,#13244,.F.);
#13244 = EDGE_CURVE('',#13213,#13237,#13245,.T.);
#13245 = LINE('',#13246,#13247);
#13246 = CARTESIAN_POINT('',(0.16,-5.4,-3.));
#13247 = VECTOR('',#13248,1.);
#13248 = DIRECTION('',(0.,1.,0.));
#13249 = PLANE('',#13250);
#13250 = AXIS2_PLACEMENT_3D('',#13251,#13252,#13253);
#13251 = CARTESIAN_POINT('',(0.24,-5.4,-2.92));
#13252 = DIRECTION('',(-0.707106781187,1.735167508357E-18,0.707106781187
    ));
#13253 = DIRECTION('',(1.226948711654E-18,1.,-1.226948711654E-18));
#13254 = ADVANCED_FACE('',(#13255),#13273,.F.);
#13255 = FACE_BOUND('',#13256,.T.);
#13256 = EDGE_LOOP('',(#13257,#13265,#13266,#13267));
#13257 = ORIENTED_EDGE('',*,*,#13258,.F.);
#13258 = EDGE_CURVE('',#11916,#13259,#13261,.T.);
#13259 = VERTEX_POINT('',#13260);
#13260 = CARTESIAN_POINT('',(-0.16,-4.92,-3.));
#13261 = LINE('',#13262,#13263);
#13262 = CARTESIAN_POINT('',(-0.16,-4.92,-3.));
#13263 = VECTOR('',#13264,1.);
#13264 = DIRECTION('',(0.57735026919,-0.57735026919,-0.57735026919));
#13265 = ORIENTED_EDGE('',*,*,#11915,.T.);
#13266 = ORIENTED_EDGE('',*,*,#13236,.T.);
#13267 = ORIENTED_EDGE('',*,*,#13268,.F.);
#13268 = EDGE_CURVE('',#13259,#13237,#13269,.T.);
#13269 = LINE('',#13270,#13271);
#13270 = CARTESIAN_POINT('',(-0.32,-4.92,-3.));
#13271 = VECTOR('',#13272,1.);
#13272 = DIRECTION('',(1.,0.,0.));
#13273 = PLANE('',#13274);
#13274 = AXIS2_PLACEMENT_3D('',#13275,#13276,#13277);
#13275 = CARTESIAN_POINT('',(-0.32,-4.84,-2.92));
#13276 = DIRECTION('',(-1.735167508357E-18,-0.707106781187,
    0.707106781187));
#13277 = DIRECTION('',(-1.,1.226948711654E-18,-1.226948711654E-18));
#13278 = ADVANCED_FACE('',(#13279),#13290,.T.);
#13279 = FACE_BOUND('',#13280,.T.);
#13280 = EDGE_LOOP('',(#13281,#13282,#13283,#13284));
#13281 = ORIENTED_EDGE('',*,*,#13203,.F.);
#13282 = ORIENTED_EDGE('',*,*,#11939,.T.);
#13283 = ORIENTED_EDGE('',*,*,#13258,.T.);
#13284 = ORIENTED_EDGE('',*,*,#13285,.F.);
#13285 = EDGE_CURVE('',#13204,#13259,#13286,.T.);
#13286 = LINE('',#13287,#13288);
#13287 = CARTESIAN_POINT('',(-0.16,-5.4,-3.));
#13288 = VECTOR('',#13289,1.);
#13289 = DIRECTION('',(0.,1.,0.));
#13290 = PLANE('',#13291);
#13291 = AXIS2_PLACEMENT_3D('',#13292,#13293,#13294);
#13292 = CARTESIAN_POINT('',(-0.24,-5.4,-2.92));
#13293 = DIRECTION('',(-0.707106781187,-1.735167508357E-18,
    -0.707106781187));
#13294 = DIRECTION('',(-1.226948711654E-18,1.,-1.226948711654E-18));
#13295 = ADVANCED_FACE('',(#13296),#13321,.F.);
#13296 = FACE_BOUND('',#13297,.F.);
#13297 = EDGE_LOOP('',(#13298,#13306,#13307,#13315));
#13298 = ORIENTED_EDGE('',*,*,#13299,.F.);
#13299 = EDGE_CURVE('',#11956,#13300,#13302,.T.);
#13300 = VERTEX_POINT('',#13301);
#13301 = CARTESIAN_POINT('',(0.16,-7.78,-3.));
#13302 = LINE('',#13303,#13304);
#13303 = CARTESIAN_POINT('',(0.16,-7.78,-3.));
#13304 = VECTOR('',#13305,1.);
#13305 = DIRECTION('',(-0.57735026919,0.57735026919,-0.57735026919));
#13306 = ORIENTED_EDGE('',*,*,#11963,.T.);
#13307 = ORIENTED_EDGE('',*,*,#13308,.T.);
#13308 = EDGE_CURVE('',#11964,#13309,#13311,.T.);
#13309 = VERTEX_POINT('',#13310);
#13310 = CARTESIAN_POINT('',(0.16,-7.46,-3.));
#13311 = LINE('',#13312,#13313);
#13312 = CARTESIAN_POINT('',(5.333333333333E-02,-7.566666666667,
    -3.106666666667));
#13313 = VECTOR('',#13314,1.);
#13314 = DIRECTION('',(-0.57735026919,-0.57735026919,-0.57735026919));
#13315 = ORIENTED_EDGE('',*,*,#13316,.F.);
#13316 = EDGE_CURVE('',#13300,#13309,#13317,.T.);
#13317 = LINE('',#13318,#13319);
#13318 = CARTESIAN_POINT('',(0.16,-7.94,-3.));
#13319 = VECTOR('',#13320,1.);
#13320 = DIRECTION('',(0.,1.,0.));
#13321 = PLANE('',#13322);
#13322 = AXIS2_PLACEMENT_3D('',#13323,#13324,#13325);
#13323 = CARTESIAN_POINT('',(0.24,-7.94,-2.92));
#13324 = DIRECTION('',(-0.707106781187,1.735167508357E-18,0.707106781187
    ));
#13325 = DIRECTION('',(1.226948711654E-18,1.,-1.226948711654E-18));
#13326 = ADVANCED_FACE('',(#13327),#13345,.F.);
#13327 = FACE_BOUND('',#13328,.T.);
#13328 = EDGE_LOOP('',(#13329,#13337,#13338,#13339));
#13329 = ORIENTED_EDGE('',*,*,#13330,.F.);
#13330 = EDGE_CURVE('',#11988,#13331,#13333,.T.);
#13331 = VERTEX_POINT('',#13332);
#13332 = CARTESIAN_POINT('',(-0.16,-7.46,-3.));
#13333 = LINE('',#13334,#13335);
#13334 = CARTESIAN_POINT('',(-0.16,-7.46,-3.));
#13335 = VECTOR('',#13336,1.);
#13336 = DIRECTION('',(0.57735026919,-0.57735026919,-0.57735026919));
#13337 = ORIENTED_EDGE('',*,*,#11987,.T.);
#13338 = ORIENTED_EDGE('',*,*,#13308,.T.);
#13339 = ORIENTED_EDGE('',*,*,#13340,.F.);
#13340 = EDGE_CURVE('',#13331,#13309,#13341,.T.);
#13341 = LINE('',#13342,#13343);
#13342 = CARTESIAN_POINT('',(-0.32,-7.46,-3.));
#13343 = VECTOR('',#13344,1.);
#13344 = DIRECTION('',(1.,0.,0.));
#13345 = PLANE('',#13346);
#13346 = AXIS2_PLACEMENT_3D('',#13347,#13348,#13349);
#13347 = CARTESIAN_POINT('',(-0.32,-7.38,-2.92));
#13348 = DIRECTION('',(-1.735167508357E-18,-0.707106781187,
    0.707106781187));
#13349 = DIRECTION('',(-1.,1.226948711654E-18,-1.226948711654E-18));
#13350 = ADVANCED_FACE('',(#13351),#13369,.T.);
#13351 = FACE_BOUND('',#13352,.T.);
#13352 = EDGE_LOOP('',(#13353,#13361,#13362,#13363));
#13353 = ORIENTED_EDGE('',*,*,#13354,.F.);
#13354 = EDGE_CURVE('',#12011,#13355,#13357,.T.);
#13355 = VERTEX_POINT('',#13356);
#13356 = CARTESIAN_POINT('',(-0.16,-7.78,-3.));
#13357 = LINE('',#13358,#13359);
#13358 = CARTESIAN_POINT('',(-0.266666666667,-7.886666666667,
    -2.893333333333));
#13359 = VECTOR('',#13360,1.);
#13360 = DIRECTION('',(0.57735026919,0.57735026919,-0.57735026919));
#13361 = ORIENTED_EDGE('',*,*,#12018,.T.);
#13362 = ORIENTED_EDGE('',*,*,#13330,.T.);
#13363 = ORIENTED_EDGE('',*,*,#13364,.F.);
#13364 = EDGE_CURVE('',#13355,#13331,#13365,.T.);
#13365 = LINE('',#13366,#13367);
#13366 = CARTESIAN_POINT('',(-0.16,-7.94,-3.));
#13367 = VECTOR('',#13368,1.);
#13368 = DIRECTION('',(0.,1.,0.));
#13369 = PLANE('',#13370);
#13370 = AXIS2_PLACEMENT_3D('',#13371,#13372,#13373);
#13371 = CARTESIAN_POINT('',(-0.24,-7.94,-2.92));
#13372 = DIRECTION('',(-0.707106781187,-1.735167508357E-18,
    -0.707106781187));
#13373 = DIRECTION('',(-1.226948711654E-18,1.,-1.226948711654E-18));
#13374 = ADVANCED_FACE('',(#13375),#13386,.T.);
#13375 = FACE_BOUND('',#13376,.F.);
#13376 = EDGE_LOOP('',(#13377,#13378,#13379,#13380));
#13377 = ORIENTED_EDGE('',*,*,#13354,.F.);
#13378 = ORIENTED_EDGE('',*,*,#12035,.T.);
#13379 = ORIENTED_EDGE('',*,*,#13299,.T.);
#13380 = ORIENTED_EDGE('',*,*,#13381,.F.);
#13381 = EDGE_CURVE('',#13355,#13300,#13382,.T.);
#13382 = LINE('',#13383,#13384);
#13383 = CARTESIAN_POINT('',(-0.32,-7.78,-3.));
#13384 = VECTOR('',#13385,1.);
#13385 = DIRECTION('',(1.,0.,0.));
#13386 = PLANE('',#13387);
#13387 = AXIS2_PLACEMENT_3D('',#13388,#13389,#13390);
#13388 = CARTESIAN_POINT('',(-0.32,-7.86,-2.92));
#13389 = DIRECTION('',(1.735167508357E-18,-0.707106781187,
    -0.707106781187));
#13390 = DIRECTION('',(-1.,-1.226948711654E-18,-1.226948711654E-18));
#13391 = ADVANCED_FACE('',(#13392),#13417,.T.);
#13392 = FACE_BOUND('',#13393,.F.);
#13393 = EDGE_LOOP('',(#13394,#13402,#13403,#13411));
#13394 = ORIENTED_EDGE('',*,*,#13395,.F.);
#13395 = EDGE_CURVE('',#12060,#13396,#13398,.T.);
#13396 = VERTEX_POINT('',#13397);
#13397 = CARTESIAN_POINT('',(-0.16,-0.16,-3.));
#13398 = LINE('',#13399,#13400);
#13399 = CARTESIAN_POINT('',(-0.266666666667,-0.266666666667,
    -2.893333333333));
#13400 = VECTOR('',#13401,1.);
#13401 = DIRECTION('',(0.57735026919,0.57735026919,-0.57735026919));
#13402 = ORIENTED_EDGE('',*,*,#12059,.T.);
#13403 = ORIENTED_EDGE('',*,*,#13404,.T.);
#13404 = EDGE_CURVE('',#12052,#13405,#13407,.T.);
#13405 = VERTEX_POINT('',#13406);
#13406 = CARTESIAN_POINT('',(0.16,-0.16,-3.));
#13407 = LINE('',#13408,#13409);
#13408 = CARTESIAN_POINT('',(0.16,-0.16,-3.));
#13409 = VECTOR('',#13410,1.);
#13410 = DIRECTION('',(-0.57735026919,0.57735026919,-0.57735026919));
#13411 = ORIENTED_EDGE('',*,*,#13412,.F.);
#13412 = EDGE_CURVE('',#13396,#13405,#13413,.T.);
#13413 = LINE('',#13414,#13415);
#13414 = CARTESIAN_POINT('',(-0.32,-0.16,-3.));
#13415 = VECTOR('',#13416,1.);
#13416 = DIRECTION('',(1.,0.,0.));
#13417 = PLANE('',#13418);
#13418 = AXIS2_PLACEMENT_3D('',#13419,#13420,#13421);
#13419 = CARTESIAN_POINT('',(-0.32,-0.24,-2.92));
#13420 = DIRECTION('',(1.735167508357E-18,-0.707106781187,
    -0.707106781187));
#13421 = DIRECTION('',(-1.,-1.226948711654E-18,-1.226948711654E-18));
#13422 = ADVANCED_FACE('',(#13423),#13441,.F.);
#13423 = FACE_BOUND('',#13424,.F.);
#13424 = EDGE_LOOP('',(#13425,#13426,#13427,#13435));
#13425 = ORIENTED_EDGE('',*,*,#13404,.F.);
#13426 = ORIENTED_EDGE('',*,*,#12083,.T.);
#13427 = ORIENTED_EDGE('',*,*,#13428,.T.);
#13428 = EDGE_CURVE('',#12084,#13429,#13431,.T.);
#13429 = VERTEX_POINT('',#13430);
#13430 = CARTESIAN_POINT('',(0.16,0.16,-3.));
#13431 = LINE('',#13432,#13433);
#13432 = CARTESIAN_POINT('',(5.333333333333E-02,5.333333333333E-02,
    -3.106666666667));
#13433 = VECTOR('',#13434,1.);
#13434 = DIRECTION('',(-0.57735026919,-0.57735026919,-0.57735026919));
#13435 = ORIENTED_EDGE('',*,*,#13436,.F.);
#13436 = EDGE_CURVE('',#13405,#13429,#13437,.T.);
#13437 = LINE('',#13438,#13439);
#13438 = CARTESIAN_POINT('',(0.16,-0.32,-3.));
#13439 = VECTOR('',#13440,1.);
#13440 = DIRECTION('',(0.,1.,0.));
#13441 = PLANE('',#13442);
#13442 = AXIS2_PLACEMENT_3D('',#13443,#13444,#13445);
#13443 = CARTESIAN_POINT('',(0.24,-0.32,-2.92));
#13444 = DIRECTION('',(-0.707106781187,1.735167508357E-18,0.707106781187
    ));
#13445 = DIRECTION('',(1.226948711654E-18,1.,-1.226948711654E-18));
#13446 = ADVANCED_FACE('',(#13447),#13465,.F.);
#13447 = FACE_BOUND('',#13448,.T.);
#13448 = EDGE_LOOP('',(#13449,#13457,#13458,#13459));
#13449 = ORIENTED_EDGE('',*,*,#13450,.F.);
#13450 = EDGE_CURVE('',#12108,#13451,#13453,.T.);
#13451 = VERTEX_POINT('',#13452);
#13452 = CARTESIAN_POINT('',(-0.16,0.16,-3.));
#13453 = LINE('',#13454,#13455);
#13454 = CARTESIAN_POINT('',(-0.16,0.16,-3.));
#13455 = VECTOR('',#13456,1.);
#13456 = DIRECTION('',(0.57735026919,-0.57735026919,-0.57735026919));
#13457 = ORIENTED_EDGE('',*,*,#12107,.T.);
#13458 = ORIENTED_EDGE('',*,*,#13428,.T.);
#13459 = ORIENTED_EDGE('',*,*,#13460,.F.);
#13460 = EDGE_CURVE('',#13451,#13429,#13461,.T.);
#13461 = LINE('',#13462,#13463);
#13462 = CARTESIAN_POINT('',(-0.32,0.16,-3.));
#13463 = VECTOR('',#13464,1.);
#13464 = DIRECTION('',(1.,0.,0.));
#13465 = PLANE('',#13466);
#13466 = AXIS2_PLACEMENT_3D('',#13467,#13468,#13469);
#13467 = CARTESIAN_POINT('',(-0.32,0.24,-2.92));
#13468 = DIRECTION('',(-1.735167508357E-18,-0.707106781187,
    0.707106781187));
#13469 = DIRECTION('',(-1.,1.226948711654E-18,-1.226948711654E-18));
#13470 = ADVANCED_FACE('',(#13471),#13482,.T.);
#13471 = FACE_BOUND('',#13472,.T.);
#13472 = EDGE_LOOP('',(#13473,#13474,#13475,#13476));
#13473 = ORIENTED_EDGE('',*,*,#13395,.F.);
#13474 = ORIENTED_EDGE('',*,*,#12131,.T.);
#13475 = ORIENTED_EDGE('',*,*,#13450,.T.);
#13476 = ORIENTED_EDGE('',*,*,#13477,.F.);
#13477 = EDGE_CURVE('',#13396,#13451,#13478,.T.);
#13478 = LINE('',#13479,#13480);
#13479 = CARTESIAN_POINT('',(-0.16,-0.32,-3.));
#13480 = VECTOR('',#13481,1.);
#13481 = DIRECTION('',(0.,1.,0.));
#13482 = PLANE('',#13483);
#13483 = AXIS2_PLACEMENT_3D('',#13484,#13485,#13486);
#13484 = CARTESIAN_POINT('',(-0.24,-0.32,-2.92));
#13485 = DIRECTION('',(-0.707106781187,-1.735167508357E-18,
    -0.707106781187));
#13486 = DIRECTION('',(-1.226948711654E-18,1.,-1.226948711654E-18));
#13487 = ADVANCED_FACE('',(#13488),#13513,.T.);
#13488 = FACE_BOUND('',#13489,.F.);
#13489 = EDGE_LOOP('',(#13490,#13498,#13499,#13507));
#13490 = ORIENTED_EDGE('',*,*,#13491,.F.);
#13491 = EDGE_CURVE('',#12157,#13492,#13494,.T.);
#13492 = VERTEX_POINT('',#13493);
#13493 = CARTESIAN_POINT('',(-0.16,-12.54,8.54));
#13494 = LINE('',#13495,#13496);
#13495 = CARTESIAN_POINT('',(-0.16,-12.54,8.54));
#13496 = VECTOR('',#13497,1.);
#13497 = DIRECTION('',(0.57735026919,-0.57735026919,0.57735026919));
#13498 = ORIENTED_EDGE('',*,*,#12164,.T.);
#13499 = ORIENTED_EDGE('',*,*,#13500,.T.);
#13500 = EDGE_CURVE('',#12148,#13501,#13503,.T.);
#13501 = VERTEX_POINT('',#13502);
#13502 = CARTESIAN_POINT('',(0.16,-12.54,8.54));
#13503 = LINE('',#13504,#13505);
#13504 = CARTESIAN_POINT('',(5.333333333333E-02,-12.64666666666,
    8.646666666667));
#13505 = VECTOR('',#13506,1.);
#13506 = DIRECTION('',(-0.57735026919,-0.57735026919,0.57735026919));
#13507 = ORIENTED_EDGE('',*,*,#13508,.F.);
#13508 = EDGE_CURVE('',#13492,#13501,#13509,.T.);
#13509 = LINE('',#13510,#13511);
#13510 = CARTESIAN_POINT('',(-0.32,-12.54,8.54));
#13511 = VECTOR('',#13512,1.);
#13512 = DIRECTION('',(1.,0.,0.));
#13513 = PLANE('',#13514);
#13514 = AXIS2_PLACEMENT_3D('',#13515,#13516,#13517);
#13515 = CARTESIAN_POINT('',(-0.32,-12.46,8.46));
#13516 = DIRECTION('',(1.735167508357E-18,0.707106781187,0.707106781187)
  );
#13517 = DIRECTION('',(-1.,1.226948711654E-18,1.226948711654E-18));
#13518 = ADVANCED_FACE('',(#13519),#13537,.F.);
#13519 = FACE_BOUND('',#13520,.F.);
#13520 = EDGE_LOOP('',(#13521,#13529,#13530,#13531));
#13521 = ORIENTED_EDGE('',*,*,#13522,.F.);
#13522 = EDGE_CURVE('',#12179,#13523,#13525,.T.);
#13523 = VERTEX_POINT('',#13524);
#13524 = CARTESIAN_POINT('',(-0.16,-12.86,8.54));
#13525 = LINE('',#13526,#13527);
#13526 = CARTESIAN_POINT('',(-0.266666666667,-12.96666666666,
    8.433333333333));
#13527 = VECTOR('',#13528,1.);
#13528 = DIRECTION('',(0.57735026919,0.57735026919,0.57735026919));
#13529 = ORIENTED_EDGE('',*,*,#12188,.T.);
#13530 = ORIENTED_EDGE('',*,*,#13491,.T.);
#13531 = ORIENTED_EDGE('',*,*,#13532,.F.);
#13532 = EDGE_CURVE('',#13523,#13492,#13533,.T.);
#13533 = LINE('',#13534,#13535);
#13534 = CARTESIAN_POINT('',(-0.16,-13.02,8.54));
#13535 = VECTOR('',#13536,1.);
#13536 = DIRECTION('',(0.,1.,0.));
#13537 = PLANE('',#13538);
#13538 = AXIS2_PLACEMENT_3D('',#13539,#13540,#13541);
#13539 = CARTESIAN_POINT('',(-0.24,-13.02,8.46));
#13540 = DIRECTION('',(0.707106781187,1.735167508357E-18,-0.707106781187
    ));
#13541 = DIRECTION('',(-1.226948711654E-18,1.,1.226948711654E-18));
#13542 = ADVANCED_FACE('',(#13543),#13561,.F.);
#13543 = FACE_BOUND('',#13544,.T.);
#13544 = EDGE_LOOP('',(#13545,#13546,#13547,#13555));
#13545 = ORIENTED_EDGE('',*,*,#13522,.F.);
#13546 = ORIENTED_EDGE('',*,*,#12212,.T.);
#13547 = ORIENTED_EDGE('',*,*,#13548,.T.);
#13548 = EDGE_CURVE('',#12203,#13549,#13551,.T.);
#13549 = VERTEX_POINT('',#13550);
#13550 = CARTESIAN_POINT('',(0.16,-12.86,8.54));
#13551 = LINE('',#13552,#13553);
#13552 = CARTESIAN_POINT('',(0.16,-12.86,8.54));
#13553 = VECTOR('',#13554,1.);
#13554 = DIRECTION('',(-0.57735026919,0.57735026919,0.57735026919));
#13555 = ORIENTED_EDGE('',*,*,#13556,.F.);
#13556 = EDGE_CURVE('',#13523,#13549,#13557,.T.);
#13557 = LINE('',#13558,#13559);
#13558 = CARTESIAN_POINT('',(-0.32,-12.86,8.54));
#13559 = VECTOR('',#13560,1.);
#13560 = DIRECTION('',(1.,0.,0.));
#13561 = PLANE('',#13562);
#13562 = AXIS2_PLACEMENT_3D('',#13563,#13564,#13565);
#13563 = CARTESIAN_POINT('',(-0.32,-12.94,8.46));
#13564 = DIRECTION('',(-1.735167508357E-18,0.707106781187,
    -0.707106781187));
#13565 = DIRECTION('',(-1.,-1.226948711654E-18,1.226948711654E-18));
#13566 = ADVANCED_FACE('',(#13567),#13578,.T.);
#13567 = FACE_BOUND('',#13568,.T.);
#13568 = EDGE_LOOP('',(#13569,#13570,#13571,#13572));
#13569 = ORIENTED_EDGE('',*,*,#13548,.F.);
#13570 = ORIENTED_EDGE('',*,*,#12229,.T.);
#13571 = ORIENTED_EDGE('',*,*,#13500,.T.);
#13572 = ORIENTED_EDGE('',*,*,#13573,.F.);
#13573 = EDGE_CURVE('',#13549,#13501,#13574,.T.);
#13574 = LINE('',#13575,#13576);
#13575 = CARTESIAN_POINT('',(0.16,-13.02,8.54));
#13576 = VECTOR('',#13577,1.);
#13577 = DIRECTION('',(0.,1.,0.));
#13578 = PLANE('',#13579);
#13579 = AXIS2_PLACEMENT_3D('',#13580,#13581,#13582);
#13580 = CARTESIAN_POINT('',(0.24,-13.02,8.46));
#13581 = DIRECTION('',(0.707106781187,-1.735167508357E-18,0.707106781187
    ));
#13582 = DIRECTION('',(1.226948711654E-18,1.,1.226948711654E-18));
#13583 = ADVANCED_FACE('',(#13584),#13609,.T.);
#13584 = FACE_BOUND('',#13585,.T.);
#13585 = EDGE_LOOP('',(#13586,#13594,#13595,#13603));
#13586 = ORIENTED_EDGE('',*,*,#13587,.F.);
#13587 = EDGE_CURVE('',#12244,#13588,#13590,.T.);
#13588 = VERTEX_POINT('',#13589);
#13589 = CARTESIAN_POINT('',(0.16,-15.4,8.54));
#13590 = LINE('',#13591,#13592);
#13591 = CARTESIAN_POINT('',(0.16,-15.4,8.54));
#13592 = VECTOR('',#13593,1.);
#13593 = DIRECTION('',(-0.57735026919,0.57735026919,0.57735026919));
#13594 = ORIENTED_EDGE('',*,*,#12260,.T.);
#13595 = ORIENTED_EDGE('',*,*,#13596,.T.);
#13596 = EDGE_CURVE('',#12253,#13597,#13599,.T.);
#13597 = VERTEX_POINT('',#13598);
#13598 = CARTESIAN_POINT('',(0.16,-15.08,8.54));
#13599 = LINE('',#13600,#13601);
#13600 = CARTESIAN_POINT('',(5.333333333333E-02,-15.18666666666,
    8.646666666667));
#13601 = VECTOR('',#13602,1.);
#13602 = DIRECTION('',(-0.57735026919,-0.57735026919,0.57735026919));
#13603 = ORIENTED_EDGE('',*,*,#13604,.F.);
#13604 = EDGE_CURVE('',#13588,#13597,#13605,.T.);
#13605 = LINE('',#13606,#13607);
#13606 = CARTESIAN_POINT('',(0.16,-15.56,8.54));
#13607 = VECTOR('',#13608,1.);
#13608 = DIRECTION('',(0.,1.,0.));
#13609 = PLANE('',#13610);
#13610 = AXIS2_PLACEMENT_3D('',#13611,#13612,#13613);
#13611 = CARTESIAN_POINT('',(0.24,-15.56,8.46));
#13612 = DIRECTION('',(0.707106781187,-1.735167508357E-18,0.707106781187
    ));
#13613 = DIRECTION('',(1.226948711654E-18,1.,1.226948711654E-18));
#13614 = ADVANCED_FACE('',(#13615),#13633,.T.);
#13615 = FACE_BOUND('',#13616,.F.);
#13616 = EDGE_LOOP('',(#13617,#13625,#13626,#13627));
#13617 = ORIENTED_EDGE('',*,*,#13618,.F.);
#13618 = EDGE_CURVE('',#12277,#13619,#13621,.T.);
#13619 = VERTEX_POINT('',#13620);
#13620 = CARTESIAN_POINT('',(-0.16,-15.08,8.54));
#13621 = LINE('',#13622,#13623);
#13622 = CARTESIAN_POINT('',(-0.16,-15.08,8.54));
#13623 = VECTOR('',#13624,1.);
#13624 = DIRECTION('',(0.57735026919,-0.57735026919,0.57735026919));
#13625 = ORIENTED_EDGE('',*,*,#12284,.T.);
#13626 = ORIENTED_EDGE('',*,*,#13596,.T.);
#13627 = ORIENTED_EDGE('',*,*,#13628,.F.);
#13628 = EDGE_CURVE('',#13619,#13597,#13629,.T.);
#13629 = LINE('',#13630,#13631);
#13630 = CARTESIAN_POINT('',(-0.32,-15.08,8.54));
#13631 = VECTOR('',#13632,1.);
#13632 = DIRECTION('',(1.,0.,0.));
#13633 = PLANE('',#13634);
#13634 = AXIS2_PLACEMENT_3D('',#13635,#13636,#13637);
#13635 = CARTESIAN_POINT('',(-0.32,-15.,8.46));
#13636 = DIRECTION('',(1.735167508357E-18,0.707106781187,0.707106781187)
  );
#13637 = DIRECTION('',(-1.,1.226948711654E-18,1.226948711654E-18));
#13638 = ADVANCED_FACE('',(#13639),#13657,.F.);
#13639 = FACE_BOUND('',#13640,.F.);
#13640 = EDGE_LOOP('',(#13641,#13649,#13650,#13651));
#13641 = ORIENTED_EDGE('',*,*,#13642,.F.);
#13642 = EDGE_CURVE('',#12299,#13643,#13645,.T.);
#13643 = VERTEX_POINT('',#13644);
#13644 = CARTESIAN_POINT('',(-0.16,-15.4,8.54));
#13645 = LINE('',#13646,#13647);
#13646 = CARTESIAN_POINT('',(-0.266666666667,-15.50666666666,
    8.433333333333));
#13647 = VECTOR('',#13648,1.);
#13648 = DIRECTION('',(0.57735026919,0.57735026919,0.57735026919));
#13649 = ORIENTED_EDGE('',*,*,#12308,.T.);
#13650 = ORIENTED_EDGE('',*,*,#13618,.T.);
#13651 = ORIENTED_EDGE('',*,*,#13652,.F.);
#13652 = EDGE_CURVE('',#13643,#13619,#13653,.T.);
#13653 = LINE('',#13654,#13655);
#13654 = CARTESIAN_POINT('',(-0.16,-15.56,8.54));
#13655 = VECTOR('',#13656,1.);
#13656 = DIRECTION('',(0.,1.,0.));
#13657 = PLANE('',#13658);
#13658 = AXIS2_PLACEMENT_3D('',#13659,#13660,#13661);
#13659 = CARTESIAN_POINT('',(-0.24,-15.56,8.46));
#13660 = DIRECTION('',(0.707106781187,1.735167508357E-18,-0.707106781187
    ));
#13661 = DIRECTION('',(-1.226948711654E-18,1.,1.226948711654E-18));
#13662 = ADVANCED_FACE('',(#13663),#13674,.F.);
#13663 = FACE_BOUND('',#13664,.T.);
#13664 = EDGE_LOOP('',(#13665,#13666,#13667,#13668));
#13665 = ORIENTED_EDGE('',*,*,#13642,.F.);
#13666 = ORIENTED_EDGE('',*,*,#12325,.T.);
#13667 = ORIENTED_EDGE('',*,*,#13587,.T.);
#13668 = ORIENTED_EDGE('',*,*,#13669,.F.);
#13669 = EDGE_CURVE('',#13643,#13588,#13670,.T.);
#13670 = LINE('',#13671,#13672);
#13671 = CARTESIAN_POINT('',(-0.32,-15.4,8.54));
#13672 = VECTOR('',#13673,1.);
#13673 = DIRECTION('',(1.,0.,0.));
#13674 = PLANE('',#13675);
#13675 = AXIS2_PLACEMENT_3D('',#13676,#13677,#13678);
#13676 = CARTESIAN_POINT('',(-0.32,-15.48,8.46));
#13677 = DIRECTION('',(-1.735167508357E-18,0.707106781187,
    -0.707106781187));
#13678 = DIRECTION('',(-1.,-1.226948711654E-18,1.226948711654E-18));
#13679 = ADVANCED_FACE('',(#13680),#13705,.T.);
#13680 = FACE_BOUND('',#13681,.F.);
#13681 = EDGE_LOOP('',(#13682,#13690,#13691,#13699));
#13682 = ORIENTED_EDGE('',*,*,#13683,.F.);
#13683 = EDGE_CURVE('',#12349,#13684,#13686,.T.);
#13684 = VERTEX_POINT('',#13685);
#13685 = CARTESIAN_POINT('',(-0.16,-10.,8.54));
#13686 = LINE('',#13687,#13688);
#13687 = CARTESIAN_POINT('',(-0.16,-10.,8.54));
#13688 = VECTOR('',#13689,1.);
#13689 = DIRECTION('',(0.57735026919,-0.57735026919,0.57735026919));
#13690 = ORIENTED_EDGE('',*,*,#12356,.T.);
#13691 = ORIENTED_EDGE('',*,*,#13692,.T.);
#13692 = EDGE_CURVE('',#12340,#13693,#13695,.T.);
#13693 = VERTEX_POINT('',#13694);
#13694 = CARTESIAN_POINT('',(0.16,-10.,8.54));
#13695 = LINE('',#13696,#13697);
#13696 = CARTESIAN_POINT('',(5.333333333333E-02,-10.10666666666,
    8.646666666667));
#13697 = VECTOR('',#13698,1.);
#13698 = DIRECTION('',(-0.57735026919,-0.57735026919,0.57735026919));
#13699 = ORIENTED_EDGE('',*,*,#13700,.F.);
#13700 = EDGE_CURVE('',#13684,#13693,#13701,.T.);
#13701 = LINE('',#13702,#13703);
#13702 = CARTESIAN_POINT('',(-0.32,-10.,8.54));
#13703 = VECTOR('',#13704,1.);
#13704 = DIRECTION('',(1.,0.,0.));
#13705 = PLANE('',#13706);
#13706 = AXIS2_PLACEMENT_3D('',#13707,#13708,#13709);
#13707 = CARTESIAN_POINT('',(-0.32,-9.92,8.46));
#13708 = DIRECTION('',(1.735167508357E-18,0.707106781187,0.707106781187)
  );
#13709 = DIRECTION('',(-1.,1.226948711654E-18,1.226948711654E-18));
#13710 = ADVANCED_FACE('',(#13711),#13729,.F.);
#13711 = FACE_BOUND('',#13712,.F.);
#13712 = EDGE_LOOP('',(#13713,#13721,#13722,#13723));
#13713 = ORIENTED_EDGE('',*,*,#13714,.F.);
#13714 = EDGE_CURVE('',#12371,#13715,#13717,.T.);
#13715 = VERTEX_POINT('',#13716);
#13716 = CARTESIAN_POINT('',(-0.16,-10.32,8.54));
#13717 = LINE('',#13718,#13719);
#13718 = CARTESIAN_POINT('',(-0.266666666667,-10.42666666666,
    8.433333333333));
#13719 = VECTOR('',#13720,1.);
#13720 = DIRECTION('',(0.57735026919,0.57735026919,0.57735026919));
#13721 = ORIENTED_EDGE('',*,*,#12380,.T.);
#13722 = ORIENTED_EDGE('',*,*,#13683,.T.);
#13723 = ORIENTED_EDGE('',*,*,#13724,.F.);
#13724 = EDGE_CURVE('',#13715,#13684,#13725,.T.);
#13725 = LINE('',#13726,#13727);
#13726 = CARTESIAN_POINT('',(-0.16,-10.48,8.54));
#13727 = VECTOR('',#13728,1.);
#13728 = DIRECTION('',(0.,1.,0.));
#13729 = PLANE('',#13730);
#13730 = AXIS2_PLACEMENT_3D('',#13731,#13732,#13733);
#13731 = CARTESIAN_POINT('',(-0.24,-10.48,8.46));
#13732 = DIRECTION('',(0.707106781187,1.735167508357E-18,-0.707106781187
    ));
#13733 = DIRECTION('',(-1.226948711654E-18,1.,1.226948711654E-18));
#13734 = ADVANCED_FACE('',(#13735),#13753,.F.);
#13735 = FACE_BOUND('',#13736,.T.);
#13736 = EDGE_LOOP('',(#13737,#13738,#13739,#13747));
#13737 = ORIENTED_EDGE('',*,*,#13714,.F.);
#13738 = ORIENTED_EDGE('',*,*,#12404,.T.);
#13739 = ORIENTED_EDGE('',*,*,#13740,.T.);
#13740 = EDGE_CURVE('',#12395,#13741,#13743,.T.);
#13741 = VERTEX_POINT('',#13742);
#13742 = CARTESIAN_POINT('',(0.16,-10.32,8.54));
#13743 = LINE('',#13744,#13745);
#13744 = CARTESIAN_POINT('',(0.16,-10.32,8.54));
#13745 = VECTOR('',#13746,1.);
#13746 = DIRECTION('',(-0.57735026919,0.57735026919,0.57735026919));
#13747 = ORIENTED_EDGE('',*,*,#13748,.F.);
#13748 = EDGE_CURVE('',#13715,#13741,#13749,.T.);
#13749 = LINE('',#13750,#13751);
#13750 = CARTESIAN_POINT('',(-0.32,-10.32,8.54));
#13751 = VECTOR('',#13752,1.);
#13752 = DIRECTION('',(1.,0.,0.));
#13753 = PLANE('',#13754);
#13754 = AXIS2_PLACEMENT_3D('',#13755,#13756,#13757);
#13755 = CARTESIAN_POINT('',(-0.32,-10.4,8.46));
#13756 = DIRECTION('',(-1.735167508357E-18,0.707106781187,
    -0.707106781187));
#13757 = DIRECTION('',(-1.,-1.226948711654E-18,1.226948711654E-18));
#13758 = ADVANCED_FACE('',(#13759),#13770,.T.);
#13759 = FACE_BOUND('',#13760,.T.);
#13760 = EDGE_LOOP('',(#13761,#13762,#13763,#13764));
#13761 = ORIENTED_EDGE('',*,*,#13740,.F.);
#13762 = ORIENTED_EDGE('',*,*,#12421,.T.);
#13763 = ORIENTED_EDGE('',*,*,#13692,.T.);
#13764 = ORIENTED_EDGE('',*,*,#13765,.F.);
#13765 = EDGE_CURVE('',#13741,#13693,#13766,.T.);
#13766 = LINE('',#13767,#13768);
#13767 = CARTESIAN_POINT('',(0.16,-10.48,8.54));
#13768 = VECTOR('',#13769,1.);
#13769 = DIRECTION('',(0.,1.,0.));
#13770 = PLANE('',#13771);
#13771 = AXIS2_PLACEMENT_3D('',#13772,#13773,#13774);
#13772 = CARTESIAN_POINT('',(0.24,-10.48,8.46));
#13773 = DIRECTION('',(0.707106781187,-1.735167508357E-18,0.707106781187
    ));
#13774 = DIRECTION('',(1.226948711654E-18,1.,1.226948711654E-18));
#13775 = ADVANCED_FACE('',(#13776),#13801,.T.);
#13776 = FACE_BOUND('',#13777,.T.);
#13777 = EDGE_LOOP('',(#13778,#13786,#13787,#13795));
#13778 = ORIENTED_EDGE('',*,*,#13779,.F.);
#13779 = EDGE_CURVE('',#12436,#13780,#13782,.T.);
#13780 = VERTEX_POINT('',#13781);
#13781 = CARTESIAN_POINT('',(0.16,-2.7,8.54));
#13782 = LINE('',#13783,#13784);
#13783 = CARTESIAN_POINT('',(0.16,-2.7,8.54));
#13784 = VECTOR('',#13785,1.);
#13785 = DIRECTION('',(-0.57735026919,0.57735026919,0.57735026919));
#13786 = ORIENTED_EDGE('',*,*,#12452,.T.);
#13787 = ORIENTED_EDGE('',*,*,#13788,.T.);
#13788 = EDGE_CURVE('',#12445,#13789,#13791,.T.);
#13789 = VERTEX_POINT('',#13790);
#13790 = CARTESIAN_POINT('',(0.16,-2.38,8.54));
#13791 = LINE('',#13792,#13793);
#13792 = CARTESIAN_POINT('',(5.333333333333E-02,-2.486666666667,
    8.646666666667));
#13793 = VECTOR('',#13794,1.);
#13794 = DIRECTION('',(-0.57735026919,-0.57735026919,0.57735026919));
#13795 = ORIENTED_EDGE('',*,*,#13796,.F.);
#13796 = EDGE_CURVE('',#13780,#13789,#13797,.T.);
#13797 = LINE('',#13798,#13799);
#13798 = CARTESIAN_POINT('',(0.16,-2.86,8.54));
#13799 = VECTOR('',#13800,1.);
#13800 = DIRECTION('',(0.,1.,0.));
#13801 = PLANE('',#13802);
#13802 = AXIS2_PLACEMENT_3D('',#13803,#13804,#13805);
#13803 = CARTESIAN_POINT('',(0.24,-2.86,8.46));
#13804 = DIRECTION('',(0.707106781187,-1.735167508357E-18,0.707106781187
    ));
#13805 = DIRECTION('',(1.226948711654E-18,1.,1.226948711654E-18));
#13806 = ADVANCED_FACE('',(#13807),#13825,.T.);
#13807 = FACE_BOUND('',#13808,.F.);
#13808 = EDGE_LOOP('',(#13809,#13817,#13818,#13819));
#13809 = ORIENTED_EDGE('',*,*,#13810,.F.);
#13810 = EDGE_CURVE('',#12469,#13811,#13813,.T.);
#13811 = VERTEX_POINT('',#13812);
#13812 = CARTESIAN_POINT('',(-0.16,-2.38,8.54));
#13813 = LINE('',#13814,#13815);
#13814 = CARTESIAN_POINT('',(-0.16,-2.38,8.54));
#13815 = VECTOR('',#13816,1.);
#13816 = DIRECTION('',(0.57735026919,-0.57735026919,0.57735026919));
#13817 = ORIENTED_EDGE('',*,*,#12476,.T.);
#13818 = ORIENTED_EDGE('',*,*,#13788,.T.);
#13819 = ORIENTED_EDGE('',*,*,#13820,.F.);
#13820 = EDGE_CURVE('',#13811,#13789,#13821,.T.);
#13821 = LINE('',#13822,#13823);
#13822 = CARTESIAN_POINT('',(-0.32,-2.38,8.54));
#13823 = VECTOR('',#13824,1.);
#13824 = DIRECTION('',(1.,0.,0.));
#13825 = PLANE('',#13826);
#13826 = AXIS2_PLACEMENT_3D('',#13827,#13828,#13829);
#13827 = CARTESIAN_POINT('',(-0.32,-2.3,8.46));
#13828 = DIRECTION('',(1.735167508357E-18,0.707106781187,0.707106781187)
  );
#13829 = DIRECTION('',(-1.,1.226948711654E-18,1.226948711654E-18));
#13830 = ADVANCED_FACE('',(#13831),#13849,.F.);
#13831 = FACE_BOUND('',#13832,.F.);
#13832 = EDGE_LOOP('',(#13833,#13841,#13842,#13843));
#13833 = ORIENTED_EDGE('',*,*,#13834,.F.);
#13834 = EDGE_CURVE('',#12491,#13835,#13837,.T.);
#13835 = VERTEX_POINT('',#13836);
#13836 = CARTESIAN_POINT('',(-0.16,-2.7,8.54));
#13837 = LINE('',#13838,#13839);
#13838 = CARTESIAN_POINT('',(-0.266666666667,-2.806666666667,
    8.433333333333));
#13839 = VECTOR('',#13840,1.);
#13840 = DIRECTION('',(0.57735026919,0.57735026919,0.57735026919));
#13841 = ORIENTED_EDGE('',*,*,#12500,.T.);
#13842 = ORIENTED_EDGE('',*,*,#13810,.T.);
#13843 = ORIENTED_EDGE('',*,*,#13844,.F.);
#13844 = EDGE_CURVE('',#13835,#13811,#13845,.T.);
#13845 = LINE('',#13846,#13847);
#13846 = CARTESIAN_POINT('',(-0.16,-2.86,8.54));
#13847 = VECTOR('',#13848,1.);
#13848 = DIRECTION('',(0.,1.,0.));
#13849 = PLANE('',#13850);
#13850 = AXIS2_PLACEMENT_3D('',#13851,#13852,#13853);
#13851 = CARTESIAN_POINT('',(-0.24,-2.86,8.46));
#13852 = DIRECTION('',(0.707106781187,1.735167508357E-18,-0.707106781187
    ));
#13853 = DIRECTION('',(-1.226948711654E-18,1.,1.226948711654E-18));
#13854 = ADVANCED_FACE('',(#13855),#13866,.F.);
#13855 = FACE_BOUND('',#13856,.T.);
#13856 = EDGE_LOOP('',(#13857,#13858,#13859,#13860));
#13857 = ORIENTED_EDGE('',*,*,#13834,.F.);
#13858 = ORIENTED_EDGE('',*,*,#12517,.T.);
#13859 = ORIENTED_EDGE('',*,*,#13779,.T.);
#13860 = ORIENTED_EDGE('',*,*,#13861,.F.);
#13861 = EDGE_CURVE('',#13835,#13780,#13862,.T.);
#13862 = LINE('',#13863,#13864);
#13863 = CARTESIAN_POINT('',(-0.32,-2.7,8.54));
#13864 = VECTOR('',#13865,1.);
#13865 = DIRECTION('',(1.,0.,0.));
#13866 = PLANE('',#13867);
#13867 = AXIS2_PLACEMENT_3D('',#13868,#13869,#13870);
#13868 = CARTESIAN_POINT('',(-0.32,-2.78,8.46));
#13869 = DIRECTION('',(-1.735167508357E-18,0.707106781187,
    -0.707106781187));
#13870 = DIRECTION('',(-1.,-1.226948711654E-18,1.226948711654E-18));
#13871 = ADVANCED_FACE('',(#13872),#13897,.F.);
#13872 = FACE_BOUND('',#13873,.T.);
#13873 = EDGE_LOOP('',(#13874,#13882,#13883,#13891));
#13874 = ORIENTED_EDGE('',*,*,#13875,.F.);
#13875 = EDGE_CURVE('',#12541,#13876,#13878,.T.);
#13876 = VERTEX_POINT('',#13877);
#13877 = CARTESIAN_POINT('',(-0.16,-5.24,8.54));
#13878 = LINE('',#13879,#13880);
#13879 = CARTESIAN_POINT('',(-0.266666666667,-5.346666666667,
    8.433333333333));
#13880 = VECTOR('',#13881,1.);
#13881 = DIRECTION('',(0.57735026919,0.57735026919,0.57735026919));
#13882 = ORIENTED_EDGE('',*,*,#12548,.T.);
#13883 = ORIENTED_EDGE('',*,*,#13884,.T.);
#13884 = EDGE_CURVE('',#12532,#13885,#13887,.T.);
#13885 = VERTEX_POINT('',#13886);
#13886 = CARTESIAN_POINT('',(0.16,-5.24,8.54));
#13887 = LINE('',#13888,#13889);
#13888 = CARTESIAN_POINT('',(0.16,-5.24,8.54));
#13889 = VECTOR('',#13890,1.);
#13890 = DIRECTION('',(-0.57735026919,0.57735026919,0.57735026919));
#13891 = ORIENTED_EDGE('',*,*,#13892,.F.);
#13892 = EDGE_CURVE('',#13876,#13885,#13893,.T.);
#13893 = LINE('',#13894,#13895);
#13894 = CARTESIAN_POINT('',(-0.32,-5.24,8.54));
#13895 = VECTOR('',#13896,1.);
#13896 = DIRECTION('',(1.,0.,0.));
#13897 = PLANE('',#13898);
#13898 = AXIS2_PLACEMENT_3D('',#13899,#13900,#13901);
#13899 = CARTESIAN_POINT('',(-0.32,-5.32,8.46));
#13900 = DIRECTION('',(-1.735167508357E-18,0.707106781187,
    -0.707106781187));
#13901 = DIRECTION('',(-1.,-1.226948711654E-18,1.226948711654E-18));
#13902 = ADVANCED_FACE('',(#13903),#13921,.T.);
#13903 = FACE_BOUND('',#13904,.T.);
#13904 = EDGE_LOOP('',(#13905,#13906,#13907,#13915));
#13905 = ORIENTED_EDGE('',*,*,#13884,.F.);
#13906 = ORIENTED_EDGE('',*,*,#12572,.T.);
#13907 = ORIENTED_EDGE('',*,*,#13908,.T.);
#13908 = EDGE_CURVE('',#12565,#13909,#13911,.T.);
#13909 = VERTEX_POINT('',#13910);
#13910 = CARTESIAN_POINT('',(0.16,-4.92,8.54));
#13911 = LINE('',#13912,#13913);
#13912 = CARTESIAN_POINT('',(5.333333333333E-02,-5.026666666667,
    8.646666666667));
#13913 = VECTOR('',#13914,1.);
#13914 = DIRECTION('',(-0.57735026919,-0.57735026919,0.57735026919));
#13915 = ORIENTED_EDGE('',*,*,#13916,.F.);
#13916 = EDGE_CURVE('',#13885,#13909,#13917,.T.);
#13917 = LINE('',#13918,#13919);
#13918 = CARTESIAN_POINT('',(0.16,-5.4,8.54));
#13919 = VECTOR('',#13920,1.);
#13920 = DIRECTION('',(0.,1.,0.));
#13921 = PLANE('',#13922);
#13922 = AXIS2_PLACEMENT_3D('',#13923,#13924,#13925);
#13923 = CARTESIAN_POINT('',(0.24,-5.4,8.46));
#13924 = DIRECTION('',(0.707106781187,-1.735167508357E-18,0.707106781187
    ));
#13925 = DIRECTION('',(1.226948711654E-18,1.,1.226948711654E-18));
#13926 = ADVANCED_FACE('',(#13927),#13945,.T.);
#13927 = FACE_BOUND('',#13928,.F.);
#13928 = EDGE_LOOP('',(#13929,#13937,#13938,#13939));
#13929 = ORIENTED_EDGE('',*,*,#13930,.F.);
#13930 = EDGE_CURVE('',#12589,#13931,#13933,.T.);
#13931 = VERTEX_POINT('',#13932);
#13932 = CARTESIAN_POINT('',(-0.16,-4.92,8.54));
#13933 = LINE('',#13934,#13935);
#13934 = CARTESIAN_POINT('',(-0.16,-4.92,8.54));
#13935 = VECTOR('',#13936,1.);
#13936 = DIRECTION('',(0.57735026919,-0.57735026919,0.57735026919));
#13937 = ORIENTED_EDGE('',*,*,#12596,.T.);
#13938 = ORIENTED_EDGE('',*,*,#13908,.T.);
#13939 = ORIENTED_EDGE('',*,*,#13940,.F.);
#13940 = EDGE_CURVE('',#13931,#13909,#13941,.T.);
#13941 = LINE('',#13942,#13943);
#13942 = CARTESIAN_POINT('',(-0.32,-4.92,8.54));
#13943 = VECTOR('',#13944,1.);
#13944 = DIRECTION('',(1.,0.,0.));
#13945 = PLANE('',#13946);
#13946 = AXIS2_PLACEMENT_3D('',#13947,#13948,#13949);
#13947 = CARTESIAN_POINT('',(-0.32,-4.84,8.46));
#13948 = DIRECTION('',(1.735167508357E-18,0.707106781187,0.707106781187)
  );
#13949 = DIRECTION('',(-1.,1.226948711654E-18,1.226948711654E-18));
#13950 = ADVANCED_FACE('',(#13951),#13962,.F.);
#13951 = FACE_BOUND('',#13952,.F.);
#13952 = EDGE_LOOP('',(#13953,#13954,#13955,#13956));
#13953 = ORIENTED_EDGE('',*,*,#13875,.F.);
#13954 = ORIENTED_EDGE('',*,*,#12613,.T.);
#13955 = ORIENTED_EDGE('',*,*,#13930,.T.);
#13956 = ORIENTED_EDGE('',*,*,#13957,.F.);
#13957 = EDGE_CURVE('',#13876,#13931,#13958,.T.);
#13958 = LINE('',#13959,#13960);
#13959 = CARTESIAN_POINT('',(-0.16,-5.4,8.54));
#13960 = VECTOR('',#13961,1.);
#13961 = DIRECTION('',(0.,1.,0.));
#13962 = PLANE('',#13963);
#13963 = AXIS2_PLACEMENT_3D('',#13964,#13965,#13966);
#13964 = CARTESIAN_POINT('',(-0.24,-5.4,8.46));
#13965 = DIRECTION('',(0.707106781187,1.735167508357E-18,-0.707106781187
    ));
#13966 = DIRECTION('',(-1.226948711654E-18,1.,1.226948711654E-18));
#13967 = ADVANCED_FACE('',(#13968),#13993,.T.);
#13968 = FACE_BOUND('',#13969,.T.);
#13969 = EDGE_LOOP('',(#13970,#13978,#13979,#13987));
#13970 = ORIENTED_EDGE('',*,*,#13971,.F.);
#13971 = EDGE_CURVE('',#12628,#13972,#13974,.T.);
#13972 = VERTEX_POINT('',#13973);
#13973 = CARTESIAN_POINT('',(0.16,-7.78,8.54));
#13974 = LINE('',#13975,#13976);
#13975 = CARTESIAN_POINT('',(0.16,-7.78,8.54));
#13976 = VECTOR('',#13977,1.);
#13977 = DIRECTION('',(-0.57735026919,0.57735026919,0.57735026919));
#13978 = ORIENTED_EDGE('',*,*,#12644,.T.);
#13979 = ORIENTED_EDGE('',*,*,#13980,.T.);
#13980 = EDGE_CURVE('',#12637,#13981,#13983,.T.);
#13981 = VERTEX_POINT('',#13982);
#13982 = CARTESIAN_POINT('',(0.16,-7.46,8.54));
#13983 = LINE('',#13984,#13985);
#13984 = CARTESIAN_POINT('',(5.333333333333E-02,-7.566666666667,
    8.646666666667));
#13985 = VECTOR('',#13986,1.);
#13986 = DIRECTION('',(-0.57735026919,-0.57735026919,0.57735026919));
#13987 = ORIENTED_EDGE('',*,*,#13988,.F.);
#13988 = EDGE_CURVE('',#13972,#13981,#13989,.T.);
#13989 = LINE('',#13990,#13991);
#13990 = CARTESIAN_POINT('',(0.16,-7.94,8.54));
#13991 = VECTOR('',#13992,1.);
#13992 = DIRECTION('',(0.,1.,0.));
#13993 = PLANE('',#13994);
#13994 = AXIS2_PLACEMENT_3D('',#13995,#13996,#13997);
#13995 = CARTESIAN_POINT('',(0.24,-7.94,8.46));
#13996 = DIRECTION('',(0.707106781187,-1.735167508357E-18,0.707106781187
    ));
#13997 = DIRECTION('',(1.226948711654E-18,1.,1.226948711654E-18));
#13998 = ADVANCED_FACE('',(#13999),#14017,.T.);
#13999 = FACE_BOUND('',#14000,.F.);
#14000 = EDGE_LOOP('',(#14001,#14009,#14010,#14011));
#14001 = ORIENTED_EDGE('',*,*,#14002,.F.);
#14002 = EDGE_CURVE('',#12661,#14003,#14005,.T.);
#14003 = VERTEX_POINT('',#14004);
#14004 = CARTESIAN_POINT('',(-0.16,-7.46,8.54));
#14005 = LINE('',#14006,#14007);
#14006 = CARTESIAN_POINT('',(-0.16,-7.46,8.54));
#14007 = VECTOR('',#14008,1.);
#14008 = DIRECTION('',(0.57735026919,-0.57735026919,0.57735026919));
#14009 = ORIENTED_EDGE('',*,*,#12668,.T.);
#14010 = ORIENTED_EDGE('',*,*,#13980,.T.);
#14011 = ORIENTED_EDGE('',*,*,#14012,.F.);
#14012 = EDGE_CURVE('',#14003,#13981,#14013,.T.);
#14013 = LINE('',#14014,#14015);
#14014 = CARTESIAN_POINT('',(-0.32,-7.46,8.54));
#14015 = VECTOR('',#14016,1.);
#14016 = DIRECTION('',(1.,0.,0.));
#14017 = PLANE('',#14018);
#14018 = AXIS2_PLACEMENT_3D('',#14019,#14020,#14021);
#14019 = CARTESIAN_POINT('',(-0.32,-7.38,8.46));
#14020 = DIRECTION('',(1.735167508357E-18,0.707106781187,0.707106781187)
  );
#14021 = DIRECTION('',(-1.,1.226948711654E-18,1.226948711654E-18));
#14022 = ADVANCED_FACE('',(#14023),#14041,.F.);
#14023 = FACE_BOUND('',#14024,.F.);
#14024 = EDGE_LOOP('',(#14025,#14033,#14034,#14035));
#14025 = ORIENTED_EDGE('',*,*,#14026,.F.);
#14026 = EDGE_CURVE('',#12683,#14027,#14029,.T.);
#14027 = VERTEX_POINT('',#14028);
#14028 = CARTESIAN_POINT('',(-0.16,-7.78,8.54));
#14029 = LINE('',#14030,#14031);
#14030 = CARTESIAN_POINT('',(-0.266666666667,-7.886666666667,
    8.433333333333));
#14031 = VECTOR('',#14032,1.);
#14032 = DIRECTION('',(0.57735026919,0.57735026919,0.57735026919));
#14033 = ORIENTED_EDGE('',*,*,#12692,.T.);
#14034 = ORIENTED_EDGE('',*,*,#14002,.T.);
#14035 = ORIENTED_EDGE('',*,*,#14036,.F.);
#14036 = EDGE_CURVE('',#14027,#14003,#14037,.T.);
#14037 = LINE('',#14038,#14039);
#14038 = CARTESIAN_POINT('',(-0.16,-7.94,8.54));
#14039 = VECTOR('',#14040,1.);
#14040 = DIRECTION('',(0.,1.,0.));
#14041 = PLANE('',#14042);
#14042 = AXIS2_PLACEMENT_3D('',#14043,#14044,#14045);
#14043 = CARTESIAN_POINT('',(-0.24,-7.94,8.46));
#14044 = DIRECTION('',(0.707106781187,1.735167508357E-18,-0.707106781187
    ));
#14045 = DIRECTION('',(-1.226948711654E-18,1.,1.226948711654E-18));
#14046 = ADVANCED_FACE('',(#14047),#14058,.F.);
#14047 = FACE_BOUND('',#14048,.T.);
#14048 = EDGE_LOOP('',(#14049,#14050,#14051,#14052));
#14049 = ORIENTED_EDGE('',*,*,#14026,.F.);
#14050 = ORIENTED_EDGE('',*,*,#12709,.T.);
#14051 = ORIENTED_EDGE('',*,*,#13971,.T.);
#14052 = ORIENTED_EDGE('',*,*,#14053,.F.);
#14053 = EDGE_CURVE('',#14027,#13972,#14054,.T.);
#14054 = LINE('',#14055,#14056);
#14055 = CARTESIAN_POINT('',(-0.32,-7.78,8.54));
#14056 = VECTOR('',#14057,1.);
#14057 = DIRECTION('',(1.,0.,0.));
#14058 = PLANE('',#14059);
#14059 = AXIS2_PLACEMENT_3D('',#14060,#14061,#14062);
#14060 = CARTESIAN_POINT('',(-0.32,-7.86,8.46));
#14061 = DIRECTION('',(-1.735167508357E-18,0.707106781187,
    -0.707106781187));
#14062 = DIRECTION('',(-1.,-1.226948711654E-18,1.226948711654E-18));
#14063 = ADVANCED_FACE('',(#14064),#14089,.F.);
#14064 = FACE_BOUND('',#14065,.T.);
#14065 = EDGE_LOOP('',(#14066,#14074,#14075,#14083));
#14066 = ORIENTED_EDGE('',*,*,#14067,.F.);
#14067 = EDGE_CURVE('',#12733,#14068,#14070,.T.);
#14068 = VERTEX_POINT('',#14069);
#14069 = CARTESIAN_POINT('',(-0.16,-0.16,8.54));
#14070 = LINE('',#14071,#14072);
#14071 = CARTESIAN_POINT('',(-0.266666666667,-0.266666666667,
    8.433333333333));
#14072 = VECTOR('',#14073,1.);
#14073 = DIRECTION('',(0.57735026919,0.57735026919,0.57735026919));
#14074 = ORIENTED_EDGE('',*,*,#12740,.T.);
#14075 = ORIENTED_EDGE('',*,*,#14076,.T.);
#14076 = EDGE_CURVE('',#12724,#14077,#14079,.T.);
#14077 = VERTEX_POINT('',#14078);
#14078 = CARTESIAN_POINT('',(0.16,-0.16,8.54));
#14079 = LINE('',#14080,#14081);
#14080 = CARTESIAN_POINT('',(0.16,-0.16,8.54));
#14081 = VECTOR('',#14082,1.);
#14082 = DIRECTION('',(-0.57735026919,0.57735026919,0.57735026919));
#14083 = ORIENTED_EDGE('',*,*,#14084,.F.);
#14084 = EDGE_CURVE('',#14068,#14077,#14085,.T.);
#14085 = LINE('',#14086,#14087);
#14086 = CARTESIAN_POINT('',(-0.32,-0.16,8.54));
#14087 = VECTOR('',#14088,1.);
#14088 = DIRECTION('',(1.,0.,0.));
#14089 = PLANE('',#14090);
#14090 = AXIS2_PLACEMENT_3D('',#14091,#14092,#14093);
#14091 = CARTESIAN_POINT('',(-0.32,-0.24,8.46));
#14092 = DIRECTION('',(-1.735167508357E-18,0.707106781187,
    -0.707106781187));
#14093 = DIRECTION('',(-1.,-1.226948711654E-18,1.226948711654E-18));
#14094 = ADVANCED_FACE('',(#14095),#14113,.T.);
#14095 = FACE_BOUND('',#14096,.T.);
#14096 = EDGE_LOOP('',(#14097,#14098,#14099,#14107));
#14097 = ORIENTED_EDGE('',*,*,#14076,.F.);
#14098 = ORIENTED_EDGE('',*,*,#12764,.T.);
#14099 = ORIENTED_EDGE('',*,*,#14100,.T.);
#14100 = EDGE_CURVE('',#12757,#14101,#14103,.T.);
#14101 = VERTEX_POINT('',#14102);
#14102 = CARTESIAN_POINT('',(0.16,0.16,8.54));
#14103 = LINE('',#14104,#14105);
#14104 = CARTESIAN_POINT('',(5.333333333333E-02,5.333333333333E-02,
    8.646666666667));
#14105 = VECTOR('',#14106,1.);
#14106 = DIRECTION('',(-0.57735026919,-0.57735026919,0.57735026919));
#14107 = ORIENTED_EDGE('',*,*,#14108,.F.);
#14108 = EDGE_CURVE('',#14077,#14101,#14109,.T.);
#14109 = LINE('',#14110,#14111);
#14110 = CARTESIAN_POINT('',(0.16,-0.32,8.54));
#14111 = VECTOR('',#14112,1.);
#14112 = DIRECTION('',(0.,1.,0.));
#14113 = PLANE('',#14114);
#14114 = AXIS2_PLACEMENT_3D('',#14115,#14116,#14117);
#14115 = CARTESIAN_POINT('',(0.24,-0.32,8.46));
#14116 = DIRECTION('',(0.707106781187,-1.735167508357E-18,0.707106781187
    ));
#14117 = DIRECTION('',(1.226948711654E-18,1.,1.226948711654E-18));
#14118 = ADVANCED_FACE('',(#14119),#14137,.T.);
#14119 = FACE_BOUND('',#14120,.F.);
#14120 = EDGE_LOOP('',(#14121,#14129,#14130,#14131));
#14121 = ORIENTED_EDGE('',*,*,#14122,.F.);
#14122 = EDGE_CURVE('',#12781,#14123,#14125,.T.);
#14123 = VERTEX_POINT('',#14124);
#14124 = CARTESIAN_POINT('',(-0.16,0.16,8.54));
#14125 = LINE('',#14126,#14127);
#14126 = CARTESIAN_POINT('',(-0.16,0.16,8.54));
#14127 = VECTOR('',#14128,1.);
#14128 = DIRECTION('',(0.57735026919,-0.57735026919,0.57735026919));
#14129 = ORIENTED_EDGE('',*,*,#12788,.T.);
#14130 = ORIENTED_EDGE('',*,*,#14100,.T.);
#14131 = ORIENTED_EDGE('',*,*,#14132,.F.);
#14132 = EDGE_CURVE('',#14123,#14101,#14133,.T.);
#14133 = LINE('',#14134,#14135);
#14134 = CARTESIAN_POINT('',(-0.32,0.16,8.54));
#14135 = VECTOR('',#14136,1.);
#14136 = DIRECTION('',(1.,0.,0.));
#14137 = PLANE('',#14138);
#14138 = AXIS2_PLACEMENT_3D('',#14139,#14140,#14141);
#14139 = CARTESIAN_POINT('',(-0.32,0.24,8.46));
#14140 = DIRECTION('',(1.735167508357E-18,0.707106781187,0.707106781187)
  );
#14141 = DIRECTION('',(-1.,1.226948711654E-18,1.226948711654E-18));
#14142 = ADVANCED_FACE('',(#14143),#14154,.F.);
#14143 = FACE_BOUND('',#14144,.F.);
#14144 = EDGE_LOOP('',(#14145,#14146,#14147,#14148));
#14145 = ORIENTED_EDGE('',*,*,#14067,.F.);
#14146 = ORIENTED_EDGE('',*,*,#12805,.T.);
#14147 = ORIENTED_EDGE('',*,*,#14122,.T.);
#14148 = ORIENTED_EDGE('',*,*,#14149,.F.);
#14149 = EDGE_CURVE('',#14068,#14123,#14150,.T.);
#14150 = LINE('',#14151,#14152);
#14151 = CARTESIAN_POINT('',(-0.16,-0.32,8.54));
#14152 = VECTOR('',#14153,1.);
#14153 = DIRECTION('',(0.,1.,0.));
#14154 = PLANE('',#14155);
#14155 = AXIS2_PLACEMENT_3D('',#14156,#14157,#14158);
#14156 = CARTESIAN_POINT('',(-0.24,-0.32,8.46));
#14157 = DIRECTION('',(0.707106781187,1.735167508357E-18,-0.707106781187
    ));
#14158 = DIRECTION('',(-1.226948711654E-18,1.,1.226948711654E-18));
#14159 = ADVANCED_FACE('',(#14160),#14166,.F.);
#14160 = FACE_BOUND('',#14161,.F.);
#14161 = EDGE_LOOP('',(#14162,#14163,#14164,#14165));
#14162 = ORIENTED_EDGE('',*,*,#12860,.F.);
#14163 = ORIENTED_EDGE('',*,*,#12884,.T.);
#14164 = ORIENTED_EDGE('',*,*,#12901,.T.);
#14165 = ORIENTED_EDGE('',*,*,#12836,.F.);
#14166 = PLANE('',#14167);
#14167 = AXIS2_PLACEMENT_3D('',#14168,#14169,#14170);
#14168 = CARTESIAN_POINT('',(-0.32,-13.02,-3.));
#14169 = DIRECTION('',(0.,0.,1.));
#14170 = DIRECTION('',(1.,0.,-0.));
#14171 = ADVANCED_FACE('',(#14172),#14178,.F.);
#14172 = FACE_BOUND('',#14173,.F.);
#14173 = EDGE_LOOP('',(#14174,#14175,#14176,#14177));
#14174 = ORIENTED_EDGE('',*,*,#12980,.F.);
#14175 = ORIENTED_EDGE('',*,*,#12997,.T.);
#14176 = ORIENTED_EDGE('',*,*,#12932,.T.);
#14177 = ORIENTED_EDGE('',*,*,#12956,.F.);
#14178 = PLANE('',#14179);
#14179 = AXIS2_PLACEMENT_3D('',#14180,#14181,#14182);
#14180 = CARTESIAN_POINT('',(-0.32,-15.56,-3.));
#14181 = DIRECTION('',(0.,0.,1.));
#14182 = DIRECTION('',(1.,0.,-0.));
#14183 = ADVANCED_FACE('',(#14184),#14190,.F.);
#14184 = FACE_BOUND('',#14185,.F.);
#14185 = EDGE_LOOP('',(#14186,#14187,#14188,#14189));
#14186 = ORIENTED_EDGE('',*,*,#13052,.F.);
#14187 = ORIENTED_EDGE('',*,*,#13076,.T.);
#14188 = ORIENTED_EDGE('',*,*,#13093,.T.);
#14189 = ORIENTED_EDGE('',*,*,#13028,.F.);
#14190 = PLANE('',#14191);
#14191 = AXIS2_PLACEMENT_3D('',#14192,#14193,#14194);
#14192 = CARTESIAN_POINT('',(-0.32,-10.48,-3.));
#14193 = DIRECTION('',(0.,0.,1.));
#14194 = DIRECTION('',(1.,0.,-0.));
#14195 = ADVANCED_FACE('',(#14196),#14202,.F.);
#14196 = FACE_BOUND('',#14197,.F.);
#14197 = EDGE_LOOP('',(#14198,#14199,#14200,#14201));
#14198 = ORIENTED_EDGE('',*,*,#13172,.F.);
#14199 = ORIENTED_EDGE('',*,*,#13189,.T.);
#14200 = ORIENTED_EDGE('',*,*,#13124,.T.);
#14201 = ORIENTED_EDGE('',*,*,#13148,.F.);
#14202 = PLANE('',#14203);
#14203 = AXIS2_PLACEMENT_3D('',#14204,#14205,#14206);
#14204 = CARTESIAN_POINT('',(-0.32,-2.86,-3.));
#14205 = DIRECTION('',(0.,0.,1.));
#14206 = DIRECTION('',(1.,0.,-0.));
#14207 = ADVANCED_FACE('',(#14208),#14214,.F.);
#14208 = FACE_BOUND('',#14209,.F.);
#14209 = EDGE_LOOP('',(#14210,#14211,#14212,#14213));
#14210 = ORIENTED_EDGE('',*,*,#13285,.F.);
#14211 = ORIENTED_EDGE('',*,*,#13220,.T.);
#14212 = ORIENTED_EDGE('',*,*,#13244,.T.);
#14213 = ORIENTED_EDGE('',*,*,#13268,.F.);
#14214 = PLANE('',#14215);
#14215 = AXIS2_PLACEMENT_3D('',#14216,#14217,#14218);
#14216 = CARTESIAN_POINT('',(-0.32,-5.4,-3.));
#14217 = DIRECTION('',(0.,0.,1.));
#14218 = DIRECTION('',(1.,0.,-0.));
#14219 = ADVANCED_FACE('',(#14220),#14226,.F.);
#14220 = FACE_BOUND('',#14221,.F.);
#14221 = EDGE_LOOP('',(#14222,#14223,#14224,#14225));
#14222 = ORIENTED_EDGE('',*,*,#13364,.F.);
#14223 = ORIENTED_EDGE('',*,*,#13381,.T.);
#14224 = ORIENTED_EDGE('',*,*,#13316,.T.);
#14225 = ORIENTED_EDGE('',*,*,#13340,.F.);
#14226 = PLANE('',#14227);
#14227 = AXIS2_PLACEMENT_3D('',#14228,#14229,#14230);
#14228 = CARTESIAN_POINT('',(-0.32,-7.94,-3.));
#14229 = DIRECTION('',(0.,0.,1.));
#14230 = DIRECTION('',(1.,0.,-0.));
#14231 = ADVANCED_FACE('',(#14232),#14238,.F.);
#14232 = FACE_BOUND('',#14233,.F.);
#14233 = EDGE_LOOP('',(#14234,#14235,#14236,#14237));
#14234 = ORIENTED_EDGE('',*,*,#13477,.F.);
#14235 = ORIENTED_EDGE('',*,*,#13412,.T.);
#14236 = ORIENTED_EDGE('',*,*,#13436,.T.);
#14237 = ORIENTED_EDGE('',*,*,#13460,.F.);
#14238 = PLANE('',#14239);
#14239 = AXIS2_PLACEMENT_3D('',#14240,#14241,#14242);
#14240 = CARTESIAN_POINT('',(-0.32,-0.32,-3.));
#14241 = DIRECTION('',(0.,0.,1.));
#14242 = DIRECTION('',(1.,0.,-0.));
#14243 = ADVANCED_FACE('',(#14244),#14250,.T.);
#14244 = FACE_BOUND('',#14245,.T.);
#14245 = EDGE_LOOP('',(#14246,#14247,#14248,#14249));
#14246 = ORIENTED_EDGE('',*,*,#13508,.F.);
#14247 = ORIENTED_EDGE('',*,*,#13532,.F.);
#14248 = ORIENTED_EDGE('',*,*,#13556,.T.);
#14249 = ORIENTED_EDGE('',*,*,#13573,.T.);
#14250 = PLANE('',#14251);
#14251 = AXIS2_PLACEMENT_3D('',#14252,#14253,#14254);
#14252 = CARTESIAN_POINT('',(-0.32,-13.02,8.54));
#14253 = DIRECTION('',(0.,0.,1.));
#14254 = DIRECTION('',(1.,0.,-0.));
#14255 = ADVANCED_FACE('',(#14256),#14262,.T.);
#14256 = FACE_BOUND('',#14257,.T.);
#14257 = EDGE_LOOP('',(#14258,#14259,#14260,#14261));
#14258 = ORIENTED_EDGE('',*,*,#13628,.F.);
#14259 = ORIENTED_EDGE('',*,*,#13652,.F.);
#14260 = ORIENTED_EDGE('',*,*,#13669,.T.);
#14261 = ORIENTED_EDGE('',*,*,#13604,.T.);
#14262 = PLANE('',#14263);
#14263 = AXIS2_PLACEMENT_3D('',#14264,#14265,#14266);
#14264 = CARTESIAN_POINT('',(-0.32,-15.56,8.54));
#14265 = DIRECTION('',(0.,0.,1.));
#14266 = DIRECTION('',(1.,0.,-0.));
#14267 = ADVANCED_FACE('',(#14268),#14274,.T.);
#14268 = FACE_BOUND('',#14269,.T.);
#14269 = EDGE_LOOP('',(#14270,#14271,#14272,#14273));
#14270 = ORIENTED_EDGE('',*,*,#13700,.F.);
#14271 = ORIENTED_EDGE('',*,*,#13724,.F.);
#14272 = ORIENTED_EDGE('',*,*,#13748,.T.);
#14273 = ORIENTED_EDGE('',*,*,#13765,.T.);
#14274 = PLANE('',#14275);
#14275 = AXIS2_PLACEMENT_3D('',#14276,#14277,#14278);
#14276 = CARTESIAN_POINT('',(-0.32,-10.48,8.54));
#14277 = DIRECTION('',(0.,0.,1.));
#14278 = DIRECTION('',(1.,0.,-0.));
#14279 = ADVANCED_FACE('',(#14280),#14286,.T.);
#14280 = FACE_BOUND('',#14281,.T.);
#14281 = EDGE_LOOP('',(#14282,#14283,#14284,#14285));
#14282 = ORIENTED_EDGE('',*,*,#13820,.F.);
#14283 = ORIENTED_EDGE('',*,*,#13844,.F.);
#14284 = ORIENTED_EDGE('',*,*,#13861,.T.);
#14285 = ORIENTED_EDGE('',*,*,#13796,.T.);
#14286 = PLANE('',#14287);
#14287 = AXIS2_PLACEMENT_3D('',#14288,#14289,#14290);
#14288 = CARTESIAN_POINT('',(-0.32,-2.86,8.54));
#14289 = DIRECTION('',(0.,0.,1.));
#14290 = DIRECTION('',(1.,0.,-0.));
#14291 = ADVANCED_FACE('',(#14292),#14298,.T.);
#14292 = FACE_BOUND('',#14293,.T.);
#14293 = EDGE_LOOP('',(#14294,#14295,#14296,#14297));
#14294 = ORIENTED_EDGE('',*,*,#13940,.F.);
#14295 = ORIENTED_EDGE('',*,*,#13957,.F.);
#14296 = ORIENTED_EDGE('',*,*,#13892,.T.);
#14297 = ORIENTED_EDGE('',*,*,#13916,.T.);
#14298 = PLANE('',#14299);
#14299 = AXIS2_PLACEMENT_3D('',#14300,#14301,#14302);
#14300 = CARTESIAN_POINT('',(-0.32,-5.4,8.54));
#14301 = DIRECTION('',(0.,0.,1.));
#14302 = DIRECTION('',(1.,0.,-0.));
#14303 = ADVANCED_FACE('',(#14304),#14310,.T.);
#14304 = FACE_BOUND('',#14305,.T.);
#14305 = EDGE_LOOP('',(#14306,#14307,#14308,#14309));
#14306 = ORIENTED_EDGE('',*,*,#14012,.F.);
#14307 = ORIENTED_EDGE('',*,*,#14036,.F.);
#14308 = ORIENTED_EDGE('',*,*,#14053,.T.);
#14309 = ORIENTED_EDGE('',*,*,#13988,.T.);
#14310 = PLANE('',#14311);
#14311 = AXIS2_PLACEMENT_3D('',#14312,#14313,#14314);
#14312 = CARTESIAN_POINT('',(-0.32,-7.94,8.54));
#14313 = DIRECTION('',(0.,0.,1.));
#14314 = DIRECTION('',(1.,0.,-0.));
#14315 = ADVANCED_FACE('',(#14316),#14322,.T.);
#14316 = FACE_BOUND('',#14317,.T.);
#14317 = EDGE_LOOP('',(#14318,#14319,#14320,#14321));
#14318 = ORIENTED_EDGE('',*,*,#14132,.F.);
#14319 = ORIENTED_EDGE('',*,*,#14149,.F.);
#14320 = ORIENTED_EDGE('',*,*,#14084,.T.);
#14321 = ORIENTED_EDGE('',*,*,#14108,.T.);
#14322 = PLANE('',#14323);
#14323 = AXIS2_PLACEMENT_3D('',#14324,#14325,#14326);
#14324 = CARTESIAN_POINT('',(-0.32,-0.32,8.54));
#14325 = DIRECTION('',(0.,0.,1.));
#14326 = DIRECTION('',(1.,0.,-0.));
#14327 = ( GEOMETRIC_REPRESENTATION_CONTEXT(3) 
GLOBAL_UNCERTAINTY_ASSIGNED_CONTEXT((#14331)) 
GLOBAL_UNIT_ASSIGNED_CONTEXT((#14328,#14329,#14330)) 
REPRESENTATION_CONTEXT('Context #1',
  '3D Context with UNIT and UNCERTAINTY') );
#14328 = ( LENGTH_UNIT() NAMED_UNIT(*) SI_UNIT(.MILLI.,.METRE.) );
#14329 = ( NAMED_UNIT(*) PLANE_ANGLE_UNIT() SI_UNIT($,.RADIAN.) );
#14330 = ( NAMED_UNIT(*) SI_UNIT($,.STERADIAN.) SOLID_ANGLE_UNIT() );
#14331 = UNCERTAINTY_MEASURE_WITH_UNIT(LENGTH_MEASURE(1.E-07),#14328,
  'distance_accuracy_value','confusion accuracy');
#14332 = CONTEXT_DEPENDENT_SHAPE_REPRESENTATION(#14333,#14335);
#14333 = ( REPRESENTATION_RELATIONSHIP('','',#9524,#10) 
REPRESENTATION_RELATIONSHIP_WITH_TRANSFORMATION(#14334) 
SHAPE_REPRESENTATION_RELATIONSHIP() );
#14334 = ITEM_DEFINED_TRANSFORMATION('','',#11,#43);
#14335 = PRODUCT_DEFINITION_SHAPE('Placement','Placement of an item',
  #14336);
#14336 = NEXT_ASSEMBLY_USAGE_OCCURRENCE('12','J1','',#5,#9519,$);
#14337 = PRODUCT_RELATED_PRODUCT_CATEGORY('part',$,(#9521));
#14338 = SHAPE_DEFINITION_REPRESENTATION(#14339,#14345);
#14339 = PRODUCT_DEFINITION_SHAPE('','',#14340);
#14340 = PRODUCT_DEFINITION('design','',#14341,#14344);
#14341 = PRODUCT_DEFINITION_FORMATION('','',#14342);
#14342 = PRODUCT('JST_SH_SM02B-SRSS-TB_1x02-1MP_P1.00mm_Horizontal',
  'JST_SH_SM02B-SRSS-TB_1x02-1MP_P1.00mm_Horizontal','',(#14343));
#14343 = PRODUCT_CONTEXT('',#2,'mechanical');
#14344 = PRODUCT_DEFINITION_CONTEXT('part definition',#2,'design');
#14345 = ADVANCED_BREP_SHAPE_REPRESENTATION('',(#11,#14346),#16470);
#14346 = MANIFOLD_SOLID_BREP('',#14347);
#14347 = CLOSED_SHELL('',(#14348,#14452,#14595,#14619,#14643,#14667,
    #14691,#14852,#14908,#14932,#14956,#14980,#15004,#15090,#15162,
    #15186,#15217,#15241,#15272,#15296,#15336,#15360,#15393,#15433,
    #15457,#15490,#15517,#15535,#15560,#15584,#15638,#15662,#15686,
    #15703,#15727,#15774,#15798,#15822,#15839,#15856,#15896,#15913,
    #15927,#15944,#15961,#15978,#16002,#16019,#16036,#16048,#16068,
    #16080,#16092,#16109,#16121,#16138,#16150,#16162,#16242,#16254,
    #16285,#16309,#16333,#16350,#16381,#16405,#16429,#16446,#16458));
#14348 = ADVANCED_FACE('',(#14349),#14447,.F.);
#14349 = FACE_BOUND('',#14350,.F.);
#14350 = EDGE_LOOP('',(#14351,#14361,#14369,#14377,#14385,#14393,#14401,
    #14409,#14417,#14425,#14433,#14441));
#14351 = ORIENTED_EDGE('',*,*,#14352,.F.);
#14352 = EDGE_CURVE('',#14353,#14355,#14357,.T.);
#14353 = VERTEX_POINT('',#14354);
#14354 = CARTESIAN_POINT('',(-2.,1.775,6.E-02));
#14355 = VERTEX_POINT('',#14356);
#14356 = CARTESIAN_POINT('',(-2.,-0.975,6.E-02));
#14357 = LINE('',#14358,#14359);
#14358 = CARTESIAN_POINT('',(-2.,1.775,6.E-02));
#14359 = VECTOR('',#14360,1.);
#14360 = DIRECTION('',(0.,-1.,1.110223024625E-16));
#14361 = ORIENTED_EDGE('',*,*,#14362,.T.);
#14362 = EDGE_CURVE('',#14353,#14363,#14365,.T.);
#14363 = VERTEX_POINT('',#14364);
#14364 = CARTESIAN_POINT('',(-2.,1.775,1.46));
#14365 = LINE('',#14366,#14367);
#14366 = CARTESIAN_POINT('',(-2.,1.775,6.E-02));
#14367 = VECTOR('',#14368,1.);
#14368 = DIRECTION('',(0.,1.110223024625E-16,1.));
#14369 = ORIENTED_EDGE('',*,*,#14370,.T.);
#14370 = EDGE_CURVE('',#14363,#14371,#14373,.T.);
#14371 = VERTEX_POINT('',#14372);
#14372 = CARTESIAN_POINT('',(-2.,1.225,1.46));
#14373 = LINE('',#14374,#14375);
#14374 = CARTESIAN_POINT('',(-2.,1.775,1.46));
#14375 = VECTOR('',#14376,1.);
#14376 = DIRECTION('',(0.,-1.,1.110223024625E-16));
#14377 = ORIENTED_EDGE('',*,*,#14378,.T.);
#14378 = EDGE_CURVE('',#14371,#14379,#14381,.T.);
#14379 = VERTEX_POINT('',#14380);
#14380 = CARTESIAN_POINT('',(-2.,1.225,2.46));
#14381 = LINE('',#14382,#14383);
#14382 = CARTESIAN_POINT('',(-2.,1.225,1.46));
#14383 = VECTOR('',#14384,1.);
#14384 = DIRECTION('',(0.,1.110223024625E-16,1.));
#14385 = ORIENTED_EDGE('',*,*,#14386,.T.);
#14386 = EDGE_CURVE('',#14379,#14387,#14389,.T.);
#14387 = VERTEX_POINT('',#14388);
#14388 = CARTESIAN_POINT('',(-2.,0.575,2.46));
#14389 = LINE('',#14390,#14391);
#14390 = CARTESIAN_POINT('',(-2.,1.225,2.46));
#14391 = VECTOR('',#14392,1.);
#14392 = DIRECTION('',(0.,-1.,1.110223024625E-16));
#14393 = ORIENTED_EDGE('',*,*,#14394,.T.);
#14394 = EDGE_CURVE('',#14387,#14395,#14397,.T.);
#14395 = VERTEX_POINT('',#14396);
#14396 = CARTESIAN_POINT('',(-2.,0.286,2.96));
#14397 = LINE('',#14398,#14399);
#14398 = CARTESIAN_POINT('',(-2.,0.575,2.46));
#14399 = VECTOR('',#14400,1.);
#14400 = DIRECTION('',(0.,-0.500421834463,0.865781720524));
#14401 = ORIENTED_EDGE('',*,*,#14402,.T.);
#14402 = EDGE_CURVE('',#14395,#14403,#14405,.T.);
#14403 = VERTEX_POINT('',#14404);
#14404 = CARTESIAN_POINT('',(-2.,-2.475,2.96));
#14405 = LINE('',#14406,#14407);
#14406 = CARTESIAN_POINT('',(-2.,1.775,2.96));
#14407 = VECTOR('',#14408,1.);
#14408 = DIRECTION('',(0.,-1.,1.110223024625E-16));
#14409 = ORIENTED_EDGE('',*,*,#14410,.F.);
#14410 = EDGE_CURVE('',#14411,#14403,#14413,.T.);
#14411 = VERTEX_POINT('',#14412);
#14412 = CARTESIAN_POINT('',(-2.,-2.475,1.26));
#14413 = LINE('',#14414,#14415);
#14414 = CARTESIAN_POINT('',(-2.,-2.475,6.E-02));
#14415 = VECTOR('',#14416,1.);
#14416 = DIRECTION('',(0.,1.110223024625E-16,1.));
#14417 = ORIENTED_EDGE('',*,*,#14418,.T.);
#14418 = EDGE_CURVE('',#14411,#14419,#14421,.T.);
#14419 = VERTEX_POINT('',#14420);
#14420 = CARTESIAN_POINT('',(-2.,-1.975,1.26));
#14421 = LINE('',#14422,#14423);
#14422 = CARTESIAN_POINT('',(-2.,-2.475,1.26));
#14423 = VECTOR('',#14424,1.);
#14424 = DIRECTION('',(0.,1.,-1.110223024625E-16));
#14425 = ORIENTED_EDGE('',*,*,#14426,.T.);
#14426 = EDGE_CURVE('',#14419,#14427,#14429,.T.);
#14427 = VERTEX_POINT('',#14428);
#14428 = CARTESIAN_POINT('',(-2.,-1.975,0.61));
#14429 = LINE('',#14430,#14431);
#14430 = CARTESIAN_POINT('',(-2.,-1.975,1.26));
#14431 = VECTOR('',#14432,1.);
#14432 = DIRECTION('',(0.,-1.110223024625E-16,-1.));
#14433 = ORIENTED_EDGE('',*,*,#14434,.T.);
#14434 = EDGE_CURVE('',#14427,#14435,#14437,.T.);
#14435 = VERTEX_POINT('',#14436);
#14436 = CARTESIAN_POINT('',(-2.,-0.975,0.61));
#14437 = LINE('',#14438,#14439);
#14438 = CARTESIAN_POINT('',(-2.,-1.975,0.61));
#14439 = VECTOR('',#14440,1.);
#14440 = DIRECTION('',(0.,1.,-1.110223024625E-16));
#14441 = ORIENTED_EDGE('',*,*,#14442,.T.);
#14442 = EDGE_CURVE('',#14435,#14355,#14443,.T.);
#14443 = LINE('',#14444,#14445);
#14444 = CARTESIAN_POINT('',(-2.,-0.975,0.61));
#14445 = VECTOR('',#14446,1.);
#14446 = DIRECTION('',(0.,-1.110223024625E-16,-1.));
#14447 = PLANE('',#14448);
#14448 = AXIS2_PLACEMENT_3D('',#14449,#14450,#14451);
#14449 = CARTESIAN_POINT('',(-2.,1.775,6.E-02));
#14450 = DIRECTION('',(1.,0.,0.));
#14451 = DIRECTION('',(0.,-1.,1.110223024625E-16));
#14452 = ADVANCED_FACE('',(#14453),#14590,.F.);
#14453 = FACE_BOUND('',#14454,.F.);
#14454 = EDGE_LOOP('',(#14455,#14465,#14473,#14481,#14489,#14497,#14505,
    #14513,#14521,#14529,#14535,#14536,#14544,#14552,#14560,#14568,
    #14576,#14584));
#14455 = ORIENTED_EDGE('',*,*,#14456,.F.);
#14456 = EDGE_CURVE('',#14457,#14459,#14461,.T.);
#14457 = VERTEX_POINT('',#14458);
#14458 = CARTESIAN_POINT('',(2.,1.775,6.E-02));
#14459 = VERTEX_POINT('',#14460);
#14460 = CARTESIAN_POINT('',(2.,-0.975,6.E-02));
#14461 = LINE('',#14462,#14463);
#14462 = CARTESIAN_POINT('',(2.,1.775,6.E-02));
#14463 = VECTOR('',#14464,1.);
#14464 = DIRECTION('',(0.,-1.,1.110223024625E-16));
#14465 = ORIENTED_EDGE('',*,*,#14466,.F.);
#14466 = EDGE_CURVE('',#14467,#14457,#14469,.T.);
#14467 = VERTEX_POINT('',#14468);
#14468 = CARTESIAN_POINT('',(0.6,1.775,6.E-02));
#14469 = LINE('',#14470,#14471);
#14470 = CARTESIAN_POINT('',(-2.,1.775,6.E-02));
#14471 = VECTOR('',#14472,1.);
#14472 = DIRECTION('',(1.,0.,0.));
#14473 = ORIENTED_EDGE('',*,*,#14474,.F.);
#14474 = EDGE_CURVE('',#14475,#14467,#14477,.T.);
#14475 = VERTEX_POINT('',#14476);
#14476 = CARTESIAN_POINT('',(0.6,1.675,6.E-02));
#14477 = LINE('',#14478,#14479);
#14478 = CARTESIAN_POINT('',(0.6,1.675,6.E-02));
#14479 = VECTOR('',#14480,1.);
#14480 = DIRECTION('',(0.,1.,0.));
#14481 = ORIENTED_EDGE('',*,*,#14482,.F.);
#14482 = EDGE_CURVE('',#14483,#14475,#14485,.T.);
#14483 = VERTEX_POINT('',#14484);
#14484 = CARTESIAN_POINT('',(0.4,1.675,6.E-02));
#14485 = LINE('',#14486,#14487);
#14486 = CARTESIAN_POINT('',(0.4,1.675,6.E-02));
#14487 = VECTOR('',#14488,1.);
#14488 = DIRECTION('',(1.,0.,0.));
#14489 = ORIENTED_EDGE('',*,*,#14490,.T.);
#14490 = EDGE_CURVE('',#14483,#14491,#14493,.T.);
#14491 = VERTEX_POINT('',#14492);
#14492 = CARTESIAN_POINT('',(0.4,1.775,6.E-02));
#14493 = LINE('',#14494,#14495);
#14494 = CARTESIAN_POINT('',(0.4,1.675,6.E-02));
#14495 = VECTOR('',#14496,1.);
#14496 = DIRECTION('',(0.,1.,0.));
#14497 = ORIENTED_EDGE('',*,*,#14498,.F.);
#14498 = EDGE_CURVE('',#14499,#14491,#14501,.T.);
#14499 = VERTEX_POINT('',#14500);
#14500 = CARTESIAN_POINT('',(-0.4,1.775,6.E-02));
#14501 = LINE('',#14502,#14503);
#14502 = CARTESIAN_POINT('',(-2.,1.775,6.E-02));
#14503 = VECTOR('',#14504,1.);
#14504 = DIRECTION('',(1.,0.,0.));
#14505 = ORIENTED_EDGE('',*,*,#14506,.F.);
#14506 = EDGE_CURVE('',#14507,#14499,#14509,.T.);
#14507 = VERTEX_POINT('',#14508);
#14508 = CARTESIAN_POINT('',(-0.4,1.675,6.E-02));
#14509 = LINE('',#14510,#14511);
#14510 = CARTESIAN_POINT('',(-0.4,1.675,6.E-02));
#14511 = VECTOR('',#14512,1.);
#14512 = DIRECTION('',(0.,1.,0.));
#14513 = ORIENTED_EDGE('',*,*,#14514,.F.);
#14514 = EDGE_CURVE('',#14515,#14507,#14517,.T.);
#14515 = VERTEX_POINT('',#14516);
#14516 = CARTESIAN_POINT('',(-0.6,1.675,6.E-02));
#14517 = LINE('',#14518,#14519);
#14518 = CARTESIAN_POINT('',(-0.6,1.675,6.E-02));
#14519 = VECTOR('',#14520,1.);
#14520 = DIRECTION('',(1.,0.,0.));
#14521 = ORIENTED_EDGE('',*,*,#14522,.T.);
#14522 = EDGE_CURVE('',#14515,#14523,#14525,.T.);
#14523 = VERTEX_POINT('',#14524);
#14524 = CARTESIAN_POINT('',(-0.6,1.775,6.E-02));
#14525 = LINE('',#14526,#14527);
#14526 = CARTESIAN_POINT('',(-0.6,1.675,6.E-02));
#14527 = VECTOR('',#14528,1.);
#14528 = DIRECTION('',(0.,1.,0.));
#14529 = ORIENTED_EDGE('',*,*,#14530,.F.);
#14530 = EDGE_CURVE('',#14353,#14523,#14531,.T.);
#14531 = LINE('',#14532,#14533);
#14532 = CARTESIAN_POINT('',(-2.,1.775,6.E-02));
#14533 = VECTOR('',#14534,1.);
#14534 = DIRECTION('',(1.,0.,0.));
#14535 = ORIENTED_EDGE('',*,*,#14352,.T.);
#14536 = ORIENTED_EDGE('',*,*,#14537,.T.);
#14537 = EDGE_CURVE('',#14355,#14538,#14540,.T.);
#14538 = VERTEX_POINT('',#14539);
#14539 = CARTESIAN_POINT('',(-1.7,-0.975,6.E-02));
#14540 = LINE('',#14541,#14542);
#14541 = CARTESIAN_POINT('',(-2.,-0.975,6.E-02));
#14542 = VECTOR('',#14543,1.);
#14543 = DIRECTION('',(1.,0.,0.));
#14544 = ORIENTED_EDGE('',*,*,#14545,.T.);
#14545 = EDGE_CURVE('',#14538,#14546,#14548,.T.);
#14546 = VERTEX_POINT('',#14547);
#14547 = CARTESIAN_POINT('',(-1.5,-0.975,6.E-02));
#14548 = LINE('',#14549,#14550);
#14549 = CARTESIAN_POINT('',(-2.,-0.975,6.E-02));
#14550 = VECTOR('',#14551,1.);
#14551 = DIRECTION('',(1.,0.,0.));
#14552 = ORIENTED_EDGE('',*,*,#14553,.T.);
#14553 = EDGE_CURVE('',#14546,#14554,#14556,.T.);
#14554 = VERTEX_POINT('',#14555);
#14555 = CARTESIAN_POINT('',(-1.5,-2.475,6.E-02));
#14556 = LINE('',#14557,#14558);
#14557 = CARTESIAN_POINT('',(-1.5,-0.975,6.E-02));
#14558 = VECTOR('',#14559,1.);
#14559 = DIRECTION('',(0.,-1.,2.590520390792E-16));
#14560 = ORIENTED_EDGE('',*,*,#14561,.T.);
#14561 = EDGE_CURVE('',#14554,#14562,#14564,.T.);
#14562 = VERTEX_POINT('',#14563);
#14563 = CARTESIAN_POINT('',(1.5,-2.475,6.E-02));
#14564 = LINE('',#14565,#14566);
#14565 = CARTESIAN_POINT('',(-2.,-2.475,6.E-02));
#14566 = VECTOR('',#14567,1.);
#14567 = DIRECTION('',(1.,0.,0.));
#14568 = ORIENTED_EDGE('',*,*,#14569,.F.);
#14569 = EDGE_CURVE('',#14570,#14562,#14572,.T.);
#14570 = VERTEX_POINT('',#14571);
#14571 = CARTESIAN_POINT('',(1.5,-0.975,6.E-02));
#14572 = LINE('',#14573,#14574);
#14573 = CARTESIAN_POINT('',(1.5,-0.975,6.E-02));
#14574 = VECTOR('',#14575,1.);
#14575 = DIRECTION('',(0.,-1.,2.590520390792E-16));
#14576 = ORIENTED_EDGE('',*,*,#14577,.T.);
#14577 = EDGE_CURVE('',#14570,#14578,#14580,.T.);
#14578 = VERTEX_POINT('',#14579);
#14579 = CARTESIAN_POINT('',(1.7,-0.975,6.E-02));
#14580 = LINE('',#14581,#14582);
#14581 = CARTESIAN_POINT('',(1.5,-0.975,6.E-02));
#14582 = VECTOR('',#14583,1.);
#14583 = DIRECTION('',(1.,0.,0.));
#14584 = ORIENTED_EDGE('',*,*,#14585,.T.);
#14585 = EDGE_CURVE('',#14578,#14459,#14586,.T.);
#14586 = LINE('',#14587,#14588);
#14587 = CARTESIAN_POINT('',(1.5,-0.975,6.E-02));
#14588 = VECTOR('',#14589,1.);
#14589 = DIRECTION('',(1.,0.,0.));
#14590 = PLANE('',#14591);
#14591 = AXIS2_PLACEMENT_3D('',#14592,#14593,#14594);
#14592 = CARTESIAN_POINT('',(-2.,1.775,6.E-02));
#14593 = DIRECTION('',(0.,1.110223024625E-16,1.));
#14594 = DIRECTION('',(0.,-1.,1.110223024625E-16));
#14595 = ADVANCED_FACE('',(#14596),#14614,.F.);
#14596 = FACE_BOUND('',#14597,.F.);
#14597 = EDGE_LOOP('',(#14598,#14599,#14607,#14613));
#14598 = ORIENTED_EDGE('',*,*,#14442,.F.);
#14599 = ORIENTED_EDGE('',*,*,#14600,.T.);
#14600 = EDGE_CURVE('',#14435,#14601,#14603,.T.);
#14601 = VERTEX_POINT('',#14602);
#14602 = CARTESIAN_POINT('',(-1.7,-0.975,0.61));
#14603 = LINE('',#14604,#14605);
#14604 = CARTESIAN_POINT('',(-2.,-0.975,0.61));
#14605 = VECTOR('',#14606,1.);
#14606 = DIRECTION('',(1.,0.,0.));
#14607 = ORIENTED_EDGE('',*,*,#14608,.T.);
#14608 = EDGE_CURVE('',#14601,#14538,#14609,.T.);
#14609 = LINE('',#14610,#14611);
#14610 = CARTESIAN_POINT('',(-1.7,-0.975,0.61));
#14611 = VECTOR('',#14612,1.);
#14612 = DIRECTION('',(0.,0.,-1.));
#14613 = ORIENTED_EDGE('',*,*,#14537,.F.);
#14614 = PLANE('',#14615);
#14615 = AXIS2_PLACEMENT_3D('',#14616,#14617,#14618);
#14616 = CARTESIAN_POINT('',(-2.,-0.975,0.61));
#14617 = DIRECTION('',(0.,1.,-1.110223024625E-16));
#14618 = DIRECTION('',(0.,-1.110223024625E-16,-1.));
#14619 = ADVANCED_FACE('',(#14620),#14638,.F.);
#14620 = FACE_BOUND('',#14621,.F.);
#14621 = EDGE_LOOP('',(#14622,#14623,#14631,#14637));
#14622 = ORIENTED_EDGE('',*,*,#14434,.F.);
#14623 = ORIENTED_EDGE('',*,*,#14624,.T.);
#14624 = EDGE_CURVE('',#14427,#14625,#14627,.T.);
#14625 = VERTEX_POINT('',#14626);
#14626 = CARTESIAN_POINT('',(-1.7,-1.975,0.61));
#14627 = LINE('',#14628,#14629);
#14628 = CARTESIAN_POINT('',(-2.,-1.975,0.61));
#14629 = VECTOR('',#14630,1.);
#14630 = DIRECTION('',(1.,0.,0.));
#14631 = ORIENTED_EDGE('',*,*,#14632,.T.);
#14632 = EDGE_CURVE('',#14625,#14601,#14633,.T.);
#14633 = LINE('',#14634,#14635);
#14634 = CARTESIAN_POINT('',(-1.7,-1.975,0.61));
#14635 = VECTOR('',#14636,1.);
#14636 = DIRECTION('',(0.,1.,0.));
#14637 = ORIENTED_EDGE('',*,*,#14600,.F.);
#14638 = PLANE('',#14639);
#14639 = AXIS2_PLACEMENT_3D('',#14640,#14641,#14642);
#14640 = CARTESIAN_POINT('',(-2.,-1.975,0.61));
#14641 = DIRECTION('',(0.,1.110223024625E-16,1.));
#14642 = DIRECTION('',(0.,1.,-1.110223024625E-16));
#14643 = ADVANCED_FACE('',(#14644),#14662,.F.);
#14644 = FACE_BOUND('',#14645,.F.);
#14645 = EDGE_LOOP('',(#14646,#14647,#14655,#14661));
#14646 = ORIENTED_EDGE('',*,*,#14426,.F.);
#14647 = ORIENTED_EDGE('',*,*,#14648,.T.);
#14648 = EDGE_CURVE('',#14419,#14649,#14651,.T.);
#14649 = VERTEX_POINT('',#14650);
#14650 = CARTESIAN_POINT('',(-1.7,-1.975,1.26));
#14651 = LINE('',#14652,#14653);
#14652 = CARTESIAN_POINT('',(-2.,-1.975,1.26));
#14653 = VECTOR('',#14654,1.);
#14654 = DIRECTION('',(1.,0.,0.));
#14655 = ORIENTED_EDGE('',*,*,#14656,.T.);
#14656 = EDGE_CURVE('',#14649,#14625,#14657,.T.);
#14657 = LINE('',#14658,#14659);
#14658 = CARTESIAN_POINT('',(-1.7,-1.975,1.26));
#14659 = VECTOR('',#14660,1.);
#14660 = DIRECTION('',(0.,0.,-1.));
#14661 = ORIENTED_EDGE('',*,*,#14624,.F.);
#14662 = PLANE('',#14663);
#14663 = AXIS2_PLACEMENT_3D('',#14664,#14665,#14666);
#14664 = CARTESIAN_POINT('',(-2.,-1.975,1.26));
#14665 = DIRECTION('',(0.,1.,-1.110223024625E-16));
#14666 = DIRECTION('',(0.,-1.110223024625E-16,-1.));
#14667 = ADVANCED_FACE('',(#14668),#14686,.F.);
#14668 = FACE_BOUND('',#14669,.F.);
#14669 = EDGE_LOOP('',(#14670,#14671,#14679,#14685));
#14670 = ORIENTED_EDGE('',*,*,#14418,.F.);
#14671 = ORIENTED_EDGE('',*,*,#14672,.T.);
#14672 = EDGE_CURVE('',#14411,#14673,#14675,.T.);
#14673 = VERTEX_POINT('',#14674);
#14674 = CARTESIAN_POINT('',(-1.7,-2.475,1.26));
#14675 = LINE('',#14676,#14677);
#14676 = CARTESIAN_POINT('',(-2.,-2.475,1.26));
#14677 = VECTOR('',#14678,1.);
#14678 = DIRECTION('',(1.,0.,0.));
#14679 = ORIENTED_EDGE('',*,*,#14680,.T.);
#14680 = EDGE_CURVE('',#14673,#14649,#14681,.T.);
#14681 = LINE('',#14682,#14683);
#14682 = CARTESIAN_POINT('',(-1.7,-2.475,1.26));
#14683 = VECTOR('',#14684,1.);
#14684 = DIRECTION('',(0.,1.,0.));
#14685 = ORIENTED_EDGE('',*,*,#14648,.F.);
#14686 = PLANE('',#14687);
#14687 = AXIS2_PLACEMENT_3D('',#14688,#14689,#14690);
#14688 = CARTESIAN_POINT('',(-2.,-2.475,1.26));
#14689 = DIRECTION('',(0.,1.110223024625E-16,1.));
#14690 = DIRECTION('',(0.,1.,-1.110223024625E-16));
#14691 = ADVANCED_FACE('',(#14692,#14749),#14847,.T.);
#14692 = FACE_BOUND('',#14693,.T.);
#14693 = EDGE_LOOP('',(#14694,#14695,#14696,#14704,#14710,#14711,#14719,
    #14727,#14735,#14743));
#14694 = ORIENTED_EDGE('',*,*,#14410,.F.);
#14695 = ORIENTED_EDGE('',*,*,#14672,.T.);
#14696 = ORIENTED_EDGE('',*,*,#14697,.T.);
#14697 = EDGE_CURVE('',#14673,#14698,#14700,.T.);
#14698 = VERTEX_POINT('',#14699);
#14699 = CARTESIAN_POINT('',(-1.5,-2.475,1.26));
#14700 = LINE('',#14701,#14702);
#14701 = CARTESIAN_POINT('',(-2.,-2.475,1.26));
#14702 = VECTOR('',#14703,1.);
#14703 = DIRECTION('',(1.,0.,0.));
#14704 = ORIENTED_EDGE('',*,*,#14705,.F.);
#14705 = EDGE_CURVE('',#14554,#14698,#14706,.T.);
#14706 = LINE('',#14707,#14708);
#14707 = CARTESIAN_POINT('',(-1.5,-2.475,6.E-02));
#14708 = VECTOR('',#14709,1.);
#14709 = DIRECTION('',(0.,1.110223024625E-16,1.));
#14710 = ORIENTED_EDGE('',*,*,#14561,.T.);
#14711 = ORIENTED_EDGE('',*,*,#14712,.T.);
#14712 = EDGE_CURVE('',#14562,#14713,#14715,.T.);
#14713 = VERTEX_POINT('',#14714);
#14714 = CARTESIAN_POINT('',(1.5,-2.475,1.26));
#14715 = LINE('',#14716,#14717);
#14716 = CARTESIAN_POINT('',(1.5,-2.475,6.E-02));
#14717 = VECTOR('',#14718,1.);
#14718 = DIRECTION('',(0.,1.110223024625E-16,1.));
#14719 = ORIENTED_EDGE('',*,*,#14720,.T.);
#14720 = EDGE_CURVE('',#14713,#14721,#14723,.T.);
#14721 = VERTEX_POINT('',#14722);
#14722 = CARTESIAN_POINT('',(1.7,-2.475,1.26));
#14723 = LINE('',#14724,#14725);
#14724 = CARTESIAN_POINT('',(1.5,-2.475,1.26));
#14725 = VECTOR('',#14726,1.);
#14726 = DIRECTION('',(1.,0.,0.));
#14727 = ORIENTED_EDGE('',*,*,#14728,.T.);
#14728 = EDGE_CURVE('',#14721,#14729,#14731,.T.);
#14729 = VERTEX_POINT('',#14730);
#14730 = CARTESIAN_POINT('',(2.,-2.475,1.26));
#14731 = LINE('',#14732,#14733);
#14732 = CARTESIAN_POINT('',(1.5,-2.475,1.26));
#14733 = VECTOR('',#14734,1.);
#14734 = DIRECTION('',(1.,0.,0.));
#14735 = ORIENTED_EDGE('',*,*,#14736,.T.);
#14736 = EDGE_CURVE('',#14729,#14737,#14739,.T.);
#14737 = VERTEX_POINT('',#14738);
#14738 = CARTESIAN_POINT('',(2.,-2.475,2.96));
#14739 = LINE('',#14740,#14741);
#14740 = CARTESIAN_POINT('',(2.,-2.475,6.E-02));
#14741 = VECTOR('',#14742,1.);
#14742 = DIRECTION('',(0.,1.110223024625E-16,1.));
#14743 = ORIENTED_EDGE('',*,*,#14744,.F.);
#14744 = EDGE_CURVE('',#14403,#14737,#14745,.T.);
#14745 = LINE('',#14746,#14747);
#14746 = CARTESIAN_POINT('',(-2.,-2.475,2.96));
#14747 = VECTOR('',#14748,1.);
#14748 = DIRECTION('',(1.,0.,0.));
#14749 = FACE_BOUND('',#14750,.T.);
#14750 = EDGE_LOOP('',(#14751,#14761,#14769,#14777,#14785,#14793,#14801,
    #14809,#14817,#14825,#14833,#14841));
#14751 = ORIENTED_EDGE('',*,*,#14752,.F.);
#14752 = EDGE_CURVE('',#14753,#14755,#14757,.T.);
#14753 = VERTEX_POINT('',#14754);
#14754 = CARTESIAN_POINT('',(1.2,-2.475,0.46));
#14755 = VERTEX_POINT('',#14756);
#14756 = CARTESIAN_POINT('',(1.2,-2.475,1.46));
#14757 = LINE('',#14758,#14759);
#14758 = CARTESIAN_POINT('',(1.2,-2.475,0.46));
#14759 = VECTOR('',#14760,1.);
#14760 = DIRECTION('',(0.,1.110223024625E-16,1.));
#14761 = ORIENTED_EDGE('',*,*,#14762,.F.);
#14762 = EDGE_CURVE('',#14763,#14753,#14765,.T.);
#14763 = VERTEX_POINT('',#14764);
#14764 = CARTESIAN_POINT('',(-1.2,-2.475,0.46));
#14765 = LINE('',#14766,#14767);
#14766 = CARTESIAN_POINT('',(-1.2,-2.475,0.46));
#14767 = VECTOR('',#14768,1.);
#14768 = DIRECTION('',(1.,0.,0.));
#14769 = ORIENTED_EDGE('',*,*,#14770,.F.);
#14770 = EDGE_CURVE('',#14771,#14763,#14773,.T.);
#14771 = VERTEX_POINT('',#14772);
#14772 = CARTESIAN_POINT('',(-1.2,-2.475,1.46));
#14773 = LINE('',#14774,#14775);
#14774 = CARTESIAN_POINT('',(-1.2,-2.475,2.56));
#14775 = VECTOR('',#14776,1.);
#14776 = DIRECTION('',(0.,-1.110223024625E-16,-1.));
#14777 = ORIENTED_EDGE('',*,*,#14778,.F.);
#14778 = EDGE_CURVE('',#14779,#14771,#14781,.T.);
#14779 = VERTEX_POINT('',#14780);
#14780 = CARTESIAN_POINT('',(-1.55,-2.475,1.46));
#14781 = LINE('',#14782,#14783);
#14782 = CARTESIAN_POINT('',(-1.55,-2.475,1.46));
#14783 = VECTOR('',#14784,1.);
#14784 = DIRECTION('',(1.,0.,0.));
#14785 = ORIENTED_EDGE('',*,*,#14786,.F.);
#14786 = EDGE_CURVE('',#14787,#14779,#14789,.T.);
#14787 = VERTEX_POINT('',#14788);
#14788 = CARTESIAN_POINT('',(-1.55,-2.475,2.06));
#14789 = LINE('',#14790,#14791);
#14790 = CARTESIAN_POINT('',(-1.55,-2.475,2.06));
#14791 = VECTOR('',#14792,1.);
#14792 = DIRECTION('',(0.,-1.110223024625E-16,-1.));
#14793 = ORIENTED_EDGE('',*,*,#14794,.F.);
#14794 = EDGE_CURVE('',#14795,#14787,#14797,.T.);
#14795 = VERTEX_POINT('',#14796);
#14796 = CARTESIAN_POINT('',(-1.2,-2.475,2.06));
#14797 = LINE('',#14798,#14799);
#14798 = CARTESIAN_POINT('',(1.55,-2.475,2.06));
#14799 = VECTOR('',#14800,1.);
#14800 = DIRECTION('',(-1.,0.,0.));
#14801 = ORIENTED_EDGE('',*,*,#14802,.F.);
#14802 = EDGE_CURVE('',#14803,#14795,#14805,.T.);
#14803 = VERTEX_POINT('',#14804);
#14804 = CARTESIAN_POINT('',(-1.2,-2.475,2.56));
#14805 = LINE('',#14806,#14807);
#14806 = CARTESIAN_POINT('',(-1.2,-2.475,2.56));
#14807 = VECTOR('',#14808,1.);
#14808 = DIRECTION('',(0.,-1.110223024625E-16,-1.));
#14809 = ORIENTED_EDGE('',*,*,#14810,.F.);
#14810 = EDGE_CURVE('',#14811,#14803,#14813,.T.);
#14811 = VERTEX_POINT('',#14812);
#14812 = CARTESIAN_POINT('',(1.2,-2.475,2.56));
#14813 = LINE('',#14814,#14815);
#14814 = CARTESIAN_POINT('',(1.2,-2.475,2.56));
#14815 = VECTOR('',#14816,1.);
#14816 = DIRECTION('',(-1.,0.,0.));
#14817 = ORIENTED_EDGE('',*,*,#14818,.F.);
#14818 = EDGE_CURVE('',#14819,#14811,#14821,.T.);
#14819 = VERTEX_POINT('',#14820);
#14820 = CARTESIAN_POINT('',(1.2,-2.475,2.06));
#14821 = LINE('',#14822,#14823);
#14822 = CARTESIAN_POINT('',(1.2,-2.475,0.46));
#14823 = VECTOR('',#14824,1.);
#14824 = DIRECTION('',(0.,1.110223024625E-16,1.));
#14825 = ORIENTED_EDGE('',*,*,#14826,.F.);
#14826 = EDGE_CURVE('',#14827,#14819,#14829,.T.);
#14827 = VERTEX_POINT('',#14828);
#14828 = CARTESIAN_POINT('',(1.55,-2.475,2.06));
#14829 = LINE('',#14830,#14831);
#14830 = CARTESIAN_POINT('',(1.55,-2.475,2.06));
#14831 = VECTOR('',#14832,1.);
#14832 = DIRECTION('',(-1.,0.,0.));
#14833 = ORIENTED_EDGE('',*,*,#14834,.F.);
#14834 = EDGE_CURVE('',#14835,#14827,#14837,.T.);
#14835 = VERTEX_POINT('',#14836);
#14836 = CARTESIAN_POINT('',(1.55,-2.475,1.46));
#14837 = LINE('',#14838,#14839);
#14838 = CARTESIAN_POINT('',(1.55,-2.475,1.46));
#14839 = VECTOR('',#14840,1.);
#14840 = DIRECTION('',(0.,1.110223024625E-16,1.));
#14841 = ORIENTED_EDGE('',*,*,#14842,.F.);
#14842 = EDGE_CURVE('',#14755,#14835,#14843,.T.);
#14843 = LINE('',#14844,#14845);
#14844 = CARTESIAN_POINT('',(-1.55,-2.475,1.46));
#14845 = VECTOR('',#14846,1.);
#14846 = DIRECTION('',(1.,0.,0.));
#14847 = PLANE('',#14848);
#14848 = AXIS2_PLACEMENT_3D('',#14849,#14850,#14851);
#14849 = CARTESIAN_POINT('',(-2.,-2.475,6.E-02));
#14850 = DIRECTION('',(0.,-1.,1.110223024625E-16));
#14851 = DIRECTION('',(1.,0.,0.));
#14852 = ADVANCED_FACE('',(#14853),#14903,.T.);
#14853 = FACE_BOUND('',#14854,.T.);
#14854 = EDGE_LOOP('',(#14855,#14865,#14873,#14879,#14880,#14881,#14889,
    #14897));
#14855 = ORIENTED_EDGE('',*,*,#14856,.F.);
#14856 = EDGE_CURVE('',#14857,#14859,#14861,.T.);
#14857 = VERTEX_POINT('',#14858);
#14858 = CARTESIAN_POINT('',(-1.5,1.775,2.96));
#14859 = VERTEX_POINT('',#14860);
#14860 = CARTESIAN_POINT('',(1.5,1.775,2.96));
#14861 = LINE('',#14862,#14863);
#14862 = CARTESIAN_POINT('',(-2.,1.775,2.96));
#14863 = VECTOR('',#14864,1.);
#14864 = DIRECTION('',(1.,0.,0.));
#14865 = ORIENTED_EDGE('',*,*,#14866,.F.);
#14866 = EDGE_CURVE('',#14867,#14857,#14869,.T.);
#14867 = VERTEX_POINT('',#14868);
#14868 = CARTESIAN_POINT('',(-1.5,0.286,2.96));
#14869 = LINE('',#14870,#14871);
#14870 = CARTESIAN_POINT('',(-1.5,0.286,2.96));
#14871 = VECTOR('',#14872,1.);
#14872 = DIRECTION('',(0.,1.,-1.110223024625E-16));
#14873 = ORIENTED_EDGE('',*,*,#14874,.F.);
#14874 = EDGE_CURVE('',#14395,#14867,#14875,.T.);
#14875 = LINE('',#14876,#14877);
#14876 = CARTESIAN_POINT('',(-2.,0.286,2.96));
#14877 = VECTOR('',#14878,1.);
#14878 = DIRECTION('',(1.,0.,0.));
#14879 = ORIENTED_EDGE('',*,*,#14402,.T.);
#14880 = ORIENTED_EDGE('',*,*,#14744,.T.);
#14881 = ORIENTED_EDGE('',*,*,#14882,.F.);
#14882 = EDGE_CURVE('',#14883,#14737,#14885,.T.);
#14883 = VERTEX_POINT('',#14884);
#14884 = CARTESIAN_POINT('',(2.,0.286,2.96));
#14885 = LINE('',#14886,#14887);
#14886 = CARTESIAN_POINT('',(2.,1.775,2.96));
#14887 = VECTOR('',#14888,1.);
#14888 = DIRECTION('',(0.,-1.,1.110223024625E-16));
#14889 = ORIENTED_EDGE('',*,*,#14890,.F.);
#14890 = EDGE_CURVE('',#14891,#14883,#14893,.T.);
#14891 = VERTEX_POINT('',#14892);
#14892 = CARTESIAN_POINT('',(1.5,0.286,2.96));
#14893 = LINE('',#14894,#14895);
#14894 = CARTESIAN_POINT('',(1.5,0.286,2.96));
#14895 = VECTOR('',#14896,1.);
#14896 = DIRECTION('',(1.,0.,0.));
#14897 = ORIENTED_EDGE('',*,*,#14898,.T.);
#14898 = EDGE_CURVE('',#14891,#14859,#14899,.T.);
#14899 = LINE('',#14900,#14901);
#14900 = CARTESIAN_POINT('',(1.5,0.286,2.96));
#14901 = VECTOR('',#14902,1.);
#14902 = DIRECTION('',(0.,1.,-1.110223024625E-16));
#14903 = PLANE('',#14904);
#14904 = AXIS2_PLACEMENT_3D('',#14905,#14906,#14907);
#14905 = CARTESIAN_POINT('',(-2.,1.775,2.96));
#14906 = DIRECTION('',(0.,1.110223024625E-16,1.));
#14907 = DIRECTION('',(0.,-1.,1.110223024625E-16));
#14908 = ADVANCED_FACE('',(#14909),#14927,.F.);
#14909 = FACE_BOUND('',#14910,.F.);
#14910 = EDGE_LOOP('',(#14911,#14919,#14925,#14926));
#14911 = ORIENTED_EDGE('',*,*,#14912,.T.);
#14912 = EDGE_CURVE('',#14387,#14913,#14915,.T.);
#14913 = VERTEX_POINT('',#14914);
#14914 = CARTESIAN_POINT('',(-1.5,0.575,2.46));
#14915 = LINE('',#14916,#14917);
#14916 = CARTESIAN_POINT('',(-2.,0.575,2.46));
#14917 = VECTOR('',#14918,1.);
#14918 = DIRECTION('',(1.,0.,0.));
#14919 = ORIENTED_EDGE('',*,*,#14920,.T.);
#14920 = EDGE_CURVE('',#14913,#14867,#14921,.T.);
#14921 = LINE('',#14922,#14923);
#14922 = CARTESIAN_POINT('',(-1.5,0.575,2.46));
#14923 = VECTOR('',#14924,1.);
#14924 = DIRECTION('',(0.,-0.500421834463,0.865781720524));
#14925 = ORIENTED_EDGE('',*,*,#14874,.F.);
#14926 = ORIENTED_EDGE('',*,*,#14394,.F.);
#14927 = PLANE('',#14928);
#14928 = AXIS2_PLACEMENT_3D('',#14929,#14930,#14931);
#14929 = CARTESIAN_POINT('',(-2.,0.575,2.46));
#14930 = DIRECTION('',(0.,-0.865781720524,-0.500421834463));
#14931 = DIRECTION('',(0.,-0.500421834463,0.865781720524));
#14932 = ADVANCED_FACE('',(#14933),#14951,.F.);
#14933 = FACE_BOUND('',#14934,.F.);
#14934 = EDGE_LOOP('',(#14935,#14943,#14949,#14950));
#14935 = ORIENTED_EDGE('',*,*,#14936,.T.);
#14936 = EDGE_CURVE('',#14379,#14937,#14939,.T.);
#14937 = VERTEX_POINT('',#14938);
#14938 = CARTESIAN_POINT('',(-1.5,1.225,2.46));
#14939 = LINE('',#14940,#14941);
#14940 = CARTESIAN_POINT('',(-2.,1.225,2.46));
#14941 = VECTOR('',#14942,1.);
#14942 = DIRECTION('',(1.,0.,0.));
#14943 = ORIENTED_EDGE('',*,*,#14944,.T.);
#14944 = EDGE_CURVE('',#14937,#14913,#14945,.T.);
#14945 = LINE('',#14946,#14947);
#14946 = CARTESIAN_POINT('',(-1.5,1.225,2.46));
#14947 = VECTOR('',#14948,1.);
#14948 = DIRECTION('',(0.,-1.,1.110223024625E-16));
#14949 = ORIENTED_EDGE('',*,*,#14912,.F.);
#14950 = ORIENTED_EDGE('',*,*,#14386,.F.);
#14951 = PLANE('',#14952);
#14952 = AXIS2_PLACEMENT_3D('',#14953,#14954,#14955);
#14953 = CARTESIAN_POINT('',(-2.,1.225,2.46));
#14954 = DIRECTION('',(0.,-1.110223024625E-16,-1.));
#14955 = DIRECTION('',(0.,-1.,1.110223024625E-16));
#14956 = ADVANCED_FACE('',(#14957),#14975,.F.);
#14957 = FACE_BOUND('',#14958,.F.);
#14958 = EDGE_LOOP('',(#14959,#14967,#14973,#14974));
#14959 = ORIENTED_EDGE('',*,*,#14960,.T.);
#14960 = EDGE_CURVE('',#14371,#14961,#14963,.T.);
#14961 = VERTEX_POINT('',#14962);
#14962 = CARTESIAN_POINT('',(-1.5,1.225,1.46));
#14963 = LINE('',#14964,#14965);
#14964 = CARTESIAN_POINT('',(-2.,1.225,1.46));
#14965 = VECTOR('',#14966,1.);
#14966 = DIRECTION('',(1.,0.,0.));
#14967 = ORIENTED_EDGE('',*,*,#14968,.T.);
#14968 = EDGE_CURVE('',#14961,#14937,#14969,.T.);
#14969 = LINE('',#14970,#14971);
#14970 = CARTESIAN_POINT('',(-1.5,1.225,1.46));
#14971 = VECTOR('',#14972,1.);
#14972 = DIRECTION('',(0.,1.110223024625E-16,1.));
#14973 = ORIENTED_EDGE('',*,*,#14936,.F.);
#14974 = ORIENTED_EDGE('',*,*,#14378,.F.);
#14975 = PLANE('',#14976);
#14976 = AXIS2_PLACEMENT_3D('',#14977,#14978,#14979);
#14977 = CARTESIAN_POINT('',(-2.,1.225,1.46));
#14978 = DIRECTION('',(0.,-1.,1.110223024625E-16));
#14979 = DIRECTION('',(0.,1.110223024625E-16,1.));
#14980 = ADVANCED_FACE('',(#14981),#14999,.F.);
#14981 = FACE_BOUND('',#14982,.F.);
#14982 = EDGE_LOOP('',(#14983,#14991,#14997,#14998));
#14983 = ORIENTED_EDGE('',*,*,#14984,.T.);
#14984 = EDGE_CURVE('',#14363,#14985,#14987,.T.);
#14985 = VERTEX_POINT('',#14986);
#14986 = CARTESIAN_POINT('',(-1.5,1.775,1.46));
#14987 = LINE('',#14988,#14989);
#14988 = CARTESIAN_POINT('',(-2.,1.775,1.46));
#14989 = VECTOR('',#14990,1.);
#14990 = DIRECTION('',(1.,0.,0.));
#14991 = ORIENTED_EDGE('',*,*,#14992,.T.);
#14992 = EDGE_CURVE('',#14985,#14961,#14993,.T.);
#14993 = LINE('',#14994,#14995);
#14994 = CARTESIAN_POINT('',(-1.5,1.775,1.46));
#14995 = VECTOR('',#14996,1.);
#14996 = DIRECTION('',(0.,-1.,1.110223024625E-16));
#14997 = ORIENTED_EDGE('',*,*,#14960,.F.);
#14998 = ORIENTED_EDGE('',*,*,#14370,.F.);
#14999 = PLANE('',#15000);
#15000 = AXIS2_PLACEMENT_3D('',#15001,#15002,#15003);
#15001 = CARTESIAN_POINT('',(-2.,1.775,1.46));
#15002 = DIRECTION('',(0.,-1.110223024625E-16,-1.));
#15003 = DIRECTION('',(0.,-1.,1.110223024625E-16));
#15004 = ADVANCED_FACE('',(#15005),#15085,.F.);
#15005 = FACE_BOUND('',#15006,.F.);
#15006 = EDGE_LOOP('',(#15007,#15008,#15009,#15017,#15025,#15031,#15032,
    #15040,#15048,#15054,#15055,#15063,#15071,#15077,#15078,#15084));
#15007 = ORIENTED_EDGE('',*,*,#14362,.F.);
#15008 = ORIENTED_EDGE('',*,*,#14530,.T.);
#15009 = ORIENTED_EDGE('',*,*,#15010,.T.);
#15010 = EDGE_CURVE('',#14523,#15011,#15013,.T.);
#15011 = VERTEX_POINT('',#15012);
#15012 = CARTESIAN_POINT('',(-0.6,1.775,0.2));
#15013 = LINE('',#15014,#15015);
#15014 = CARTESIAN_POINT('',(-0.6,1.775,6.E-02));
#15015 = VECTOR('',#15016,1.);
#15016 = DIRECTION('',(0.,0.,1.));
#15017 = ORIENTED_EDGE('',*,*,#15018,.T.);
#15018 = EDGE_CURVE('',#15011,#15019,#15021,.T.);
#15019 = VERTEX_POINT('',#15020);
#15020 = CARTESIAN_POINT('',(-0.4,1.775,0.2));
#15021 = LINE('',#15022,#15023);
#15022 = CARTESIAN_POINT('',(-0.6,1.775,0.2));
#15023 = VECTOR('',#15024,1.);
#15024 = DIRECTION('',(1.,0.,0.));
#15025 = ORIENTED_EDGE('',*,*,#15026,.F.);
#15026 = EDGE_CURVE('',#14499,#15019,#15027,.T.);
#15027 = LINE('',#15028,#15029);
#15028 = CARTESIAN_POINT('',(-0.4,1.775,6.E-02));
#15029 = VECTOR('',#15030,1.);
#15030 = DIRECTION('',(0.,0.,1.));
#15031 = ORIENTED_EDGE('',*,*,#14498,.T.);
#15032 = ORIENTED_EDGE('',*,*,#15033,.T.);
#15033 = EDGE_CURVE('',#14491,#15034,#15036,.T.);
#15034 = VERTEX_POINT('',#15035);
#15035 = CARTESIAN_POINT('',(0.4,1.775,0.2));
#15036 = LINE('',#15037,#15038);
#15037 = CARTESIAN_POINT('',(0.4,1.775,6.E-02));
#15038 = VECTOR('',#15039,1.);
#15039 = DIRECTION('',(0.,0.,1.));
#15040 = ORIENTED_EDGE('',*,*,#15041,.T.);
#15041 = EDGE_CURVE('',#15034,#15042,#15044,.T.);
#15042 = VERTEX_POINT('',#15043);
#15043 = CARTESIAN_POINT('',(0.6,1.775,0.2));
#15044 = LINE('',#15045,#15046);
#15045 = CARTESIAN_POINT('',(0.4,1.775,0.2));
#15046 = VECTOR('',#15047,1.);
#15047 = DIRECTION('',(1.,0.,0.));
#15048 = ORIENTED_EDGE('',*,*,#15049,.F.);
#15049 = EDGE_CURVE('',#14467,#15042,#15050,.T.);
#15050 = LINE('',#15051,#15052);
#15051 = CARTESIAN_POINT('',(0.6,1.775,6.E-02));
#15052 = VECTOR('',#15053,1.);
#15053 = DIRECTION('',(0.,0.,1.));
#15054 = ORIENTED_EDGE('',*,*,#14466,.T.);
#15055 = ORIENTED_EDGE('',*,*,#15056,.T.);
#15056 = EDGE_CURVE('',#14457,#15057,#15059,.T.);
#15057 = VERTEX_POINT('',#15058);
#15058 = CARTESIAN_POINT('',(2.,1.775,1.46));
#15059 = LINE('',#15060,#15061);
#15060 = CARTESIAN_POINT('',(2.,1.775,6.E-02));
#15061 = VECTOR('',#15062,1.);
#15062 = DIRECTION('',(0.,1.110223024625E-16,1.));
#15063 = ORIENTED_EDGE('',*,*,#15064,.F.);
#15064 = EDGE_CURVE('',#15065,#15057,#15067,.T.);
#15065 = VERTEX_POINT('',#15066);
#15066 = CARTESIAN_POINT('',(1.5,1.775,1.46));
#15067 = LINE('',#15068,#15069);
#15068 = CARTESIAN_POINT('',(1.5,1.775,1.46));
#15069 = VECTOR('',#15070,1.);
#15070 = DIRECTION('',(1.,0.,0.));
#15071 = ORIENTED_EDGE('',*,*,#15072,.F.);
#15072 = EDGE_CURVE('',#14859,#15065,#15073,.T.);
#15073 = LINE('',#15074,#15075);
#15074 = CARTESIAN_POINT('',(1.5,1.775,2.96));
#15075 = VECTOR('',#15076,1.);
#15076 = DIRECTION('',(0.,-1.110223024625E-16,-1.));
#15077 = ORIENTED_EDGE('',*,*,#14856,.F.);
#15078 = ORIENTED_EDGE('',*,*,#15079,.T.);
#15079 = EDGE_CURVE('',#14857,#14985,#15080,.T.);
#15080 = LINE('',#15081,#15082);
#15081 = CARTESIAN_POINT('',(-1.5,1.775,2.96));
#15082 = VECTOR('',#15083,1.);
#15083 = DIRECTION('',(0.,-1.110223024625E-16,-1.));
#15084 = ORIENTED_EDGE('',*,*,#14984,.F.);
#15085 = PLANE('',#15086);
#15086 = AXIS2_PLACEMENT_3D('',#15087,#15088,#15089);
#15087 = CARTESIAN_POINT('',(-2.,1.775,6.E-02));
#15088 = DIRECTION('',(0.,-1.,1.110223024625E-16));
#15089 = DIRECTION('',(1.,0.,0.));
#15090 = ADVANCED_FACE('',(#15091),#15157,.T.);
#15091 = FACE_BOUND('',#15092,.T.);
#15092 = EDGE_LOOP('',(#15093,#15094,#15095,#15103,#15111,#15119,#15125,
    #15126,#15127,#15135,#15143,#15151));
#15093 = ORIENTED_EDGE('',*,*,#14456,.F.);
#15094 = ORIENTED_EDGE('',*,*,#15056,.T.);
#15095 = ORIENTED_EDGE('',*,*,#15096,.T.);
#15096 = EDGE_CURVE('',#15057,#15097,#15099,.T.);
#15097 = VERTEX_POINT('',#15098);
#15098 = CARTESIAN_POINT('',(2.,1.225,1.46));
#15099 = LINE('',#15100,#15101);
#15100 = CARTESIAN_POINT('',(2.,1.775,1.46));
#15101 = VECTOR('',#15102,1.);
#15102 = DIRECTION('',(0.,-1.,1.110223024625E-16));
#15103 = ORIENTED_EDGE('',*,*,#15104,.T.);
#15104 = EDGE_CURVE('',#15097,#15105,#15107,.T.);
#15105 = VERTEX_POINT('',#15106);
#15106 = CARTESIAN_POINT('',(2.,1.225,2.46));
#15107 = LINE('',#15108,#15109);
#15108 = CARTESIAN_POINT('',(2.,1.225,1.46));
#15109 = VECTOR('',#15110,1.);
#15110 = DIRECTION('',(0.,1.110223024625E-16,1.));
#15111 = ORIENTED_EDGE('',*,*,#15112,.T.);
#15112 = EDGE_CURVE('',#15105,#15113,#15115,.T.);
#15113 = VERTEX_POINT('',#15114);
#15114 = CARTESIAN_POINT('',(2.,0.575,2.46));
#15115 = LINE('',#15116,#15117);
#15116 = CARTESIAN_POINT('',(2.,1.225,2.46));
#15117 = VECTOR('',#15118,1.);
#15118 = DIRECTION('',(0.,-1.,1.110223024625E-16));
#15119 = ORIENTED_EDGE('',*,*,#15120,.T.);
#15120 = EDGE_CURVE('',#15113,#14883,#15121,.T.);
#15121 = LINE('',#15122,#15123);
#15122 = CARTESIAN_POINT('',(2.,0.575,2.46));
#15123 = VECTOR('',#15124,1.);
#15124 = DIRECTION('',(0.,-0.500421834463,0.865781720524));
#15125 = ORIENTED_EDGE('',*,*,#14882,.T.);
#15126 = ORIENTED_EDGE('',*,*,#14736,.F.);
#15127 = ORIENTED_EDGE('',*,*,#15128,.T.);
#15128 = EDGE_CURVE('',#14729,#15129,#15131,.T.);
#15129 = VERTEX_POINT('',#15130);
#15130 = CARTESIAN_POINT('',(2.,-1.975,1.26));
#15131 = LINE('',#15132,#15133);
#15132 = CARTESIAN_POINT('',(2.,-2.475,1.26));
#15133 = VECTOR('',#15134,1.);
#15134 = DIRECTION('',(0.,1.,-1.110223024625E-16));
#15135 = ORIENTED_EDGE('',*,*,#15136,.T.);
#15136 = EDGE_CURVE('',#15129,#15137,#15139,.T.);
#15137 = VERTEX_POINT('',#15138);
#15138 = CARTESIAN_POINT('',(2.,-1.975,0.61));
#15139 = LINE('',#15140,#15141);
#15140 = CARTESIAN_POINT('',(2.,-1.975,1.26));
#15141 = VECTOR('',#15142,1.);
#15142 = DIRECTION('',(0.,-1.110223024625E-16,-1.));
#15143 = ORIENTED_EDGE('',*,*,#15144,.T.);
#15144 = EDGE_CURVE('',#15137,#15145,#15147,.T.);
#15145 = VERTEX_POINT('',#15146);
#15146 = CARTESIAN_POINT('',(2.,-0.975,0.61));
#15147 = LINE('',#15148,#15149);
#15148 = CARTESIAN_POINT('',(2.,-1.975,0.61));
#15149 = VECTOR('',#15150,1.);
#15150 = DIRECTION('',(0.,1.,-1.110223024625E-16));
#15151 = ORIENTED_EDGE('',*,*,#15152,.T.);
#15152 = EDGE_CURVE('',#15145,#14459,#15153,.T.);
#15153 = LINE('',#15154,#15155);
#15154 = CARTESIAN_POINT('',(2.,-0.975,0.61));
#15155 = VECTOR('',#15156,1.);
#15156 = DIRECTION('',(0.,-1.110223024625E-16,-1.));
#15157 = PLANE('',#15158);
#15158 = AXIS2_PLACEMENT_3D('',#15159,#15160,#15161);
#15159 = CARTESIAN_POINT('',(2.,1.775,6.E-02));
#15160 = DIRECTION('',(1.,0.,0.));
#15161 = DIRECTION('',(0.,-1.,1.110223024625E-16));
#15162 = ADVANCED_FACE('',(#15163),#15181,.F.);
#15163 = FACE_BOUND('',#15164,.F.);
#15164 = EDGE_LOOP('',(#15165,#15173,#15179,#15180));
#15165 = ORIENTED_EDGE('',*,*,#15166,.F.);
#15166 = EDGE_CURVE('',#15167,#14578,#15169,.T.);
#15167 = VERTEX_POINT('',#15168);
#15168 = CARTESIAN_POINT('',(1.7,-0.975,0.61));
#15169 = LINE('',#15170,#15171);
#15170 = CARTESIAN_POINT('',(1.7,-0.975,0.61));
#15171 = VECTOR('',#15172,1.);
#15172 = DIRECTION('',(0.,0.,-1.));
#15173 = ORIENTED_EDGE('',*,*,#15174,.T.);
#15174 = EDGE_CURVE('',#15167,#15145,#15175,.T.);
#15175 = LINE('',#15176,#15177);
#15176 = CARTESIAN_POINT('',(1.5,-0.975,0.61));
#15177 = VECTOR('',#15178,1.);
#15178 = DIRECTION('',(1.,0.,0.));
#15179 = ORIENTED_EDGE('',*,*,#15152,.T.);
#15180 = ORIENTED_EDGE('',*,*,#14585,.F.);
#15181 = PLANE('',#15182);
#15182 = AXIS2_PLACEMENT_3D('',#15183,#15184,#15185);
#15183 = CARTESIAN_POINT('',(1.5,-0.975,0.61));
#15184 = DIRECTION('',(0.,1.,-1.110223024625E-16));
#15185 = DIRECTION('',(0.,-1.110223024625E-16,-1.));
#15186 = ADVANCED_FACE('',(#15187),#15212,.T.);
#15187 = FACE_BOUND('',#15188,.T.);
#15188 = EDGE_LOOP('',(#15189,#15197,#15198,#15206));
#15189 = ORIENTED_EDGE('',*,*,#15190,.F.);
#15190 = EDGE_CURVE('',#14570,#15191,#15193,.T.);
#15191 = VERTEX_POINT('',#15192);
#15192 = CARTESIAN_POINT('',(1.5,-0.975,1.E-02));
#15193 = LINE('',#15194,#15195);
#15194 = CARTESIAN_POINT('',(1.5,-0.975,0.61));
#15195 = VECTOR('',#15196,1.);
#15196 = DIRECTION('',(0.,0.,-1.));
#15197 = ORIENTED_EDGE('',*,*,#14577,.T.);
#15198 = ORIENTED_EDGE('',*,*,#15199,.T.);
#15199 = EDGE_CURVE('',#14578,#15200,#15202,.T.);
#15200 = VERTEX_POINT('',#15201);
#15201 = CARTESIAN_POINT('',(1.7,-0.975,1.E-02));
#15202 = LINE('',#15203,#15204);
#15203 = CARTESIAN_POINT('',(1.7,-0.975,0.61));
#15204 = VECTOR('',#15205,1.);
#15205 = DIRECTION('',(0.,0.,-1.));
#15206 = ORIENTED_EDGE('',*,*,#15207,.F.);
#15207 = EDGE_CURVE('',#15191,#15200,#15208,.T.);
#15208 = LINE('',#15209,#15210);
#15209 = CARTESIAN_POINT('',(1.5,-0.975,1.E-02));
#15210 = VECTOR('',#15211,1.);
#15211 = DIRECTION('',(1.,0.,0.));
#15212 = PLANE('',#15213);
#15213 = AXIS2_PLACEMENT_3D('',#15214,#15215,#15216);
#15214 = CARTESIAN_POINT('',(1.5,-0.975,0.61));
#15215 = DIRECTION('',(0.,1.,0.));
#15216 = DIRECTION('',(0.,0.,-1.));
#15217 = ADVANCED_FACE('',(#15218),#15236,.T.);
#15218 = FACE_BOUND('',#15219,.T.);
#15219 = EDGE_LOOP('',(#15220,#15228,#15234,#15235));
#15220 = ORIENTED_EDGE('',*,*,#15221,.T.);
#15221 = EDGE_CURVE('',#15191,#15222,#15224,.T.);
#15222 = VERTEX_POINT('',#15223);
#15223 = CARTESIAN_POINT('',(1.5,-2.475,1.E-02));
#15224 = LINE('',#15225,#15226);
#15225 = CARTESIAN_POINT('',(1.5,-0.975,1.E-02));
#15226 = VECTOR('',#15227,1.);
#15227 = DIRECTION('',(0.,-1.,-5.782411586589E-18));
#15228 = ORIENTED_EDGE('',*,*,#15229,.T.);
#15229 = EDGE_CURVE('',#15222,#14562,#15230,.T.);
#15230 = LINE('',#15231,#15232);
#15231 = CARTESIAN_POINT('',(1.5,-2.475,1.E-02));
#15232 = VECTOR('',#15233,1.);
#15233 = DIRECTION('',(0.,0.,1.));
#15234 = ORIENTED_EDGE('',*,*,#14569,.F.);
#15235 = ORIENTED_EDGE('',*,*,#15190,.T.);
#15236 = PLANE('',#15237);
#15237 = AXIS2_PLACEMENT_3D('',#15238,#15239,#15240);
#15238 = CARTESIAN_POINT('',(1.5,-1.843181818182,0.516818181818));
#15239 = DIRECTION('',(-1.,-0.,-0.));
#15240 = DIRECTION('',(0.,0.,-1.));
#15241 = ADVANCED_FACE('',(#15242),#15267,.F.);
#15242 = FACE_BOUND('',#15243,.F.);
#15243 = EDGE_LOOP('',(#15244,#15254,#15260,#15261));
#15244 = ORIENTED_EDGE('',*,*,#15245,.T.);
#15245 = EDGE_CURVE('',#15246,#15248,#15250,.T.);
#15246 = VERTEX_POINT('',#15247);
#15247 = CARTESIAN_POINT('',(-1.5,-0.975,1.E-02));
#15248 = VERTEX_POINT('',#15249);
#15249 = CARTESIAN_POINT('',(-1.5,-2.475,1.E-02));
#15250 = LINE('',#15251,#15252);
#15251 = CARTESIAN_POINT('',(-1.5,-0.975,1.E-02));
#15252 = VECTOR('',#15253,1.);
#15253 = DIRECTION('',(0.,-1.,-5.782411586589E-18));
#15254 = ORIENTED_EDGE('',*,*,#15255,.T.);
#15255 = EDGE_CURVE('',#15248,#14554,#15256,.T.);
#15256 = LINE('',#15257,#15258);
#15257 = CARTESIAN_POINT('',(-1.5,-2.475,1.E-02));
#15258 = VECTOR('',#15259,1.);
#15259 = DIRECTION('',(0.,0.,1.));
#15260 = ORIENTED_EDGE('',*,*,#14553,.F.);
#15261 = ORIENTED_EDGE('',*,*,#15262,.T.);
#15262 = EDGE_CURVE('',#14546,#15246,#15263,.T.);
#15263 = LINE('',#15264,#15265);
#15264 = CARTESIAN_POINT('',(-1.5,-0.975,0.61));
#15265 = VECTOR('',#15266,1.);
#15266 = DIRECTION('',(0.,0.,-1.));
#15267 = PLANE('',#15268);
#15268 = AXIS2_PLACEMENT_3D('',#15269,#15270,#15271);
#15269 = CARTESIAN_POINT('',(-1.5,-1.843181818182,0.516818181818));
#15270 = DIRECTION('',(-1.,-0.,-0.));
#15271 = DIRECTION('',(0.,0.,-1.));
#15272 = ADVANCED_FACE('',(#15273),#15291,.T.);
#15273 = FACE_BOUND('',#15274,.T.);
#15274 = EDGE_LOOP('',(#15275,#15283,#15284,#15285));
#15275 = ORIENTED_EDGE('',*,*,#15276,.F.);
#15276 = EDGE_CURVE('',#14538,#15277,#15279,.T.);
#15277 = VERTEX_POINT('',#15278);
#15278 = CARTESIAN_POINT('',(-1.7,-0.975,1.E-02));
#15279 = LINE('',#15280,#15281);
#15280 = CARTESIAN_POINT('',(-1.7,-0.975,0.61));
#15281 = VECTOR('',#15282,1.);
#15282 = DIRECTION('',(0.,0.,-1.));
#15283 = ORIENTED_EDGE('',*,*,#14545,.T.);
#15284 = ORIENTED_EDGE('',*,*,#15262,.T.);
#15285 = ORIENTED_EDGE('',*,*,#15286,.F.);
#15286 = EDGE_CURVE('',#15277,#15246,#15287,.T.);
#15287 = LINE('',#15288,#15289);
#15288 = CARTESIAN_POINT('',(-1.7,-0.975,1.E-02));
#15289 = VECTOR('',#15290,1.);
#15290 = DIRECTION('',(1.,0.,0.));
#15291 = PLANE('',#15292);
#15292 = AXIS2_PLACEMENT_3D('',#15293,#15294,#15295);
#15293 = CARTESIAN_POINT('',(-1.7,-0.975,0.61));
#15294 = DIRECTION('',(0.,1.,0.));
#15295 = DIRECTION('',(0.,0.,-1.));
#15296 = ADVANCED_FACE('',(#15297),#15331,.T.);
#15297 = FACE_BOUND('',#15298,.T.);
#15298 = EDGE_LOOP('',(#15299,#15307,#15308,#15309,#15317,#15325));
#15299 = ORIENTED_EDGE('',*,*,#15300,.T.);
#15300 = EDGE_CURVE('',#15301,#14515,#15303,.T.);
#15301 = VERTEX_POINT('',#15302);
#15302 = CARTESIAN_POINT('',(-0.6,1.675,0.));
#15303 = LINE('',#15304,#15305);
#15304 = CARTESIAN_POINT('',(-0.6,1.675,0.));
#15305 = VECTOR('',#15306,1.);
#15306 = DIRECTION('',(0.,0.,1.));
#15307 = ORIENTED_EDGE('',*,*,#14522,.T.);
#15308 = ORIENTED_EDGE('',*,*,#15010,.T.);
#15309 = ORIENTED_EDGE('',*,*,#15310,.T.);
#15310 = EDGE_CURVE('',#15011,#15311,#15313,.T.);
#15311 = VERTEX_POINT('',#15312);
#15312 = CARTESIAN_POINT('',(-0.6,2.475,0.2));
#15313 = LINE('',#15314,#15315);
#15314 = CARTESIAN_POINT('',(-0.6,1.775,0.2));
#15315 = VECTOR('',#15316,1.);
#15316 = DIRECTION('',(0.,1.,0.));
#15317 = ORIENTED_EDGE('',*,*,#15318,.T.);
#15318 = EDGE_CURVE('',#15311,#15319,#15321,.T.);
#15319 = VERTEX_POINT('',#15320);
#15320 = CARTESIAN_POINT('',(-0.6,2.475,0.));
#15321 = LINE('',#15322,#15323);
#15322 = CARTESIAN_POINT('',(-0.6,2.475,0.2));
#15323 = VECTOR('',#15324,1.);
#15324 = DIRECTION('',(0.,0.,-1.));
#15325 = ORIENTED_EDGE('',*,*,#15326,.T.);
#15326 = EDGE_CURVE('',#15319,#15301,#15327,.T.);
#15327 = LINE('',#15328,#15329);
#15328 = CARTESIAN_POINT('',(-0.6,2.475,0.));
#15329 = VECTOR('',#15330,1.);
#15330 = DIRECTION('',(0.,-1.,0.));
#15331 = PLANE('',#15332);
#15332 = AXIS2_PLACEMENT_3D('',#15333,#15334,#15335);
#15333 = CARTESIAN_POINT('',(-0.6,2.082,9.3E-02));
#15334 = DIRECTION('',(-1.,-0.,-0.));
#15335 = DIRECTION('',(0.,0.,-1.));
#15336 = ADVANCED_FACE('',(#15337),#15355,.T.);
#15337 = FACE_BOUND('',#15338,.T.);
#15338 = EDGE_LOOP('',(#15339,#15347,#15353,#15354));
#15339 = ORIENTED_EDGE('',*,*,#15340,.T.);
#15340 = EDGE_CURVE('',#15301,#15341,#15343,.T.);
#15341 = VERTEX_POINT('',#15342);
#15342 = CARTESIAN_POINT('',(-0.4,1.675,0.));
#15343 = LINE('',#15344,#15345);
#15344 = CARTESIAN_POINT('',(-0.6,1.675,0.));
#15345 = VECTOR('',#15346,1.);
#15346 = DIRECTION('',(1.,0.,0.));
#15347 = ORIENTED_EDGE('',*,*,#15348,.T.);
#15348 = EDGE_CURVE('',#15341,#14507,#15349,.T.);
#15349 = LINE('',#15350,#15351);
#15350 = CARTESIAN_POINT('',(-0.4,1.675,0.));
#15351 = VECTOR('',#15352,1.);
#15352 = DIRECTION('',(0.,0.,1.));
#15353 = ORIENTED_EDGE('',*,*,#14514,.F.);
#15354 = ORIENTED_EDGE('',*,*,#15300,.F.);
#15355 = PLANE('',#15356);
#15356 = AXIS2_PLACEMENT_3D('',#15357,#15358,#15359);
#15357 = CARTESIAN_POINT('',(-0.6,1.675,0.));
#15358 = DIRECTION('',(0.,-1.,0.));
#15359 = DIRECTION('',(0.,0.,1.));
#15360 = ADVANCED_FACE('',(#15361),#15388,.F.);
#15361 = FACE_BOUND('',#15362,.F.);
#15362 = EDGE_LOOP('',(#15363,#15364,#15365,#15366,#15374,#15382));
#15363 = ORIENTED_EDGE('',*,*,#15348,.T.);
#15364 = ORIENTED_EDGE('',*,*,#14506,.T.);
#15365 = ORIENTED_EDGE('',*,*,#15026,.T.);
#15366 = ORIENTED_EDGE('',*,*,#15367,.T.);
#15367 = EDGE_CURVE('',#15019,#15368,#15370,.T.);
#15368 = VERTEX_POINT('',#15369);
#15369 = CARTESIAN_POINT('',(-0.4,2.475,0.2));
#15370 = LINE('',#15371,#15372);
#15371 = CARTESIAN_POINT('',(-0.4,1.775,0.2));
#15372 = VECTOR('',#15373,1.);
#15373 = DIRECTION('',(0.,1.,0.));
#15374 = ORIENTED_EDGE('',*,*,#15375,.T.);
#15375 = EDGE_CURVE('',#15368,#15376,#15378,.T.);
#15376 = VERTEX_POINT('',#15377);
#15377 = CARTESIAN_POINT('',(-0.4,2.475,0.));
#15378 = LINE('',#15379,#15380);
#15379 = CARTESIAN_POINT('',(-0.4,2.475,0.2));
#15380 = VECTOR('',#15381,1.);
#15381 = DIRECTION('',(0.,0.,-1.));
#15382 = ORIENTED_EDGE('',*,*,#15383,.T.);
#15383 = EDGE_CURVE('',#15376,#15341,#15384,.T.);
#15384 = LINE('',#15385,#15386);
#15385 = CARTESIAN_POINT('',(-0.4,2.475,0.));
#15386 = VECTOR('',#15387,1.);
#15387 = DIRECTION('',(0.,-1.,0.));
#15388 = PLANE('',#15389);
#15389 = AXIS2_PLACEMENT_3D('',#15390,#15391,#15392);
#15390 = CARTESIAN_POINT('',(-0.4,2.082,9.3E-02));
#15391 = DIRECTION('',(-1.,-0.,-0.));
#15392 = DIRECTION('',(0.,0.,-1.));
#15393 = ADVANCED_FACE('',(#15394),#15428,.T.);
#15394 = FACE_BOUND('',#15395,.T.);
#15395 = EDGE_LOOP('',(#15396,#15404,#15405,#15406,#15414,#15422));
#15396 = ORIENTED_EDGE('',*,*,#15397,.T.);
#15397 = EDGE_CURVE('',#15398,#14483,#15400,.T.);
#15398 = VERTEX_POINT('',#15399);
#15399 = CARTESIAN_POINT('',(0.4,1.675,0.));
#15400 = LINE('',#15401,#15402);
#15401 = CARTESIAN_POINT('',(0.4,1.675,0.));
#15402 = VECTOR('',#15403,1.);
#15403 = DIRECTION('',(0.,0.,1.));
#15404 = ORIENTED_EDGE('',*,*,#14490,.T.);
#15405 = ORIENTED_EDGE('',*,*,#15033,.T.);
#15406 = ORIENTED_EDGE('',*,*,#15407,.T.);
#15407 = EDGE_CURVE('',#15034,#15408,#15410,.T.);
#15408 = VERTEX_POINT('',#15409);
#15409 = CARTESIAN_POINT('',(0.4,2.475,0.2));
#15410 = LINE('',#15411,#15412);
#15411 = CARTESIAN_POINT('',(0.4,1.775,0.2));
#15412 = VECTOR('',#15413,1.);
#15413 = DIRECTION('',(0.,1.,0.));
#15414 = ORIENTED_EDGE('',*,*,#15415,.T.);
#15415 = EDGE_CURVE('',#15408,#15416,#15418,.T.);
#15416 = VERTEX_POINT('',#15417);
#15417 = CARTESIAN_POINT('',(0.4,2.475,0.));
#15418 = LINE('',#15419,#15420);
#15419 = CARTESIAN_POINT('',(0.4,2.475,0.2));
#15420 = VECTOR('',#15421,1.);
#15421 = DIRECTION('',(0.,0.,-1.));
#15422 = ORIENTED_EDGE('',*,*,#15423,.T.);
#15423 = EDGE_CURVE('',#15416,#15398,#15424,.T.);
#15424 = LINE('',#15425,#15426);
#15425 = CARTESIAN_POINT('',(0.4,2.475,0.));
#15426 = VECTOR('',#15427,1.);
#15427 = DIRECTION('',(0.,-1.,0.));
#15428 = PLANE('',#15429);
#15429 = AXIS2_PLACEMENT_3D('',#15430,#15431,#15432);
#15430 = CARTESIAN_POINT('',(0.4,2.082,9.3E-02));
#15431 = DIRECTION('',(-1.,-0.,-0.));
#15432 = DIRECTION('',(0.,0.,-1.));
#15433 = ADVANCED_FACE('',(#15434),#15452,.T.);
#15434 = FACE_BOUND('',#15435,.T.);
#15435 = EDGE_LOOP('',(#15436,#15444,#15450,#15451));
#15436 = ORIENTED_EDGE('',*,*,#15437,.T.);
#15437 = EDGE_CURVE('',#15398,#15438,#15440,.T.);
#15438 = VERTEX_POINT('',#15439);
#15439 = CARTESIAN_POINT('',(0.6,1.675,0.));
#15440 = LINE('',#15441,#15442);
#15441 = CARTESIAN_POINT('',(0.4,1.675,0.));
#15442 = VECTOR('',#15443,1.);
#15443 = DIRECTION('',(1.,0.,0.));
#15444 = ORIENTED_EDGE('',*,*,#15445,.T.);
#15445 = EDGE_CURVE('',#15438,#14475,#15446,.T.);
#15446 = LINE('',#15447,#15448);
#15447 = CARTESIAN_POINT('',(0.6,1.675,0.));
#15448 = VECTOR('',#15449,1.);
#15449 = DIRECTION('',(0.,0.,1.));
#15450 = ORIENTED_EDGE('',*,*,#14482,.F.);
#15451 = ORIENTED_EDGE('',*,*,#15397,.F.);
#15452 = PLANE('',#15453);
#15453 = AXIS2_PLACEMENT_3D('',#15454,#15455,#15456);
#15454 = CARTESIAN_POINT('',(0.4,1.675,0.));
#15455 = DIRECTION('',(0.,-1.,0.));
#15456 = DIRECTION('',(0.,0.,1.));
#15457 = ADVANCED_FACE('',(#15458),#15485,.F.);
#15458 = FACE_BOUND('',#15459,.F.);
#15459 = EDGE_LOOP('',(#15460,#15461,#15462,#15463,#15471,#15479));
#15460 = ORIENTED_EDGE('',*,*,#15445,.T.);
#15461 = ORIENTED_EDGE('',*,*,#14474,.T.);
#15462 = ORIENTED_EDGE('',*,*,#15049,.T.);
#15463 = ORIENTED_EDGE('',*,*,#15464,.T.);
#15464 = EDGE_CURVE('',#15042,#15465,#15467,.T.);
#15465 = VERTEX_POINT('',#15466);
#15466 = CARTESIAN_POINT('',(0.6,2.475,0.2));
#15467 = LINE('',#15468,#15469);
#15468 = CARTESIAN_POINT('',(0.6,1.775,0.2));
#15469 = VECTOR('',#15470,1.);
#15470 = DIRECTION('',(0.,1.,0.));
#15471 = ORIENTED_EDGE('',*,*,#15472,.T.);
#15472 = EDGE_CURVE('',#15465,#15473,#15475,.T.);
#15473 = VERTEX_POINT('',#15474);
#15474 = CARTESIAN_POINT('',(0.6,2.475,0.));
#15475 = LINE('',#15476,#15477);
#15476 = CARTESIAN_POINT('',(0.6,2.475,0.2));
#15477 = VECTOR('',#15478,1.);
#15478 = DIRECTION('',(0.,0.,-1.));
#15479 = ORIENTED_EDGE('',*,*,#15480,.T.);
#15480 = EDGE_CURVE('',#15473,#15438,#15481,.T.);
#15481 = LINE('',#15482,#15483);
#15482 = CARTESIAN_POINT('',(0.6,2.475,0.));
#15483 = VECTOR('',#15484,1.);
#15484 = DIRECTION('',(0.,-1.,0.));
#15485 = PLANE('',#15486);
#15486 = AXIS2_PLACEMENT_3D('',#15487,#15488,#15489);
#15487 = CARTESIAN_POINT('',(0.6,2.082,9.3E-02));
#15488 = DIRECTION('',(-1.,-0.,-0.));
#15489 = DIRECTION('',(0.,0.,-1.));
#15490 = ADVANCED_FACE('',(#15491),#15512,.T.);
#15491 = FACE_BOUND('',#15492,.T.);
#15492 = EDGE_LOOP('',(#15493,#15501,#15502,#15503,#15504,#15505,#15506)
  );
#15493 = ORIENTED_EDGE('',*,*,#15494,.T.);
#15494 = EDGE_CURVE('',#15495,#14673,#15497,.T.);
#15495 = VERTEX_POINT('',#15496);
#15496 = CARTESIAN_POINT('',(-1.7,-2.475,1.E-02));
#15497 = LINE('',#15498,#15499);
#15498 = CARTESIAN_POINT('',(-1.7,-2.475,1.E-02));
#15499 = VECTOR('',#15500,1.);
#15500 = DIRECTION('',(0.,0.,1.));
#15501 = ORIENTED_EDGE('',*,*,#14680,.T.);
#15502 = ORIENTED_EDGE('',*,*,#14656,.T.);
#15503 = ORIENTED_EDGE('',*,*,#14632,.T.);
#15504 = ORIENTED_EDGE('',*,*,#14608,.T.);
#15505 = ORIENTED_EDGE('',*,*,#15276,.T.);
#15506 = ORIENTED_EDGE('',*,*,#15507,.T.);
#15507 = EDGE_CURVE('',#15277,#15495,#15508,.T.);
#15508 = LINE('',#15509,#15510);
#15509 = CARTESIAN_POINT('',(-1.7,-0.975,1.E-02));
#15510 = VECTOR('',#15511,1.);
#15511 = DIRECTION('',(0.,-1.,-5.782411586589E-18));
#15512 = PLANE('',#15513);
#15513 = AXIS2_PLACEMENT_3D('',#15514,#15515,#15516);
#15514 = CARTESIAN_POINT('',(-1.7,-1.843181818182,0.516818181818));
#15515 = DIRECTION('',(-1.,-0.,-0.));
#15516 = DIRECTION('',(0.,0.,-1.));
#15517 = ADVANCED_FACE('',(#15518),#15530,.T.);
#15518 = FACE_BOUND('',#15519,.T.);
#15519 = EDGE_LOOP('',(#15520,#15526,#15527,#15528,#15529));
#15520 = ORIENTED_EDGE('',*,*,#15521,.T.);
#15521 = EDGE_CURVE('',#15495,#15248,#15522,.T.);
#15522 = LINE('',#15523,#15524);
#15523 = CARTESIAN_POINT('',(-1.7,-2.475,1.E-02));
#15524 = VECTOR('',#15525,1.);
#15525 = DIRECTION('',(1.,0.,0.));
#15526 = ORIENTED_EDGE('',*,*,#15255,.T.);
#15527 = ORIENTED_EDGE('',*,*,#14705,.T.);
#15528 = ORIENTED_EDGE('',*,*,#14697,.F.);
#15529 = ORIENTED_EDGE('',*,*,#15494,.F.);
#15530 = PLANE('',#15531);
#15531 = AXIS2_PLACEMENT_3D('',#15532,#15533,#15534);
#15532 = CARTESIAN_POINT('',(-1.7,-2.475,1.E-02));
#15533 = DIRECTION('',(0.,-1.,0.));
#15534 = DIRECTION('',(0.,0.,1.));
#15535 = ADVANCED_FACE('',(#15536),#15555,.T.);
#15536 = FACE_BOUND('',#15537,.T.);
#15537 = EDGE_LOOP('',(#15538,#15546,#15552,#15553,#15554));
#15538 = ORIENTED_EDGE('',*,*,#15539,.T.);
#15539 = EDGE_CURVE('',#15222,#15540,#15542,.T.);
#15540 = VERTEX_POINT('',#15541);
#15541 = CARTESIAN_POINT('',(1.7,-2.475,1.E-02));
#15542 = LINE('',#15543,#15544);
#15543 = CARTESIAN_POINT('',(1.5,-2.475,1.E-02));
#15544 = VECTOR('',#15545,1.);
#15545 = DIRECTION('',(1.,0.,0.));
#15546 = ORIENTED_EDGE('',*,*,#15547,.T.);
#15547 = EDGE_CURVE('',#15540,#14721,#15548,.T.);
#15548 = LINE('',#15549,#15550);
#15549 = CARTESIAN_POINT('',(1.7,-2.475,1.E-02));
#15550 = VECTOR('',#15551,1.);
#15551 = DIRECTION('',(0.,0.,1.));
#15552 = ORIENTED_EDGE('',*,*,#14720,.F.);
#15553 = ORIENTED_EDGE('',*,*,#14712,.F.);
#15554 = ORIENTED_EDGE('',*,*,#15229,.F.);
#15555 = PLANE('',#15556);
#15556 = AXIS2_PLACEMENT_3D('',#15557,#15558,#15559);
#15557 = CARTESIAN_POINT('',(1.5,-2.475,1.E-02));
#15558 = DIRECTION('',(0.,-1.,0.));
#15559 = DIRECTION('',(0.,0.,1.));
#15560 = ADVANCED_FACE('',(#15561),#15579,.F.);
#15561 = FACE_BOUND('',#15562,.F.);
#15562 = EDGE_LOOP('',(#15563,#15571,#15572,#15573));
#15563 = ORIENTED_EDGE('',*,*,#15564,.F.);
#15564 = EDGE_CURVE('',#14721,#15565,#15567,.T.);
#15565 = VERTEX_POINT('',#15566);
#15566 = CARTESIAN_POINT('',(1.7,-1.975,1.26));
#15567 = LINE('',#15568,#15569);
#15568 = CARTESIAN_POINT('',(1.7,-2.475,1.26));
#15569 = VECTOR('',#15570,1.);
#15570 = DIRECTION('',(0.,1.,0.));
#15571 = ORIENTED_EDGE('',*,*,#14728,.T.);
#15572 = ORIENTED_EDGE('',*,*,#15128,.T.);
#15573 = ORIENTED_EDGE('',*,*,#15574,.F.);
#15574 = EDGE_CURVE('',#15565,#15129,#15575,.T.);
#15575 = LINE('',#15576,#15577);
#15576 = CARTESIAN_POINT('',(1.5,-1.975,1.26));
#15577 = VECTOR('',#15578,1.);
#15578 = DIRECTION('',(1.,0.,0.));
#15579 = PLANE('',#15580);
#15580 = AXIS2_PLACEMENT_3D('',#15581,#15582,#15583);
#15581 = CARTESIAN_POINT('',(1.5,-2.475,1.26));
#15582 = DIRECTION('',(0.,1.110223024625E-16,1.));
#15583 = DIRECTION('',(0.,1.,-1.110223024625E-16));
#15584 = ADVANCED_FACE('',(#15585),#15633,.F.);
#15585 = FACE_BOUND('',#15586,.F.);
#15586 = EDGE_LOOP('',(#15587,#15588,#15596,#15604,#15610,#15611,#15619,
    #15627));
#15587 = ORIENTED_EDGE('',*,*,#14752,.F.);
#15588 = ORIENTED_EDGE('',*,*,#15589,.T.);
#15589 = EDGE_CURVE('',#14753,#15590,#15592,.T.);
#15590 = VERTEX_POINT('',#15591);
#15591 = CARTESIAN_POINT('',(1.2,0.525,0.46));
#15592 = LINE('',#15593,#15594);
#15593 = CARTESIAN_POINT('',(1.2,-2.475,0.46));
#15594 = VECTOR('',#15595,1.);
#15595 = DIRECTION('',(0.,1.,-1.110223024625E-16));
#15596 = ORIENTED_EDGE('',*,*,#15597,.T.);
#15597 = EDGE_CURVE('',#15590,#15598,#15600,.T.);
#15598 = VERTEX_POINT('',#15599);
#15599 = CARTESIAN_POINT('',(1.2,0.525,2.56));
#15600 = LINE('',#15601,#15602);
#15601 = CARTESIAN_POINT('',(1.2,0.525,0.46));
#15602 = VECTOR('',#15603,1.);
#15603 = DIRECTION('',(0.,1.110223024625E-16,1.));
#15604 = ORIENTED_EDGE('',*,*,#15605,.F.);
#15605 = EDGE_CURVE('',#14811,#15598,#15606,.T.);
#15606 = LINE('',#15607,#15608);
#15607 = CARTESIAN_POINT('',(1.2,-2.475,2.56));
#15608 = VECTOR('',#15609,1.);
#15609 = DIRECTION('',(0.,1.,-1.110223024625E-16));
#15610 = ORIENTED_EDGE('',*,*,#14818,.F.);
#15611 = ORIENTED_EDGE('',*,*,#15612,.F.);
#15612 = EDGE_CURVE('',#15613,#14819,#15615,.T.);
#15613 = VERTEX_POINT('',#15614);
#15614 = CARTESIAN_POINT('',(1.2,-7.5E-02,2.06));
#15615 = LINE('',#15616,#15617);
#15616 = CARTESIAN_POINT('',(1.2,-2.475,2.06));
#15617 = VECTOR('',#15618,1.);
#15618 = DIRECTION('',(0.,-1.,1.110223024625E-16));
#15619 = ORIENTED_EDGE('',*,*,#15620,.T.);
#15620 = EDGE_CURVE('',#15613,#15621,#15623,.T.);
#15621 = VERTEX_POINT('',#15622);
#15622 = CARTESIAN_POINT('',(1.2,-7.5E-02,1.46));
#15623 = LINE('',#15624,#15625);
#15624 = CARTESIAN_POINT('',(1.2,-7.5E-02,1.11));
#15625 = VECTOR('',#15626,1.);
#15626 = DIRECTION('',(0.,-1.110223024625E-16,-1.));
#15627 = ORIENTED_EDGE('',*,*,#15628,.F.);
#15628 = EDGE_CURVE('',#14755,#15621,#15629,.T.);
#15629 = LINE('',#15630,#15631);
#15630 = CARTESIAN_POINT('',(1.2,-2.475,1.46));
#15631 = VECTOR('',#15632,1.);
#15632 = DIRECTION('',(0.,1.,-1.110223024625E-16));
#15633 = PLANE('',#15634);
#15634 = AXIS2_PLACEMENT_3D('',#15635,#15636,#15637);
#15635 = CARTESIAN_POINT('',(1.2,-2.475,0.46));
#15636 = DIRECTION('',(1.,0.,0.));
#15637 = DIRECTION('',(-0.,1.110223024625E-16,1.));
#15638 = ADVANCED_FACE('',(#15639),#15657,.F.);
#15639 = FACE_BOUND('',#15640,.F.);
#15640 = EDGE_LOOP('',(#15641,#15642,#15643,#15651));
#15641 = ORIENTED_EDGE('',*,*,#14842,.F.);
#15642 = ORIENTED_EDGE('',*,*,#15628,.T.);
#15643 = ORIENTED_EDGE('',*,*,#15644,.T.);
#15644 = EDGE_CURVE('',#15621,#15645,#15647,.T.);
#15645 = VERTEX_POINT('',#15646);
#15646 = CARTESIAN_POINT('',(1.55,-7.5E-02,1.46));
#15647 = LINE('',#15648,#15649);
#15648 = CARTESIAN_POINT('',(-1.55,-7.5E-02,1.46));
#15649 = VECTOR('',#15650,1.);
#15650 = DIRECTION('',(1.,0.,0.));
#15651 = ORIENTED_EDGE('',*,*,#15652,.F.);
#15652 = EDGE_CURVE('',#14835,#15645,#15653,.T.);
#15653 = LINE('',#15654,#15655);
#15654 = CARTESIAN_POINT('',(1.55,-2.475,1.46));
#15655 = VECTOR('',#15656,1.);
#15656 = DIRECTION('',(0.,1.,-1.110223024625E-16));
#15657 = PLANE('',#15658);
#15658 = AXIS2_PLACEMENT_3D('',#15659,#15660,#15661);
#15659 = CARTESIAN_POINT('',(-1.55,-2.475,1.46));
#15660 = DIRECTION('',(0.,-1.110223024625E-16,-1.));
#15661 = DIRECTION('',(1.,0.,0.));
#15662 = ADVANCED_FACE('',(#15663),#15681,.F.);
#15663 = FACE_BOUND('',#15664,.F.);
#15664 = EDGE_LOOP('',(#15665,#15666,#15674,#15680));
#15665 = ORIENTED_EDGE('',*,*,#15652,.T.);
#15666 = ORIENTED_EDGE('',*,*,#15667,.T.);
#15667 = EDGE_CURVE('',#15645,#15668,#15670,.T.);
#15668 = VERTEX_POINT('',#15669);
#15669 = CARTESIAN_POINT('',(1.55,-7.5E-02,2.06));
#15670 = LINE('',#15671,#15672);
#15671 = CARTESIAN_POINT('',(1.55,-7.5E-02,1.46));
#15672 = VECTOR('',#15673,1.);
#15673 = DIRECTION('',(0.,1.110223024625E-16,1.));
#15674 = ORIENTED_EDGE('',*,*,#15675,.F.);
#15675 = EDGE_CURVE('',#14827,#15668,#15676,.T.);
#15676 = LINE('',#15677,#15678);
#15677 = CARTESIAN_POINT('',(1.55,-2.475,2.06));
#15678 = VECTOR('',#15679,1.);
#15679 = DIRECTION('',(0.,1.,-1.110223024625E-16));
#15680 = ORIENTED_EDGE('',*,*,#14834,.F.);
#15681 = PLANE('',#15682);
#15682 = AXIS2_PLACEMENT_3D('',#15683,#15684,#15685);
#15683 = CARTESIAN_POINT('',(1.55,-2.475,1.46));
#15684 = DIRECTION('',(1.,0.,0.));
#15685 = DIRECTION('',(-0.,1.110223024625E-16,1.));
#15686 = ADVANCED_FACE('',(#15687),#15698,.F.);
#15687 = FACE_BOUND('',#15688,.F.);
#15688 = EDGE_LOOP('',(#15689,#15690,#15691,#15697));
#15689 = ORIENTED_EDGE('',*,*,#14826,.F.);
#15690 = ORIENTED_EDGE('',*,*,#15675,.T.);
#15691 = ORIENTED_EDGE('',*,*,#15692,.T.);
#15692 = EDGE_CURVE('',#15668,#15613,#15693,.T.);
#15693 = LINE('',#15694,#15695);
#15694 = CARTESIAN_POINT('',(1.55,-7.5E-02,2.06));
#15695 = VECTOR('',#15696,1.);
#15696 = DIRECTION('',(-1.,0.,0.));
#15697 = ORIENTED_EDGE('',*,*,#15612,.T.);
#15698 = PLANE('',#15699);
#15699 = AXIS2_PLACEMENT_3D('',#15700,#15701,#15702);
#15700 = CARTESIAN_POINT('',(1.55,-2.475,2.06));
#15701 = DIRECTION('',(0.,1.110223024625E-16,1.));
#15702 = DIRECTION('',(-1.,0.,0.));
#15703 = ADVANCED_FACE('',(#15704),#15722,.F.);
#15704 = FACE_BOUND('',#15705,.F.);
#15705 = EDGE_LOOP('',(#15706,#15707,#15715,#15721));
#15706 = ORIENTED_EDGE('',*,*,#15605,.T.);
#15707 = ORIENTED_EDGE('',*,*,#15708,.T.);
#15708 = EDGE_CURVE('',#15598,#15709,#15711,.T.);
#15709 = VERTEX_POINT('',#15710);
#15710 = CARTESIAN_POINT('',(-1.2,0.525,2.56));
#15711 = LINE('',#15712,#15713);
#15712 = CARTESIAN_POINT('',(1.2,0.525,2.56));
#15713 = VECTOR('',#15714,1.);
#15714 = DIRECTION('',(-1.,0.,0.));
#15715 = ORIENTED_EDGE('',*,*,#15716,.F.);
#15716 = EDGE_CURVE('',#14803,#15709,#15717,.T.);
#15717 = LINE('',#15718,#15719);
#15718 = CARTESIAN_POINT('',(-1.2,-2.475,2.56));
#15719 = VECTOR('',#15720,1.);
#15720 = DIRECTION('',(0.,1.,-1.110223024625E-16));
#15721 = ORIENTED_EDGE('',*,*,#14810,.F.);
#15722 = PLANE('',#15723);
#15723 = AXIS2_PLACEMENT_3D('',#15724,#15725,#15726);
#15724 = CARTESIAN_POINT('',(1.2,-2.475,2.56));
#15725 = DIRECTION('',(0.,1.110223024625E-16,1.));
#15726 = DIRECTION('',(-1.,0.,0.));
#15727 = ADVANCED_FACE('',(#15728),#15769,.F.);
#15728 = FACE_BOUND('',#15729,.F.);
#15729 = EDGE_LOOP('',(#15730,#15731,#15732,#15740,#15746,#15747,#15755,
    #15763));
#15730 = ORIENTED_EDGE('',*,*,#14802,.F.);
#15731 = ORIENTED_EDGE('',*,*,#15716,.T.);
#15732 = ORIENTED_EDGE('',*,*,#15733,.T.);
#15733 = EDGE_CURVE('',#15709,#15734,#15736,.T.);
#15734 = VERTEX_POINT('',#15735);
#15735 = CARTESIAN_POINT('',(-1.2,0.525,0.46));
#15736 = LINE('',#15737,#15738);
#15737 = CARTESIAN_POINT('',(-1.2,0.525,2.56));
#15738 = VECTOR('',#15739,1.);
#15739 = DIRECTION('',(0.,-1.110223024625E-16,-1.));
#15740 = ORIENTED_EDGE('',*,*,#15741,.F.);
#15741 = EDGE_CURVE('',#14763,#15734,#15742,.T.);
#15742 = LINE('',#15743,#15744);
#15743 = CARTESIAN_POINT('',(-1.2,-2.475,0.46));
#15744 = VECTOR('',#15745,1.);
#15745 = DIRECTION('',(0.,1.,-1.110223024625E-16));
#15746 = ORIENTED_EDGE('',*,*,#14770,.F.);
#15747 = ORIENTED_EDGE('',*,*,#15748,.F.);
#15748 = EDGE_CURVE('',#15749,#14771,#15751,.T.);
#15749 = VERTEX_POINT('',#15750);
#15750 = CARTESIAN_POINT('',(-1.2,-7.5E-02,1.46));
#15751 = LINE('',#15752,#15753);
#15752 = CARTESIAN_POINT('',(-1.2,-2.475,1.46));
#15753 = VECTOR('',#15754,1.);
#15754 = DIRECTION('',(0.,-1.,1.110223024625E-16));
#15755 = ORIENTED_EDGE('',*,*,#15756,.T.);
#15756 = EDGE_CURVE('',#15749,#15757,#15759,.T.);
#15757 = VERTEX_POINT('',#15758);
#15758 = CARTESIAN_POINT('',(-1.2,-7.5E-02,2.06));
#15759 = LINE('',#15760,#15761);
#15760 = CARTESIAN_POINT('',(-1.2,-7.5E-02,2.16));
#15761 = VECTOR('',#15762,1.);
#15762 = DIRECTION('',(0.,1.110223024625E-16,1.));
#15763 = ORIENTED_EDGE('',*,*,#15764,.F.);
#15764 = EDGE_CURVE('',#14795,#15757,#15765,.T.);
#15765 = LINE('',#15766,#15767);
#15766 = CARTESIAN_POINT('',(-1.2,-2.475,2.06));
#15767 = VECTOR('',#15768,1.);
#15768 = DIRECTION('',(0.,1.,-1.110223024625E-16));
#15769 = PLANE('',#15770);
#15770 = AXIS2_PLACEMENT_3D('',#15771,#15772,#15773);
#15771 = CARTESIAN_POINT('',(-1.2,-2.475,2.56));
#15772 = DIRECTION('',(-1.,0.,0.));
#15773 = DIRECTION('',(-0.,-1.110223024625E-16,-1.));
#15774 = ADVANCED_FACE('',(#15775),#15793,.F.);
#15775 = FACE_BOUND('',#15776,.F.);
#15776 = EDGE_LOOP('',(#15777,#15778,#15779,#15787));
#15777 = ORIENTED_EDGE('',*,*,#14794,.F.);
#15778 = ORIENTED_EDGE('',*,*,#15764,.T.);
#15779 = ORIENTED_EDGE('',*,*,#15780,.T.);
#15780 = EDGE_CURVE('',#15757,#15781,#15783,.T.);
#15781 = VERTEX_POINT('',#15782);
#15782 = CARTESIAN_POINT('',(-1.55,-7.5E-02,2.06));
#15783 = LINE('',#15784,#15785);
#15784 = CARTESIAN_POINT('',(1.55,-7.5E-02,2.06));
#15785 = VECTOR('',#15786,1.);
#15786 = DIRECTION('',(-1.,0.,0.));
#15787 = ORIENTED_EDGE('',*,*,#15788,.F.);
#15788 = EDGE_CURVE('',#14787,#15781,#15789,.T.);
#15789 = LINE('',#15790,#15791);
#15790 = CARTESIAN_POINT('',(-1.55,-2.475,2.06));
#15791 = VECTOR('',#15792,1.);
#15792 = DIRECTION('',(0.,1.,-1.110223024625E-16));
#15793 = PLANE('',#15794);
#15794 = AXIS2_PLACEMENT_3D('',#15795,#15796,#15797);
#15795 = CARTESIAN_POINT('',(1.55,-2.475,2.06));
#15796 = DIRECTION('',(0.,1.110223024625E-16,1.));
#15797 = DIRECTION('',(-1.,0.,0.));
#15798 = ADVANCED_FACE('',(#15799),#15817,.F.);
#15799 = FACE_BOUND('',#15800,.F.);
#15800 = EDGE_LOOP('',(#15801,#15802,#15810,#15816));
#15801 = ORIENTED_EDGE('',*,*,#15788,.T.);
#15802 = ORIENTED_EDGE('',*,*,#15803,.T.);
#15803 = EDGE_CURVE('',#15781,#15804,#15806,.T.);
#15804 = VERTEX_POINT('',#15805);
#15805 = CARTESIAN_POINT('',(-1.55,-7.5E-02,1.46));
#15806 = LINE('',#15807,#15808);
#15807 = CARTESIAN_POINT('',(-1.55,-7.5E-02,2.06));
#15808 = VECTOR('',#15809,1.);
#15809 = DIRECTION('',(0.,-1.110223024625E-16,-1.));
#15810 = ORIENTED_EDGE('',*,*,#15811,.F.);
#15811 = EDGE_CURVE('',#14779,#15804,#15812,.T.);
#15812 = LINE('',#15813,#15814);
#15813 = CARTESIAN_POINT('',(-1.55,-2.475,1.46));
#15814 = VECTOR('',#15815,1.);
#15815 = DIRECTION('',(0.,1.,-1.110223024625E-16));
#15816 = ORIENTED_EDGE('',*,*,#14786,.F.);
#15817 = PLANE('',#15818);
#15818 = AXIS2_PLACEMENT_3D('',#15819,#15820,#15821);
#15819 = CARTESIAN_POINT('',(-1.55,-2.475,2.06));
#15820 = DIRECTION('',(-1.,0.,0.));
#15821 = DIRECTION('',(-0.,-1.110223024625E-16,-1.));
#15822 = ADVANCED_FACE('',(#15823),#15834,.F.);
#15823 = FACE_BOUND('',#15824,.F.);
#15824 = EDGE_LOOP('',(#15825,#15826,#15827,#15833));
#15825 = ORIENTED_EDGE('',*,*,#14778,.F.);
#15826 = ORIENTED_EDGE('',*,*,#15811,.T.);
#15827 = ORIENTED_EDGE('',*,*,#15828,.T.);
#15828 = EDGE_CURVE('',#15804,#15749,#15829,.T.);
#15829 = LINE('',#15830,#15831);
#15830 = CARTESIAN_POINT('',(-1.55,-7.5E-02,1.46));
#15831 = VECTOR('',#15832,1.);
#15832 = DIRECTION('',(1.,0.,0.));
#15833 = ORIENTED_EDGE('',*,*,#15748,.T.);
#15834 = PLANE('',#15835);
#15835 = AXIS2_PLACEMENT_3D('',#15836,#15837,#15838);
#15836 = CARTESIAN_POINT('',(-1.55,-2.475,1.46));
#15837 = DIRECTION('',(0.,-1.110223024625E-16,-1.));
#15838 = DIRECTION('',(1.,0.,0.));
#15839 = ADVANCED_FACE('',(#15840),#15851,.F.);
#15840 = FACE_BOUND('',#15841,.F.);
#15841 = EDGE_LOOP('',(#15842,#15843,#15849,#15850));
#15842 = ORIENTED_EDGE('',*,*,#15741,.T.);
#15843 = ORIENTED_EDGE('',*,*,#15844,.T.);
#15844 = EDGE_CURVE('',#15734,#15590,#15845,.T.);
#15845 = LINE('',#15846,#15847);
#15846 = CARTESIAN_POINT('',(-1.2,0.525,0.46));
#15847 = VECTOR('',#15848,1.);
#15848 = DIRECTION('',(1.,0.,0.));
#15849 = ORIENTED_EDGE('',*,*,#15589,.F.);
#15850 = ORIENTED_EDGE('',*,*,#14762,.F.);
#15851 = PLANE('',#15852);
#15852 = AXIS2_PLACEMENT_3D('',#15853,#15854,#15855);
#15853 = CARTESIAN_POINT('',(-1.2,-2.475,0.46));
#15854 = DIRECTION('',(0.,-1.110223024625E-16,-1.));
#15855 = DIRECTION('',(1.,0.,0.));
#15856 = ADVANCED_FACE('',(#15857),#15891,.F.);
#15857 = FACE_BOUND('',#15858,.F.);
#15858 = EDGE_LOOP('',(#15859,#15860,#15868,#15876,#15884,#15890));
#15859 = ORIENTED_EDGE('',*,*,#15072,.T.);
#15860 = ORIENTED_EDGE('',*,*,#15861,.T.);
#15861 = EDGE_CURVE('',#15065,#15862,#15864,.T.);
#15862 = VERTEX_POINT('',#15863);
#15863 = CARTESIAN_POINT('',(1.5,1.225,1.46));
#15864 = LINE('',#15865,#15866);
#15865 = CARTESIAN_POINT('',(1.5,1.775,1.46));
#15866 = VECTOR('',#15867,1.);
#15867 = DIRECTION('',(0.,-1.,1.110223024625E-16));
#15868 = ORIENTED_EDGE('',*,*,#15869,.T.);
#15869 = EDGE_CURVE('',#15862,#15870,#15872,.T.);
#15870 = VERTEX_POINT('',#15871);
#15871 = CARTESIAN_POINT('',(1.5,1.225,2.46));
#15872 = LINE('',#15873,#15874);
#15873 = CARTESIAN_POINT('',(1.5,1.225,1.46));
#15874 = VECTOR('',#15875,1.);
#15875 = DIRECTION('',(0.,1.110223024625E-16,1.));
#15876 = ORIENTED_EDGE('',*,*,#15877,.T.);
#15877 = EDGE_CURVE('',#15870,#15878,#15880,.T.);
#15878 = VERTEX_POINT('',#15879);
#15879 = CARTESIAN_POINT('',(1.5,0.575,2.46));
#15880 = LINE('',#15881,#15882);
#15881 = CARTESIAN_POINT('',(1.5,1.225,2.46));
#15882 = VECTOR('',#15883,1.);
#15883 = DIRECTION('',(0.,-1.,1.110223024625E-16));
#15884 = ORIENTED_EDGE('',*,*,#15885,.T.);
#15885 = EDGE_CURVE('',#15878,#14891,#15886,.T.);
#15886 = LINE('',#15887,#15888);
#15887 = CARTESIAN_POINT('',(1.5,0.575,2.46));
#15888 = VECTOR('',#15889,1.);
#15889 = DIRECTION('',(0.,-0.500421834463,0.865781720524));
#15890 = ORIENTED_EDGE('',*,*,#14898,.T.);
#15891 = PLANE('',#15892);
#15892 = AXIS2_PLACEMENT_3D('',#15893,#15894,#15895);
#15893 = CARTESIAN_POINT('',(1.5,1.22787099059,2.3670284193));
#15894 = DIRECTION('',(-1.,0.,0.));
#15895 = DIRECTION('',(0.,1.,-1.110223024625E-16));
#15896 = ADVANCED_FACE('',(#15897),#15908,.F.);
#15897 = FACE_BOUND('',#15898,.F.);
#15898 = EDGE_LOOP('',(#15899,#15905,#15906,#15907));
#15899 = ORIENTED_EDGE('',*,*,#15900,.T.);
#15900 = EDGE_CURVE('',#15878,#15113,#15901,.T.);
#15901 = LINE('',#15902,#15903);
#15902 = CARTESIAN_POINT('',(1.5,0.575,2.46));
#15903 = VECTOR('',#15904,1.);
#15904 = DIRECTION('',(1.,0.,0.));
#15905 = ORIENTED_EDGE('',*,*,#15120,.T.);
#15906 = ORIENTED_EDGE('',*,*,#14890,.F.);
#15907 = ORIENTED_EDGE('',*,*,#15885,.F.);
#15908 = PLANE('',#15909);
#15909 = AXIS2_PLACEMENT_3D('',#15910,#15911,#15912);
#15910 = CARTESIAN_POINT('',(1.5,0.575,2.46));
#15911 = DIRECTION('',(0.,-0.865781720524,-0.500421834463));
#15912 = DIRECTION('',(0.,-0.500421834463,0.865781720524));
#15913 = ADVANCED_FACE('',(#15914),#15922,.T.);
#15914 = FACE_BOUND('',#15915,.T.);
#15915 = EDGE_LOOP('',(#15916,#15917,#15918,#15919,#15920,#15921));
#15916 = ORIENTED_EDGE('',*,*,#15079,.T.);
#15917 = ORIENTED_EDGE('',*,*,#14992,.T.);
#15918 = ORIENTED_EDGE('',*,*,#14968,.T.);
#15919 = ORIENTED_EDGE('',*,*,#14944,.T.);
#15920 = ORIENTED_EDGE('',*,*,#14920,.T.);
#15921 = ORIENTED_EDGE('',*,*,#14866,.T.);
#15922 = PLANE('',#15923);
#15923 = AXIS2_PLACEMENT_3D('',#15924,#15925,#15926);
#15924 = CARTESIAN_POINT('',(-1.5,1.22787099059,2.3670284193));
#15925 = DIRECTION('',(-1.,0.,0.));
#15926 = DIRECTION('',(0.,1.,-1.110223024625E-16));
#15927 = ADVANCED_FACE('',(#15928),#15939,.F.);
#15928 = FACE_BOUND('',#15929,.F.);
#15929 = EDGE_LOOP('',(#15930,#15931,#15932,#15938));
#15930 = ORIENTED_EDGE('',*,*,#15064,.T.);
#15931 = ORIENTED_EDGE('',*,*,#15096,.T.);
#15932 = ORIENTED_EDGE('',*,*,#15933,.F.);
#15933 = EDGE_CURVE('',#15862,#15097,#15934,.T.);
#15934 = LINE('',#15935,#15936);
#15935 = CARTESIAN_POINT('',(1.5,1.225,1.46));
#15936 = VECTOR('',#15937,1.);
#15937 = DIRECTION('',(1.,0.,0.));
#15938 = ORIENTED_EDGE('',*,*,#15861,.F.);
#15939 = PLANE('',#15940);
#15940 = AXIS2_PLACEMENT_3D('',#15941,#15942,#15943);
#15941 = CARTESIAN_POINT('',(1.5,1.775,1.46));
#15942 = DIRECTION('',(0.,-1.110223024625E-16,-1.));
#15943 = DIRECTION('',(0.,-1.,1.110223024625E-16));
#15944 = ADVANCED_FACE('',(#15945),#15956,.T.);
#15945 = FACE_BOUND('',#15946,.T.);
#15946 = EDGE_LOOP('',(#15947,#15948,#15949,#15955));
#15947 = ORIENTED_EDGE('',*,*,#15041,.T.);
#15948 = ORIENTED_EDGE('',*,*,#15464,.T.);
#15949 = ORIENTED_EDGE('',*,*,#15950,.F.);
#15950 = EDGE_CURVE('',#15408,#15465,#15951,.T.);
#15951 = LINE('',#15952,#15953);
#15952 = CARTESIAN_POINT('',(0.4,2.475,0.2));
#15953 = VECTOR('',#15954,1.);
#15954 = DIRECTION('',(1.,0.,0.));
#15955 = ORIENTED_EDGE('',*,*,#15407,.F.);
#15956 = PLANE('',#15957);
#15957 = AXIS2_PLACEMENT_3D('',#15958,#15959,#15960);
#15958 = CARTESIAN_POINT('',(0.4,1.775,0.2));
#15959 = DIRECTION('',(0.,0.,1.));
#15960 = DIRECTION('',(0.,1.,0.));
#15961 = ADVANCED_FACE('',(#15962),#15973,.T.);
#15962 = FACE_BOUND('',#15963,.T.);
#15963 = EDGE_LOOP('',(#15964,#15965,#15966,#15972));
#15964 = ORIENTED_EDGE('',*,*,#15018,.T.);
#15965 = ORIENTED_EDGE('',*,*,#15367,.T.);
#15966 = ORIENTED_EDGE('',*,*,#15967,.F.);
#15967 = EDGE_CURVE('',#15311,#15368,#15968,.T.);
#15968 = LINE('',#15969,#15970);
#15969 = CARTESIAN_POINT('',(-0.6,2.475,0.2));
#15970 = VECTOR('',#15971,1.);
#15971 = DIRECTION('',(1.,0.,0.));
#15972 = ORIENTED_EDGE('',*,*,#15310,.F.);
#15973 = PLANE('',#15974);
#15974 = AXIS2_PLACEMENT_3D('',#15975,#15976,#15977);
#15975 = CARTESIAN_POINT('',(-0.6,1.775,0.2));
#15976 = DIRECTION('',(0.,0.,1.));
#15977 = DIRECTION('',(0.,1.,0.));
#15978 = ADVANCED_FACE('',(#15979),#15997,.F.);
#15979 = FACE_BOUND('',#15980,.F.);
#15980 = EDGE_LOOP('',(#15981,#15989,#15995,#15996));
#15981 = ORIENTED_EDGE('',*,*,#15982,.F.);
#15982 = EDGE_CURVE('',#15983,#15167,#15985,.T.);
#15983 = VERTEX_POINT('',#15984);
#15984 = CARTESIAN_POINT('',(1.7,-1.975,0.61));
#15985 = LINE('',#15986,#15987);
#15986 = CARTESIAN_POINT('',(1.7,-1.975,0.61));
#15987 = VECTOR('',#15988,1.);
#15988 = DIRECTION('',(0.,1.,0.));
#15989 = ORIENTED_EDGE('',*,*,#15990,.T.);
#15990 = EDGE_CURVE('',#15983,#15137,#15991,.T.);
#15991 = LINE('',#15992,#15993);
#15992 = CARTESIAN_POINT('',(1.5,-1.975,0.61));
#15993 = VECTOR('',#15994,1.);
#15994 = DIRECTION('',(1.,0.,0.));
#15995 = ORIENTED_EDGE('',*,*,#15144,.T.);
#15996 = ORIENTED_EDGE('',*,*,#15174,.F.);
#15997 = PLANE('',#15998);
#15998 = AXIS2_PLACEMENT_3D('',#15999,#16000,#16001);
#15999 = CARTESIAN_POINT('',(1.5,-1.975,0.61));
#16000 = DIRECTION('',(0.,1.110223024625E-16,1.));
#16001 = DIRECTION('',(0.,1.,-1.110223024625E-16));
#16002 = ADVANCED_FACE('',(#16003),#16014,.F.);
#16003 = FACE_BOUND('',#16004,.F.);
#16004 = EDGE_LOOP('',(#16005,#16011,#16012,#16013));
#16005 = ORIENTED_EDGE('',*,*,#16006,.F.);
#16006 = EDGE_CURVE('',#15565,#15983,#16007,.T.);
#16007 = LINE('',#16008,#16009);
#16008 = CARTESIAN_POINT('',(1.7,-1.975,1.26));
#16009 = VECTOR('',#16010,1.);
#16010 = DIRECTION('',(0.,0.,-1.));
#16011 = ORIENTED_EDGE('',*,*,#15574,.T.);
#16012 = ORIENTED_EDGE('',*,*,#15136,.T.);
#16013 = ORIENTED_EDGE('',*,*,#15990,.F.);
#16014 = PLANE('',#16015);
#16015 = AXIS2_PLACEMENT_3D('',#16016,#16017,#16018);
#16016 = CARTESIAN_POINT('',(1.5,-1.975,1.26));
#16017 = DIRECTION('',(0.,1.,-1.110223024625E-16));
#16018 = DIRECTION('',(0.,-1.110223024625E-16,-1.));
#16019 = ADVANCED_FACE('',(#16020),#16031,.F.);
#16020 = FACE_BOUND('',#16021,.F.);
#16021 = EDGE_LOOP('',(#16022,#16028,#16029,#16030));
#16022 = ORIENTED_EDGE('',*,*,#16023,.T.);
#16023 = EDGE_CURVE('',#15870,#15105,#16024,.T.);
#16024 = LINE('',#16025,#16026);
#16025 = CARTESIAN_POINT('',(1.5,1.225,2.46));
#16026 = VECTOR('',#16027,1.);
#16027 = DIRECTION('',(1.,0.,0.));
#16028 = ORIENTED_EDGE('',*,*,#15112,.T.);
#16029 = ORIENTED_EDGE('',*,*,#15900,.F.);
#16030 = ORIENTED_EDGE('',*,*,#15877,.F.);
#16031 = PLANE('',#16032);
#16032 = AXIS2_PLACEMENT_3D('',#16033,#16034,#16035);
#16033 = CARTESIAN_POINT('',(1.5,1.225,2.46));
#16034 = DIRECTION('',(0.,-1.110223024625E-16,-1.));
#16035 = DIRECTION('',(0.,-1.,1.110223024625E-16));
#16036 = ADVANCED_FACE('',(#16037),#16043,.F.);
#16037 = FACE_BOUND('',#16038,.F.);
#16038 = EDGE_LOOP('',(#16039,#16040,#16041,#16042));
#16039 = ORIENTED_EDGE('',*,*,#15933,.T.);
#16040 = ORIENTED_EDGE('',*,*,#15104,.T.);
#16041 = ORIENTED_EDGE('',*,*,#16023,.F.);
#16042 = ORIENTED_EDGE('',*,*,#15869,.F.);
#16043 = PLANE('',#16044);
#16044 = AXIS2_PLACEMENT_3D('',#16045,#16046,#16047);
#16045 = CARTESIAN_POINT('',(1.5,1.225,1.46));
#16046 = DIRECTION('',(0.,-1.,1.110223024625E-16));
#16047 = DIRECTION('',(0.,1.110223024625E-16,1.));
#16048 = ADVANCED_FACE('',(#16049),#16063,.F.);
#16049 = FACE_BOUND('',#16050,.F.);
#16050 = EDGE_LOOP('',(#16051,#16052,#16053,#16054,#16055,#16056,#16057)
  );
#16051 = ORIENTED_EDGE('',*,*,#15547,.T.);
#16052 = ORIENTED_EDGE('',*,*,#15564,.T.);
#16053 = ORIENTED_EDGE('',*,*,#16006,.T.);
#16054 = ORIENTED_EDGE('',*,*,#15982,.T.);
#16055 = ORIENTED_EDGE('',*,*,#15166,.T.);
#16056 = ORIENTED_EDGE('',*,*,#15199,.T.);
#16057 = ORIENTED_EDGE('',*,*,#16058,.T.);
#16058 = EDGE_CURVE('',#15200,#15540,#16059,.T.);
#16059 = LINE('',#16060,#16061);
#16060 = CARTESIAN_POINT('',(1.7,-0.975,1.E-02));
#16061 = VECTOR('',#16062,1.);
#16062 = DIRECTION('',(0.,-1.,-5.782411586589E-18));
#16063 = PLANE('',#16064);
#16064 = AXIS2_PLACEMENT_3D('',#16065,#16066,#16067);
#16065 = CARTESIAN_POINT('',(1.7,-1.843181818182,0.516818181818));
#16066 = DIRECTION('',(-1.,-0.,-0.));
#16067 = DIRECTION('',(0.,0.,-1.));
#16068 = ADVANCED_FACE('',(#16069),#16075,.T.);
#16069 = FACE_BOUND('',#16070,.T.);
#16070 = EDGE_LOOP('',(#16071,#16072,#16073,#16074));
#16071 = ORIENTED_EDGE('',*,*,#15207,.T.);
#16072 = ORIENTED_EDGE('',*,*,#16058,.T.);
#16073 = ORIENTED_EDGE('',*,*,#15539,.F.);
#16074 = ORIENTED_EDGE('',*,*,#15221,.F.);
#16075 = PLANE('',#16076);
#16076 = AXIS2_PLACEMENT_3D('',#16077,#16078,#16079);
#16077 = CARTESIAN_POINT('',(1.5,-0.975,1.E-02));
#16078 = DIRECTION('',(0.,5.782411586589E-18,-1.));
#16079 = DIRECTION('',(0.,-1.,-5.782411586589E-18));
#16080 = ADVANCED_FACE('',(#16081),#16087,.T.);
#16081 = FACE_BOUND('',#16082,.T.);
#16082 = EDGE_LOOP('',(#16083,#16084,#16085,#16086));
#16083 = ORIENTED_EDGE('',*,*,#15286,.T.);
#16084 = ORIENTED_EDGE('',*,*,#15245,.T.);
#16085 = ORIENTED_EDGE('',*,*,#15521,.F.);
#16086 = ORIENTED_EDGE('',*,*,#15507,.F.);
#16087 = PLANE('',#16088);
#16088 = AXIS2_PLACEMENT_3D('',#16089,#16090,#16091);
#16089 = CARTESIAN_POINT('',(-1.7,-0.975,1.E-02));
#16090 = DIRECTION('',(0.,5.782411586589E-18,-1.));
#16091 = DIRECTION('',(0.,-1.,-5.782411586589E-18));
#16092 = ADVANCED_FACE('',(#16093),#16104,.T.);
#16093 = FACE_BOUND('',#16094,.T.);
#16094 = EDGE_LOOP('',(#16095,#16096,#16097,#16103));
#16095 = ORIENTED_EDGE('',*,*,#15967,.T.);
#16096 = ORIENTED_EDGE('',*,*,#15375,.T.);
#16097 = ORIENTED_EDGE('',*,*,#16098,.F.);
#16098 = EDGE_CURVE('',#15319,#15376,#16099,.T.);
#16099 = LINE('',#16100,#16101);
#16100 = CARTESIAN_POINT('',(-0.6,2.475,0.));
#16101 = VECTOR('',#16102,1.);
#16102 = DIRECTION('',(1.,0.,0.));
#16103 = ORIENTED_EDGE('',*,*,#15318,.F.);
#16104 = PLANE('',#16105);
#16105 = AXIS2_PLACEMENT_3D('',#16106,#16107,#16108);
#16106 = CARTESIAN_POINT('',(-0.6,2.475,0.2));
#16107 = DIRECTION('',(0.,1.,0.));
#16108 = DIRECTION('',(0.,0.,-1.));
#16109 = ADVANCED_FACE('',(#16110),#16116,.T.);
#16110 = FACE_BOUND('',#16111,.T.);
#16111 = EDGE_LOOP('',(#16112,#16113,#16114,#16115));
#16112 = ORIENTED_EDGE('',*,*,#16098,.T.);
#16113 = ORIENTED_EDGE('',*,*,#15383,.T.);
#16114 = ORIENTED_EDGE('',*,*,#15340,.F.);
#16115 = ORIENTED_EDGE('',*,*,#15326,.F.);
#16116 = PLANE('',#16117);
#16117 = AXIS2_PLACEMENT_3D('',#16118,#16119,#16120);
#16118 = CARTESIAN_POINT('',(-0.6,2.475,0.));
#16119 = DIRECTION('',(0.,0.,-1.));
#16120 = DIRECTION('',(0.,-1.,0.));
#16121 = ADVANCED_FACE('',(#16122),#16133,.T.);
#16122 = FACE_BOUND('',#16123,.T.);
#16123 = EDGE_LOOP('',(#16124,#16125,#16126,#16132));
#16124 = ORIENTED_EDGE('',*,*,#15950,.T.);
#16125 = ORIENTED_EDGE('',*,*,#15472,.T.);
#16126 = ORIENTED_EDGE('',*,*,#16127,.F.);
#16127 = EDGE_CURVE('',#15416,#15473,#16128,.T.);
#16128 = LINE('',#16129,#16130);
#16129 = CARTESIAN_POINT('',(0.4,2.475,0.));
#16130 = VECTOR('',#16131,1.);
#16131 = DIRECTION('',(1.,0.,0.));
#16132 = ORIENTED_EDGE('',*,*,#15415,.F.);
#16133 = PLANE('',#16134);
#16134 = AXIS2_PLACEMENT_3D('',#16135,#16136,#16137);
#16135 = CARTESIAN_POINT('',(0.4,2.475,0.2));
#16136 = DIRECTION('',(0.,1.,0.));
#16137 = DIRECTION('',(0.,0.,-1.));
#16138 = ADVANCED_FACE('',(#16139),#16145,.T.);
#16139 = FACE_BOUND('',#16140,.T.);
#16140 = EDGE_LOOP('',(#16141,#16142,#16143,#16144));
#16141 = ORIENTED_EDGE('',*,*,#16127,.T.);
#16142 = ORIENTED_EDGE('',*,*,#15480,.T.);
#16143 = ORIENTED_EDGE('',*,*,#15437,.F.);
#16144 = ORIENTED_EDGE('',*,*,#15423,.F.);
#16145 = PLANE('',#16146);
#16146 = AXIS2_PLACEMENT_3D('',#16147,#16148,#16149);
#16147 = CARTESIAN_POINT('',(0.4,2.475,0.));
#16148 = DIRECTION('',(0.,0.,-1.));
#16149 = DIRECTION('',(0.,-1.,0.));
#16150 = ADVANCED_FACE('',(#16151),#16157,.T.);
#16151 = FACE_BOUND('',#16152,.T.);
#16152 = EDGE_LOOP('',(#16153,#16154,#16155,#16156));
#16153 = ORIENTED_EDGE('',*,*,#15644,.T.);
#16154 = ORIENTED_EDGE('',*,*,#15667,.T.);
#16155 = ORIENTED_EDGE('',*,*,#15692,.T.);
#16156 = ORIENTED_EDGE('',*,*,#15620,.T.);
#16157 = PLANE('',#16158);
#16158 = AXIS2_PLACEMENT_3D('',#16159,#16160,#16161);
#16159 = CARTESIAN_POINT('',(-1.800361661554E-16,-7.5E-02,1.76));
#16160 = DIRECTION('',(0.,-1.,1.110223024625E-16));
#16161 = DIRECTION('',(1.,0.,0.));
#16162 = ADVANCED_FACE('',(#16163,#16169,#16203),#16237,.T.);
#16163 = FACE_BOUND('',#16164,.T.);
#16164 = EDGE_LOOP('',(#16165,#16166,#16167,#16168));
#16165 = ORIENTED_EDGE('',*,*,#15597,.T.);
#16166 = ORIENTED_EDGE('',*,*,#15708,.T.);
#16167 = ORIENTED_EDGE('',*,*,#15733,.T.);
#16168 = ORIENTED_EDGE('',*,*,#15844,.T.);
#16169 = FACE_BOUND('',#16170,.T.);
#16170 = EDGE_LOOP('',(#16171,#16181,#16189,#16197));
#16171 = ORIENTED_EDGE('',*,*,#16172,.F.);
#16172 = EDGE_CURVE('',#16173,#16175,#16177,.T.);
#16173 = VERTEX_POINT('',#16174);
#16174 = CARTESIAN_POINT('',(-0.6,0.525,1.66));
#16175 = VERTEX_POINT('',#16176);
#16176 = CARTESIAN_POINT('',(-0.4,0.525,1.66));
#16177 = LINE('',#16178,#16179);
#16178 = CARTESIAN_POINT('',(-0.6,0.525,1.66));
#16179 = VECTOR('',#16180,1.);
#16180 = DIRECTION('',(1.,0.,0.));
#16181 = ORIENTED_EDGE('',*,*,#16182,.F.);
#16182 = EDGE_CURVE('',#16183,#16173,#16185,.T.);
#16183 = VERTEX_POINT('',#16184);
#16184 = CARTESIAN_POINT('',(-0.6,0.525,2.14));
#16185 = LINE('',#16186,#16187);
#16186 = CARTESIAN_POINT('',(-0.6,0.525,2.14));
#16187 = VECTOR('',#16188,1.);
#16188 = DIRECTION('',(0.,0.,-1.));
#16189 = ORIENTED_EDGE('',*,*,#16190,.T.);
#16190 = EDGE_CURVE('',#16183,#16191,#16193,.T.);
#16191 = VERTEX_POINT('',#16192);
#16192 = CARTESIAN_POINT('',(-0.4,0.525,2.14));
#16193 = LINE('',#16194,#16195);
#16194 = CARTESIAN_POINT('',(-0.6,0.525,2.14));
#16195 = VECTOR('',#16196,1.);
#16196 = DIRECTION('',(1.,0.,0.));
#16197 = ORIENTED_EDGE('',*,*,#16198,.T.);
#16198 = EDGE_CURVE('',#16191,#16175,#16199,.T.);
#16199 = LINE('',#16200,#16201);
#16200 = CARTESIAN_POINT('',(-0.4,0.525,2.14));
#16201 = VECTOR('',#16202,1.);
#16202 = DIRECTION('',(0.,0.,-1.));
#16203 = FACE_BOUND('',#16204,.T.);
#16204 = EDGE_LOOP('',(#16205,#16215,#16223,#16231));
#16205 = ORIENTED_EDGE('',*,*,#16206,.F.);
#16206 = EDGE_CURVE('',#16207,#16209,#16211,.T.);
#16207 = VERTEX_POINT('',#16208);
#16208 = CARTESIAN_POINT('',(0.4,0.525,2.14));
#16209 = VERTEX_POINT('',#16210);
#16210 = CARTESIAN_POINT('',(0.4,0.525,1.66));
#16211 = LINE('',#16212,#16213);
#16212 = CARTESIAN_POINT('',(0.4,0.525,2.14));
#16213 = VECTOR('',#16214,1.);
#16214 = DIRECTION('',(0.,0.,-1.));
#16215 = ORIENTED_EDGE('',*,*,#16216,.T.);
#16216 = EDGE_CURVE('',#16207,#16217,#16219,.T.);
#16217 = VERTEX_POINT('',#16218);
#16218 = CARTESIAN_POINT('',(0.6,0.525,2.14));
#16219 = LINE('',#16220,#16221);
#16220 = CARTESIAN_POINT('',(0.4,0.525,2.14));
#16221 = VECTOR('',#16222,1.);
#16222 = DIRECTION('',(1.,0.,0.));
#16223 = ORIENTED_EDGE('',*,*,#16224,.T.);
#16224 = EDGE_CURVE('',#16217,#16225,#16227,.T.);
#16225 = VERTEX_POINT('',#16226);
#16226 = CARTESIAN_POINT('',(0.6,0.525,1.66));
#16227 = LINE('',#16228,#16229);
#16228 = CARTESIAN_POINT('',(0.6,0.525,2.14));
#16229 = VECTOR('',#16230,1.);
#16230 = DIRECTION('',(0.,0.,-1.));
#16231 = ORIENTED_EDGE('',*,*,#16232,.F.);
#16232 = EDGE_CURVE('',#16209,#16225,#16233,.T.);
#16233 = LINE('',#16234,#16235);
#16234 = CARTESIAN_POINT('',(0.4,0.525,1.66));
#16235 = VECTOR('',#16236,1.);
#16236 = DIRECTION('',(1.,0.,0.));
#16237 = PLANE('',#16238);
#16238 = AXIS2_PLACEMENT_3D('',#16239,#16240,#16241);
#16239 = CARTESIAN_POINT('',(0.,0.525,1.51));
#16240 = DIRECTION('',(0.,-1.,1.110223024625E-16));
#16241 = DIRECTION('',(1.,0.,0.));
#16242 = ADVANCED_FACE('',(#16243),#16249,.T.);
#16243 = FACE_BOUND('',#16244,.T.);
#16244 = EDGE_LOOP('',(#16245,#16246,#16247,#16248));
#16245 = ORIENTED_EDGE('',*,*,#15828,.T.);
#16246 = ORIENTED_EDGE('',*,*,#15756,.T.);
#16247 = ORIENTED_EDGE('',*,*,#15780,.T.);
#16248 = ORIENTED_EDGE('',*,*,#15803,.T.);
#16249 = PLANE('',#16250);
#16250 = AXIS2_PLACEMENT_3D('',#16251,#16252,#16253);
#16251 = CARTESIAN_POINT('',(-1.800361661554E-16,-7.5E-02,1.76));
#16252 = DIRECTION('',(0.,-1.,1.110223024625E-16));
#16253 = DIRECTION('',(1.,0.,0.));
#16254 = ADVANCED_FACE('',(#16255),#16280,.T.);
#16255 = FACE_BOUND('',#16256,.T.);
#16256 = EDGE_LOOP('',(#16257,#16258,#16266,#16274));
#16257 = ORIENTED_EDGE('',*,*,#16172,.T.);
#16258 = ORIENTED_EDGE('',*,*,#16259,.T.);
#16259 = EDGE_CURVE('',#16175,#16260,#16262,.T.);
#16260 = VERTEX_POINT('',#16261);
#16261 = CARTESIAN_POINT('',(-0.4,-1.225,1.79));
#16262 = LINE('',#16263,#16264);
#16263 = CARTESIAN_POINT('',(-0.4,0.525,1.66));
#16264 = VECTOR('',#16265,1.);
#16265 = DIRECTION('',(0.,-0.997252183706,7.408159078957E-02));
#16266 = ORIENTED_EDGE('',*,*,#16267,.F.);
#16267 = EDGE_CURVE('',#16268,#16260,#16270,.T.);
#16268 = VERTEX_POINT('',#16269);
#16269 = CARTESIAN_POINT('',(-0.6,-1.225,1.79));
#16270 = LINE('',#16271,#16272);
#16271 = CARTESIAN_POINT('',(-0.6,-1.225,1.79));
#16272 = VECTOR('',#16273,1.);
#16273 = DIRECTION('',(1.,0.,0.));
#16274 = ORIENTED_EDGE('',*,*,#16275,.F.);
#16275 = EDGE_CURVE('',#16173,#16268,#16276,.T.);
#16276 = LINE('',#16277,#16278);
#16277 = CARTESIAN_POINT('',(-0.6,0.525,1.66));
#16278 = VECTOR('',#16279,1.);
#16279 = DIRECTION('',(0.,-0.997252183706,7.408159078957E-02));
#16280 = PLANE('',#16281);
#16281 = AXIS2_PLACEMENT_3D('',#16282,#16283,#16284);
#16282 = CARTESIAN_POINT('',(-0.6,0.525,1.66));
#16283 = DIRECTION('',(0.,-7.408159078957E-02,-0.997252183706));
#16284 = DIRECTION('',(0.,-0.997252183706,7.408159078957E-02));
#16285 = ADVANCED_FACE('',(#16286),#16304,.F.);
#16286 = FACE_BOUND('',#16287,.F.);
#16287 = EDGE_LOOP('',(#16288,#16296,#16302,#16303));
#16288 = ORIENTED_EDGE('',*,*,#16289,.T.);
#16289 = EDGE_CURVE('',#16260,#16290,#16292,.T.);
#16290 = VERTEX_POINT('',#16291);
#16291 = CARTESIAN_POINT('',(-0.4,-1.225,2.14));
#16292 = LINE('',#16293,#16294);
#16293 = CARTESIAN_POINT('',(-0.4,-1.225,1.79));
#16294 = VECTOR('',#16295,1.);
#16295 = DIRECTION('',(0.,0.,1.));
#16296 = ORIENTED_EDGE('',*,*,#16297,.T.);
#16297 = EDGE_CURVE('',#16290,#16191,#16298,.T.);
#16298 = LINE('',#16299,#16300);
#16299 = CARTESIAN_POINT('',(-0.4,-1.225,2.14));
#16300 = VECTOR('',#16301,1.);
#16301 = DIRECTION('',(0.,1.,0.));
#16302 = ORIENTED_EDGE('',*,*,#16198,.T.);
#16303 = ORIENTED_EDGE('',*,*,#16259,.T.);
#16304 = PLANE('',#16305);
#16305 = AXIS2_PLACEMENT_3D('',#16306,#16307,#16308);
#16306 = CARTESIAN_POINT('',(-0.4,-0.323759014354,1.931294517928));
#16307 = DIRECTION('',(-1.,-0.,-0.));
#16308 = DIRECTION('',(0.,0.,-1.));
#16309 = ADVANCED_FACE('',(#16310),#16328,.T.);
#16310 = FACE_BOUND('',#16311,.T.);
#16311 = EDGE_LOOP('',(#16312,#16320,#16321,#16322));
#16312 = ORIENTED_EDGE('',*,*,#16313,.T.);
#16313 = EDGE_CURVE('',#16314,#16290,#16316,.T.);
#16314 = VERTEX_POINT('',#16315);
#16315 = CARTESIAN_POINT('',(-0.6,-1.225,2.14));
#16316 = LINE('',#16317,#16318);
#16317 = CARTESIAN_POINT('',(-0.6,-1.225,2.14));
#16318 = VECTOR('',#16319,1.);
#16319 = DIRECTION('',(1.,0.,0.));
#16320 = ORIENTED_EDGE('',*,*,#16297,.T.);
#16321 = ORIENTED_EDGE('',*,*,#16190,.F.);
#16322 = ORIENTED_EDGE('',*,*,#16323,.F.);
#16323 = EDGE_CURVE('',#16314,#16183,#16324,.T.);
#16324 = LINE('',#16325,#16326);
#16325 = CARTESIAN_POINT('',(-0.6,-1.225,2.14));
#16326 = VECTOR('',#16327,1.);
#16327 = DIRECTION('',(0.,1.,0.));
#16328 = PLANE('',#16329);
#16329 = AXIS2_PLACEMENT_3D('',#16330,#16331,#16332);
#16330 = CARTESIAN_POINT('',(-0.6,-1.225,2.14));
#16331 = DIRECTION('',(0.,0.,1.));
#16332 = DIRECTION('',(0.,1.,0.));
#16333 = ADVANCED_FACE('',(#16334),#16345,.T.);
#16334 = FACE_BOUND('',#16335,.T.);
#16335 = EDGE_LOOP('',(#16336,#16342,#16343,#16344));
#16336 = ORIENTED_EDGE('',*,*,#16337,.T.);
#16337 = EDGE_CURVE('',#16268,#16314,#16338,.T.);
#16338 = LINE('',#16339,#16340);
#16339 = CARTESIAN_POINT('',(-0.6,-1.225,1.79));
#16340 = VECTOR('',#16341,1.);
#16341 = DIRECTION('',(0.,0.,1.));
#16342 = ORIENTED_EDGE('',*,*,#16323,.T.);
#16343 = ORIENTED_EDGE('',*,*,#16182,.T.);
#16344 = ORIENTED_EDGE('',*,*,#16275,.T.);
#16345 = PLANE('',#16346);
#16346 = AXIS2_PLACEMENT_3D('',#16347,#16348,#16349);
#16347 = CARTESIAN_POINT('',(-0.6,-0.323759014354,1.931294517928));
#16348 = DIRECTION('',(-1.,-0.,-0.));
#16349 = DIRECTION('',(0.,0.,-1.));
#16350 = ADVANCED_FACE('',(#16351),#16376,.T.);
#16351 = FACE_BOUND('',#16352,.T.);
#16352 = EDGE_LOOP('',(#16353,#16363,#16369,#16370));
#16353 = ORIENTED_EDGE('',*,*,#16354,.T.);
#16354 = EDGE_CURVE('',#16355,#16357,#16359,.T.);
#16355 = VERTEX_POINT('',#16356);
#16356 = CARTESIAN_POINT('',(0.4,-1.225,1.79));
#16357 = VERTEX_POINT('',#16358);
#16358 = CARTESIAN_POINT('',(0.4,-1.225,2.14));
#16359 = LINE('',#16360,#16361);
#16360 = CARTESIAN_POINT('',(0.4,-1.225,1.79));
#16361 = VECTOR('',#16362,1.);
#16362 = DIRECTION('',(0.,0.,1.));
#16363 = ORIENTED_EDGE('',*,*,#16364,.T.);
#16364 = EDGE_CURVE('',#16357,#16207,#16365,.T.);
#16365 = LINE('',#16366,#16367);
#16366 = CARTESIAN_POINT('',(0.4,-1.225,2.14));
#16367 = VECTOR('',#16368,1.);
#16368 = DIRECTION('',(0.,1.,0.));
#16369 = ORIENTED_EDGE('',*,*,#16206,.T.);
#16370 = ORIENTED_EDGE('',*,*,#16371,.T.);
#16371 = EDGE_CURVE('',#16209,#16355,#16372,.T.);
#16372 = LINE('',#16373,#16374);
#16373 = CARTESIAN_POINT('',(0.4,0.525,1.66));
#16374 = VECTOR('',#16375,1.);
#16375 = DIRECTION('',(0.,-0.997252183706,7.408159078957E-02));
#16376 = PLANE('',#16377);
#16377 = AXIS2_PLACEMENT_3D('',#16378,#16379,#16380);
#16378 = CARTESIAN_POINT('',(0.4,-0.323759014354,1.931294517928));
#16379 = DIRECTION('',(-1.,-0.,-0.));
#16380 = DIRECTION('',(0.,0.,-1.));
#16381 = ADVANCED_FACE('',(#16382),#16400,.T.);
#16382 = FACE_BOUND('',#16383,.T.);
#16383 = EDGE_LOOP('',(#16384,#16385,#16393,#16399));
#16384 = ORIENTED_EDGE('',*,*,#16232,.T.);
#16385 = ORIENTED_EDGE('',*,*,#16386,.T.);
#16386 = EDGE_CURVE('',#16225,#16387,#16389,.T.);
#16387 = VERTEX_POINT('',#16388);
#16388 = CARTESIAN_POINT('',(0.6,-1.225,1.79));
#16389 = LINE('',#16390,#16391);
#16390 = CARTESIAN_POINT('',(0.6,0.525,1.66));
#16391 = VECTOR('',#16392,1.);
#16392 = DIRECTION('',(0.,-0.997252183706,7.408159078957E-02));
#16393 = ORIENTED_EDGE('',*,*,#16394,.F.);
#16394 = EDGE_CURVE('',#16355,#16387,#16395,.T.);
#16395 = LINE('',#16396,#16397);
#16396 = CARTESIAN_POINT('',(0.4,-1.225,1.79));
#16397 = VECTOR('',#16398,1.);
#16398 = DIRECTION('',(1.,0.,0.));
#16399 = ORIENTED_EDGE('',*,*,#16371,.F.);
#16400 = PLANE('',#16401);
#16401 = AXIS2_PLACEMENT_3D('',#16402,#16403,#16404);
#16402 = CARTESIAN_POINT('',(0.4,0.525,1.66));
#16403 = DIRECTION('',(0.,-7.408159078957E-02,-0.997252183706));
#16404 = DIRECTION('',(0.,-0.997252183706,7.408159078957E-02));
#16405 = ADVANCED_FACE('',(#16406),#16424,.F.);
#16406 = FACE_BOUND('',#16407,.F.);
#16407 = EDGE_LOOP('',(#16408,#16416,#16422,#16423));
#16408 = ORIENTED_EDGE('',*,*,#16409,.T.);
#16409 = EDGE_CURVE('',#16387,#16410,#16412,.T.);
#16410 = VERTEX_POINT('',#16411);
#16411 = CARTESIAN_POINT('',(0.6,-1.225,2.14));
#16412 = LINE('',#16413,#16414);
#16413 = CARTESIAN_POINT('',(0.6,-1.225,1.79));
#16414 = VECTOR('',#16415,1.);
#16415 = DIRECTION('',(0.,0.,1.));
#16416 = ORIENTED_EDGE('',*,*,#16417,.T.);
#16417 = EDGE_CURVE('',#16410,#16217,#16418,.T.);
#16418 = LINE('',#16419,#16420);
#16419 = CARTESIAN_POINT('',(0.6,-1.225,2.14));
#16420 = VECTOR('',#16421,1.);
#16421 = DIRECTION('',(0.,1.,0.));
#16422 = ORIENTED_EDGE('',*,*,#16224,.T.);
#16423 = ORIENTED_EDGE('',*,*,#16386,.T.);
#16424 = PLANE('',#16425);
#16425 = AXIS2_PLACEMENT_3D('',#16426,#16427,#16428);
#16426 = CARTESIAN_POINT('',(0.6,-0.323759014354,1.931294517928));
#16427 = DIRECTION('',(-1.,-0.,-0.));
#16428 = DIRECTION('',(0.,0.,-1.));
#16429 = ADVANCED_FACE('',(#16430),#16441,.T.);
#16430 = FACE_BOUND('',#16431,.T.);
#16431 = EDGE_LOOP('',(#16432,#16438,#16439,#16440));
#16432 = ORIENTED_EDGE('',*,*,#16433,.T.);
#16433 = EDGE_CURVE('',#16357,#16410,#16434,.T.);
#16434 = LINE('',#16435,#16436);
#16435 = CARTESIAN_POINT('',(0.4,-1.225,2.14));
#16436 = VECTOR('',#16437,1.);
#16437 = DIRECTION('',(1.,0.,0.));
#16438 = ORIENTED_EDGE('',*,*,#16417,.T.);
#16439 = ORIENTED_EDGE('',*,*,#16216,.F.);
#16440 = ORIENTED_EDGE('',*,*,#16364,.F.);
#16441 = PLANE('',#16442);
#16442 = AXIS2_PLACEMENT_3D('',#16443,#16444,#16445);
#16443 = CARTESIAN_POINT('',(0.4,-1.225,2.14));
#16444 = DIRECTION('',(0.,0.,1.));
#16445 = DIRECTION('',(0.,1.,0.));
#16446 = ADVANCED_FACE('',(#16447),#16453,.T.);
#16447 = FACE_BOUND('',#16448,.T.);
#16448 = EDGE_LOOP('',(#16449,#16450,#16451,#16452));
#16449 = ORIENTED_EDGE('',*,*,#16267,.T.);
#16450 = ORIENTED_EDGE('',*,*,#16289,.T.);
#16451 = ORIENTED_EDGE('',*,*,#16313,.F.);
#16452 = ORIENTED_EDGE('',*,*,#16337,.F.);
#16453 = PLANE('',#16454);
#16454 = AXIS2_PLACEMENT_3D('',#16455,#16456,#16457);
#16455 = CARTESIAN_POINT('',(-0.6,-1.225,1.79));
#16456 = DIRECTION('',(0.,-1.,0.));
#16457 = DIRECTION('',(0.,0.,1.));
#16458 = ADVANCED_FACE('',(#16459),#16465,.T.);
#16459 = FACE_BOUND('',#16460,.T.);
#16460 = EDGE_LOOP('',(#16461,#16462,#16463,#16464));
#16461 = ORIENTED_EDGE('',*,*,#16394,.T.);
#16462 = ORIENTED_EDGE('',*,*,#16409,.T.);
#16463 = ORIENTED_EDGE('',*,*,#16433,.F.);
#16464 = ORIENTED_EDGE('',*,*,#16354,.F.);
#16465 = PLANE('',#16466);
#16466 = AXIS2_PLACEMENT_3D('',#16467,#16468,#16469);
#16467 = CARTESIAN_POINT('',(0.4,-1.225,1.79));
#16468 = DIRECTION('',(0.,-1.,0.));
#16469 = DIRECTION('',(0.,0.,1.));
#16470 = ( GEOMETRIC_REPRESENTATION_CONTEXT(3) 
GLOBAL_UNCERTAINTY_ASSIGNED_CONTEXT((#16474)) 
GLOBAL_UNIT_ASSIGNED_CONTEXT((#16471,#16472,#16473)) 
REPRESENTATION_CONTEXT('Context #1',
  '3D Context with UNIT and UNCERTAINTY') );
#16471 = ( LENGTH_UNIT() NAMED_UNIT(*) SI_UNIT(.MILLI.,.METRE.) );
#16472 = ( NAMED_UNIT(*) PLANE_ANGLE_UNIT() SI_UNIT($,.RADIAN.) );
#16473 = ( NAMED_UNIT(*) SI_UNIT($,.STERADIAN.) SOLID_ANGLE_UNIT() );
#16474 = UNCERTAINTY_MEASURE_WITH_UNIT(LENGTH_MEASURE(1.E-07),#16471,
  'distance_accuracy_value','confusion accuracy');
#16475 = CONTEXT_DEPENDENT_SHAPE_REPRESENTATION(#16476,#16478);
#16476 = ( REPRESENTATION_RELATIONSHIP('','',#14345,#10) 
REPRESENTATION_RELATIONSHIP_WITH_TRANSFORMATION(#16477) 
SHAPE_REPRESENTATION_RELATIONSHIP() );
#16477 = ITEM_DEFINED_TRANSFORMATION('','',#11,#47);
#16478 = PRODUCT_DEFINITION_SHAPE('Placement','Placement of an item',
  #16479);
#16479 = NEXT_ASSEMBLY_USAGE_OCCURRENCE('13','J3','',#5,#14340,$);
#16480 = PRODUCT_RELATED_PRODUCT_CATEGORY('part',$,(#14342));
#16481 = SHAPE_DEFINITION_REPRESENTATION(#16482,#16488);
#16482 = PRODUCT_DEFINITION_SHAPE('','',#16483);
#16483 = PRODUCT_DEFINITION('design','',#16484,#16487);
#16484 = PRODUCT_DEFINITION_FORMATION('','',#16485);
#16485 = PRODUCT('player device_PCB','player device_PCB','',(#16486));
#16486 = PRODUCT_CONTEXT('',#2,'mechanical');
#16487 = PRODUCT_DEFINITION_CONTEXT('part definition',#2,'design');
#16488 = ADVANCED_BREP_SHAPE_REPRESENTATION('',(#11,#16489),#18027);
#16489 = MANIFOLD_SOLID_BREP('',#16490);
#16490 = CLOSED_SHELL('',(#16491,#16533,#16564,#16595,#16999,#17403,
    #17420,#17437,#17454,#17471,#17483,#17500,#17517,#17534,#17551,
    #17568,#17585,#17602,#17619,#17636,#17653,#17670,#17687,#17704,
    #17721,#17738,#17755,#17772,#17789,#17806,#17823,#17840,#17857,
    #17874,#17891,#17908,#17925,#17942,#17959,#17976,#17993,#18010));
#16491 = ADVANCED_FACE('',(#16492),#16528,.T.);
#16492 = FACE_BOUND('',#16493,.T.);
#16493 = EDGE_LOOP('',(#16494,#16504,#16513,#16521));
#16494 = ORIENTED_EDGE('',*,*,#16495,.T.);
#16495 = EDGE_CURVE('',#16496,#16498,#16500,.T.);
#16496 = VERTEX_POINT('',#16497);
#16497 = CARTESIAN_POINT('',(112.,-41.5,0.));
#16498 = VERTEX_POINT('',#16499);
#16499 = CARTESIAN_POINT('',(112.,-41.5,1.51));
#16500 = LINE('',#16501,#16502);
#16501 = CARTESIAN_POINT('',(112.,-41.5,0.));
#16502 = VECTOR('',#16503,1.);
#16503 = DIRECTION('',(0.,0.,1.));
#16504 = ORIENTED_EDGE('',*,*,#16505,.T.);
#16505 = EDGE_CURVE('',#16498,#16506,#16508,.T.);
#16506 = VERTEX_POINT('',#16507);
#16507 = CARTESIAN_POINT('',(117.,-46.5,1.51));
#16508 = CIRCLE('',#16509,4.999999678834);
#16509 = AXIS2_PLACEMENT_3D('',#16510,#16511,#16512);
#16510 = CARTESIAN_POINT('',(112.00000032116,-46.49999967883,1.51));
#16511 = DIRECTION('',(0.,0.,-1.));
#16512 = DIRECTION('',(-6.423314133505E-08,1.,0.));
#16513 = ORIENTED_EDGE('',*,*,#16514,.F.);
#16514 = EDGE_CURVE('',#16515,#16506,#16517,.T.);
#16515 = VERTEX_POINT('',#16516);
#16516 = CARTESIAN_POINT('',(117.,-46.5,0.));
#16517 = LINE('',#16518,#16519);
#16518 = CARTESIAN_POINT('',(117.,-46.5,0.));
#16519 = VECTOR('',#16520,1.);
#16520 = DIRECTION('',(0.,0.,1.));
#16521 = ORIENTED_EDGE('',*,*,#16522,.F.);
#16522 = EDGE_CURVE('',#16496,#16515,#16523,.T.);
#16523 = CIRCLE('',#16524,4.999999678834);
#16524 = AXIS2_PLACEMENT_3D('',#16525,#16526,#16527);
#16525 = CARTESIAN_POINT('',(112.00000032116,-46.49999967883,0.));
#16526 = DIRECTION('',(0.,0.,-1.));
#16527 = DIRECTION('',(-6.423314133505E-08,1.,0.));
#16528 = CYLINDRICAL_SURFACE('',#16529,4.999999678834);
#16529 = AXIS2_PLACEMENT_3D('',#16530,#16531,#16532);
#16530 = CARTESIAN_POINT('',(112.00000032116,-46.49999967883,0.));
#16531 = DIRECTION('',(0.,0.,-1.));
#16532 = DIRECTION('',(-6.423314133505E-08,1.,0.));
#16533 = ADVANCED_FACE('',(#16534),#16559,.T.);
#16534 = FACE_BOUND('',#16535,.T.);
#16535 = EDGE_LOOP('',(#16536,#16546,#16552,#16553));
#16536 = ORIENTED_EDGE('',*,*,#16537,.T.);
#16537 = EDGE_CURVE('',#16538,#16540,#16542,.T.);
#16538 = VERTEX_POINT('',#16539);
#16539 = CARTESIAN_POINT('',(57.,-41.5,0.));
#16540 = VERTEX_POINT('',#16541);
#16541 = CARTESIAN_POINT('',(57.,-41.5,1.51));
#16542 = LINE('',#16543,#16544);
#16543 = CARTESIAN_POINT('',(57.,-41.5,0.));
#16544 = VECTOR('',#16545,1.);
#16545 = DIRECTION('',(0.,0.,1.));
#16546 = ORIENTED_EDGE('',*,*,#16547,.T.);
#16547 = EDGE_CURVE('',#16540,#16498,#16548,.T.);
#16548 = LINE('',#16549,#16550);
#16549 = CARTESIAN_POINT('',(57.,-41.5,1.51));
#16550 = VECTOR('',#16551,1.);
#16551 = DIRECTION('',(1.,0.,0.));
#16552 = ORIENTED_EDGE('',*,*,#16495,.F.);
#16553 = ORIENTED_EDGE('',*,*,#16554,.F.);
#16554 = EDGE_CURVE('',#16538,#16496,#16555,.T.);
#16555 = LINE('',#16556,#16557);
#16556 = CARTESIAN_POINT('',(57.,-41.5,0.));
#16557 = VECTOR('',#16558,1.);
#16558 = DIRECTION('',(1.,0.,0.));
#16559 = PLANE('',#16560);
#16560 = AXIS2_PLACEMENT_3D('',#16561,#16562,#16563);
#16561 = CARTESIAN_POINT('',(57.,-41.5,0.));
#16562 = DIRECTION('',(0.,1.,0.));
#16563 = DIRECTION('',(1.,0.,0.));
#16564 = ADVANCED_FACE('',(#16565),#16590,.T.);
#16565 = FACE_BOUND('',#16566,.T.);
#16566 = EDGE_LOOP('',(#16567,#16568,#16576,#16584));
#16567 = ORIENTED_EDGE('',*,*,#16514,.T.);
#16568 = ORIENTED_EDGE('',*,*,#16569,.T.);
#16569 = EDGE_CURVE('',#16506,#16570,#16572,.T.);
#16570 = VERTEX_POINT('',#16571);
#16571 = CARTESIAN_POINT('',(117.,-151.5,1.51));
#16572 = LINE('',#16573,#16574);
#16573 = CARTESIAN_POINT('',(117.,-46.5,1.51));
#16574 = VECTOR('',#16575,1.);
#16575 = DIRECTION('',(0.,-1.,0.));
#16576 = ORIENTED_EDGE('',*,*,#16577,.F.);
#16577 = EDGE_CURVE('',#16578,#16570,#16580,.T.);
#16578 = VERTEX_POINT('',#16579);
#16579 = CARTESIAN_POINT('',(117.,-151.5,0.));
#16580 = LINE('',#16581,#16582);
#16581 = CARTESIAN_POINT('',(117.,-151.5,0.));
#16582 = VECTOR('',#16583,1.);
#16583 = DIRECTION('',(0.,0.,1.));
#16584 = ORIENTED_EDGE('',*,*,#16585,.F.);
#16585 = EDGE_CURVE('',#16515,#16578,#16586,.T.);
#16586 = LINE('',#16587,#16588);
#16587 = CARTESIAN_POINT('',(117.,-46.5,0.));
#16588 = VECTOR('',#16589,1.);
#16589 = DIRECTION('',(0.,-1.,0.));
#16590 = PLANE('',#16591);
#16591 = AXIS2_PLACEMENT_3D('',#16592,#16593,#16594);
#16592 = CARTESIAN_POINT('',(117.,-46.5,0.));
#16593 = DIRECTION('',(1.,0.,-0.));
#16594 = DIRECTION('',(0.,-1.,0.));
#16595 = ADVANCED_FACE('',(#16596,#16642,#16653,#16664,#16675,#16686,
    #16697,#16708,#16719,#16730,#16741,#16752,#16763,#16774,#16785,
    #16796,#16807,#16818,#16829,#16840,#16851,#16862,#16873,#16884,
    #16895,#16906,#16917,#16928,#16939,#16950,#16961,#16972,#16983),
  #16994,.F.);
#16596 = FACE_BOUND('',#16597,.F.);
#16597 = EDGE_LOOP('',(#16598,#16599,#16600,#16609,#16617,#16626,#16634,
    #16641));
#16598 = ORIENTED_EDGE('',*,*,#16522,.F.);
#16599 = ORIENTED_EDGE('',*,*,#16554,.F.);
#16600 = ORIENTED_EDGE('',*,*,#16601,.F.);
#16601 = EDGE_CURVE('',#16602,#16538,#16604,.T.);
#16602 = VERTEX_POINT('',#16603);
#16603 = CARTESIAN_POINT('',(52.,-46.5,0.));
#16604 = CIRCLE('',#16605,4.999999678834);
#16605 = AXIS2_PLACEMENT_3D('',#16606,#16607,#16608);
#16606 = CARTESIAN_POINT('',(56.999999678834,-46.49999967883,0.));
#16607 = DIRECTION('',(0.,0.,-1.));
#16608 = DIRECTION('',(-1.,-6.423314275614E-08,-0.));
#16609 = ORIENTED_EDGE('',*,*,#16610,.F.);
#16610 = EDGE_CURVE('',#16611,#16602,#16613,.T.);
#16611 = VERTEX_POINT('',#16612);
#16612 = CARTESIAN_POINT('',(52.,-151.5,0.));
#16613 = LINE('',#16614,#16615);
#16614 = CARTESIAN_POINT('',(52.,-151.5,0.));
#16615 = VECTOR('',#16616,1.);
#16616 = DIRECTION('',(0.,1.,0.));
#16617 = ORIENTED_EDGE('',*,*,#16618,.F.);
#16618 = EDGE_CURVE('',#16619,#16611,#16621,.T.);
#16619 = VERTEX_POINT('',#16620);
#16620 = CARTESIAN_POINT('',(57.,-156.5,0.));
#16621 = CIRCLE('',#16622,4.999999678834);
#16622 = AXIS2_PLACEMENT_3D('',#16623,#16624,#16625);
#16623 = CARTESIAN_POINT('',(56.999999678834,-151.5000003211,0.));
#16624 = DIRECTION('',(0.,0.,-1.));
#16625 = DIRECTION('',(6.42331470194E-08,-1.,0.));
#16626 = ORIENTED_EDGE('',*,*,#16627,.F.);
#16627 = EDGE_CURVE('',#16628,#16619,#16630,.T.);
#16628 = VERTEX_POINT('',#16629);
#16629 = CARTESIAN_POINT('',(112.,-156.5,0.));
#16630 = LINE('',#16631,#16632);
#16631 = CARTESIAN_POINT('',(112.,-156.5,0.));
#16632 = VECTOR('',#16633,1.);
#16633 = DIRECTION('',(-1.,0.,0.));
#16634 = ORIENTED_EDGE('',*,*,#16635,.F.);
#16635 = EDGE_CURVE('',#16578,#16628,#16636,.T.);
#16636 = CIRCLE('',#16637,4.999999678834);
#16637 = AXIS2_PLACEMENT_3D('',#16638,#16639,#16640);
#16638 = CARTESIAN_POINT('',(112.00000032116,-151.5000003211,0.));
#16639 = DIRECTION('',(0.,0.,-1.));
#16640 = DIRECTION('',(1.,6.42331470194E-08,0.));
#16641 = ORIENTED_EDGE('',*,*,#16585,.F.);
#16642 = FACE_BOUND('',#16643,.F.);
#16643 = EDGE_LOOP('',(#16644));
#16644 = ORIENTED_EDGE('',*,*,#16645,.T.);
#16645 = EDGE_CURVE('',#16646,#16646,#16648,.T.);
#16646 = VERTEX_POINT('',#16647);
#16647 = CARTESIAN_POINT('',(57.,-139.58,0.));
#16648 = CIRCLE('',#16649,0.5);
#16649 = AXIS2_PLACEMENT_3D('',#16650,#16651,#16652);
#16650 = CARTESIAN_POINT('',(57.,-139.08,0.));
#16651 = DIRECTION('',(-0.,0.,-1.));
#16652 = DIRECTION('',(-0.,-1.,0.));
#16653 = FACE_BOUND('',#16654,.F.);
#16654 = EDGE_LOOP('',(#16655));
#16655 = ORIENTED_EDGE('',*,*,#16656,.T.);
#16656 = EDGE_CURVE('',#16657,#16657,#16659,.T.);
#16657 = VERTEX_POINT('',#16658);
#16658 = CARTESIAN_POINT('',(57.,-137.04,0.));
#16659 = CIRCLE('',#16660,0.5);
#16660 = AXIS2_PLACEMENT_3D('',#16661,#16662,#16663);
#16661 = CARTESIAN_POINT('',(57.,-136.54,0.));
#16662 = DIRECTION('',(-0.,0.,-1.));
#16663 = DIRECTION('',(-0.,-1.,0.));
#16664 = FACE_BOUND('',#16665,.F.);
#16665 = EDGE_LOOP('',(#16666));
#16666 = ORIENTED_EDGE('',*,*,#16667,.T.);
#16667 = EDGE_CURVE('',#16668,#16668,#16670,.T.);
#16668 = VERTEX_POINT('',#16669);
#16669 = CARTESIAN_POINT('',(57.,-134.5,0.));
#16670 = CIRCLE('',#16671,0.5);
#16671 = AXIS2_PLACEMENT_3D('',#16672,#16673,#16674);
#16672 = CARTESIAN_POINT('',(57.,-134.,0.));
#16673 = DIRECTION('',(-0.,0.,-1.));
#16674 = DIRECTION('',(-0.,-1.,0.));
#16675 = FACE_BOUND('',#16676,.F.);
#16676 = EDGE_LOOP('',(#16677));
#16677 = ORIENTED_EDGE('',*,*,#16678,.T.);
#16678 = EDGE_CURVE('',#16679,#16679,#16681,.T.);
#16679 = VERTEX_POINT('',#16680);
#16680 = CARTESIAN_POINT('',(112.,-153.1,0.));
#16681 = CIRCLE('',#16682,1.1);
#16682 = AXIS2_PLACEMENT_3D('',#16683,#16684,#16685);
#16683 = CARTESIAN_POINT('',(112.,-152.,0.));
#16684 = DIRECTION('',(-0.,0.,-1.));
#16685 = DIRECTION('',(-0.,-1.,0.));
#16686 = FACE_BOUND('',#16687,.F.);
#16687 = EDGE_LOOP('',(#16688));
#16688 = ORIENTED_EDGE('',*,*,#16689,.T.);
#16689 = EDGE_CURVE('',#16690,#16690,#16692,.T.);
#16690 = VERTEX_POINT('',#16691);
#16691 = CARTESIAN_POINT('',(65.,-97.81,0.));
#16692 = CIRCLE('',#16693,0.5);
#16693 = AXIS2_PLACEMENT_3D('',#16694,#16695,#16696);
#16694 = CARTESIAN_POINT('',(65.,-97.31,0.));
#16695 = DIRECTION('',(-0.,0.,-1.));
#16696 = DIRECTION('',(-0.,-1.,0.));
#16697 = FACE_BOUND('',#16698,.F.);
#16698 = EDGE_LOOP('',(#16699));
#16699 = ORIENTED_EDGE('',*,*,#16700,.T.);
#16700 = EDGE_CURVE('',#16701,#16701,#16703,.T.);
#16701 = VERTEX_POINT('',#16702);
#16702 = CARTESIAN_POINT('',(65.,-95.27,0.));
#16703 = CIRCLE('',#16704,0.5);
#16704 = AXIS2_PLACEMENT_3D('',#16705,#16706,#16707);
#16705 = CARTESIAN_POINT('',(65.,-94.77,0.));
#16706 = DIRECTION('',(-0.,0.,-1.));
#16707 = DIRECTION('',(-0.,-1.,0.));
#16708 = FACE_BOUND('',#16709,.F.);
#16709 = EDGE_LOOP('',(#16710));
#16710 = ORIENTED_EDGE('',*,*,#16711,.T.);
#16711 = EDGE_CURVE('',#16712,#16712,#16714,.T.);
#16712 = VERTEX_POINT('',#16713);
#16713 = CARTESIAN_POINT('',(65.,-92.73,0.));
#16714 = CIRCLE('',#16715,0.5);
#16715 = AXIS2_PLACEMENT_3D('',#16716,#16717,#16718);
#16716 = CARTESIAN_POINT('',(65.,-92.23,0.));
#16717 = DIRECTION('',(-0.,0.,-1.));
#16718 = DIRECTION('',(-0.,-1.,0.));
#16719 = FACE_BOUND('',#16720,.F.);
#16720 = EDGE_LOOP('',(#16721));
#16721 = ORIENTED_EDGE('',*,*,#16722,.T.);
#16722 = EDGE_CURVE('',#16723,#16723,#16725,.T.);
#16723 = VERTEX_POINT('',#16724);
#16724 = CARTESIAN_POINT('',(65.,-90.19,0.));
#16725 = CIRCLE('',#16726,0.5);
#16726 = AXIS2_PLACEMENT_3D('',#16727,#16728,#16729);
#16727 = CARTESIAN_POINT('',(65.,-89.69,0.));
#16728 = DIRECTION('',(-0.,0.,-1.));
#16729 = DIRECTION('',(-0.,-1.,0.));
#16730 = FACE_BOUND('',#16731,.F.);
#16731 = EDGE_LOOP('',(#16732));
#16732 = ORIENTED_EDGE('',*,*,#16733,.T.);
#16733 = EDGE_CURVE('',#16734,#16734,#16736,.T.);
#16734 = VERTEX_POINT('',#16735);
#16735 = CARTESIAN_POINT('',(54.5,-64.248,0.));
#16736 = CIRCLE('',#16737,0.508);
#16737 = AXIS2_PLACEMENT_3D('',#16738,#16739,#16740);
#16738 = CARTESIAN_POINT('',(54.5,-63.74,0.));
#16739 = DIRECTION('',(-0.,0.,-1.));
#16740 = DIRECTION('',(-0.,-1.,0.));
#16741 = FACE_BOUND('',#16742,.F.);
#16742 = EDGE_LOOP('',(#16743));
#16743 = ORIENTED_EDGE('',*,*,#16744,.T.);
#16744 = EDGE_CURVE('',#16745,#16745,#16747,.T.);
#16745 = VERTEX_POINT('',#16746);
#16746 = CARTESIAN_POINT('',(57.04,-64.248,0.));
#16747 = CIRCLE('',#16748,0.508);
#16748 = AXIS2_PLACEMENT_3D('',#16749,#16750,#16751);
#16749 = CARTESIAN_POINT('',(57.04,-63.74,0.));
#16750 = DIRECTION('',(-0.,0.,-1.));
#16751 = DIRECTION('',(-0.,-1.,0.));
#16752 = FACE_BOUND('',#16753,.F.);
#16753 = EDGE_LOOP('',(#16754));
#16754 = ORIENTED_EDGE('',*,*,#16755,.T.);
#16755 = EDGE_CURVE('',#16756,#16756,#16758,.T.);
#16756 = VERTEX_POINT('',#16757);
#16757 = CARTESIAN_POINT('',(59.58,-64.248,0.));
#16758 = CIRCLE('',#16759,0.508);
#16759 = AXIS2_PLACEMENT_3D('',#16760,#16761,#16762);
#16760 = CARTESIAN_POINT('',(59.58,-63.74,0.));
#16761 = DIRECTION('',(-0.,0.,-1.));
#16762 = DIRECTION('',(-0.,-1.,0.));
#16763 = FACE_BOUND('',#16764,.F.);
#16764 = EDGE_LOOP('',(#16765));
#16765 = ORIENTED_EDGE('',*,*,#16766,.T.);
#16766 = EDGE_CURVE('',#16767,#16767,#16769,.T.);
#16767 = VERTEX_POINT('',#16768);
#16768 = CARTESIAN_POINT('',(62.12,-64.248,0.));
#16769 = CIRCLE('',#16770,0.508);
#16770 = AXIS2_PLACEMENT_3D('',#16771,#16772,#16773);
#16771 = CARTESIAN_POINT('',(62.12,-63.74,0.));
#16772 = DIRECTION('',(-0.,0.,-1.));
#16773 = DIRECTION('',(-1.398706172756E-14,-1.,0.));
#16774 = FACE_BOUND('',#16775,.F.);
#16775 = EDGE_LOOP('',(#16776));
#16776 = ORIENTED_EDGE('',*,*,#16777,.T.);
#16777 = EDGE_CURVE('',#16778,#16778,#16780,.T.);
#16778 = VERTEX_POINT('',#16779);
#16779 = CARTESIAN_POINT('',(64.66,-64.248,0.));
#16780 = CIRCLE('',#16781,0.508);
#16781 = AXIS2_PLACEMENT_3D('',#16782,#16783,#16784);
#16782 = CARTESIAN_POINT('',(64.66,-63.74,0.));
#16783 = DIRECTION('',(-0.,0.,-1.));
#16784 = DIRECTION('',(-0.,-1.,0.));
#16785 = FACE_BOUND('',#16786,.F.);
#16786 = EDGE_LOOP('',(#16787));
#16787 = ORIENTED_EDGE('',*,*,#16788,.T.);
#16788 = EDGE_CURVE('',#16789,#16789,#16791,.T.);
#16789 = VERTEX_POINT('',#16790);
#16790 = CARTESIAN_POINT('',(67.2,-64.248,0.));
#16791 = CIRCLE('',#16792,0.508);
#16792 = AXIS2_PLACEMENT_3D('',#16793,#16794,#16795);
#16793 = CARTESIAN_POINT('',(67.2,-63.74,0.));
#16794 = DIRECTION('',(-0.,0.,-1.));
#16795 = DIRECTION('',(2.797412345512E-14,-1.,-0.));
#16796 = FACE_BOUND('',#16797,.F.);
#16797 = EDGE_LOOP('',(#16798));
#16798 = ORIENTED_EDGE('',*,*,#16799,.T.);
#16799 = EDGE_CURVE('',#16800,#16800,#16802,.T.);
#16800 = VERTEX_POINT('',#16801);
#16801 = CARTESIAN_POINT('',(54.5,-49.008,0.));
#16802 = CIRCLE('',#16803,0.508);
#16803 = AXIS2_PLACEMENT_3D('',#16804,#16805,#16806);
#16804 = CARTESIAN_POINT('',(54.5,-48.5,0.));
#16805 = DIRECTION('',(-0.,0.,-1.));
#16806 = DIRECTION('',(-0.,-1.,0.));
#16807 = FACE_BOUND('',#16808,.F.);
#16808 = EDGE_LOOP('',(#16809));
#16809 = ORIENTED_EDGE('',*,*,#16810,.T.);
#16810 = EDGE_CURVE('',#16811,#16811,#16813,.T.);
#16811 = VERTEX_POINT('',#16812);
#16812 = CARTESIAN_POINT('',(57.04,-49.008,0.));
#16813 = CIRCLE('',#16814,0.508);
#16814 = AXIS2_PLACEMENT_3D('',#16815,#16816,#16817);
#16815 = CARTESIAN_POINT('',(57.04,-48.5,0.));
#16816 = DIRECTION('',(-0.,0.,-1.));
#16817 = DIRECTION('',(-0.,-1.,0.));
#16818 = FACE_BOUND('',#16819,.F.);
#16819 = EDGE_LOOP('',(#16820));
#16820 = ORIENTED_EDGE('',*,*,#16821,.T.);
#16821 = EDGE_CURVE('',#16822,#16822,#16824,.T.);
#16822 = VERTEX_POINT('',#16823);
#16823 = CARTESIAN_POINT('',(59.58,-49.008,0.));
#16824 = CIRCLE('',#16825,0.508);
#16825 = AXIS2_PLACEMENT_3D('',#16826,#16827,#16828);
#16826 = CARTESIAN_POINT('',(59.58,-48.5,0.));
#16827 = DIRECTION('',(-0.,0.,-1.));
#16828 = DIRECTION('',(-0.,-1.,0.));
#16829 = FACE_BOUND('',#16830,.F.);
#16830 = EDGE_LOOP('',(#16831));
#16831 = ORIENTED_EDGE('',*,*,#16832,.T.);
#16832 = EDGE_CURVE('',#16833,#16833,#16835,.T.);
#16833 = VERTEX_POINT('',#16834);
#16834 = CARTESIAN_POINT('',(62.12,-49.008,0.));
#16835 = CIRCLE('',#16836,0.508);
#16836 = AXIS2_PLACEMENT_3D('',#16837,#16838,#16839);
#16837 = CARTESIAN_POINT('',(62.12,-48.5,0.));
#16838 = DIRECTION('',(-0.,0.,-1.));
#16839 = DIRECTION('',(-1.398706172756E-14,-1.,0.));
#16840 = FACE_BOUND('',#16841,.F.);
#16841 = EDGE_LOOP('',(#16842));
#16842 = ORIENTED_EDGE('',*,*,#16843,.T.);
#16843 = EDGE_CURVE('',#16844,#16844,#16846,.T.);
#16844 = VERTEX_POINT('',#16845);
#16845 = CARTESIAN_POINT('',(64.66,-49.008,0.));
#16846 = CIRCLE('',#16847,0.508);
#16847 = AXIS2_PLACEMENT_3D('',#16848,#16849,#16850);
#16848 = CARTESIAN_POINT('',(64.66,-48.5,0.));
#16849 = DIRECTION('',(-0.,0.,-1.));
#16850 = DIRECTION('',(-0.,-1.,0.));
#16851 = FACE_BOUND('',#16852,.F.);
#16852 = EDGE_LOOP('',(#16853));
#16853 = ORIENTED_EDGE('',*,*,#16854,.T.);
#16854 = EDGE_CURVE('',#16855,#16855,#16857,.T.);
#16855 = VERTEX_POINT('',#16856);
#16856 = CARTESIAN_POINT('',(67.2,-49.008,0.));
#16857 = CIRCLE('',#16858,0.508);
#16858 = AXIS2_PLACEMENT_3D('',#16859,#16860,#16861);
#16859 = CARTESIAN_POINT('',(67.2,-48.5,0.));
#16860 = DIRECTION('',(-0.,0.,-1.));
#16861 = DIRECTION('',(2.797412345512E-14,-1.,-0.));
#16862 = FACE_BOUND('',#16863,.F.);
#16863 = EDGE_LOOP('',(#16864));
#16864 = ORIENTED_EDGE('',*,*,#16865,.T.);
#16865 = EDGE_CURVE('',#16866,#16866,#16868,.T.);
#16866 = VERTEX_POINT('',#16867);
#16867 = CARTESIAN_POINT('',(69.74,-64.248,0.));
#16868 = CIRCLE('',#16869,0.508);
#16869 = AXIS2_PLACEMENT_3D('',#16870,#16871,#16872);
#16870 = CARTESIAN_POINT('',(69.74,-63.74,0.));
#16871 = DIRECTION('',(-0.,0.,-1.));
#16872 = DIRECTION('',(-2.797412345512E-14,-1.,0.));
#16873 = FACE_BOUND('',#16874,.F.);
#16874 = EDGE_LOOP('',(#16875));
#16875 = ORIENTED_EDGE('',*,*,#16876,.T.);
#16876 = EDGE_CURVE('',#16877,#16877,#16879,.T.);
#16877 = VERTEX_POINT('',#16878);
#16878 = CARTESIAN_POINT('',(69.74,-49.008,0.));
#16879 = CIRCLE('',#16880,0.508);
#16880 = AXIS2_PLACEMENT_3D('',#16881,#16882,#16883);
#16881 = CARTESIAN_POINT('',(69.74,-48.5,0.));
#16882 = DIRECTION('',(-0.,0.,-1.));
#16883 = DIRECTION('',(-2.797412345512E-14,-1.,0.));
#16884 = FACE_BOUND('',#16885,.F.);
#16885 = EDGE_LOOP('',(#16886));
#16886 = ORIENTED_EDGE('',*,*,#16887,.T.);
#16887 = EDGE_CURVE('',#16888,#16888,#16890,.T.);
#16888 = VERTEX_POINT('',#16889);
#16889 = CARTESIAN_POINT('',(79.9,-59.168,0.));
#16890 = CIRCLE('',#16891,0.508);
#16891 = AXIS2_PLACEMENT_3D('',#16892,#16893,#16894);
#16892 = CARTESIAN_POINT('',(79.9,-58.66,0.));
#16893 = DIRECTION('',(-0.,0.,-1.));
#16894 = DIRECTION('',(-0.,-1.,0.));
#16895 = FACE_BOUND('',#16896,.F.);
#16896 = EDGE_LOOP('',(#16897));
#16897 = ORIENTED_EDGE('',*,*,#16898,.T.);
#16898 = EDGE_CURVE('',#16899,#16899,#16901,.T.);
#16899 = VERTEX_POINT('',#16900);
#16900 = CARTESIAN_POINT('',(79.9,-54.088,0.));
#16901 = CIRCLE('',#16902,0.508);
#16902 = AXIS2_PLACEMENT_3D('',#16903,#16904,#16905);
#16903 = CARTESIAN_POINT('',(79.9,-53.58,0.));
#16904 = DIRECTION('',(-0.,0.,-1.));
#16905 = DIRECTION('',(-0.,-1.,0.));
#16906 = FACE_BOUND('',#16907,.F.);
#16907 = EDGE_LOOP('',(#16908));
#16908 = ORIENTED_EDGE('',*,*,#16909,.T.);
#16909 = EDGE_CURVE('',#16910,#16910,#16912,.T.);
#16910 = VERTEX_POINT('',#16911);
#16911 = CARTESIAN_POINT('',(111.,-80.12,0.));
#16912 = CIRCLE('',#16913,0.5);
#16913 = AXIS2_PLACEMENT_3D('',#16914,#16915,#16916);
#16914 = CARTESIAN_POINT('',(111.,-79.62,0.));
#16915 = DIRECTION('',(-0.,0.,-1.));
#16916 = DIRECTION('',(-0.,-1.,0.));
#16917 = FACE_BOUND('',#16918,.F.);
#16918 = EDGE_LOOP('',(#16919));
#16919 = ORIENTED_EDGE('',*,*,#16920,.T.);
#16920 = EDGE_CURVE('',#16921,#16921,#16923,.T.);
#16921 = VERTEX_POINT('',#16922);
#16922 = CARTESIAN_POINT('',(111.,-77.58,0.));
#16923 = CIRCLE('',#16924,0.5);
#16924 = AXIS2_PLACEMENT_3D('',#16925,#16926,#16927);
#16925 = CARTESIAN_POINT('',(111.,-77.08,0.));
#16926 = DIRECTION('',(-0.,0.,-1.));
#16927 = DIRECTION('',(-0.,-1.,0.));
#16928 = FACE_BOUND('',#16929,.F.);
#16929 = EDGE_LOOP('',(#16930));
#16930 = ORIENTED_EDGE('',*,*,#16931,.T.);
#16931 = EDGE_CURVE('',#16932,#16932,#16934,.T.);
#16932 = VERTEX_POINT('',#16933);
#16933 = CARTESIAN_POINT('',(111.,-75.04,0.));
#16934 = CIRCLE('',#16935,0.5);
#16935 = AXIS2_PLACEMENT_3D('',#16936,#16937,#16938);
#16936 = CARTESIAN_POINT('',(111.,-74.54,0.));
#16937 = DIRECTION('',(-0.,0.,-1.));
#16938 = DIRECTION('',(-0.,-1.,0.));
#16939 = FACE_BOUND('',#16940,.F.);
#16940 = EDGE_LOOP('',(#16941));
#16941 = ORIENTED_EDGE('',*,*,#16942,.T.);
#16942 = EDGE_CURVE('',#16943,#16943,#16945,.T.);
#16943 = VERTEX_POINT('',#16944);
#16944 = CARTESIAN_POINT('',(111.,-72.5,0.));
#16945 = CIRCLE('',#16946,0.5);
#16946 = AXIS2_PLACEMENT_3D('',#16947,#16948,#16949);
#16947 = CARTESIAN_POINT('',(111.,-72.,0.));
#16948 = DIRECTION('',(-0.,0.,-1.));
#16949 = DIRECTION('',(-0.,-1.,0.));
#16950 = FACE_BOUND('',#16951,.F.);
#16951 = EDGE_LOOP('',(#16952));
#16952 = ORIENTED_EDGE('',*,*,#16953,.T.);
#16953 = EDGE_CURVE('',#16954,#16954,#16956,.T.);
#16954 = VERTEX_POINT('',#16955);
#16955 = CARTESIAN_POINT('',(111.,-69.96,0.));
#16956 = CIRCLE('',#16957,0.5);
#16957 = AXIS2_PLACEMENT_3D('',#16958,#16959,#16960);
#16958 = CARTESIAN_POINT('',(111.,-69.46,0.));
#16959 = DIRECTION('',(-0.,0.,-1.));
#16960 = DIRECTION('',(-0.,-1.,0.));
#16961 = FACE_BOUND('',#16962,.F.);
#16962 = EDGE_LOOP('',(#16963));
#16963 = ORIENTED_EDGE('',*,*,#16964,.T.);
#16964 = EDGE_CURVE('',#16965,#16965,#16967,.T.);
#16965 = VERTEX_POINT('',#16966);
#16966 = CARTESIAN_POINT('',(111.,-67.42,0.));
#16967 = CIRCLE('',#16968,0.5);
#16968 = AXIS2_PLACEMENT_3D('',#16969,#16970,#16971);
#16969 = CARTESIAN_POINT('',(111.,-66.92,0.));
#16970 = DIRECTION('',(-0.,0.,-1.));
#16971 = DIRECTION('',(-0.,-1.,0.));
#16972 = FACE_BOUND('',#16973,.F.);
#16973 = EDGE_LOOP('',(#16974));
#16974 = ORIENTED_EDGE('',*,*,#16975,.T.);
#16975 = EDGE_CURVE('',#16976,#16976,#16978,.T.);
#16976 = VERTEX_POINT('',#16977);
#16977 = CARTESIAN_POINT('',(111.,-64.88,0.));
#16978 = CIRCLE('',#16979,0.5);
#16979 = AXIS2_PLACEMENT_3D('',#16980,#16981,#16982);
#16980 = CARTESIAN_POINT('',(111.,-64.38,0.));
#16981 = DIRECTION('',(-0.,0.,-1.));
#16982 = DIRECTION('',(-0.,-1.,0.));
#16983 = FACE_BOUND('',#16984,.F.);
#16984 = EDGE_LOOP('',(#16985));
#16985 = ORIENTED_EDGE('',*,*,#16986,.T.);
#16986 = EDGE_CURVE('',#16987,#16987,#16989,.T.);
#16987 = VERTEX_POINT('',#16988);
#16988 = CARTESIAN_POINT('',(112.,-47.6,0.));
#16989 = CIRCLE('',#16990,1.1);
#16990 = AXIS2_PLACEMENT_3D('',#16991,#16992,#16993);
#16991 = CARTESIAN_POINT('',(112.,-46.5,0.));
#16992 = DIRECTION('',(-0.,0.,-1.));
#16993 = DIRECTION('',(-0.,-1.,0.));
#16994 = PLANE('',#16995);
#16995 = AXIS2_PLACEMENT_3D('',#16996,#16997,#16998);
#16996 = CARTESIAN_POINT('',(0.,0.,0.));
#16997 = DIRECTION('',(0.,0.,1.));
#16998 = DIRECTION('',(1.,0.,-0.));
#16999 = ADVANCED_FACE('',(#17000,#17046,#17057,#17068,#17079,#17090,
    #17101,#17112,#17123,#17134,#17145,#17156,#17167,#17178,#17189,
    #17200,#17211,#17222,#17233,#17244,#17255,#17266,#17277,#17288,
    #17299,#17310,#17321,#17332,#17343,#17354,#17365,#17376,#17387),
  #17398,.T.);
#17000 = FACE_BOUND('',#17001,.T.);
#17001 = EDGE_LOOP('',(#17002,#17003,#17004,#17013,#17021,#17030,#17038,
    #17045));
#17002 = ORIENTED_EDGE('',*,*,#16505,.F.);
#17003 = ORIENTED_EDGE('',*,*,#16547,.F.);
#17004 = ORIENTED_EDGE('',*,*,#17005,.F.);
#17005 = EDGE_CURVE('',#17006,#16540,#17008,.T.);
#17006 = VERTEX_POINT('',#17007);
#17007 = CARTESIAN_POINT('',(52.,-46.5,1.51));
#17008 = CIRCLE('',#17009,4.999999678834);
#17009 = AXIS2_PLACEMENT_3D('',#17010,#17011,#17012);
#17010 = CARTESIAN_POINT('',(56.999999678834,-46.49999967883,1.51));
#17011 = DIRECTION('',(0.,0.,-1.));
#17012 = DIRECTION('',(-1.,-6.423314275614E-08,-0.));
#17013 = ORIENTED_EDGE('',*,*,#17014,.F.);
#17014 = EDGE_CURVE('',#17015,#17006,#17017,.T.);
#17015 = VERTEX_POINT('',#17016);
#17016 = CARTESIAN_POINT('',(52.,-151.5,1.51));
#17017 = LINE('',#17018,#17019);
#17018 = CARTESIAN_POINT('',(52.,-151.5,1.51));
#17019 = VECTOR('',#17020,1.);
#17020 = DIRECTION('',(0.,1.,0.));
#17021 = ORIENTED_EDGE('',*,*,#17022,.F.);
#17022 = EDGE_CURVE('',#17023,#17015,#17025,.T.);
#17023 = VERTEX_POINT('',#17024);
#17024 = CARTESIAN_POINT('',(57.,-156.5,1.51));
#17025 = CIRCLE('',#17026,4.999999678834);
#17026 = AXIS2_PLACEMENT_3D('',#17027,#17028,#17029);
#17027 = CARTESIAN_POINT('',(56.999999678834,-151.5000003211,1.51));
#17028 = DIRECTION('',(0.,0.,-1.));
#17029 = DIRECTION('',(6.42331470194E-08,-1.,0.));
#17030 = ORIENTED_EDGE('',*,*,#17031,.F.);
#17031 = EDGE_CURVE('',#17032,#17023,#17034,.T.);
#17032 = VERTEX_POINT('',#17033);
#17033 = CARTESIAN_POINT('',(112.,-156.5,1.51));
#17034 = LINE('',#17035,#17036);
#17035 = CARTESIAN_POINT('',(112.,-156.5,1.51));
#17036 = VECTOR('',#17037,1.);
#17037 = DIRECTION('',(-1.,0.,0.));
#17038 = ORIENTED_EDGE('',*,*,#17039,.F.);
#17039 = EDGE_CURVE('',#16570,#17032,#17040,.T.);
#17040 = CIRCLE('',#17041,4.999999678834);
#17041 = AXIS2_PLACEMENT_3D('',#17042,#17043,#17044);
#17042 = CARTESIAN_POINT('',(112.00000032116,-151.5000003211,1.51));
#17043 = DIRECTION('',(0.,0.,-1.));
#17044 = DIRECTION('',(1.,6.42331470194E-08,0.));
#17045 = ORIENTED_EDGE('',*,*,#16569,.F.);
#17046 = FACE_BOUND('',#17047,.T.);
#17047 = EDGE_LOOP('',(#17048));
#17048 = ORIENTED_EDGE('',*,*,#17049,.T.);
#17049 = EDGE_CURVE('',#17050,#17050,#17052,.T.);
#17050 = VERTEX_POINT('',#17051);
#17051 = CARTESIAN_POINT('',(57.,-139.58,1.51));
#17052 = CIRCLE('',#17053,0.5);
#17053 = AXIS2_PLACEMENT_3D('',#17054,#17055,#17056);
#17054 = CARTESIAN_POINT('',(57.,-139.08,1.51));
#17055 = DIRECTION('',(-0.,0.,-1.));
#17056 = DIRECTION('',(-0.,-1.,0.));
#17057 = FACE_BOUND('',#17058,.T.);
#17058 = EDGE_LOOP('',(#17059));
#17059 = ORIENTED_EDGE('',*,*,#17060,.T.);
#17060 = EDGE_CURVE('',#17061,#17061,#17063,.T.);
#17061 = VERTEX_POINT('',#17062);
#17062 = CARTESIAN_POINT('',(57.,-137.04,1.51));
#17063 = CIRCLE('',#17064,0.5);
#17064 = AXIS2_PLACEMENT_3D('',#17065,#17066,#17067);
#17065 = CARTESIAN_POINT('',(57.,-136.54,1.51));
#17066 = DIRECTION('',(-0.,0.,-1.));
#17067 = DIRECTION('',(-0.,-1.,0.));
#17068 = FACE_BOUND('',#17069,.T.);
#17069 = EDGE_LOOP('',(#17070));
#17070 = ORIENTED_EDGE('',*,*,#17071,.T.);
#17071 = EDGE_CURVE('',#17072,#17072,#17074,.T.);
#17072 = VERTEX_POINT('',#17073);
#17073 = CARTESIAN_POINT('',(57.,-134.5,1.51));
#17074 = CIRCLE('',#17075,0.5);
#17075 = AXIS2_PLACEMENT_3D('',#17076,#17077,#17078);
#17076 = CARTESIAN_POINT('',(57.,-134.,1.51));
#17077 = DIRECTION('',(-0.,0.,-1.));
#17078 = DIRECTION('',(-0.,-1.,0.));
#17079 = FACE_BOUND('',#17080,.T.);
#17080 = EDGE_LOOP('',(#17081));
#17081 = ORIENTED_EDGE('',*,*,#17082,.T.);
#17082 = EDGE_CURVE('',#17083,#17083,#17085,.T.);
#17083 = VERTEX_POINT('',#17084);
#17084 = CARTESIAN_POINT('',(112.,-153.1,1.51));
#17085 = CIRCLE('',#17086,1.1);
#17086 = AXIS2_PLACEMENT_3D('',#17087,#17088,#17089);
#17087 = CARTESIAN_POINT('',(112.,-152.,1.51));
#17088 = DIRECTION('',(-0.,0.,-1.));
#17089 = DIRECTION('',(-0.,-1.,0.));
#17090 = FACE_BOUND('',#17091,.T.);
#17091 = EDGE_LOOP('',(#17092));
#17092 = ORIENTED_EDGE('',*,*,#17093,.T.);
#17093 = EDGE_CURVE('',#17094,#17094,#17096,.T.);
#17094 = VERTEX_POINT('',#17095);
#17095 = CARTESIAN_POINT('',(65.,-97.81,1.51));
#17096 = CIRCLE('',#17097,0.5);
#17097 = AXIS2_PLACEMENT_3D('',#17098,#17099,#17100);
#17098 = CARTESIAN_POINT('',(65.,-97.31,1.51));
#17099 = DIRECTION('',(-0.,0.,-1.));
#17100 = DIRECTION('',(-0.,-1.,0.));
#17101 = FACE_BOUND('',#17102,.T.);
#17102 = EDGE_LOOP('',(#17103));
#17103 = ORIENTED_EDGE('',*,*,#17104,.T.);
#17104 = EDGE_CURVE('',#17105,#17105,#17107,.T.);
#17105 = VERTEX_POINT('',#17106);
#17106 = CARTESIAN_POINT('',(65.,-95.27,1.51));
#17107 = CIRCLE('',#17108,0.5);
#17108 = AXIS2_PLACEMENT_3D('',#17109,#17110,#17111);
#17109 = CARTESIAN_POINT('',(65.,-94.77,1.51));
#17110 = DIRECTION('',(-0.,0.,-1.));
#17111 = DIRECTION('',(-0.,-1.,0.));
#17112 = FACE_BOUND('',#17113,.T.);
#17113 = EDGE_LOOP('',(#17114));
#17114 = ORIENTED_EDGE('',*,*,#17115,.T.);
#17115 = EDGE_CURVE('',#17116,#17116,#17118,.T.);
#17116 = VERTEX_POINT('',#17117);
#17117 = CARTESIAN_POINT('',(65.,-92.73,1.51));
#17118 = CIRCLE('',#17119,0.5);
#17119 = AXIS2_PLACEMENT_3D('',#17120,#17121,#17122);
#17120 = CARTESIAN_POINT('',(65.,-92.23,1.51));
#17121 = DIRECTION('',(-0.,0.,-1.));
#17122 = DIRECTION('',(-0.,-1.,0.));
#17123 = FACE_BOUND('',#17124,.T.);
#17124 = EDGE_LOOP('',(#17125));
#17125 = ORIENTED_EDGE('',*,*,#17126,.T.);
#17126 = EDGE_CURVE('',#17127,#17127,#17129,.T.);
#17127 = VERTEX_POINT('',#17128);
#17128 = CARTESIAN_POINT('',(65.,-90.19,1.51));
#17129 = CIRCLE('',#17130,0.5);
#17130 = AXIS2_PLACEMENT_3D('',#17131,#17132,#17133);
#17131 = CARTESIAN_POINT('',(65.,-89.69,1.51));
#17132 = DIRECTION('',(-0.,0.,-1.));
#17133 = DIRECTION('',(-0.,-1.,0.));
#17134 = FACE_BOUND('',#17135,.T.);
#17135 = EDGE_LOOP('',(#17136));
#17136 = ORIENTED_EDGE('',*,*,#17137,.T.);
#17137 = EDGE_CURVE('',#17138,#17138,#17140,.T.);
#17138 = VERTEX_POINT('',#17139);
#17139 = CARTESIAN_POINT('',(54.5,-64.248,1.51));
#17140 = CIRCLE('',#17141,0.508);
#17141 = AXIS2_PLACEMENT_3D('',#17142,#17143,#17144);
#17142 = CARTESIAN_POINT('',(54.5,-63.74,1.51));
#17143 = DIRECTION('',(-0.,0.,-1.));
#17144 = DIRECTION('',(-0.,-1.,0.));
#17145 = FACE_BOUND('',#17146,.T.);
#17146 = EDGE_LOOP('',(#17147));
#17147 = ORIENTED_EDGE('',*,*,#17148,.T.);
#17148 = EDGE_CURVE('',#17149,#17149,#17151,.T.);
#17149 = VERTEX_POINT('',#17150);
#17150 = CARTESIAN_POINT('',(57.04,-64.248,1.51));
#17151 = CIRCLE('',#17152,0.508);
#17152 = AXIS2_PLACEMENT_3D('',#17153,#17154,#17155);
#17153 = CARTESIAN_POINT('',(57.04,-63.74,1.51));
#17154 = DIRECTION('',(-0.,0.,-1.));
#17155 = DIRECTION('',(-0.,-1.,0.));
#17156 = FACE_BOUND('',#17157,.T.);
#17157 = EDGE_LOOP('',(#17158));
#17158 = ORIENTED_EDGE('',*,*,#17159,.T.);
#17159 = EDGE_CURVE('',#17160,#17160,#17162,.T.);
#17160 = VERTEX_POINT('',#17161);
#17161 = CARTESIAN_POINT('',(59.58,-64.248,1.51));
#17162 = CIRCLE('',#17163,0.508);
#17163 = AXIS2_PLACEMENT_3D('',#17164,#17165,#17166);
#17164 = CARTESIAN_POINT('',(59.58,-63.74,1.51));
#17165 = DIRECTION('',(-0.,0.,-1.));
#17166 = DIRECTION('',(-0.,-1.,0.));
#17167 = FACE_BOUND('',#17168,.T.);
#17168 = EDGE_LOOP('',(#17169));
#17169 = ORIENTED_EDGE('',*,*,#17170,.T.);
#17170 = EDGE_CURVE('',#17171,#17171,#17173,.T.);
#17171 = VERTEX_POINT('',#17172);
#17172 = CARTESIAN_POINT('',(62.12,-64.248,1.51));
#17173 = CIRCLE('',#17174,0.508);
#17174 = AXIS2_PLACEMENT_3D('',#17175,#17176,#17177);
#17175 = CARTESIAN_POINT('',(62.12,-63.74,1.51));
#17176 = DIRECTION('',(-0.,0.,-1.));
#17177 = DIRECTION('',(-1.398706172756E-14,-1.,0.));
#17178 = FACE_BOUND('',#17179,.T.);
#17179 = EDGE_LOOP('',(#17180));
#17180 = ORIENTED_EDGE('',*,*,#17181,.T.);
#17181 = EDGE_CURVE('',#17182,#17182,#17184,.T.);
#17182 = VERTEX_POINT('',#17183);
#17183 = CARTESIAN_POINT('',(64.66,-64.248,1.51));
#17184 = CIRCLE('',#17185,0.508);
#17185 = AXIS2_PLACEMENT_3D('',#17186,#17187,#17188);
#17186 = CARTESIAN_POINT('',(64.66,-63.74,1.51));
#17187 = DIRECTION('',(-0.,0.,-1.));
#17188 = DIRECTION('',(-0.,-1.,0.));
#17189 = FACE_BOUND('',#17190,.T.);
#17190 = EDGE_LOOP('',(#17191));
#17191 = ORIENTED_EDGE('',*,*,#17192,.T.);
#17192 = EDGE_CURVE('',#17193,#17193,#17195,.T.);
#17193 = VERTEX_POINT('',#17194);
#17194 = CARTESIAN_POINT('',(67.2,-64.248,1.51));
#17195 = CIRCLE('',#17196,0.508);
#17196 = AXIS2_PLACEMENT_3D('',#17197,#17198,#17199);
#17197 = CARTESIAN_POINT('',(67.2,-63.74,1.51));
#17198 = DIRECTION('',(-0.,0.,-1.));
#17199 = DIRECTION('',(2.797412345512E-14,-1.,-0.));
#17200 = FACE_BOUND('',#17201,.T.);
#17201 = EDGE_LOOP('',(#17202));
#17202 = ORIENTED_EDGE('',*,*,#17203,.T.);
#17203 = EDGE_CURVE('',#17204,#17204,#17206,.T.);
#17204 = VERTEX_POINT('',#17205);
#17205 = CARTESIAN_POINT('',(54.5,-49.008,1.51));
#17206 = CIRCLE('',#17207,0.508);
#17207 = AXIS2_PLACEMENT_3D('',#17208,#17209,#17210);
#17208 = CARTESIAN_POINT('',(54.5,-48.5,1.51));
#17209 = DIRECTION('',(-0.,0.,-1.));
#17210 = DIRECTION('',(-0.,-1.,0.));
#17211 = FACE_BOUND('',#17212,.T.);
#17212 = EDGE_LOOP('',(#17213));
#17213 = ORIENTED_EDGE('',*,*,#17214,.T.);
#17214 = EDGE_CURVE('',#17215,#17215,#17217,.T.);
#17215 = VERTEX_POINT('',#17216);
#17216 = CARTESIAN_POINT('',(57.04,-49.008,1.51));
#17217 = CIRCLE('',#17218,0.508);
#17218 = AXIS2_PLACEMENT_3D('',#17219,#17220,#17221);
#17219 = CARTESIAN_POINT('',(57.04,-48.5,1.51));
#17220 = DIRECTION('',(-0.,0.,-1.));
#17221 = DIRECTION('',(-0.,-1.,0.));
#17222 = FACE_BOUND('',#17223,.T.);
#17223 = EDGE_LOOP('',(#17224));
#17224 = ORIENTED_EDGE('',*,*,#17225,.T.);
#17225 = EDGE_CURVE('',#17226,#17226,#17228,.T.);
#17226 = VERTEX_POINT('',#17227);
#17227 = CARTESIAN_POINT('',(59.58,-49.008,1.51));
#17228 = CIRCLE('',#17229,0.508);
#17229 = AXIS2_PLACEMENT_3D('',#17230,#17231,#17232);
#17230 = CARTESIAN_POINT('',(59.58,-48.5,1.51));
#17231 = DIRECTION('',(-0.,0.,-1.));
#17232 = DIRECTION('',(-0.,-1.,0.));
#17233 = FACE_BOUND('',#17234,.T.);
#17234 = EDGE_LOOP('',(#17235));
#17235 = ORIENTED_EDGE('',*,*,#17236,.T.);
#17236 = EDGE_CURVE('',#17237,#17237,#17239,.T.);
#17237 = VERTEX_POINT('',#17238);
#17238 = CARTESIAN_POINT('',(62.12,-49.008,1.51));
#17239 = CIRCLE('',#17240,0.508);
#17240 = AXIS2_PLACEMENT_3D('',#17241,#17242,#17243);
#17241 = CARTESIAN_POINT('',(62.12,-48.5,1.51));
#17242 = DIRECTION('',(-0.,0.,-1.));
#17243 = DIRECTION('',(-1.398706172756E-14,-1.,0.));
#17244 = FACE_BOUND('',#17245,.T.);
#17245 = EDGE_LOOP('',(#17246));
#17246 = ORIENTED_EDGE('',*,*,#17247,.T.);
#17247 = EDGE_CURVE('',#17248,#17248,#17250,.T.);
#17248 = VERTEX_POINT('',#17249);
#17249 = CARTESIAN_POINT('',(64.66,-49.008,1.51));
#17250 = CIRCLE('',#17251,0.508);
#17251 = AXIS2_PLACEMENT_3D('',#17252,#17253,#17254);
#17252 = CARTESIAN_POINT('',(64.66,-48.5,1.51));
#17253 = DIRECTION('',(-0.,0.,-1.));
#17254 = DIRECTION('',(-0.,-1.,0.));
#17255 = FACE_BOUND('',#17256,.T.);
#17256 = EDGE_LOOP('',(#17257));
#17257 = ORIENTED_EDGE('',*,*,#17258,.T.);
#17258 = EDGE_CURVE('',#17259,#17259,#17261,.T.);
#17259 = VERTEX_POINT('',#17260);
#17260 = CARTESIAN_POINT('',(67.2,-49.008,1.51));
#17261 = CIRCLE('',#17262,0.508);
#17262 = AXIS2_PLACEMENT_3D('',#17263,#17264,#17265);
#17263 = CARTESIAN_POINT('',(67.2,-48.5,1.51));
#17264 = DIRECTION('',(-0.,0.,-1.));
#17265 = DIRECTION('',(2.797412345512E-14,-1.,-0.));
#17266 = FACE_BOUND('',#17267,.T.);
#17267 = EDGE_LOOP('',(#17268));
#17268 = ORIENTED_EDGE('',*,*,#17269,.T.);
#17269 = EDGE_CURVE('',#17270,#17270,#17272,.T.);
#17270 = VERTEX_POINT('',#17271);
#17271 = CARTESIAN_POINT('',(69.74,-64.248,1.51));
#17272 = CIRCLE('',#17273,0.508);
#17273 = AXIS2_PLACEMENT_3D('',#17274,#17275,#17276);
#17274 = CARTESIAN_POINT('',(69.74,-63.74,1.51));
#17275 = DIRECTION('',(-0.,0.,-1.));
#17276 = DIRECTION('',(-2.797412345512E-14,-1.,0.));
#17277 = FACE_BOUND('',#17278,.T.);
#17278 = EDGE_LOOP('',(#17279));
#17279 = ORIENTED_EDGE('',*,*,#17280,.T.);
#17280 = EDGE_CURVE('',#17281,#17281,#17283,.T.);
#17281 = VERTEX_POINT('',#17282);
#17282 = CARTESIAN_POINT('',(69.74,-49.008,1.51));
#17283 = CIRCLE('',#17284,0.508);
#17284 = AXIS2_PLACEMENT_3D('',#17285,#17286,#17287);
#17285 = CARTESIAN_POINT('',(69.74,-48.5,1.51));
#17286 = DIRECTION('',(-0.,0.,-1.));
#17287 = DIRECTION('',(-2.797412345512E-14,-1.,0.));
#17288 = FACE_BOUND('',#17289,.T.);
#17289 = EDGE_LOOP('',(#17290));
#17290 = ORIENTED_EDGE('',*,*,#17291,.T.);
#17291 = EDGE_CURVE('',#17292,#17292,#17294,.T.);
#17292 = VERTEX_POINT('',#17293);
#17293 = CARTESIAN_POINT('',(79.9,-59.168,1.51));
#17294 = CIRCLE('',#17295,0.508);
#17295 = AXIS2_PLACEMENT_3D('',#17296,#17297,#17298);
#17296 = CARTESIAN_POINT('',(79.9,-58.66,1.51));
#17297 = DIRECTION('',(-0.,0.,-1.));
#17298 = DIRECTION('',(-0.,-1.,0.));
#17299 = FACE_BOUND('',#17300,.T.);
#17300 = EDGE_LOOP('',(#17301));
#17301 = ORIENTED_EDGE('',*,*,#17302,.T.);
#17302 = EDGE_CURVE('',#17303,#17303,#17305,.T.);
#17303 = VERTEX_POINT('',#17304);
#17304 = CARTESIAN_POINT('',(79.9,-54.088,1.51));
#17305 = CIRCLE('',#17306,0.508);
#17306 = AXIS2_PLACEMENT_3D('',#17307,#17308,#17309);
#17307 = CARTESIAN_POINT('',(79.9,-53.58,1.51));
#17308 = DIRECTION('',(-0.,0.,-1.));
#17309 = DIRECTION('',(-0.,-1.,0.));
#17310 = FACE_BOUND('',#17311,.T.);
#17311 = EDGE_LOOP('',(#17312));
#17312 = ORIENTED_EDGE('',*,*,#17313,.T.);
#17313 = EDGE_CURVE('',#17314,#17314,#17316,.T.);
#17314 = VERTEX_POINT('',#17315);
#17315 = CARTESIAN_POINT('',(111.,-80.12,1.51));
#17316 = CIRCLE('',#17317,0.5);
#17317 = AXIS2_PLACEMENT_3D('',#17318,#17319,#17320);
#17318 = CARTESIAN_POINT('',(111.,-79.62,1.51));
#17319 = DIRECTION('',(-0.,0.,-1.));
#17320 = DIRECTION('',(-0.,-1.,0.));
#17321 = FACE_BOUND('',#17322,.T.);
#17322 = EDGE_LOOP('',(#17323));
#17323 = ORIENTED_EDGE('',*,*,#17324,.T.);
#17324 = EDGE_CURVE('',#17325,#17325,#17327,.T.);
#17325 = VERTEX_POINT('',#17326);
#17326 = CARTESIAN_POINT('',(111.,-77.58,1.51));
#17327 = CIRCLE('',#17328,0.5);
#17328 = AXIS2_PLACEMENT_3D('',#17329,#17330,#17331);
#17329 = CARTESIAN_POINT('',(111.,-77.08,1.51));
#17330 = DIRECTION('',(-0.,0.,-1.));
#17331 = DIRECTION('',(-0.,-1.,0.));
#17332 = FACE_BOUND('',#17333,.T.);
#17333 = EDGE_LOOP('',(#17334));
#17334 = ORIENTED_EDGE('',*,*,#17335,.T.);
#17335 = EDGE_CURVE('',#17336,#17336,#17338,.T.);
#17336 = VERTEX_POINT('',#17337);
#17337 = CARTESIAN_POINT('',(111.,-75.04,1.51));
#17338 = CIRCLE('',#17339,0.5);
#17339 = AXIS2_PLACEMENT_3D('',#17340,#17341,#17342);
#17340 = CARTESIAN_POINT('',(111.,-74.54,1.51));
#17341 = DIRECTION('',(-0.,0.,-1.));
#17342 = DIRECTION('',(-0.,-1.,0.));
#17343 = FACE_BOUND('',#17344,.T.);
#17344 = EDGE_LOOP('',(#17345));
#17345 = ORIENTED_EDGE('',*,*,#17346,.T.);
#17346 = EDGE_CURVE('',#17347,#17347,#17349,.T.);
#17347 = VERTEX_POINT('',#17348);
#17348 = CARTESIAN_POINT('',(111.,-72.5,1.51));
#17349 = CIRCLE('',#17350,0.5);
#17350 = AXIS2_PLACEMENT_3D('',#17351,#17352,#17353);
#17351 = CARTESIAN_POINT('',(111.,-72.,1.51));
#17352 = DIRECTION('',(-0.,0.,-1.));
#17353 = DIRECTION('',(-0.,-1.,0.));
#17354 = FACE_BOUND('',#17355,.T.);
#17355 = EDGE_LOOP('',(#17356));
#17356 = ORIENTED_EDGE('',*,*,#17357,.T.);
#17357 = EDGE_CURVE('',#17358,#17358,#17360,.T.);
#17358 = VERTEX_POINT('',#17359);
#17359 = CARTESIAN_POINT('',(111.,-69.96,1.51));
#17360 = CIRCLE('',#17361,0.5);
#17361 = AXIS2_PLACEMENT_3D('',#17362,#17363,#17364);
#17362 = CARTESIAN_POINT('',(111.,-69.46,1.51));
#17363 = DIRECTION('',(-0.,0.,-1.));
#17364 = DIRECTION('',(-0.,-1.,0.));
#17365 = FACE_BOUND('',#17366,.T.);
#17366 = EDGE_LOOP('',(#17367));
#17367 = ORIENTED_EDGE('',*,*,#17368,.T.);
#17368 = EDGE_CURVE('',#17369,#17369,#17371,.T.);
#17369 = VERTEX_POINT('',#17370);
#17370 = CARTESIAN_POINT('',(111.,-67.42,1.51));
#17371 = CIRCLE('',#17372,0.5);
#17372 = AXIS2_PLACEMENT_3D('',#17373,#17374,#17375);
#17373 = CARTESIAN_POINT('',(111.,-66.92,1.51));
#17374 = DIRECTION('',(-0.,0.,-1.));
#17375 = DIRECTION('',(-0.,-1.,0.));
#17376 = FACE_BOUND('',#17377,.T.);
#17377 = EDGE_LOOP('',(#17378));
#17378 = ORIENTED_EDGE('',*,*,#17379,.T.);
#17379 = EDGE_CURVE('',#17380,#17380,#17382,.T.);
#17380 = VERTEX_POINT('',#17381);
#17381 = CARTESIAN_POINT('',(111.,-64.88,1.51));
#17382 = CIRCLE('',#17383,0.5);
#17383 = AXIS2_PLACEMENT_3D('',#17384,#17385,#17386);
#17384 = CARTESIAN_POINT('',(111.,-64.38,1.51));
#17385 = DIRECTION('',(-0.,0.,-1.));
#17386 = DIRECTION('',(-0.,-1.,0.));
#17387 = FACE_BOUND('',#17388,.T.);
#17388 = EDGE_LOOP('',(#17389));
#17389 = ORIENTED_EDGE('',*,*,#17390,.T.);
#17390 = EDGE_CURVE('',#17391,#17391,#17393,.T.);
#17391 = VERTEX_POINT('',#17392);
#17392 = CARTESIAN_POINT('',(112.,-47.6,1.51));
#17393 = CIRCLE('',#17394,1.1);
#17394 = AXIS2_PLACEMENT_3D('',#17395,#17396,#17397);
#17395 = CARTESIAN_POINT('',(112.,-46.5,1.51));
#17396 = DIRECTION('',(-0.,0.,-1.));
#17397 = DIRECTION('',(-0.,-1.,0.));
#17398 = PLANE('',#17399);
#17399 = AXIS2_PLACEMENT_3D('',#17400,#17401,#17402);
#17400 = CARTESIAN_POINT('',(0.,0.,1.51));
#17401 = DIRECTION('',(0.,0.,1.));
#17402 = DIRECTION('',(1.,0.,-0.));
#17403 = ADVANCED_FACE('',(#17404),#17415,.T.);
#17404 = FACE_BOUND('',#17405,.T.);
#17405 = EDGE_LOOP('',(#17406,#17412,#17413,#17414));
#17406 = ORIENTED_EDGE('',*,*,#17407,.T.);
#17407 = EDGE_CURVE('',#16602,#17006,#17408,.T.);
#17408 = LINE('',#17409,#17410);
#17409 = CARTESIAN_POINT('',(52.,-46.5,0.));
#17410 = VECTOR('',#17411,1.);
#17411 = DIRECTION('',(0.,0.,1.));
#17412 = ORIENTED_EDGE('',*,*,#17005,.T.);
#17413 = ORIENTED_EDGE('',*,*,#16537,.F.);
#17414 = ORIENTED_EDGE('',*,*,#16601,.F.);
#17415 = CYLINDRICAL_SURFACE('',#17416,4.999999678834);
#17416 = AXIS2_PLACEMENT_3D('',#17417,#17418,#17419);
#17417 = CARTESIAN_POINT('',(56.999999678834,-46.49999967883,0.));
#17418 = DIRECTION('',(0.,0.,-1.));
#17419 = DIRECTION('',(-1.,-6.423314275614E-08,-0.));
#17420 = ADVANCED_FACE('',(#17421),#17432,.T.);
#17421 = FACE_BOUND('',#17422,.T.);
#17422 = EDGE_LOOP('',(#17423,#17424,#17425,#17431));
#17423 = ORIENTED_EDGE('',*,*,#16577,.T.);
#17424 = ORIENTED_EDGE('',*,*,#17039,.T.);
#17425 = ORIENTED_EDGE('',*,*,#17426,.F.);
#17426 = EDGE_CURVE('',#16628,#17032,#17427,.T.);
#17427 = LINE('',#17428,#17429);
#17428 = CARTESIAN_POINT('',(112.,-156.5,0.));
#17429 = VECTOR('',#17430,1.);
#17430 = DIRECTION('',(0.,0.,1.));
#17431 = ORIENTED_EDGE('',*,*,#16635,.F.);
#17432 = CYLINDRICAL_SURFACE('',#17433,4.999999678834);
#17433 = AXIS2_PLACEMENT_3D('',#17434,#17435,#17436);
#17434 = CARTESIAN_POINT('',(112.00000032116,-151.5000003211,0.));
#17435 = DIRECTION('',(0.,0.,-1.));
#17436 = DIRECTION('',(1.,6.42331470194E-08,0.));
#17437 = ADVANCED_FACE('',(#17438),#17449,.T.);
#17438 = FACE_BOUND('',#17439,.T.);
#17439 = EDGE_LOOP('',(#17440,#17446,#17447,#17448));
#17440 = ORIENTED_EDGE('',*,*,#17441,.T.);
#17441 = EDGE_CURVE('',#16611,#17015,#17442,.T.);
#17442 = LINE('',#17443,#17444);
#17443 = CARTESIAN_POINT('',(52.,-151.5,0.));
#17444 = VECTOR('',#17445,1.);
#17445 = DIRECTION('',(0.,0.,1.));
#17446 = ORIENTED_EDGE('',*,*,#17014,.T.);
#17447 = ORIENTED_EDGE('',*,*,#17407,.F.);
#17448 = ORIENTED_EDGE('',*,*,#16610,.F.);
#17449 = PLANE('',#17450);
#17450 = AXIS2_PLACEMENT_3D('',#17451,#17452,#17453);
#17451 = CARTESIAN_POINT('',(52.,-151.5,0.));
#17452 = DIRECTION('',(-1.,0.,0.));
#17453 = DIRECTION('',(0.,1.,0.));
#17454 = ADVANCED_FACE('',(#17455),#17466,.T.);
#17455 = FACE_BOUND('',#17456,.T.);
#17456 = EDGE_LOOP('',(#17457,#17458,#17459,#17465));
#17457 = ORIENTED_EDGE('',*,*,#17426,.T.);
#17458 = ORIENTED_EDGE('',*,*,#17031,.T.);
#17459 = ORIENTED_EDGE('',*,*,#17460,.F.);
#17460 = EDGE_CURVE('',#16619,#17023,#17461,.T.);
#17461 = LINE('',#17462,#17463);
#17462 = CARTESIAN_POINT('',(57.,-156.5,0.));
#17463 = VECTOR('',#17464,1.);
#17464 = DIRECTION('',(0.,0.,1.));
#17465 = ORIENTED_EDGE('',*,*,#16627,.F.);
#17466 = PLANE('',#17467);
#17467 = AXIS2_PLACEMENT_3D('',#17468,#17469,#17470);
#17468 = CARTESIAN_POINT('',(112.,-156.5,0.));
#17469 = DIRECTION('',(0.,-1.,0.));
#17470 = DIRECTION('',(-1.,0.,0.));
#17471 = ADVANCED_FACE('',(#17472),#17478,.T.);
#17472 = FACE_BOUND('',#17473,.T.);
#17473 = EDGE_LOOP('',(#17474,#17475,#17476,#17477));
#17474 = ORIENTED_EDGE('',*,*,#17460,.T.);
#17475 = ORIENTED_EDGE('',*,*,#17022,.T.);
#17476 = ORIENTED_EDGE('',*,*,#17441,.F.);
#17477 = ORIENTED_EDGE('',*,*,#16618,.F.);
#17478 = CYLINDRICAL_SURFACE('',#17479,4.999999678834);
#17479 = AXIS2_PLACEMENT_3D('',#17480,#17481,#17482);
#17480 = CARTESIAN_POINT('',(56.999999678834,-151.5000003211,0.));
#17481 = DIRECTION('',(0.,0.,-1.));
#17482 = DIRECTION('',(6.42331470194E-08,-1.,0.));
#17483 = ADVANCED_FACE('',(#17484),#17495,.F.);
#17484 = FACE_BOUND('',#17485,.T.);
#17485 = EDGE_LOOP('',(#17486,#17487,#17493,#17494));
#17486 = ORIENTED_EDGE('',*,*,#16645,.T.);
#17487 = ORIENTED_EDGE('',*,*,#17488,.T.);
#17488 = EDGE_CURVE('',#16646,#17050,#17489,.T.);
#17489 = LINE('',#17490,#17491);
#17490 = CARTESIAN_POINT('',(57.,-139.58,-4.6E-02));
#17491 = VECTOR('',#17492,1.);
#17492 = DIRECTION('',(0.,0.,1.));
#17493 = ORIENTED_EDGE('',*,*,#17049,.F.);
#17494 = ORIENTED_EDGE('',*,*,#17488,.F.);
#17495 = CYLINDRICAL_SURFACE('',#17496,0.5);
#17496 = AXIS2_PLACEMENT_3D('',#17497,#17498,#17499);
#17497 = CARTESIAN_POINT('',(57.,-139.08,-4.6E-02));
#17498 = DIRECTION('',(-0.,-0.,-1.));
#17499 = DIRECTION('',(-0.,-1.,0.));
#17500 = ADVANCED_FACE('',(#17501),#17512,.F.);
#17501 = FACE_BOUND('',#17502,.T.);
#17502 = EDGE_LOOP('',(#17503,#17504,#17510,#17511));
#17503 = ORIENTED_EDGE('',*,*,#16656,.T.);
#17504 = ORIENTED_EDGE('',*,*,#17505,.T.);
#17505 = EDGE_CURVE('',#16657,#17061,#17506,.T.);
#17506 = LINE('',#17507,#17508);
#17507 = CARTESIAN_POINT('',(57.,-137.04,-4.6E-02));
#17508 = VECTOR('',#17509,1.);
#17509 = DIRECTION('',(0.,0.,1.));
#17510 = ORIENTED_EDGE('',*,*,#17060,.F.);
#17511 = ORIENTED_EDGE('',*,*,#17505,.F.);
#17512 = CYLINDRICAL_SURFACE('',#17513,0.5);
#17513 = AXIS2_PLACEMENT_3D('',#17514,#17515,#17516);
#17514 = CARTESIAN_POINT('',(57.,-136.54,-4.6E-02));
#17515 = DIRECTION('',(-0.,-0.,-1.));
#17516 = DIRECTION('',(-0.,-1.,0.));
#17517 = ADVANCED_FACE('',(#17518),#17529,.F.);
#17518 = FACE_BOUND('',#17519,.T.);
#17519 = EDGE_LOOP('',(#17520,#17521,#17527,#17528));
#17520 = ORIENTED_EDGE('',*,*,#16667,.T.);
#17521 = ORIENTED_EDGE('',*,*,#17522,.T.);
#17522 = EDGE_CURVE('',#16668,#17072,#17523,.T.);
#17523 = LINE('',#17524,#17525);
#17524 = CARTESIAN_POINT('',(57.,-134.5,-4.6E-02));
#17525 = VECTOR('',#17526,1.);
#17526 = DIRECTION('',(0.,0.,1.));
#17527 = ORIENTED_EDGE('',*,*,#17071,.F.);
#17528 = ORIENTED_EDGE('',*,*,#17522,.F.);
#17529 = CYLINDRICAL_SURFACE('',#17530,0.5);
#17530 = AXIS2_PLACEMENT_3D('',#17531,#17532,#17533);
#17531 = CARTESIAN_POINT('',(57.,-134.,-4.6E-02));
#17532 = DIRECTION('',(-0.,-0.,-1.));
#17533 = DIRECTION('',(-0.,-1.,0.));
#17534 = ADVANCED_FACE('',(#17535),#17546,.F.);
#17535 = FACE_BOUND('',#17536,.T.);
#17536 = EDGE_LOOP('',(#17537,#17538,#17544,#17545));
#17537 = ORIENTED_EDGE('',*,*,#16678,.T.);
#17538 = ORIENTED_EDGE('',*,*,#17539,.T.);
#17539 = EDGE_CURVE('',#16679,#17083,#17540,.T.);
#17540 = LINE('',#17541,#17542);
#17541 = CARTESIAN_POINT('',(112.,-153.1,-4.6E-02));
#17542 = VECTOR('',#17543,1.);
#17543 = DIRECTION('',(0.,0.,1.));
#17544 = ORIENTED_EDGE('',*,*,#17082,.F.);
#17545 = ORIENTED_EDGE('',*,*,#17539,.F.);
#17546 = CYLINDRICAL_SURFACE('',#17547,1.1);
#17547 = AXIS2_PLACEMENT_3D('',#17548,#17549,#17550);
#17548 = CARTESIAN_POINT('',(112.,-152.,-4.6E-02));
#17549 = DIRECTION('',(-0.,-0.,-1.));
#17550 = DIRECTION('',(-0.,-1.,0.));
#17551 = ADVANCED_FACE('',(#17552),#17563,.F.);
#17552 = FACE_BOUND('',#17553,.T.);
#17553 = EDGE_LOOP('',(#17554,#17555,#17561,#17562));
#17554 = ORIENTED_EDGE('',*,*,#16689,.T.);
#17555 = ORIENTED_EDGE('',*,*,#17556,.T.);
#17556 = EDGE_CURVE('',#16690,#17094,#17557,.T.);
#17557 = LINE('',#17558,#17559);
#17558 = CARTESIAN_POINT('',(65.,-97.81,-4.6E-02));
#17559 = VECTOR('',#17560,1.);
#17560 = DIRECTION('',(0.,0.,1.));
#17561 = ORIENTED_EDGE('',*,*,#17093,.F.);
#17562 = ORIENTED_EDGE('',*,*,#17556,.F.);
#17563 = CYLINDRICAL_SURFACE('',#17564,0.5);
#17564 = AXIS2_PLACEMENT_3D('',#17565,#17566,#17567);
#17565 = CARTESIAN_POINT('',(65.,-97.31,-4.6E-02));
#17566 = DIRECTION('',(-0.,-0.,-1.));
#17567 = DIRECTION('',(-0.,-1.,0.));
#17568 = ADVANCED_FACE('',(#17569),#17580,.F.);
#17569 = FACE_BOUND('',#17570,.T.);
#17570 = EDGE_LOOP('',(#17571,#17572,#17578,#17579));
#17571 = ORIENTED_EDGE('',*,*,#16700,.T.);
#17572 = ORIENTED_EDGE('',*,*,#17573,.T.);
#17573 = EDGE_CURVE('',#16701,#17105,#17574,.T.);
#17574 = LINE('',#17575,#17576);
#17575 = CARTESIAN_POINT('',(65.,-95.27,-4.6E-02));
#17576 = VECTOR('',#17577,1.);
#17577 = DIRECTION('',(0.,0.,1.));
#17578 = ORIENTED_EDGE('',*,*,#17104,.F.);
#17579 = ORIENTED_EDGE('',*,*,#17573,.F.);
#17580 = CYLINDRICAL_SURFACE('',#17581,0.5);
#17581 = AXIS2_PLACEMENT_3D('',#17582,#17583,#17584);
#17582 = CARTESIAN_POINT('',(65.,-94.77,-4.6E-02));
#17583 = DIRECTION('',(-0.,-0.,-1.));
#17584 = DIRECTION('',(-0.,-1.,0.));
#17585 = ADVANCED_FACE('',(#17586),#17597,.F.);
#17586 = FACE_BOUND('',#17587,.T.);
#17587 = EDGE_LOOP('',(#17588,#17589,#17595,#17596));
#17588 = ORIENTED_EDGE('',*,*,#16711,.T.);
#17589 = ORIENTED_EDGE('',*,*,#17590,.T.);
#17590 = EDGE_CURVE('',#16712,#17116,#17591,.T.);
#17591 = LINE('',#17592,#17593);
#17592 = CARTESIAN_POINT('',(65.,-92.73,-4.6E-02));
#17593 = VECTOR('',#17594,1.);
#17594 = DIRECTION('',(0.,0.,1.));
#17595 = ORIENTED_EDGE('',*,*,#17115,.F.);
#17596 = ORIENTED_EDGE('',*,*,#17590,.F.);
#17597 = CYLINDRICAL_SURFACE('',#17598,0.5);
#17598 = AXIS2_PLACEMENT_3D('',#17599,#17600,#17601);
#17599 = CARTESIAN_POINT('',(65.,-92.23,-4.6E-02));
#17600 = DIRECTION('',(-0.,-0.,-1.));
#17601 = DIRECTION('',(-0.,-1.,0.));
#17602 = ADVANCED_FACE('',(#17603),#17614,.F.);
#17603 = FACE_BOUND('',#17604,.T.);
#17604 = EDGE_LOOP('',(#17605,#17606,#17612,#17613));
#17605 = ORIENTED_EDGE('',*,*,#16722,.T.);
#17606 = ORIENTED_EDGE('',*,*,#17607,.T.);
#17607 = EDGE_CURVE('',#16723,#17127,#17608,.T.);
#17608 = LINE('',#17609,#17610);
#17609 = CARTESIAN_POINT('',(65.,-90.19,-4.6E-02));
#17610 = VECTOR('',#17611,1.);
#17611 = DIRECTION('',(0.,0.,1.));
#17612 = ORIENTED_EDGE('',*,*,#17126,.F.);
#17613 = ORIENTED_EDGE('',*,*,#17607,.F.);
#17614 = CYLINDRICAL_SURFACE('',#17615,0.5);
#17615 = AXIS2_PLACEMENT_3D('',#17616,#17617,#17618);
#17616 = CARTESIAN_POINT('',(65.,-89.69,-4.6E-02));
#17617 = DIRECTION('',(-0.,-0.,-1.));
#17618 = DIRECTION('',(-0.,-1.,0.));
#17619 = ADVANCED_FACE('',(#17620),#17631,.F.);
#17620 = FACE_BOUND('',#17621,.T.);
#17621 = EDGE_LOOP('',(#17622,#17623,#17629,#17630));
#17622 = ORIENTED_EDGE('',*,*,#16733,.T.);
#17623 = ORIENTED_EDGE('',*,*,#17624,.T.);
#17624 = EDGE_CURVE('',#16734,#17138,#17625,.T.);
#17625 = LINE('',#17626,#17627);
#17626 = CARTESIAN_POINT('',(54.5,-64.248,-4.6E-02));
#17627 = VECTOR('',#17628,1.);
#17628 = DIRECTION('',(0.,0.,1.));
#17629 = ORIENTED_EDGE('',*,*,#17137,.F.);
#17630 = ORIENTED_EDGE('',*,*,#17624,.F.);
#17631 = CYLINDRICAL_SURFACE('',#17632,0.508);
#17632 = AXIS2_PLACEMENT_3D('',#17633,#17634,#17635);
#17633 = CARTESIAN_POINT('',(54.5,-63.74,-4.6E-02));
#17634 = DIRECTION('',(-0.,-0.,-1.));
#17635 = DIRECTION('',(-0.,-1.,0.));
#17636 = ADVANCED_FACE('',(#17637),#17648,.F.);
#17637 = FACE_BOUND('',#17638,.T.);
#17638 = EDGE_LOOP('',(#17639,#17640,#17646,#17647));
#17639 = ORIENTED_EDGE('',*,*,#16744,.T.);
#17640 = ORIENTED_EDGE('',*,*,#17641,.T.);
#17641 = EDGE_CURVE('',#16745,#17149,#17642,.T.);
#17642 = LINE('',#17643,#17644);
#17643 = CARTESIAN_POINT('',(57.04,-64.248,-4.6E-02));
#17644 = VECTOR('',#17645,1.);
#17645 = DIRECTION('',(0.,0.,1.));
#17646 = ORIENTED_EDGE('',*,*,#17148,.F.);
#17647 = ORIENTED_EDGE('',*,*,#17641,.F.);
#17648 = CYLINDRICAL_SURFACE('',#17649,0.508);
#17649 = AXIS2_PLACEMENT_3D('',#17650,#17651,#17652);
#17650 = CARTESIAN_POINT('',(57.04,-63.74,-4.6E-02));
#17651 = DIRECTION('',(-0.,-0.,-1.));
#17652 = DIRECTION('',(-0.,-1.,0.));
#17653 = ADVANCED_FACE('',(#17654),#17665,.F.);
#17654 = FACE_BOUND('',#17655,.T.);
#17655 = EDGE_LOOP('',(#17656,#17657,#17663,#17664));
#17656 = ORIENTED_EDGE('',*,*,#16755,.T.);
#17657 = ORIENTED_EDGE('',*,*,#17658,.T.);
#17658 = EDGE_CURVE('',#16756,#17160,#17659,.T.);
#17659 = LINE('',#17660,#17661);
#17660 = CARTESIAN_POINT('',(59.58,-64.248,-4.6E-02));
#17661 = VECTOR('',#17662,1.);
#17662 = DIRECTION('',(0.,0.,1.));
#17663 = ORIENTED_EDGE('',*,*,#17159,.F.);
#17664 = ORIENTED_EDGE('',*,*,#17658,.F.);
#17665 = CYLINDRICAL_SURFACE('',#17666,0.508);
#17666 = AXIS2_PLACEMENT_3D('',#17667,#17668,#17669);
#17667 = CARTESIAN_POINT('',(59.58,-63.74,-4.6E-02));
#17668 = DIRECTION('',(-0.,-0.,-1.));
#17669 = DIRECTION('',(-0.,-1.,0.));
#17670 = ADVANCED_FACE('',(#17671),#17682,.F.);
#17671 = FACE_BOUND('',#17672,.T.);
#17672 = EDGE_LOOP('',(#17673,#17674,#17680,#17681));
#17673 = ORIENTED_EDGE('',*,*,#16766,.T.);
#17674 = ORIENTED_EDGE('',*,*,#17675,.T.);
#17675 = EDGE_CURVE('',#16767,#17171,#17676,.T.);
#17676 = LINE('',#17677,#17678);
#17677 = CARTESIAN_POINT('',(62.12,-64.248,-4.6E-02));
#17678 = VECTOR('',#17679,1.);
#17679 = DIRECTION('',(0.,0.,1.));
#17680 = ORIENTED_EDGE('',*,*,#17170,.F.);
#17681 = ORIENTED_EDGE('',*,*,#17675,.F.);
#17682 = CYLINDRICAL_SURFACE('',#17683,0.508);
#17683 = AXIS2_PLACEMENT_3D('',#17684,#17685,#17686);
#17684 = CARTESIAN_POINT('',(62.12,-63.74,-4.6E-02));
#17685 = DIRECTION('',(-0.,-0.,-1.));
#17686 = DIRECTION('',(-1.398706172756E-14,-1.,0.));
#17687 = ADVANCED_FACE('',(#17688),#17699,.F.);
#17688 = FACE_BOUND('',#17689,.T.);
#17689 = EDGE_LOOP('',(#17690,#17691,#17697,#17698));
#17690 = ORIENTED_EDGE('',*,*,#16777,.T.);
#17691 = ORIENTED_EDGE('',*,*,#17692,.T.);
#17692 = EDGE_CURVE('',#16778,#17182,#17693,.T.);
#17693 = LINE('',#17694,#17695);
#17694 = CARTESIAN_POINT('',(64.66,-64.248,-4.6E-02));
#17695 = VECTOR('',#17696,1.);
#17696 = DIRECTION('',(0.,0.,1.));
#17697 = ORIENTED_EDGE('',*,*,#17181,.F.);
#17698 = ORIENTED_EDGE('',*,*,#17692,.F.);
#17699 = CYLINDRICAL_SURFACE('',#17700,0.508);
#17700 = AXIS2_PLACEMENT_3D('',#17701,#17702,#17703);
#17701 = CARTESIAN_POINT('',(64.66,-63.74,-4.6E-02));
#17702 = DIRECTION('',(-0.,-0.,-1.));
#17703 = DIRECTION('',(-0.,-1.,0.));
#17704 = ADVANCED_FACE('',(#17705),#17716,.F.);
#17705 = FACE_BOUND('',#17706,.T.);
#17706 = EDGE_LOOP('',(#17707,#17708,#17714,#17715));
#17707 = ORIENTED_EDGE('',*,*,#16788,.T.);
#17708 = ORIENTED_EDGE('',*,*,#17709,.T.);
#17709 = EDGE_CURVE('',#16789,#17193,#17710,.T.);
#17710 = LINE('',#17711,#17712);
#17711 = CARTESIAN_POINT('',(67.2,-64.248,-4.6E-02));
#17712 = VECTOR('',#17713,1.);
#17713 = DIRECTION('',(0.,0.,1.));
#17714 = ORIENTED_EDGE('',*,*,#17192,.F.);
#17715 = ORIENTED_EDGE('',*,*,#17709,.F.);
#17716 = CYLINDRICAL_SURFACE('',#17717,0.508);
#17717 = AXIS2_PLACEMENT_3D('',#17718,#17719,#17720);
#17718 = CARTESIAN_POINT('',(67.2,-63.74,-4.6E-02));
#17719 = DIRECTION('',(-0.,0.,-1.));
#17720 = DIRECTION('',(2.797412345512E-14,-1.,-0.));
#17721 = ADVANCED_FACE('',(#17722),#17733,.F.);
#17722 = FACE_BOUND('',#17723,.T.);
#17723 = EDGE_LOOP('',(#17724,#17725,#17731,#17732));
#17724 = ORIENTED_EDGE('',*,*,#16799,.T.);
#17725 = ORIENTED_EDGE('',*,*,#17726,.T.);
#17726 = EDGE_CURVE('',#16800,#17204,#17727,.T.);
#17727 = LINE('',#17728,#17729);
#17728 = CARTESIAN_POINT('',(54.5,-49.008,-4.6E-02));
#17729 = VECTOR('',#17730,1.);
#17730 = DIRECTION('',(0.,0.,1.));
#17731 = ORIENTED_EDGE('',*,*,#17203,.F.);
#17732 = ORIENTED_EDGE('',*,*,#17726,.F.);
#17733 = CYLINDRICAL_SURFACE('',#17734,0.508);
#17734 = AXIS2_PLACEMENT_3D('',#17735,#17736,#17737);
#17735 = CARTESIAN_POINT('',(54.5,-48.5,-4.6E-02));
#17736 = DIRECTION('',(-0.,-0.,-1.));
#17737 = DIRECTION('',(-0.,-1.,0.));
#17738 = ADVANCED_FACE('',(#17739),#17750,.F.);
#17739 = FACE_BOUND('',#17740,.T.);
#17740 = EDGE_LOOP('',(#17741,#17742,#17748,#17749));
#17741 = ORIENTED_EDGE('',*,*,#16810,.T.);
#17742 = ORIENTED_EDGE('',*,*,#17743,.T.);
#17743 = EDGE_CURVE('',#16811,#17215,#17744,.T.);
#17744 = LINE('',#17745,#17746);
#17745 = CARTESIAN_POINT('',(57.04,-49.008,-4.6E-02));
#17746 = VECTOR('',#17747,1.);
#17747 = DIRECTION('',(0.,0.,1.));
#17748 = ORIENTED_EDGE('',*,*,#17214,.F.);
#17749 = ORIENTED_EDGE('',*,*,#17743,.F.);
#17750 = CYLINDRICAL_SURFACE('',#17751,0.508);
#17751 = AXIS2_PLACEMENT_3D('',#17752,#17753,#17754);
#17752 = CARTESIAN_POINT('',(57.04,-48.5,-4.6E-02));
#17753 = DIRECTION('',(-0.,-0.,-1.));
#17754 = DIRECTION('',(-0.,-1.,0.));
#17755 = ADVANCED_FACE('',(#17756),#17767,.F.);
#17756 = FACE_BOUND('',#17757,.T.);
#17757 = EDGE_LOOP('',(#17758,#17759,#17765,#17766));
#17758 = ORIENTED_EDGE('',*,*,#16821,.T.);
#17759 = ORIENTED_EDGE('',*,*,#17760,.T.);
#17760 = EDGE_CURVE('',#16822,#17226,#17761,.T.);
#17761 = LINE('',#17762,#17763);
#17762 = CARTESIAN_POINT('',(59.58,-49.008,-4.6E-02));
#17763 = VECTOR('',#17764,1.);
#17764 = DIRECTION('',(0.,0.,1.));
#17765 = ORIENTED_EDGE('',*,*,#17225,.F.);
#17766 = ORIENTED_EDGE('',*,*,#17760,.F.);
#17767 = CYLINDRICAL_SURFACE('',#17768,0.508);
#17768 = AXIS2_PLACEMENT_3D('',#17769,#17770,#17771);
#17769 = CARTESIAN_POINT('',(59.58,-48.5,-4.6E-02));
#17770 = DIRECTION('',(-0.,-0.,-1.));
#17771 = DIRECTION('',(-0.,-1.,0.));
#17772 = ADVANCED_FACE('',(#17773),#17784,.F.);
#17773 = FACE_BOUND('',#17774,.T.);
#17774 = EDGE_LOOP('',(#17775,#17776,#17782,#17783));
#17775 = ORIENTED_EDGE('',*,*,#16832,.T.);
#17776 = ORIENTED_EDGE('',*,*,#17777,.T.);
#17777 = EDGE_CURVE('',#16833,#17237,#17778,.T.);
#17778 = LINE('',#17779,#17780);
#17779 = CARTESIAN_POINT('',(62.12,-49.008,-4.6E-02));
#17780 = VECTOR('',#17781,1.);
#17781 = DIRECTION('',(0.,0.,1.));
#17782 = ORIENTED_EDGE('',*,*,#17236,.F.);
#17783 = ORIENTED_EDGE('',*,*,#17777,.F.);
#17784 = CYLINDRICAL_SURFACE('',#17785,0.508);
#17785 = AXIS2_PLACEMENT_3D('',#17786,#17787,#17788);
#17786 = CARTESIAN_POINT('',(62.12,-48.5,-4.6E-02));
#17787 = DIRECTION('',(-0.,-0.,-1.));
#17788 = DIRECTION('',(-1.398706172756E-14,-1.,0.));
#17789 = ADVANCED_FACE('',(#17790),#17801,.F.);
#17790 = FACE_BOUND('',#17791,.T.);
#17791 = EDGE_LOOP('',(#17792,#17793,#17799,#17800));
#17792 = ORIENTED_EDGE('',*,*,#16843,.T.);
#17793 = ORIENTED_EDGE('',*,*,#17794,.T.);
#17794 = EDGE_CURVE('',#16844,#17248,#17795,.T.);
#17795 = LINE('',#17796,#17797);
#17796 = CARTESIAN_POINT('',(64.66,-49.008,-4.6E-02));
#17797 = VECTOR('',#17798,1.);
#17798 = DIRECTION('',(0.,0.,1.));
#17799 = ORIENTED_EDGE('',*,*,#17247,.F.);
#17800 = ORIENTED_EDGE('',*,*,#17794,.F.);
#17801 = CYLINDRICAL_SURFACE('',#17802,0.508);
#17802 = AXIS2_PLACEMENT_3D('',#17803,#17804,#17805);
#17803 = CARTESIAN_POINT('',(64.66,-48.5,-4.6E-02));
#17804 = DIRECTION('',(-0.,-0.,-1.));
#17805 = DIRECTION('',(-0.,-1.,0.));
#17806 = ADVANCED_FACE('',(#17807),#17818,.F.);
#17807 = FACE_BOUND('',#17808,.T.);
#17808 = EDGE_LOOP('',(#17809,#17810,#17816,#17817));
#17809 = ORIENTED_EDGE('',*,*,#16854,.T.);
#17810 = ORIENTED_EDGE('',*,*,#17811,.T.);
#17811 = EDGE_CURVE('',#16855,#17259,#17812,.T.);
#17812 = LINE('',#17813,#17814);
#17813 = CARTESIAN_POINT('',(67.2,-49.008,-4.6E-02));
#17814 = VECTOR('',#17815,1.);
#17815 = DIRECTION('',(0.,0.,1.));
#17816 = ORIENTED_EDGE('',*,*,#17258,.F.);
#17817 = ORIENTED_EDGE('',*,*,#17811,.F.);
#17818 = CYLINDRICAL_SURFACE('',#17819,0.508);
#17819 = AXIS2_PLACEMENT_3D('',#17820,#17821,#17822);
#17820 = CARTESIAN_POINT('',(67.2,-48.5,-4.6E-02));
#17821 = DIRECTION('',(-0.,0.,-1.));
#17822 = DIRECTION('',(2.797412345512E-14,-1.,-0.));
#17823 = ADVANCED_FACE('',(#17824),#17835,.F.);
#17824 = FACE_BOUND('',#17825,.T.);
#17825 = EDGE_LOOP('',(#17826,#17827,#17833,#17834));
#17826 = ORIENTED_EDGE('',*,*,#16865,.T.);
#17827 = ORIENTED_EDGE('',*,*,#17828,.T.);
#17828 = EDGE_CURVE('',#16866,#17270,#17829,.T.);
#17829 = LINE('',#17830,#17831);
#17830 = CARTESIAN_POINT('',(69.74,-64.248,-4.6E-02));
#17831 = VECTOR('',#17832,1.);
#17832 = DIRECTION('',(0.,0.,1.));
#17833 = ORIENTED_EDGE('',*,*,#17269,.F.);
#17834 = ORIENTED_EDGE('',*,*,#17828,.F.);
#17835 = CYLINDRICAL_SURFACE('',#17836,0.508);
#17836 = AXIS2_PLACEMENT_3D('',#17837,#17838,#17839);
#17837 = CARTESIAN_POINT('',(69.74,-63.74,-4.6E-02));
#17838 = DIRECTION('',(-0.,-0.,-1.));
#17839 = DIRECTION('',(-2.797412345512E-14,-1.,0.));
#17840 = ADVANCED_FACE('',(#17841),#17852,.F.);
#17841 = FACE_BOUND('',#17842,.T.);
#17842 = EDGE_LOOP('',(#17843,#17844,#17850,#17851));
#17843 = ORIENTED_EDGE('',*,*,#16876,.T.);
#17844 = ORIENTED_EDGE('',*,*,#17845,.T.);
#17845 = EDGE_CURVE('',#16877,#17281,#17846,.T.);
#17846 = LINE('',#17847,#17848);
#17847 = CARTESIAN_POINT('',(69.74,-49.008,-4.6E-02));
#17848 = VECTOR('',#17849,1.);
#17849 = DIRECTION('',(0.,0.,1.));
#17850 = ORIENTED_EDGE('',*,*,#17280,.F.);
#17851 = ORIENTED_EDGE('',*,*,#17845,.F.);
#17852 = CYLINDRICAL_SURFACE('',#17853,0.508);
#17853 = AXIS2_PLACEMENT_3D('',#17854,#17855,#17856);
#17854 = CARTESIAN_POINT('',(69.74,-48.5,-4.6E-02));
#17855 = DIRECTION('',(-0.,-0.,-1.));
#17856 = DIRECTION('',(-2.797412345512E-14,-1.,0.));
#17857 = ADVANCED_FACE('',(#17858),#17869,.F.);
#17858 = FACE_BOUND('',#17859,.T.);
#17859 = EDGE_LOOP('',(#17860,#17861,#17867,#17868));
#17860 = ORIENTED_EDGE('',*,*,#16887,.T.);
#17861 = ORIENTED_EDGE('',*,*,#17862,.T.);
#17862 = EDGE_CURVE('',#16888,#17292,#17863,.T.);
#17863 = LINE('',#17864,#17865);
#17864 = CARTESIAN_POINT('',(79.9,-59.168,-4.6E-02));
#17865 = VECTOR('',#17866,1.);
#17866 = DIRECTION('',(0.,0.,1.));
#17867 = ORIENTED_EDGE('',*,*,#17291,.F.);
#17868 = ORIENTED_EDGE('',*,*,#17862,.F.);
#17869 = CYLINDRICAL_SURFACE('',#17870,0.508);
#17870 = AXIS2_PLACEMENT_3D('',#17871,#17872,#17873);
#17871 = CARTESIAN_POINT('',(79.9,-58.66,-4.6E-02));
#17872 = DIRECTION('',(-0.,-0.,-1.));
#17873 = DIRECTION('',(-0.,-1.,0.));
#17874 = ADVANCED_FACE('',(#17875),#17886,.F.);
#17875 = FACE_BOUND('',#17876,.T.);
#17876 = EDGE_LOOP('',(#17877,#17878,#17884,#17885));
#17877 = ORIENTED_EDGE('',*,*,#16898,.T.);
#17878 = ORIENTED_EDGE('',*,*,#17879,.T.);
#17879 = EDGE_CURVE('',#16899,#17303,#17880,.T.);
#17880 = LINE('',#17881,#17882);
#17881 = CARTESIAN_POINT('',(79.9,-54.088,-4.6E-02));
#17882 = VECTOR('',#17883,1.);
#17883 = DIRECTION('',(0.,0.,1.));
#17884 = ORIENTED_EDGE('',*,*,#17302,.F.);
#17885 = ORIENTED_EDGE('',*,*,#17879,.F.);
#17886 = CYLINDRICAL_SURFACE('',#17887,0.508);
#17887 = AXIS2_PLACEMENT_3D('',#17888,#17889,#17890);
#17888 = CARTESIAN_POINT('',(79.9,-53.58,-4.6E-02));
#17889 = DIRECTION('',(-0.,-0.,-1.));
#17890 = DIRECTION('',(-0.,-1.,0.));
#17891 = ADVANCED_FACE('',(#17892),#17903,.F.);
#17892 = FACE_BOUND('',#17893,.T.);
#17893 = EDGE_LOOP('',(#17894,#17895,#17901,#17902));
#17894 = ORIENTED_EDGE('',*,*,#16909,.T.);
#17895 = ORIENTED_EDGE('',*,*,#17896,.T.);
#17896 = EDGE_CURVE('',#16910,#17314,#17897,.T.);
#17897 = LINE('',#17898,#17899);
#17898 = CARTESIAN_POINT('',(111.,-80.12,-4.6E-02));
#17899 = VECTOR('',#17900,1.);
#17900 = DIRECTION('',(0.,0.,1.));
#17901 = ORIENTED_EDGE('',*,*,#17313,.F.);
#17902 = ORIENTED_EDGE('',*,*,#17896,.F.);
#17903 = CYLINDRICAL_SURFACE('',#17904,0.5);
#17904 = AXIS2_PLACEMENT_3D('',#17905,#17906,#17907);
#17905 = CARTESIAN_POINT('',(111.,-79.62,-4.6E-02));
#17906 = DIRECTION('',(-0.,-0.,-1.));
#17907 = DIRECTION('',(-0.,-1.,0.));
#17908 = ADVANCED_FACE('',(#17909),#17920,.F.);
#17909 = FACE_BOUND('',#17910,.T.);
#17910 = EDGE_LOOP('',(#17911,#17912,#17918,#17919));
#17911 = ORIENTED_EDGE('',*,*,#16920,.T.);
#17912 = ORIENTED_EDGE('',*,*,#17913,.T.);
#17913 = EDGE_CURVE('',#16921,#17325,#17914,.T.);
#17914 = LINE('',#17915,#17916);
#17915 = CARTESIAN_POINT('',(111.,-77.58,-4.6E-02));
#17916 = VECTOR('',#17917,1.);
#17917 = DIRECTION('',(0.,0.,1.));
#17918 = ORIENTED_EDGE('',*,*,#17324,.F.);
#17919 = ORIENTED_EDGE('',*,*,#17913,.F.);
#17920 = CYLINDRICAL_SURFACE('',#17921,0.5);
#17921 = AXIS2_PLACEMENT_3D('',#17922,#17923,#17924);
#17922 = CARTESIAN_POINT('',(111.,-77.08,-4.6E-02));
#17923 = DIRECTION('',(-0.,-0.,-1.));
#17924 = DIRECTION('',(-0.,-1.,0.));
#17925 = ADVANCED_FACE('',(#17926),#17937,.F.);
#17926 = FACE_BOUND('',#17927,.T.);
#17927 = EDGE_LOOP('',(#17928,#17929,#17935,#17936));
#17928 = ORIENTED_EDGE('',*,*,#16931,.T.);
#17929 = ORIENTED_EDGE('',*,*,#17930,.T.);
#17930 = EDGE_CURVE('',#16932,#17336,#17931,.T.);
#17931 = LINE('',#17932,#17933);
#17932 = CARTESIAN_POINT('',(111.,-75.04,-4.6E-02));
#17933 = VECTOR('',#17934,1.);
#17934 = DIRECTION('',(0.,0.,1.));
#17935 = ORIENTED_EDGE('',*,*,#17335,.F.);
#17936 = ORIENTED_EDGE('',*,*,#17930,.F.);
#17937 = CYLINDRICAL_SURFACE('',#17938,0.5);
#17938 = AXIS2_PLACEMENT_3D('',#17939,#17940,#17941);
#17939 = CARTESIAN_POINT('',(111.,-74.54,-4.6E-02));
#17940 = DIRECTION('',(-0.,-0.,-1.));
#17941 = DIRECTION('',(-0.,-1.,0.));
#17942 = ADVANCED_FACE('',(#17943),#17954,.F.);
#17943 = FACE_BOUND('',#17944,.T.);
#17944 = EDGE_LOOP('',(#17945,#17946,#17952,#17953));
#17945 = ORIENTED_EDGE('',*,*,#16942,.T.);
#17946 = ORIENTED_EDGE('',*,*,#17947,.T.);
#17947 = EDGE_CURVE('',#16943,#17347,#17948,.T.);
#17948 = LINE('',#17949,#17950);
#17949 = CARTESIAN_POINT('',(111.,-72.5,-4.6E-02));
#17950 = VECTOR('',#17951,1.);
#17951 = DIRECTION('',(0.,0.,1.));
#17952 = ORIENTED_EDGE('',*,*,#17346,.F.);
#17953 = ORIENTED_EDGE('',*,*,#17947,.F.);
#17954 = CYLINDRICAL_SURFACE('',#17955,0.5);
#17955 = AXIS2_PLACEMENT_3D('',#17956,#17957,#17958);
#17956 = CARTESIAN_POINT('',(111.,-72.,-4.6E-02));
#17957 = DIRECTION('',(-0.,-0.,-1.));
#17958 = DIRECTION('',(-0.,-1.,0.));
#17959 = ADVANCED_FACE('',(#17960),#17971,.F.);
#17960 = FACE_BOUND('',#17961,.T.);
#17961 = EDGE_LOOP('',(#17962,#17963,#17969,#17970));
#17962 = ORIENTED_EDGE('',*,*,#16953,.T.);
#17963 = ORIENTED_EDGE('',*,*,#17964,.T.);
#17964 = EDGE_CURVE('',#16954,#17358,#17965,.T.);
#17965 = LINE('',#17966,#17967);
#17966 = CARTESIAN_POINT('',(111.,-69.96,-4.6E-02));
#17967 = VECTOR('',#17968,1.);
#17968 = DIRECTION('',(0.,0.,1.));
#17969 = ORIENTED_EDGE('',*,*,#17357,.F.);
#17970 = ORIENTED_EDGE('',*,*,#17964,.F.);
#17971 = CYLINDRICAL_SURFACE('',#17972,0.5);
#17972 = AXIS2_PLACEMENT_3D('',#17973,#17974,#17975);
#17973 = CARTESIAN_POINT('',(111.,-69.46,-4.6E-02));
#17974 = DIRECTION('',(-0.,-0.,-1.));
#17975 = DIRECTION('',(-0.,-1.,0.));
#17976 = ADVANCED_FACE('',(#17977),#17988,.F.);
#17977 = FACE_BOUND('',#17978,.T.);
#17978 = EDGE_LOOP('',(#17979,#17980,#17986,#17987));
#17979 = ORIENTED_EDGE('',*,*,#16964,.T.);
#17980 = ORIENTED_EDGE('',*,*,#17981,.T.);
#17981 = EDGE_CURVE('',#16965,#17369,#17982,.T.);
#17982 = LINE('',#17983,#17984);
#17983 = CARTESIAN_POINT('',(111.,-67.42,-4.6E-02));
#17984 = VECTOR('',#17985,1.);
#17985 = DIRECTION('',(0.,0.,1.));
#17986 = ORIENTED_EDGE('',*,*,#17368,.F.);
#17987 = ORIENTED_EDGE('',*,*,#17981,.F.);
#17988 = CYLINDRICAL_SURFACE('',#17989,0.5);
#17989 = AXIS2_PLACEMENT_3D('',#17990,#17991,#17992);
#17990 = CARTESIAN_POINT('',(111.,-66.92,-4.6E-02));
#17991 = DIRECTION('',(-0.,-0.,-1.));
#17992 = DIRECTION('',(-0.,-1.,0.));
#17993 = ADVANCED_FACE('',(#17994),#18005,.F.);
#17994 = FACE_BOUND('',#17995,.T.);
#17995 = EDGE_LOOP('',(#17996,#17997,#18003,#18004));
#17996 = ORIENTED_EDGE('',*,*,#16975,.T.);
#17997 = ORIENTED_EDGE('',*,*,#17998,.T.);
#17998 = EDGE_CURVE('',#16976,#17380,#17999,.T.);
#17999 = LINE('',#18000,#18001);
#18000 = CARTESIAN_POINT('',(111.,-64.88,-4.6E-02));
#18001 = VECTOR('',#18002,1.);
#18002 = DIRECTION('',(0.,0.,1.));
#18003 = ORIENTED_EDGE('',*,*,#17379,.F.);
#18004 = ORIENTED_EDGE('',*,*,#17998,.F.);
#18005 = CYLINDRICAL_SURFACE('',#18006,0.5);
#18006 = AXIS2_PLACEMENT_3D('',#18007,#18008,#18009);
#18007 = CARTESIAN_POINT('',(111.,-64.38,-4.6E-02));
#18008 = DIRECTION('',(-0.,-0.,-1.));
#18009 = DIRECTION('',(-0.,-1.,0.));
#18010 = ADVANCED_FACE('',(#18011),#18022,.F.);
#18011 = FACE_BOUND('',#18012,.T.);
#18012 = EDGE_LOOP('',(#18013,#18014,#18020,#18021));
#18013 = ORIENTED_EDGE('',*,*,#16986,.T.);
#18014 = ORIENTED_EDGE('',*,*,#18015,.T.);
#18015 = EDGE_CURVE('',#16987,#17391,#18016,.T.);
#18016 = LINE('',#18017,#18018);
#18017 = CARTESIAN_POINT('',(112.,-47.6,-4.6E-02));
#18018 = VECTOR('',#18019,1.);
#18019 = DIRECTION('',(0.,0.,1.));
#18020 = ORIENTED_EDGE('',*,*,#17390,.F.);
#18021 = ORIENTED_EDGE('',*,*,#18015,.F.);
#18022 = CYLINDRICAL_SURFACE('',#18023,1.1);
#18023 = AXIS2_PLACEMENT_3D('',#18024,#18025,#18026);
#18024 = CARTESIAN_POINT('',(112.,-46.5,-4.6E-02));
#18025 = DIRECTION('',(-0.,-0.,-1.));
#18026 = DIRECTION('',(-0.,-1.,0.));
#18027 = ( GEOMETRIC_REPRESENTATION_CONTEXT(3) 
GLOBAL_UNCERTAINTY_ASSIGNED_CONTEXT((#18031)) 
GLOBAL_UNIT_ASSIGNED_CONTEXT((#18028,#18029,#18030)) 
REPRESENTATION_CONTEXT('Context #1',
  '3D Context with UNIT and UNCERTAINTY') );
#18028 = ( LENGTH_UNIT() NAMED_UNIT(*) SI_UNIT(.MILLI.,.METRE.) );
#18029 = ( NAMED_UNIT(*) PLANE_ANGLE_UNIT() SI_UNIT($,.RADIAN.) );
#18030 = ( NAMED_UNIT(*) SI_UNIT($,.STERADIAN.) SOLID_ANGLE_UNIT() );
#18031 = UNCERTAINTY_MEASURE_WITH_UNIT(LENGTH_MEASURE(1.E-07),#18028,
  'distance_accuracy_value','confusion accuracy');
#18032 = CONTEXT_DEPENDENT_SHAPE_REPRESENTATION(#18033,#18035);
#18033 = ( REPRESENTATION_RELATIONSHIP('','',#16488,#10) 
REPRESENTATION_RELATIONSHIP_WITH_TRANSFORMATION(#18034) 
SHAPE_REPRESENTATION_RELATIONSHIP() );
#18034 = ITEM_DEFINED_TRANSFORMATION('','',#11,#51);
#18035 = PRODUCT_DEFINITION_SHAPE('Placement','Placement of an item',
  #18036);
#18036 = NEXT_ASSEMBLY_USAGE_OCCURRENCE('14','=>[0:1:1:7]','',#5,#16483,
  $);
#18037 = PRODUCT_RELATED_PRODUCT_CATEGORY('part',$,(#16485));
#18038 = MECHANICAL_DESIGN_GEOMETRIC_PRESENTATION_REPRESENTATION('',(
    #18039,#18047,#18054,#18061,#18068,#18075,#18082,#18089,#18096,
    #18103,#18110,#18117,#18124,#18131,#18138,#18145,#18152,#18159,
    #18166,#18173,#18180,#18187,#18194,#18201,#18208,#18215,#18222,
    #18229,#18236,#18243,#18250,#18257,#18264,#18271,#18278,#18285,
    #18292,#18299,#18306,#18313,#18320,#18327,#18334,#18341,#18348,
    #18355,#18362,#18370,#18377,#18384,#18391,#18398,#18405,#18412,
    #18419,#18426,#18433,#18440,#18447,#18454,#18461,#18468,#18475,
    #18482,#18489,#18496,#18503,#18510,#18517,#18524,#18531,#18538,
    #18545,#18552,#18559,#18566,#18573,#18580,#18587,#18594,#18601,
    #18608,#18615,#18622,#18629,#18636,#18643,#18650,#18657,#18664,
    #18671,#18678,#18685,#18692,#18699,#18706,#18713,#18720,#18727,
    #18734,#18741,#18748,#18755,#18762,#18769,#18776,#18783,#18790,
    #18797,#18804,#18811,#18818,#18825,#18832,#18839,#18846,#18853,
    #18860,#18867,#18874,#18881,#18888,#18895,#18902,#18909,#18916,
    #18923,#18930,#18937,#18944,#18951,#18958,#18965,#18972,#18979,
    #18986,#18993,#19000,#19007,#19014,#19021,#19028,#19035,#19042,
    #19049,#19056,#19063,#19070,#19077,#19084,#19091,#19098,#19105,
    #19112,#19119,#19126,#19133,#19140,#19147,#19154,#19161,#19168,
    #19175,#19182,#19189,#19196,#19203,#19210,#19217,#19224,#19231,
    #19238),#14327);
#18039 = STYLED_ITEM('color',(#18040),#9527);
#18040 = PRESENTATION_STYLE_ASSIGNMENT((#18041));
#18041 = SURFACE_STYLE_USAGE(.BOTH.,#18042);
#18042 = SURFACE_SIDE_STYLE('',(#18043));
#18043 = SURFACE_STYLE_FILL_AREA(#18044);
#18044 = FILL_AREA_STYLE('',(#18045));
#18045 = FILL_AREA_STYLE_COLOUR('',#18046);
#18046 = COLOUR_RGB('',0.147999998088,0.144999993226,0.144999993226);
#18047 = STYLED_ITEM('color',(#18048),#9567);
#18048 = PRESENTATION_STYLE_ASSIGNMENT((#18049));
#18049 = SURFACE_STYLE_USAGE(.BOTH.,#18050);
#18050 = SURFACE_SIDE_STYLE('',(#18051));
#18051 = SURFACE_STYLE_FILL_AREA(#18052);
#18052 = FILL_AREA_STYLE('',(#18053));
#18053 = FILL_AREA_STYLE_COLOUR('',#18046);
#18054 = STYLED_ITEM('color',(#18055),#9598);
#18055 = PRESENTATION_STYLE_ASSIGNMENT((#18056));
#18056 = SURFACE_STYLE_USAGE(.BOTH.,#18057);
#18057 = SURFACE_SIDE_STYLE('',(#18058));
#18058 = SURFACE_STYLE_FILL_AREA(#18059);
#18059 = FILL_AREA_STYLE('',(#18060));
#18060 = FILL_AREA_STYLE_COLOUR('',#18046);
#18061 = STYLED_ITEM('color',(#18062),#9629);
#18062 = PRESENTATION_STYLE_ASSIGNMENT((#18063));
#18063 = SURFACE_STYLE_USAGE(.BOTH.,#18064);
#18064 = SURFACE_SIDE_STYLE('',(#18065));
#18065 = SURFACE_STYLE_FILL_AREA(#18066);
#18066 = FILL_AREA_STYLE('',(#18067));
#18067 = FILL_AREA_STYLE_COLOUR('',#18046);
#18068 = STYLED_ITEM('color',(#18069),#10204);
#18069 = PRESENTATION_STYLE_ASSIGNMENT((#18070));
#18070 = SURFACE_STYLE_USAGE(.BOTH.,#18071);
#18071 = SURFACE_SIDE_STYLE('',(#18072));
#18072 = SURFACE_STYLE_FILL_AREA(#18073);
#18073 = FILL_AREA_STYLE('',(#18074));
#18074 = FILL_AREA_STYLE_COLOUR('',#18046);
#18075 = STYLED_ITEM('color',(#18076),#10779);
#18076 = PRESENTATION_STYLE_ASSIGNMENT((#18077));
#18077 = SURFACE_STYLE_USAGE(.BOTH.,#18078);
#18078 = SURFACE_SIDE_STYLE('',(#18079));
#18079 = SURFACE_STYLE_FILL_AREA(#18080);
#18080 = FILL_AREA_STYLE('',(#18081));
#18081 = FILL_AREA_STYLE_COLOUR('',#18046);
#18082 = STYLED_ITEM('color',(#18083),#10796);
#18083 = PRESENTATION_STYLE_ASSIGNMENT((#18084));
#18084 = SURFACE_STYLE_USAGE(.BOTH.,#18085);
#18085 = SURFACE_SIDE_STYLE('',(#18086));
#18086 = SURFACE_STYLE_FILL_AREA(#18087);
#18087 = FILL_AREA_STYLE('',(#18088));
#18088 = FILL_AREA_STYLE_COLOUR('',#18046);
#18089 = STYLED_ITEM('color',(#18090),#10813);
#18090 = PRESENTATION_STYLE_ASSIGNMENT((#18091));
#18091 = SURFACE_STYLE_USAGE(.BOTH.,#18092);
#18092 = SURFACE_SIDE_STYLE('',(#18093));
#18093 = SURFACE_STYLE_FILL_AREA(#18094);
#18094 = FILL_AREA_STYLE('',(#18095));
#18095 = FILL_AREA_STYLE_COLOUR('',#18046);
#18096 = STYLED_ITEM('color',(#18097),#10830);
#18097 = PRESENTATION_STYLE_ASSIGNMENT((#18098));
#18098 = SURFACE_STYLE_USAGE(.BOTH.,#18099);
#18099 = SURFACE_SIDE_STYLE('',(#18100));
#18100 = SURFACE_STYLE_FILL_AREA(#18101);
#18101 = FILL_AREA_STYLE('',(#18102));
#18102 = FILL_AREA_STYLE_COLOUR('',#18046);
#18103 = STYLED_ITEM('color',(#18104),#10847);
#18104 = PRESENTATION_STYLE_ASSIGNMENT((#18105));
#18105 = SURFACE_STYLE_USAGE(.BOTH.,#18106);
#18106 = SURFACE_SIDE_STYLE('',(#18107));
#18107 = SURFACE_STYLE_FILL_AREA(#18108);
#18108 = FILL_AREA_STYLE('',(#18109));
#18109 = FILL_AREA_STYLE_COLOUR('',#18046);
#18110 = STYLED_ITEM('color',(#18111),#10864);
#18111 = PRESENTATION_STYLE_ASSIGNMENT((#18112));
#18112 = SURFACE_STYLE_USAGE(.BOTH.,#18113);
#18113 = SURFACE_SIDE_STYLE('',(#18114));
#18114 = SURFACE_STYLE_FILL_AREA(#18115);
#18115 = FILL_AREA_STYLE('',(#18116));
#18116 = FILL_AREA_STYLE_COLOUR('',#18046);
#18117 = STYLED_ITEM('color',(#18118),#10881);
#18118 = PRESENTATION_STYLE_ASSIGNMENT((#18119));
#18119 = SURFACE_STYLE_USAGE(.BOTH.,#18120);
#18120 = SURFACE_SIDE_STYLE('',(#18121));
#18121 = SURFACE_STYLE_FILL_AREA(#18122);
#18122 = FILL_AREA_STYLE('',(#18123));
#18123 = FILL_AREA_STYLE_COLOUR('',#18046);
#18124 = STYLED_ITEM('color',(#18125),#10898);
#18125 = PRESENTATION_STYLE_ASSIGNMENT((#18126));
#18126 = SURFACE_STYLE_USAGE(.BOTH.,#18127);
#18127 = SURFACE_SIDE_STYLE('',(#18128));
#18128 = SURFACE_STYLE_FILL_AREA(#18129);
#18129 = FILL_AREA_STYLE('',(#18130));
#18130 = FILL_AREA_STYLE_COLOUR('',#18046);
#18131 = STYLED_ITEM('color',(#18132),#10915);
#18132 = PRESENTATION_STYLE_ASSIGNMENT((#18133));
#18133 = SURFACE_STYLE_USAGE(.BOTH.,#18134);
#18134 = SURFACE_SIDE_STYLE('',(#18135));
#18135 = SURFACE_STYLE_FILL_AREA(#18136);
#18136 = FILL_AREA_STYLE('',(#18137));
#18137 = FILL_AREA_STYLE_COLOUR('',#18046);
#18138 = STYLED_ITEM('color',(#18139),#10932);
#18139 = PRESENTATION_STYLE_ASSIGNMENT((#18140));
#18140 = SURFACE_STYLE_USAGE(.BOTH.,#18141);
#18141 = SURFACE_SIDE_STYLE('',(#18142));
#18142 = SURFACE_STYLE_FILL_AREA(#18143);
#18143 = FILL_AREA_STYLE('',(#18144));
#18144 = FILL_AREA_STYLE_COLOUR('',#18046);
#18145 = STYLED_ITEM('color',(#18146),#10949);
#18146 = PRESENTATION_STYLE_ASSIGNMENT((#18147));
#18147 = SURFACE_STYLE_USAGE(.BOTH.,#18148);
#18148 = SURFACE_SIDE_STYLE('',(#18149));
#18149 = SURFACE_STYLE_FILL_AREA(#18150);
#18150 = FILL_AREA_STYLE('',(#18151));
#18151 = FILL_AREA_STYLE_COLOUR('',#18046);
#18152 = STYLED_ITEM('color',(#18153),#10966);
#18153 = PRESENTATION_STYLE_ASSIGNMENT((#18154));
#18154 = SURFACE_STYLE_USAGE(.BOTH.,#18155);
#18155 = SURFACE_SIDE_STYLE('',(#18156));
#18156 = SURFACE_STYLE_FILL_AREA(#18157);
#18157 = FILL_AREA_STYLE('',(#18158));
#18158 = FILL_AREA_STYLE_COLOUR('',#18046);
#18159 = STYLED_ITEM('color',(#18160),#10983);
#18160 = PRESENTATION_STYLE_ASSIGNMENT((#18161));
#18161 = SURFACE_STYLE_USAGE(.BOTH.,#18162);
#18162 = SURFACE_SIDE_STYLE('',(#18163));
#18163 = SURFACE_STYLE_FILL_AREA(#18164);
#18164 = FILL_AREA_STYLE('',(#18165));
#18165 = FILL_AREA_STYLE_COLOUR('',#18046);
#18166 = STYLED_ITEM('color',(#18167),#11000);
#18167 = PRESENTATION_STYLE_ASSIGNMENT((#18168));
#18168 = SURFACE_STYLE_USAGE(.BOTH.,#18169);
#18169 = SURFACE_SIDE_STYLE('',(#18170));
#18170 = SURFACE_STYLE_FILL_AREA(#18171);
#18171 = FILL_AREA_STYLE('',(#18172));
#18172 = FILL_AREA_STYLE_COLOUR('',#18046);
#18173 = STYLED_ITEM('color',(#18174),#11017);
#18174 = PRESENTATION_STYLE_ASSIGNMENT((#18175));
#18175 = SURFACE_STYLE_USAGE(.BOTH.,#18176);
#18176 = SURFACE_SIDE_STYLE('',(#18177));
#18177 = SURFACE_STYLE_FILL_AREA(#18178);
#18178 = FILL_AREA_STYLE('',(#18179));
#18179 = FILL_AREA_STYLE_COLOUR('',#18046);
#18180 = STYLED_ITEM('color',(#18181),#11034);
#18181 = PRESENTATION_STYLE_ASSIGNMENT((#18182));
#18182 = SURFACE_STYLE_USAGE(.BOTH.,#18183);
#18183 = SURFACE_SIDE_STYLE('',(#18184));
#18184 = SURFACE_STYLE_FILL_AREA(#18185);
#18185 = FILL_AREA_STYLE('',(#18186));
#18186 = FILL_AREA_STYLE_COLOUR('',#18046);
#18187 = STYLED_ITEM('color',(#18188),#11051);
#18188 = PRESENTATION_STYLE_ASSIGNMENT((#18189));
#18189 = SURFACE_STYLE_USAGE(.BOTH.,#18190);
#18190 = SURFACE_SIDE_STYLE('',(#18191));
#18191 = SURFACE_STYLE_FILL_AREA(#18192);
#18192 = FILL_AREA_STYLE('',(#18193));
#18193 = FILL_AREA_STYLE_COLOUR('',#18046);
#18194 = STYLED_ITEM('color',(#18195),#11068);
#18195 = PRESENTATION_STYLE_ASSIGNMENT((#18196));
#18196 = SURFACE_STYLE_USAGE(.BOTH.,#18197);
#18197 = SURFACE_SIDE_STYLE('',(#18198));
#18198 = SURFACE_STYLE_FILL_AREA(#18199);
#18199 = FILL_AREA_STYLE('',(#18200));
#18200 = FILL_AREA_STYLE_COLOUR('',#18046);
#18201 = STYLED_ITEM('color',(#18202),#11085);
#18202 = PRESENTATION_STYLE_ASSIGNMENT((#18203));
#18203 = SURFACE_STYLE_USAGE(.BOTH.,#18204);
#18204 = SURFACE_SIDE_STYLE('',(#18205));
#18205 = SURFACE_STYLE_FILL_AREA(#18206);
#18206 = FILL_AREA_STYLE('',(#18207));
#18207 = FILL_AREA_STYLE_COLOUR('',#18046);
#18208 = STYLED_ITEM('color',(#18209),#11102);
#18209 = PRESENTATION_STYLE_ASSIGNMENT((#18210));
#18210 = SURFACE_STYLE_USAGE(.BOTH.,#18211);
#18211 = SURFACE_SIDE_STYLE('',(#18212));
#18212 = SURFACE_STYLE_FILL_AREA(#18213);
#18213 = FILL_AREA_STYLE('',(#18214));
#18214 = FILL_AREA_STYLE_COLOUR('',#18046);
#18215 = STYLED_ITEM('color',(#18216),#11119);
#18216 = PRESENTATION_STYLE_ASSIGNMENT((#18217));
#18217 = SURFACE_STYLE_USAGE(.BOTH.,#18218);
#18218 = SURFACE_SIDE_STYLE('',(#18219));
#18219 = SURFACE_STYLE_FILL_AREA(#18220);
#18220 = FILL_AREA_STYLE('',(#18221));
#18221 = FILL_AREA_STYLE_COLOUR('',#18046);
#18222 = STYLED_ITEM('color',(#18223),#11136);
#18223 = PRESENTATION_STYLE_ASSIGNMENT((#18224));
#18224 = SURFACE_STYLE_USAGE(.BOTH.,#18225);
#18225 = SURFACE_SIDE_STYLE('',(#18226));
#18226 = SURFACE_STYLE_FILL_AREA(#18227);
#18227 = FILL_AREA_STYLE('',(#18228));
#18228 = FILL_AREA_STYLE_COLOUR('',#18046);
#18229 = STYLED_ITEM('color',(#18230),#11153);
#18230 = PRESENTATION_STYLE_ASSIGNMENT((#18231));
#18231 = SURFACE_STYLE_USAGE(.BOTH.,#18232);
#18232 = SURFACE_SIDE_STYLE('',(#18233));
#18233 = SURFACE_STYLE_FILL_AREA(#18234);
#18234 = FILL_AREA_STYLE('',(#18235));
#18235 = FILL_AREA_STYLE_COLOUR('',#18046);
#18236 = STYLED_ITEM('color',(#18237),#11170);
#18237 = PRESENTATION_STYLE_ASSIGNMENT((#18238));
#18238 = SURFACE_STYLE_USAGE(.BOTH.,#18239);
#18239 = SURFACE_SIDE_STYLE('',(#18240));
#18240 = SURFACE_STYLE_FILL_AREA(#18241);
#18241 = FILL_AREA_STYLE('',(#18242));
#18242 = FILL_AREA_STYLE_COLOUR('',#18046);
#18243 = STYLED_ITEM('color',(#18244),#11187);
#18244 = PRESENTATION_STYLE_ASSIGNMENT((#18245));
#18245 = SURFACE_STYLE_USAGE(.BOTH.,#18246);
#18246 = SURFACE_SIDE_STYLE('',(#18247));
#18247 = SURFACE_STYLE_FILL_AREA(#18248);
#18248 = FILL_AREA_STYLE('',(#18249));
#18249 = FILL_AREA_STYLE_COLOUR('',#18046);
#18250 = STYLED_ITEM('color',(#18251),#11204);
#18251 = PRESENTATION_STYLE_ASSIGNMENT((#18252));
#18252 = SURFACE_STYLE_USAGE(.BOTH.,#18253);
#18253 = SURFACE_SIDE_STYLE('',(#18254));
#18254 = SURFACE_STYLE_FILL_AREA(#18255);
#18255 = FILL_AREA_STYLE('',(#18256));
#18256 = FILL_AREA_STYLE_COLOUR('',#18046);
#18257 = STYLED_ITEM('color',(#18258),#11221);
#18258 = PRESENTATION_STYLE_ASSIGNMENT((#18259));
#18259 = SURFACE_STYLE_USAGE(.BOTH.,#18260);
#18260 = SURFACE_SIDE_STYLE('',(#18261));
#18261 = SURFACE_STYLE_FILL_AREA(#18262);
#18262 = FILL_AREA_STYLE('',(#18263));
#18263 = FILL_AREA_STYLE_COLOUR('',#18046);
#18264 = STYLED_ITEM('color',(#18265),#11238);
#18265 = PRESENTATION_STYLE_ASSIGNMENT((#18266));
#18266 = SURFACE_STYLE_USAGE(.BOTH.,#18267);
#18267 = SURFACE_SIDE_STYLE('',(#18268));
#18268 = SURFACE_STYLE_FILL_AREA(#18269);
#18269 = FILL_AREA_STYLE('',(#18270));
#18270 = FILL_AREA_STYLE_COLOUR('',#18046);
#18271 = STYLED_ITEM('color',(#18272),#11255);
#18272 = PRESENTATION_STYLE_ASSIGNMENT((#18273));
#18273 = SURFACE_STYLE_USAGE(.BOTH.,#18274);
#18274 = SURFACE_SIDE_STYLE('',(#18275));
#18275 = SURFACE_STYLE_FILL_AREA(#18276);
#18276 = FILL_AREA_STYLE('',(#18277));
#18277 = FILL_AREA_STYLE_COLOUR('',#18046);
#18278 = STYLED_ITEM('color',(#18279),#11272);
#18279 = PRESENTATION_STYLE_ASSIGNMENT((#18280));
#18280 = SURFACE_STYLE_USAGE(.BOTH.,#18281);
#18281 = SURFACE_SIDE_STYLE('',(#18282));
#18282 = SURFACE_STYLE_FILL_AREA(#18283);
#18283 = FILL_AREA_STYLE('',(#18284));
#18284 = FILL_AREA_STYLE_COLOUR('',#18046);
#18285 = STYLED_ITEM('color',(#18286),#11289);
#18286 = PRESENTATION_STYLE_ASSIGNMENT((#18287));
#18287 = SURFACE_STYLE_USAGE(.BOTH.,#18288);
#18288 = SURFACE_SIDE_STYLE('',(#18289));
#18289 = SURFACE_STYLE_FILL_AREA(#18290);
#18290 = FILL_AREA_STYLE('',(#18291));
#18291 = FILL_AREA_STYLE_COLOUR('',#18046);
#18292 = STYLED_ITEM('color',(#18293),#11306);
#18293 = PRESENTATION_STYLE_ASSIGNMENT((#18294));
#18294 = SURFACE_STYLE_USAGE(.BOTH.,#18295);
#18295 = SURFACE_SIDE_STYLE('',(#18296));
#18296 = SURFACE_STYLE_FILL_AREA(#18297);
#18297 = FILL_AREA_STYLE('',(#18298));
#18298 = FILL_AREA_STYLE_COLOUR('',#18046);
#18299 = STYLED_ITEM('color',(#18300),#11323);
#18300 = PRESENTATION_STYLE_ASSIGNMENT((#18301));
#18301 = SURFACE_STYLE_USAGE(.BOTH.,#18302);
#18302 = SURFACE_SIDE_STYLE('',(#18303));
#18303 = SURFACE_STYLE_FILL_AREA(#18304);
#18304 = FILL_AREA_STYLE('',(#18305));
#18305 = FILL_AREA_STYLE_COLOUR('',#18046);
#18306 = STYLED_ITEM('color',(#18307),#11340);
#18307 = PRESENTATION_STYLE_ASSIGNMENT((#18308));
#18308 = SURFACE_STYLE_USAGE(.BOTH.,#18309);
#18309 = SURFACE_SIDE_STYLE('',(#18310));
#18310 = SURFACE_STYLE_FILL_AREA(#18311);
#18311 = FILL_AREA_STYLE('',(#18312));
#18312 = FILL_AREA_STYLE_COLOUR('',#18046);
#18313 = STYLED_ITEM('color',(#18314),#11357);
#18314 = PRESENTATION_STYLE_ASSIGNMENT((#18315));
#18315 = SURFACE_STYLE_USAGE(.BOTH.,#18316);
#18316 = SURFACE_SIDE_STYLE('',(#18317));
#18317 = SURFACE_STYLE_FILL_AREA(#18318);
#18318 = FILL_AREA_STYLE('',(#18319));
#18319 = FILL_AREA_STYLE_COLOUR('',#18046);
#18320 = STYLED_ITEM('color',(#18321),#11374);
#18321 = PRESENTATION_STYLE_ASSIGNMENT((#18322));
#18322 = SURFACE_STYLE_USAGE(.BOTH.,#18323);
#18323 = SURFACE_SIDE_STYLE('',(#18324));
#18324 = SURFACE_STYLE_FILL_AREA(#18325);
#18325 = FILL_AREA_STYLE('',(#18326));
#18326 = FILL_AREA_STYLE_COLOUR('',#18046);
#18327 = STYLED_ITEM('color',(#18328),#11391);
#18328 = PRESENTATION_STYLE_ASSIGNMENT((#18329));
#18329 = SURFACE_STYLE_USAGE(.BOTH.,#18330);
#18330 = SURFACE_SIDE_STYLE('',(#18331));
#18331 = SURFACE_STYLE_FILL_AREA(#18332);
#18332 = FILL_AREA_STYLE('',(#18333));
#18333 = FILL_AREA_STYLE_COLOUR('',#18046);
#18334 = STYLED_ITEM('color',(#18335),#11408);
#18335 = PRESENTATION_STYLE_ASSIGNMENT((#18336));
#18336 = SURFACE_STYLE_USAGE(.BOTH.,#18337);
#18337 = SURFACE_SIDE_STYLE('',(#18338));
#18338 = SURFACE_STYLE_FILL_AREA(#18339);
#18339 = FILL_AREA_STYLE('',(#18340));
#18340 = FILL_AREA_STYLE_COLOUR('',#18046);
#18341 = STYLED_ITEM('color',(#18342),#11425);
#18342 = PRESENTATION_STYLE_ASSIGNMENT((#18343));
#18343 = SURFACE_STYLE_USAGE(.BOTH.,#18344);
#18344 = SURFACE_SIDE_STYLE('',(#18345));
#18345 = SURFACE_STYLE_FILL_AREA(#18346);
#18346 = FILL_AREA_STYLE('',(#18347));
#18347 = FILL_AREA_STYLE_COLOUR('',#18046);
#18348 = STYLED_ITEM('color',(#18349),#11442);
#18349 = PRESENTATION_STYLE_ASSIGNMENT((#18350));
#18350 = SURFACE_STYLE_USAGE(.BOTH.,#18351);
#18351 = SURFACE_SIDE_STYLE('',(#18352));
#18352 = SURFACE_STYLE_FILL_AREA(#18353);
#18353 = FILL_AREA_STYLE('',(#18354));
#18354 = FILL_AREA_STYLE_COLOUR('',#18046);
#18355 = STYLED_ITEM('color',(#18356),#11459);
#18356 = PRESENTATION_STYLE_ASSIGNMENT((#18357));
#18357 = SURFACE_STYLE_USAGE(.BOTH.,#18358);
#18358 = SURFACE_SIDE_STYLE('',(#18359));
#18359 = SURFACE_STYLE_FILL_AREA(#18360);
#18360 = FILL_AREA_STYLE('',(#18361));
#18361 = FILL_AREA_STYLE_COLOUR('',#18046);
#18362 = STYLED_ITEM('color',(#18363),#11471);
#18363 = PRESENTATION_STYLE_ASSIGNMENT((#18364));
#18364 = SURFACE_STYLE_USAGE(.BOTH.,#18365);
#18365 = SURFACE_SIDE_STYLE('',(#18366));
#18366 = SURFACE_STYLE_FILL_AREA(#18367);
#18367 = FILL_AREA_STYLE('',(#18368));
#18368 = FILL_AREA_STYLE_COLOUR('',#18369);
#18369 = COLOUR_RGB('',0.859000020776,0.737999965183,0.495999988746);
#18370 = STYLED_ITEM('color',(#18371),#11502);
#18371 = PRESENTATION_STYLE_ASSIGNMENT((#18372));
#18372 = SURFACE_STYLE_USAGE(.BOTH.,#18373);
#18373 = SURFACE_SIDE_STYLE('',(#18374));
#18374 = SURFACE_STYLE_FILL_AREA(#18375);
#18375 = FILL_AREA_STYLE('',(#18376));
#18376 = FILL_AREA_STYLE_COLOUR('',#18369);
#18377 = STYLED_ITEM('color',(#18378),#11526);
#18378 = PRESENTATION_STYLE_ASSIGNMENT((#18379));
#18379 = SURFACE_STYLE_USAGE(.BOTH.,#18380);
#18380 = SURFACE_SIDE_STYLE('',(#18381));
#18381 = SURFACE_STYLE_FILL_AREA(#18382);
#18382 = FILL_AREA_STYLE('',(#18383));
#18383 = FILL_AREA_STYLE_COLOUR('',#18369);
#18384 = STYLED_ITEM('color',(#18385),#11550);
#18385 = PRESENTATION_STYLE_ASSIGNMENT((#18386));
#18386 = SURFACE_STYLE_USAGE(.BOTH.,#18387);
#18387 = SURFACE_SIDE_STYLE('',(#18388));
#18388 = SURFACE_STYLE_FILL_AREA(#18389);
#18389 = FILL_AREA_STYLE('',(#18390));
#18390 = FILL_AREA_STYLE_COLOUR('',#18369);
#18391 = STYLED_ITEM('color',(#18392),#11567);
#18392 = PRESENTATION_STYLE_ASSIGNMENT((#18393));
#18393 = SURFACE_STYLE_USAGE(.BOTH.,#18394);
#18394 = SURFACE_SIDE_STYLE('',(#18395));
#18395 = SURFACE_STYLE_FILL_AREA(#18396);
#18396 = FILL_AREA_STYLE('',(#18397));
#18397 = FILL_AREA_STYLE_COLOUR('',#18369);
#18398 = STYLED_ITEM('color',(#18399),#11598);
#18399 = PRESENTATION_STYLE_ASSIGNMENT((#18400));
#18400 = SURFACE_STYLE_USAGE(.BOTH.,#18401);
#18401 = SURFACE_SIDE_STYLE('',(#18402));
#18402 = SURFACE_STYLE_FILL_AREA(#18403);
#18403 = FILL_AREA_STYLE('',(#18404));
#18404 = FILL_AREA_STYLE_COLOUR('',#18369);
#18405 = STYLED_ITEM('color',(#18406),#11622);
#18406 = PRESENTATION_STYLE_ASSIGNMENT((#18407));
#18407 = SURFACE_STYLE_USAGE(.BOTH.,#18408);
#18408 = SURFACE_SIDE_STYLE('',(#18409));
#18409 = SURFACE_STYLE_FILL_AREA(#18410);
#18410 = FILL_AREA_STYLE('',(#18411));
#18411 = FILL_AREA_STYLE_COLOUR('',#18369);
#18412 = STYLED_ITEM('color',(#18413),#11646);
#18413 = PRESENTATION_STYLE_ASSIGNMENT((#18414));
#18414 = SURFACE_STYLE_USAGE(.BOTH.,#18415);
#18415 = SURFACE_SIDE_STYLE('',(#18416));
#18416 = SURFACE_STYLE_FILL_AREA(#18417);
#18417 = FILL_AREA_STYLE('',(#18418));
#18418 = FILL_AREA_STYLE_COLOUR('',#18369);
#18419 = STYLED_ITEM('color',(#18420),#11663);
#18420 = PRESENTATION_STYLE_ASSIGNMENT((#18421));
#18421 = SURFACE_STYLE_USAGE(.BOTH.,#18422);
#18422 = SURFACE_SIDE_STYLE('',(#18423));
#18423 = SURFACE_STYLE_FILL_AREA(#18424);
#18424 = FILL_AREA_STYLE('',(#18425));
#18425 = FILL_AREA_STYLE_COLOUR('',#18369);
#18426 = STYLED_ITEM('color',(#18427),#11694);
#18427 = PRESENTATION_STYLE_ASSIGNMENT((#18428));
#18428 = SURFACE_STYLE_USAGE(.BOTH.,#18429);
#18429 = SURFACE_SIDE_STYLE('',(#18430));
#18430 = SURFACE_STYLE_FILL_AREA(#18431);
#18431 = FILL_AREA_STYLE('',(#18432));
#18432 = FILL_AREA_STYLE_COLOUR('',#18369);
#18433 = STYLED_ITEM('color',(#18434),#11718);
#18434 = PRESENTATION_STYLE_ASSIGNMENT((#18435));
#18435 = SURFACE_STYLE_USAGE(.BOTH.,#18436);
#18436 = SURFACE_SIDE_STYLE('',(#18437));
#18437 = SURFACE_STYLE_FILL_AREA(#18438);
#18438 = FILL_AREA_STYLE('',(#18439));
#18439 = FILL_AREA_STYLE_COLOUR('',#18369);
#18440 = STYLED_ITEM('color',(#18441),#11742);
#18441 = PRESENTATION_STYLE_ASSIGNMENT((#18442));
#18442 = SURFACE_STYLE_USAGE(.BOTH.,#18443);
#18443 = SURFACE_SIDE_STYLE('',(#18444));
#18444 = SURFACE_STYLE_FILL_AREA(#18445);
#18445 = FILL_AREA_STYLE('',(#18446));
#18446 = FILL_AREA_STYLE_COLOUR('',#18369);
#18447 = STYLED_ITEM('color',(#18448),#11759);
#18448 = PRESENTATION_STYLE_ASSIGNMENT((#18449));
#18449 = SURFACE_STYLE_USAGE(.BOTH.,#18450);
#18450 = SURFACE_SIDE_STYLE('',(#18451));
#18451 = SURFACE_STYLE_FILL_AREA(#18452);
#18452 = FILL_AREA_STYLE('',(#18453));
#18453 = FILL_AREA_STYLE_COLOUR('',#18369);
#18454 = STYLED_ITEM('color',(#18455),#11790);
#18455 = PRESENTATION_STYLE_ASSIGNMENT((#18456));
#18456 = SURFACE_STYLE_USAGE(.BOTH.,#18457);
#18457 = SURFACE_SIDE_STYLE('',(#18458));
#18458 = SURFACE_STYLE_FILL_AREA(#18459);
#18459 = FILL_AREA_STYLE('',(#18460));
#18460 = FILL_AREA_STYLE_COLOUR('',#18369);
#18461 = STYLED_ITEM('color',(#18462),#11814);
#18462 = PRESENTATION_STYLE_ASSIGNMENT((#18463));
#18463 = SURFACE_STYLE_USAGE(.BOTH.,#18464);
#18464 = SURFACE_SIDE_STYLE('',(#18465));
#18465 = SURFACE_STYLE_FILL_AREA(#18466);
#18466 = FILL_AREA_STYLE('',(#18467));
#18467 = FILL_AREA_STYLE_COLOUR('',#18369);
#18468 = STYLED_ITEM('color',(#18469),#11838);
#18469 = PRESENTATION_STYLE_ASSIGNMENT((#18470));
#18470 = SURFACE_STYLE_USAGE(.BOTH.,#18471);
#18471 = SURFACE_SIDE_STYLE('',(#18472));
#18472 = SURFACE_STYLE_FILL_AREA(#18473);
#18473 = FILL_AREA_STYLE('',(#18474));
#18474 = FILL_AREA_STYLE_COLOUR('',#18369);
#18475 = STYLED_ITEM('color',(#18476),#11855);
#18476 = PRESENTATION_STYLE_ASSIGNMENT((#18477));
#18477 = SURFACE_STYLE_USAGE(.BOTH.,#18478);
#18478 = SURFACE_SIDE_STYLE('',(#18479));
#18479 = SURFACE_STYLE_FILL_AREA(#18480);
#18480 = FILL_AREA_STYLE('',(#18481));
#18481 = FILL_AREA_STYLE_COLOUR('',#18369);
#18482 = STYLED_ITEM('color',(#18483),#11886);
#18483 = PRESENTATION_STYLE_ASSIGNMENT((#18484));
#18484 = SURFACE_STYLE_USAGE(.BOTH.,#18485);
#18485 = SURFACE_SIDE_STYLE('',(#18486));
#18486 = SURFACE_STYLE_FILL_AREA(#18487);
#18487 = FILL_AREA_STYLE('',(#18488));
#18488 = FILL_AREA_STYLE_COLOUR('',#18369);
#18489 = STYLED_ITEM('color',(#18490),#11910);
#18490 = PRESENTATION_STYLE_ASSIGNMENT((#18491));
#18491 = SURFACE_STYLE_USAGE(.BOTH.,#18492);
#18492 = SURFACE_SIDE_STYLE('',(#18493));
#18493 = SURFACE_STYLE_FILL_AREA(#18494);
#18494 = FILL_AREA_STYLE('',(#18495));
#18495 = FILL_AREA_STYLE_COLOUR('',#18369);
#18496 = STYLED_ITEM('color',(#18497),#11934);
#18497 = PRESENTATION_STYLE_ASSIGNMENT((#18498));
#18498 = SURFACE_STYLE_USAGE(.BOTH.,#18499);
#18499 = SURFACE_SIDE_STYLE('',(#18500));
#18500 = SURFACE_STYLE_FILL_AREA(#18501);
#18501 = FILL_AREA_STYLE('',(#18502));
#18502 = FILL_AREA_STYLE_COLOUR('',#18369);
#18503 = STYLED_ITEM('color',(#18504),#11951);
#18504 = PRESENTATION_STYLE_ASSIGNMENT((#18505));
#18505 = SURFACE_STYLE_USAGE(.BOTH.,#18506);
#18506 = SURFACE_SIDE_STYLE('',(#18507));
#18507 = SURFACE_STYLE_FILL_AREA(#18508);
#18508 = FILL_AREA_STYLE('',(#18509));
#18509 = FILL_AREA_STYLE_COLOUR('',#18369);
#18510 = STYLED_ITEM('color',(#18511),#11982);
#18511 = PRESENTATION_STYLE_ASSIGNMENT((#18512));
#18512 = SURFACE_STYLE_USAGE(.BOTH.,#18513);
#18513 = SURFACE_SIDE_STYLE('',(#18514));
#18514 = SURFACE_STYLE_FILL_AREA(#18515);
#18515 = FILL_AREA_STYLE('',(#18516));
#18516 = FILL_AREA_STYLE_COLOUR('',#18369);
#18517 = STYLED_ITEM('color',(#18518),#12006);
#18518 = PRESENTATION_STYLE_ASSIGNMENT((#18519));
#18519 = SURFACE_STYLE_USAGE(.BOTH.,#18520);
#18520 = SURFACE_SIDE_STYLE('',(#18521));
#18521 = SURFACE_STYLE_FILL_AREA(#18522);
#18522 = FILL_AREA_STYLE('',(#18523));
#18523 = FILL_AREA_STYLE_COLOUR('',#18369);
#18524 = STYLED_ITEM('color',(#18525),#12030);
#18525 = PRESENTATION_STYLE_ASSIGNMENT((#18526));
#18526 = SURFACE_STYLE_USAGE(.BOTH.,#18527);
#18527 = SURFACE_SIDE_STYLE('',(#18528));
#18528 = SURFACE_STYLE_FILL_AREA(#18529);
#18529 = FILL_AREA_STYLE('',(#18530));
#18530 = FILL_AREA_STYLE_COLOUR('',#18369);
#18531 = STYLED_ITEM('color',(#18532),#12047);
#18532 = PRESENTATION_STYLE_ASSIGNMENT((#18533));
#18533 = SURFACE_STYLE_USAGE(.BOTH.,#18534);
#18534 = SURFACE_SIDE_STYLE('',(#18535));
#18535 = SURFACE_STYLE_FILL_AREA(#18536);
#18536 = FILL_AREA_STYLE('',(#18537));
#18537 = FILL_AREA_STYLE_COLOUR('',#18369);
#18538 = STYLED_ITEM('color',(#18539),#12078);
#18539 = PRESENTATION_STYLE_ASSIGNMENT((#18540));
#18540 = SURFACE_STYLE_USAGE(.BOTH.,#18541);
#18541 = SURFACE_SIDE_STYLE('',(#18542));
#18542 = SURFACE_STYLE_FILL_AREA(#18543);
#18543 = FILL_AREA_STYLE('',(#18544));
#18544 = FILL_AREA_STYLE_COLOUR('',#18369);
#18545 = STYLED_ITEM('color',(#18546),#12102);
#18546 = PRESENTATION_STYLE_ASSIGNMENT((#18547));
#18547 = SURFACE_STYLE_USAGE(.BOTH.,#18548);
#18548 = SURFACE_SIDE_STYLE('',(#18549));
#18549 = SURFACE_STYLE_FILL_AREA(#18550);
#18550 = FILL_AREA_STYLE('',(#18551));
#18551 = FILL_AREA_STYLE_COLOUR('',#18369);
#18552 = STYLED_ITEM('color',(#18553),#12126);
#18553 = PRESENTATION_STYLE_ASSIGNMENT((#18554));
#18554 = SURFACE_STYLE_USAGE(.BOTH.,#18555);
#18555 = SURFACE_SIDE_STYLE('',(#18556));
#18556 = SURFACE_STYLE_FILL_AREA(#18557);
#18557 = FILL_AREA_STYLE('',(#18558));
#18558 = FILL_AREA_STYLE_COLOUR('',#18369);
#18559 = STYLED_ITEM('color',(#18560),#12143);
#18560 = PRESENTATION_STYLE_ASSIGNMENT((#18561));
#18561 = SURFACE_STYLE_USAGE(.BOTH.,#18562);
#18562 = SURFACE_SIDE_STYLE('',(#18563));
#18563 = SURFACE_STYLE_FILL_AREA(#18564);
#18564 = FILL_AREA_STYLE('',(#18565));
#18565 = FILL_AREA_STYLE_COLOUR('',#18369);
#18566 = STYLED_ITEM('color',(#18567),#12174);
#18567 = PRESENTATION_STYLE_ASSIGNMENT((#18568));
#18568 = SURFACE_STYLE_USAGE(.BOTH.,#18569);
#18569 = SURFACE_SIDE_STYLE('',(#18570));
#18570 = SURFACE_STYLE_FILL_AREA(#18571);
#18571 = FILL_AREA_STYLE('',(#18572));
#18572 = FILL_AREA_STYLE_COLOUR('',#18369);
#18573 = STYLED_ITEM('color',(#18574),#12198);
#18574 = PRESENTATION_STYLE_ASSIGNMENT((#18575));
#18575 = SURFACE_STYLE_USAGE(.BOTH.,#18576);
#18576 = SURFACE_SIDE_STYLE('',(#18577));
#18577 = SURFACE_STYLE_FILL_AREA(#18578);
#18578 = FILL_AREA_STYLE('',(#18579));
#18579 = FILL_AREA_STYLE_COLOUR('',#18369);
#18580 = STYLED_ITEM('color',(#18581),#12222);
#18581 = PRESENTATION_STYLE_ASSIGNMENT((#18582));
#18582 = SURFACE_STYLE_USAGE(.BOTH.,#18583);
#18583 = SURFACE_SIDE_STYLE('',(#18584));
#18584 = SURFACE_STYLE_FILL_AREA(#18585);
#18585 = FILL_AREA_STYLE('',(#18586));
#18586 = FILL_AREA_STYLE_COLOUR('',#18369);
#18587 = STYLED_ITEM('color',(#18588),#12239);
#18588 = PRESENTATION_STYLE_ASSIGNMENT((#18589));
#18589 = SURFACE_STYLE_USAGE(.BOTH.,#18590);
#18590 = SURFACE_SIDE_STYLE('',(#18591));
#18591 = SURFACE_STYLE_FILL_AREA(#18592);
#18592 = FILL_AREA_STYLE('',(#18593));
#18593 = FILL_AREA_STYLE_COLOUR('',#18369);
#18594 = STYLED_ITEM('color',(#18595),#12270);
#18595 = PRESENTATION_STYLE_ASSIGNMENT((#18596));
#18596 = SURFACE_STYLE_USAGE(.BOTH.,#18597);
#18597 = SURFACE_SIDE_STYLE('',(#18598));
#18598 = SURFACE_STYLE_FILL_AREA(#18599);
#18599 = FILL_AREA_STYLE('',(#18600));
#18600 = FILL_AREA_STYLE_COLOUR('',#18369);
#18601 = STYLED_ITEM('color',(#18602),#12294);
#18602 = PRESENTATION_STYLE_ASSIGNMENT((#18603));
#18603 = SURFACE_STYLE_USAGE(.BOTH.,#18604);
#18604 = SURFACE_SIDE_STYLE('',(#18605));
#18605 = SURFACE_STYLE_FILL_AREA(#18606);
#18606 = FILL_AREA_STYLE('',(#18607));
#18607 = FILL_AREA_STYLE_COLOUR('',#18369);
#18608 = STYLED_ITEM('color',(#18609),#12318);
#18609 = PRESENTATION_STYLE_ASSIGNMENT((#18610));
#18610 = SURFACE_STYLE_USAGE(.BOTH.,#18611);
#18611 = SURFACE_SIDE_STYLE('',(#18612));
#18612 = SURFACE_STYLE_FILL_AREA(#18613);
#18613 = FILL_AREA_STYLE('',(#18614));
#18614 = FILL_AREA_STYLE_COLOUR('',#18369);
#18615 = STYLED_ITEM('color',(#18616),#12335);
#18616 = PRESENTATION_STYLE_ASSIGNMENT((#18617));
#18617 = SURFACE_STYLE_USAGE(.BOTH.,#18618);
#18618 = SURFACE_SIDE_STYLE('',(#18619));
#18619 = SURFACE_STYLE_FILL_AREA(#18620);
#18620 = FILL_AREA_STYLE('',(#18621));
#18621 = FILL_AREA_STYLE_COLOUR('',#18369);
#18622 = STYLED_ITEM('color',(#18623),#12366);
#18623 = PRESENTATION_STYLE_ASSIGNMENT((#18624));
#18624 = SURFACE_STYLE_USAGE(.BOTH.,#18625);
#18625 = SURFACE_SIDE_STYLE('',(#18626));
#18626 = SURFACE_STYLE_FILL_AREA(#18627);
#18627 = FILL_AREA_STYLE('',(#18628));
#18628 = FILL_AREA_STYLE_COLOUR('',#18369);
#18629 = STYLED_ITEM('color',(#18630),#12390);
#18630 = PRESENTATION_STYLE_ASSIGNMENT((#18631));
#18631 = SURFACE_STYLE_USAGE(.BOTH.,#18632);
#18632 = SURFACE_SIDE_STYLE('',(#18633));
#18633 = SURFACE_STYLE_FILL_AREA(#18634);
#18634 = FILL_AREA_STYLE('',(#18635));
#18635 = FILL_AREA_STYLE_COLOUR('',#18369);
#18636 = STYLED_ITEM('color',(#18637),#12414);
#18637 = PRESENTATION_STYLE_ASSIGNMENT((#18638));
#18638 = SURFACE_STYLE_USAGE(.BOTH.,#18639);
#18639 = SURFACE_SIDE_STYLE('',(#18640));
#18640 = SURFACE_STYLE_FILL_AREA(#18641);
#18641 = FILL_AREA_STYLE('',(#18642));
#18642 = FILL_AREA_STYLE_COLOUR('',#18369);
#18643 = STYLED_ITEM('color',(#18644),#12431);
#18644 = PRESENTATION_STYLE_ASSIGNMENT((#18645));
#18645 = SURFACE_STYLE_USAGE(.BOTH.,#18646);
#18646 = SURFACE_SIDE_STYLE('',(#18647));
#18647 = SURFACE_STYLE_FILL_AREA(#18648);
#18648 = FILL_AREA_STYLE('',(#18649));
#18649 = FILL_AREA_STYLE_COLOUR('',#18369);
#18650 = STYLED_ITEM('color',(#18651),#12462);
#18651 = PRESENTATION_STYLE_ASSIGNMENT((#18652));
#18652 = SURFACE_STYLE_USAGE(.BOTH.,#18653);
#18653 = SURFACE_SIDE_STYLE('',(#18654));
#18654 = SURFACE_STYLE_FILL_AREA(#18655);
#18655 = FILL_AREA_STYLE('',(#18656));
#18656 = FILL_AREA_STYLE_COLOUR('',#18369);
#18657 = STYLED_ITEM('color',(#18658),#12486);
#18658 = PRESENTATION_STYLE_ASSIGNMENT((#18659));
#18659 = SURFACE_STYLE_USAGE(.BOTH.,#18660);
#18660 = SURFACE_SIDE_STYLE('',(#18661));
#18661 = SURFACE_STYLE_FILL_AREA(#18662);
#18662 = FILL_AREA_STYLE('',(#18663));
#18663 = FILL_AREA_STYLE_COLOUR('',#18369);
#18664 = STYLED_ITEM('color',(#18665),#12510);
#18665 = PRESENTATION_STYLE_ASSIGNMENT((#18666));
#18666 = SURFACE_STYLE_USAGE(.BOTH.,#18667);
#18667 = SURFACE_SIDE_STYLE('',(#18668));
#18668 = SURFACE_STYLE_FILL_AREA(#18669);
#18669 = FILL_AREA_STYLE('',(#18670));
#18670 = FILL_AREA_STYLE_COLOUR('',#18369);
#18671 = STYLED_ITEM('color',(#18672),#12527);
#18672 = PRESENTATION_STYLE_ASSIGNMENT((#18673));
#18673 = SURFACE_STYLE_USAGE(.BOTH.,#18674);
#18674 = SURFACE_SIDE_STYLE('',(#18675));
#18675 = SURFACE_STYLE_FILL_AREA(#18676);
#18676 = FILL_AREA_STYLE('',(#18677));
#18677 = FILL_AREA_STYLE_COLOUR('',#18369);
#18678 = STYLED_ITEM('color',(#18679),#12558);
#18679 = PRESENTATION_STYLE_ASSIGNMENT((#18680));
#18680 = SURFACE_STYLE_USAGE(.BOTH.,#18681);
#18681 = SURFACE_SIDE_STYLE('',(#18682));
#18682 = SURFACE_STYLE_FILL_AREA(#18683);
#18683 = FILL_AREA_STYLE('',(#18684));
#18684 = FILL_AREA_STYLE_COLOUR('',#18369);
#18685 = STYLED_ITEM('color',(#18686),#12582);
#18686 = PRESENTATION_STYLE_ASSIGNMENT((#18687));
#18687 = SURFACE_STYLE_USAGE(.BOTH.,#18688);
#18688 = SURFACE_SIDE_STYLE('',(#18689));
#18689 = SURFACE_STYLE_FILL_AREA(#18690);
#18690 = FILL_AREA_STYLE('',(#18691));
#18691 = FILL_AREA_STYLE_COLOUR('',#18369);
#18692 = STYLED_ITEM('color',(#18693),#12606);
#18693 = PRESENTATION_STYLE_ASSIGNMENT((#18694));
#18694 = SURFACE_STYLE_USAGE(.BOTH.,#18695);
#18695 = SURFACE_SIDE_STYLE('',(#18696));
#18696 = SURFACE_STYLE_FILL_AREA(#18697);
#18697 = FILL_AREA_STYLE('',(#18698));
#18698 = FILL_AREA_STYLE_COLOUR('',#18369);
#18699 = STYLED_ITEM('color',(#18700),#12623);
#18700 = PRESENTATION_STYLE_ASSIGNMENT((#18701));
#18701 = SURFACE_STYLE_USAGE(.BOTH.,#18702);
#18702 = SURFACE_SIDE_STYLE('',(#18703));
#18703 = SURFACE_STYLE_FILL_AREA(#18704);
#18704 = FILL_AREA_STYLE('',(#18705));
#18705 = FILL_AREA_STYLE_COLOUR('',#18369);
#18706 = STYLED_ITEM('color',(#18707),#12654);
#18707 = PRESENTATION_STYLE_ASSIGNMENT((#18708));
#18708 = SURFACE_STYLE_USAGE(.BOTH.,#18709);
#18709 = SURFACE_SIDE_STYLE('',(#18710));
#18710 = SURFACE_STYLE_FILL_AREA(#18711);
#18711 = FILL_AREA_STYLE('',(#18712));
#18712 = FILL_AREA_STYLE_COLOUR('',#18369);
#18713 = STYLED_ITEM('color',(#18714),#12678);
#18714 = PRESENTATION_STYLE_ASSIGNMENT((#18715));
#18715 = SURFACE_STYLE_USAGE(.BOTH.,#18716);
#18716 = SURFACE_SIDE_STYLE('',(#18717));
#18717 = SURFACE_STYLE_FILL_AREA(#18718);
#18718 = FILL_AREA_STYLE('',(#18719));
#18719 = FILL_AREA_STYLE_COLOUR('',#18369);
#18720 = STYLED_ITEM('color',(#18721),#12702);
#18721 = PRESENTATION_STYLE_ASSIGNMENT((#18722));
#18722 = SURFACE_STYLE_USAGE(.BOTH.,#18723);
#18723 = SURFACE_SIDE_STYLE('',(#18724));
#18724 = SURFACE_STYLE_FILL_AREA(#18725);
#18725 = FILL_AREA_STYLE('',(#18726));
#18726 = FILL_AREA_STYLE_COLOUR('',#18369);
#18727 = STYLED_ITEM('color',(#18728),#12719);
#18728 = PRESENTATION_STYLE_ASSIGNMENT((#18729));
#18729 = SURFACE_STYLE_USAGE(.BOTH.,#18730);
#18730 = SURFACE_SIDE_STYLE('',(#18731));
#18731 = SURFACE_STYLE_FILL_AREA(#18732);
#18732 = FILL_AREA_STYLE('',(#18733));
#18733 = FILL_AREA_STYLE_COLOUR('',#18369);
#18734 = STYLED_ITEM('color',(#18735),#12750);
#18735 = PRESENTATION_STYLE_ASSIGNMENT((#18736));
#18736 = SURFACE_STYLE_USAGE(.BOTH.,#18737);
#18737 = SURFACE_SIDE_STYLE('',(#18738));
#18738 = SURFACE_STYLE_FILL_AREA(#18739);
#18739 = FILL_AREA_STYLE('',(#18740));
#18740 = FILL_AREA_STYLE_COLOUR('',#18369);
#18741 = STYLED_ITEM('color',(#18742),#12774);
#18742 = PRESENTATION_STYLE_ASSIGNMENT((#18743));
#18743 = SURFACE_STYLE_USAGE(.BOTH.,#18744);
#18744 = SURFACE_SIDE_STYLE('',(#18745));
#18745 = SURFACE_STYLE_FILL_AREA(#18746);
#18746 = FILL_AREA_STYLE('',(#18747));
#18747 = FILL_AREA_STYLE_COLOUR('',#18369);
#18748 = STYLED_ITEM('color',(#18749),#12798);
#18749 = PRESENTATION_STYLE_ASSIGNMENT((#18750));
#18750 = SURFACE_STYLE_USAGE(.BOTH.,#18751);
#18751 = SURFACE_SIDE_STYLE('',(#18752));
#18752 = SURFACE_STYLE_FILL_AREA(#18753);
#18753 = FILL_AREA_STYLE('',(#18754));
#18754 = FILL_AREA_STYLE_COLOUR('',#18369);
#18755 = STYLED_ITEM('color',(#18756),#12815);
#18756 = PRESENTATION_STYLE_ASSIGNMENT((#18757));
#18757 = SURFACE_STYLE_USAGE(.BOTH.,#18758);
#18758 = SURFACE_SIDE_STYLE('',(#18759));
#18759 = SURFACE_STYLE_FILL_AREA(#18760);
#18760 = FILL_AREA_STYLE('',(#18761));
#18761 = FILL_AREA_STYLE_COLOUR('',#18369);
#18762 = STYLED_ITEM('color',(#18763),#12846);
#18763 = PRESENTATION_STYLE_ASSIGNMENT((#18764));
#18764 = SURFACE_STYLE_USAGE(.BOTH.,#18765);
#18765 = SURFACE_SIDE_STYLE('',(#18766));
#18766 = SURFACE_STYLE_FILL_AREA(#18767);
#18767 = FILL_AREA_STYLE('',(#18768));
#18768 = FILL_AREA_STYLE_COLOUR('',#18369);
#18769 = STYLED_ITEM('color',(#18770),#12870);
#18770 = PRESENTATION_STYLE_ASSIGNMENT((#18771));
#18771 = SURFACE_STYLE_USAGE(.BOTH.,#18772);
#18772 = SURFACE_SIDE_STYLE('',(#18773));
#18773 = SURFACE_STYLE_FILL_AREA(#18774);
#18774 = FILL_AREA_STYLE('',(#18775));
#18775 = FILL_AREA_STYLE_COLOUR('',#18369);
#18776 = STYLED_ITEM('color',(#18777),#12894);
#18777 = PRESENTATION_STYLE_ASSIGNMENT((#18778));
#18778 = SURFACE_STYLE_USAGE(.BOTH.,#18779);
#18779 = SURFACE_SIDE_STYLE('',(#18780));
#18780 = SURFACE_STYLE_FILL_AREA(#18781);
#18781 = FILL_AREA_STYLE('',(#18782));
#18782 = FILL_AREA_STYLE_COLOUR('',#18369);
#18783 = STYLED_ITEM('color',(#18784),#12911);
#18784 = PRESENTATION_STYLE_ASSIGNMENT((#18785));
#18785 = SURFACE_STYLE_USAGE(.BOTH.,#18786);
#18786 = SURFACE_SIDE_STYLE('',(#18787));
#18787 = SURFACE_STYLE_FILL_AREA(#18788);
#18788 = FILL_AREA_STYLE('',(#18789));
#18789 = FILL_AREA_STYLE_COLOUR('',#18369);
#18790 = STYLED_ITEM('color',(#18791),#12942);
#18791 = PRESENTATION_STYLE_ASSIGNMENT((#18792));
#18792 = SURFACE_STYLE_USAGE(.BOTH.,#18793);
#18793 = SURFACE_SIDE_STYLE('',(#18794));
#18794 = SURFACE_STYLE_FILL_AREA(#18795);
#18795 = FILL_AREA_STYLE('',(#18796));
#18796 = FILL_AREA_STYLE_COLOUR('',#18369);
#18797 = STYLED_ITEM('color',(#18798),#12966);
#18798 = PRESENTATION_STYLE_ASSIGNMENT((#18799));
#18799 = SURFACE_STYLE_USAGE(.BOTH.,#18800);
#18800 = SURFACE_SIDE_STYLE('',(#18801));
#18801 = SURFACE_STYLE_FILL_AREA(#18802);
#18802 = FILL_AREA_STYLE('',(#18803));
#18803 = FILL_AREA_STYLE_COLOUR('',#18369);
#18804 = STYLED_ITEM('color',(#18805),#12990);
#18805 = PRESENTATION_STYLE_ASSIGNMENT((#18806));
#18806 = SURFACE_STYLE_USAGE(.BOTH.,#18807);
#18807 = SURFACE_SIDE_STYLE('',(#18808));
#18808 = SURFACE_STYLE_FILL_AREA(#18809);
#18809 = FILL_AREA_STYLE('',(#18810));
#18810 = FILL_AREA_STYLE_COLOUR('',#18369);
#18811 = STYLED_ITEM('color',(#18812),#13007);
#18812 = PRESENTATION_STYLE_ASSIGNMENT((#18813));
#18813 = SURFACE_STYLE_USAGE(.BOTH.,#18814);
#18814 = SURFACE_SIDE_STYLE('',(#18815));
#18815 = SURFACE_STYLE_FILL_AREA(#18816);
#18816 = FILL_AREA_STYLE('',(#18817));
#18817 = FILL_AREA_STYLE_COLOUR('',#18369);
#18818 = STYLED_ITEM('color',(#18819),#13038);
#18819 = PRESENTATION_STYLE_ASSIGNMENT((#18820));
#18820 = SURFACE_STYLE_USAGE(.BOTH.,#18821);
#18821 = SURFACE_SIDE_STYLE('',(#18822));
#18822 = SURFACE_STYLE_FILL_AREA(#18823);
#18823 = FILL_AREA_STYLE('',(#18824));
#18824 = FILL_AREA_STYLE_COLOUR('',#18369);
#18825 = STYLED_ITEM('color',(#18826),#13062);
#18826 = PRESENTATION_STYLE_ASSIGNMENT((#18827));
#18827 = SURFACE_STYLE_USAGE(.BOTH.,#18828);
#18828 = SURFACE_SIDE_STYLE('',(#18829));
#18829 = SURFACE_STYLE_FILL_AREA(#18830);
#18830 = FILL_AREA_STYLE('',(#18831));
#18831 = FILL_AREA_STYLE_COLOUR('',#18369);
#18832 = STYLED_ITEM('color',(#18833),#13086);
#18833 = PRESENTATION_STYLE_ASSIGNMENT((#18834));
#18834 = SURFACE_STYLE_USAGE(.BOTH.,#18835);
#18835 = SURFACE_SIDE_STYLE('',(#18836));
#18836 = SURFACE_STYLE_FILL_AREA(#18837);
#18837 = FILL_AREA_STYLE('',(#18838));
#18838 = FILL_AREA_STYLE_COLOUR('',#18369);
#18839 = STYLED_ITEM('color',(#18840),#13103);
#18840 = PRESENTATION_STYLE_ASSIGNMENT((#18841));
#18841 = SURFACE_STYLE_USAGE(.BOTH.,#18842);
#18842 = SURFACE_SIDE_STYLE('',(#18843));
#18843 = SURFACE_STYLE_FILL_AREA(#18844);
#18844 = FILL_AREA_STYLE('',(#18845));
#18845 = FILL_AREA_STYLE_COLOUR('',#18369);
#18846 = STYLED_ITEM('color',(#18847),#13134);
#18847 = PRESENTATION_STYLE_ASSIGNMENT((#18848));
#18848 = SURFACE_STYLE_USAGE(.BOTH.,#18849);
#18849 = SURFACE_SIDE_STYLE('',(#18850));
#18850 = SURFACE_STYLE_FILL_AREA(#18851);
#18851 = FILL_AREA_STYLE('',(#18852));
#18852 = FILL_AREA_STYLE_COLOUR('',#18369);
#18853 = STYLED_ITEM('color',(#18854),#13158);
#18854 = PRESENTATION_STYLE_ASSIGNMENT((#18855));
#18855 = SURFACE_STYLE_USAGE(.BOTH.,#18856);
#18856 = SURFACE_SIDE_STYLE('',(#18857));
#18857 = SURFACE_STYLE_FILL_AREA(#18858);
#18858 = FILL_AREA_STYLE('',(#18859));
#18859 = FILL_AREA_STYLE_COLOUR('',#18369);
#18860 = STYLED_ITEM('color',(#18861),#13182);
#18861 = PRESENTATION_STYLE_ASSIGNMENT((#18862));
#18862 = SURFACE_STYLE_USAGE(.BOTH.,#18863);
#18863 = SURFACE_SIDE_STYLE('',(#18864));
#18864 = SURFACE_STYLE_FILL_AREA(#18865);
#18865 = FILL_AREA_STYLE('',(#18866));
#18866 = FILL_AREA_STYLE_COLOUR('',#18369);
#18867 = STYLED_ITEM('color',(#18868),#13199);
#18868 = PRESENTATION_STYLE_ASSIGNMENT((#18869));
#18869 = SURFACE_STYLE_USAGE(.BOTH.,#18870);
#18870 = SURFACE_SIDE_STYLE('',(#18871));
#18871 = SURFACE_STYLE_FILL_AREA(#18872);
#18872 = FILL_AREA_STYLE('',(#18873));
#18873 = FILL_AREA_STYLE_COLOUR('',#18369);
#18874 = STYLED_ITEM('color',(#18875),#13230);
#18875 = PRESENTATION_STYLE_ASSIGNMENT((#18876));
#18876 = SURFACE_STYLE_USAGE(.BOTH.,#18877);
#18877 = SURFACE_SIDE_STYLE('',(#18878));
#18878 = SURFACE_STYLE_FILL_AREA(#18879);
#18879 = FILL_AREA_STYLE('',(#18880));
#18880 = FILL_AREA_STYLE_COLOUR('',#18369);
#18881 = STYLED_ITEM('color',(#18882),#13254);
#18882 = PRESENTATION_STYLE_ASSIGNMENT((#18883));
#18883 = SURFACE_STYLE_USAGE(.BOTH.,#18884);
#18884 = SURFACE_SIDE_STYLE('',(#18885));
#18885 = SURFACE_STYLE_FILL_AREA(#18886);
#18886 = FILL_AREA_STYLE('',(#18887));
#18887 = FILL_AREA_STYLE_COLOUR('',#18369);
#18888 = STYLED_ITEM('color',(#18889),#13278);
#18889 = PRESENTATION_STYLE_ASSIGNMENT((#18890));
#18890 = SURFACE_STYLE_USAGE(.BOTH.,#18891);
#18891 = SURFACE_SIDE_STYLE('',(#18892));
#18892 = SURFACE_STYLE_FILL_AREA(#18893);
#18893 = FILL_AREA_STYLE('',(#18894));
#18894 = FILL_AREA_STYLE_COLOUR('',#18369);
#18895 = STYLED_ITEM('color',(#18896),#13295);
#18896 = PRESENTATION_STYLE_ASSIGNMENT((#18897));
#18897 = SURFACE_STYLE_USAGE(.BOTH.,#18898);
#18898 = SURFACE_SIDE_STYLE('',(#18899));
#18899 = SURFACE_STYLE_FILL_AREA(#18900);
#18900 = FILL_AREA_STYLE('',(#18901));
#18901 = FILL_AREA_STYLE_COLOUR('',#18369);
#18902 = STYLED_ITEM('color',(#18903),#13326);
#18903 = PRESENTATION_STYLE_ASSIGNMENT((#18904));
#18904 = SURFACE_STYLE_USAGE(.BOTH.,#18905);
#18905 = SURFACE_SIDE_STYLE('',(#18906));
#18906 = SURFACE_STYLE_FILL_AREA(#18907);
#18907 = FILL_AREA_STYLE('',(#18908));
#18908 = FILL_AREA_STYLE_COLOUR('',#18369);
#18909 = STYLED_ITEM('color',(#18910),#13350);
#18910 = PRESENTATION_STYLE_ASSIGNMENT((#18911));
#18911 = SURFACE_STYLE_USAGE(.BOTH.,#18912);
#18912 = SURFACE_SIDE_STYLE('',(#18913));
#18913 = SURFACE_STYLE_FILL_AREA(#18914);
#18914 = FILL_AREA_STYLE('',(#18915));
#18915 = FILL_AREA_STYLE_COLOUR('',#18369);
#18916 = STYLED_ITEM('color',(#18917),#13374);
#18917 = PRESENTATION_STYLE_ASSIGNMENT((#18918));
#18918 = SURFACE_STYLE_USAGE(.BOTH.,#18919);
#18919 = SURFACE_SIDE_STYLE('',(#18920));
#18920 = SURFACE_STYLE_FILL_AREA(#18921);
#18921 = FILL_AREA_STYLE('',(#18922));
#18922 = FILL_AREA_STYLE_COLOUR('',#18369);
#18923 = STYLED_ITEM('color',(#18924),#13391);
#18924 = PRESENTATION_STYLE_ASSIGNMENT((#18925));
#18925 = SURFACE_STYLE_USAGE(.BOTH.,#18926);
#18926 = SURFACE_SIDE_STYLE('',(#18927));
#18927 = SURFACE_STYLE_FILL_AREA(#18928);
#18928 = FILL_AREA_STYLE('',(#18929));
#18929 = FILL_AREA_STYLE_COLOUR('',#18369);
#18930 = STYLED_ITEM('color',(#18931),#13422);
#18931 = PRESENTATION_STYLE_ASSIGNMENT((#18932));
#18932 = SURFACE_STYLE_USAGE(.BOTH.,#18933);
#18933 = SURFACE_SIDE_STYLE('',(#18934));
#18934 = SURFACE_STYLE_FILL_AREA(#18935);
#18935 = FILL_AREA_STYLE('',(#18936));
#18936 = FILL_AREA_STYLE_COLOUR('',#18369);
#18937 = STYLED_ITEM('color',(#18938),#13446);
#18938 = PRESENTATION_STYLE_ASSIGNMENT((#18939));
#18939 = SURFACE_STYLE_USAGE(.BOTH.,#18940);
#18940 = SURFACE_SIDE_STYLE('',(#18941));
#18941 = SURFACE_STYLE_FILL_AREA(#18942);
#18942 = FILL_AREA_STYLE('',(#18943));
#18943 = FILL_AREA_STYLE_COLOUR('',#18369);
#18944 = STYLED_ITEM('color',(#18945),#13470);
#18945 = PRESENTATION_STYLE_ASSIGNMENT((#18946));
#18946 = SURFACE_STYLE_USAGE(.BOTH.,#18947);
#18947 = SURFACE_SIDE_STYLE('',(#18948));
#18948 = SURFACE_STYLE_FILL_AREA(#18949);
#18949 = FILL_AREA_STYLE('',(#18950));
#18950 = FILL_AREA_STYLE_COLOUR('',#18369);
#18951 = STYLED_ITEM('color',(#18952),#13487);
#18952 = PRESENTATION_STYLE_ASSIGNMENT((#18953));
#18953 = SURFACE_STYLE_USAGE(.BOTH.,#18954);
#18954 = SURFACE_SIDE_STYLE('',(#18955));
#18955 = SURFACE_STYLE_FILL_AREA(#18956);
#18956 = FILL_AREA_STYLE('',(#18957));
#18957 = FILL_AREA_STYLE_COLOUR('',#18369);
#18958 = STYLED_ITEM('color',(#18959),#13518);
#18959 = PRESENTATION_STYLE_ASSIGNMENT((#18960));
#18960 = SURFACE_STYLE_USAGE(.BOTH.,#18961);
#18961 = SURFACE_SIDE_STYLE('',(#18962));
#18962 = SURFACE_STYLE_FILL_AREA(#18963);
#18963 = FILL_AREA_STYLE('',(#18964));
#18964 = FILL_AREA_STYLE_COLOUR('',#18369);
#18965 = STYLED_ITEM('color',(#18966),#13542);
#18966 = PRESENTATION_STYLE_ASSIGNMENT((#18967));
#18967 = SURFACE_STYLE_USAGE(.BOTH.,#18968);
#18968 = SURFACE_SIDE_STYLE('',(#18969));
#18969 = SURFACE_STYLE_FILL_AREA(#18970);
#18970 = FILL_AREA_STYLE('',(#18971));
#18971 = FILL_AREA_STYLE_COLOUR('',#18369);
#18972 = STYLED_ITEM('color',(#18973),#13566);
#18973 = PRESENTATION_STYLE_ASSIGNMENT((#18974));
#18974 = SURFACE_STYLE_USAGE(.BOTH.,#18975);
#18975 = SURFACE_SIDE_STYLE('',(#18976));
#18976 = SURFACE_STYLE_FILL_AREA(#18977);
#18977 = FILL_AREA_STYLE('',(#18978));
#18978 = FILL_AREA_STYLE_COLOUR('',#18369);
#18979 = STYLED_ITEM('color',(#18980),#13583);
#18980 = PRESENTATION_STYLE_ASSIGNMENT((#18981));
#18981 = SURFACE_STYLE_USAGE(.BOTH.,#18982);
#18982 = SURFACE_SIDE_STYLE('',(#18983));
#18983 = SURFACE_STYLE_FILL_AREA(#18984);
#18984 = FILL_AREA_STYLE('',(#18985));
#18985 = FILL_AREA_STYLE_COLOUR('',#18369);
#18986 = STYLED_ITEM('color',(#18987),#13614);
#18987 = PRESENTATION_STYLE_ASSIGNMENT((#18988));
#18988 = SURFACE_STYLE_USAGE(.BOTH.,#18989);
#18989 = SURFACE_SIDE_STYLE('',(#18990));
#18990 = SURFACE_STYLE_FILL_AREA(#18991);
#18991 = FILL_AREA_STYLE('',(#18992));
#18992 = FILL_AREA_STYLE_COLOUR('',#18369);
#18993 = STYLED_ITEM('color',(#18994),#13638);
#18994 = PRESENTATION_STYLE_ASSIGNMENT((#18995));
#18995 = SURFACE_STYLE_USAGE(.BOTH.,#18996);
#18996 = SURFACE_SIDE_STYLE('',(#18997));
#18997 = SURFACE_STYLE_FILL_AREA(#18998);
#18998 = FILL_AREA_STYLE('',(#18999));
#18999 = FILL_AREA_STYLE_COLOUR('',#18369);
#19000 = STYLED_ITEM('color',(#19001),#13662);
#19001 = PRESENTATION_STYLE_ASSIGNMENT((#19002));
#19002 = SURFACE_STYLE_USAGE(.BOTH.,#19003);
#19003 = SURFACE_SIDE_STYLE('',(#19004));
#19004 = SURFACE_STYLE_FILL_AREA(#19005);
#19005 = FILL_AREA_STYLE('',(#19006));
#19006 = FILL_AREA_STYLE_COLOUR('',#18369);
#19007 = STYLED_ITEM('color',(#19008),#13679);
#19008 = PRESENTATION_STYLE_ASSIGNMENT((#19009));
#19009 = SURFACE_STYLE_USAGE(.BOTH.,#19010);
#19010 = SURFACE_SIDE_STYLE('',(#19011));
#19011 = SURFACE_STYLE_FILL_AREA(#19012);
#19012 = FILL_AREA_STYLE('',(#19013));
#19013 = FILL_AREA_STYLE_COLOUR('',#18369);
#19014 = STYLED_ITEM('color',(#19015),#13710);
#19015 = PRESENTATION_STYLE_ASSIGNMENT((#19016));
#19016 = SURFACE_STYLE_USAGE(.BOTH.,#19017);
#19017 = SURFACE_SIDE_STYLE('',(#19018));
#19018 = SURFACE_STYLE_FILL_AREA(#19019);
#19019 = FILL_AREA_STYLE('',(#19020));
#19020 = FILL_AREA_STYLE_COLOUR('',#18369);
#19021 = STYLED_ITEM('color',(#19022),#13734);
#19022 = PRESENTATION_STYLE_ASSIGNMENT((#19023));
#19023 = SURFACE_STYLE_USAGE(.BOTH.,#19024);
#19024 = SURFACE_SIDE_STYLE('',(#19025));
#19025 = SURFACE_STYLE_FILL_AREA(#19026);
#19026 = FILL_AREA_STYLE('',(#19027));
#19027 = FILL_AREA_STYLE_COLOUR('',#18369);
#19028 = STYLED_ITEM('color',(#19029),#13758);
#19029 = PRESENTATION_STYLE_ASSIGNMENT((#19030));
#19030 = SURFACE_STYLE_USAGE(.BOTH.,#19031);
#19031 = SURFACE_SIDE_STYLE('',(#19032));
#19032 = SURFACE_STYLE_FILL_AREA(#19033);
#19033 = FILL_AREA_STYLE('',(#19034));
#19034 = FILL_AREA_STYLE_COLOUR('',#18369);
#19035 = STYLED_ITEM('color',(#19036),#13775);
#19036 = PRESENTATION_STYLE_ASSIGNMENT((#19037));
#19037 = SURFACE_STYLE_USAGE(.BOTH.,#19038);
#19038 = SURFACE_SIDE_STYLE('',(#19039));
#19039 = SURFACE_STYLE_FILL_AREA(#19040);
#19040 = FILL_AREA_STYLE('',(#19041));
#19041 = FILL_AREA_STYLE_COLOUR('',#18369);
#19042 = STYLED_ITEM('color',(#19043),#13806);
#19043 = PRESENTATION_STYLE_ASSIGNMENT((#19044));
#19044 = SURFACE_STYLE_USAGE(.BOTH.,#19045);
#19045 = SURFACE_SIDE_STYLE('',(#19046));
#19046 = SURFACE_STYLE_FILL_AREA(#19047);
#19047 = FILL_AREA_STYLE('',(#19048));
#19048 = FILL_AREA_STYLE_COLOUR('',#18369);
#19049 = STYLED_ITEM('color',(#19050),#13830);
#19050 = PRESENTATION_STYLE_ASSIGNMENT((#19051));
#19051 = SURFACE_STYLE_USAGE(.BOTH.,#19052);
#19052 = SURFACE_SIDE_STYLE('',(#19053));
#19053 = SURFACE_STYLE_FILL_AREA(#19054);
#19054 = FILL_AREA_STYLE('',(#19055));
#19055 = FILL_AREA_STYLE_COLOUR('',#18369);
#19056 = STYLED_ITEM('color',(#19057),#13854);
#19057 = PRESENTATION_STYLE_ASSIGNMENT((#19058));
#19058 = SURFACE_STYLE_USAGE(.BOTH.,#19059);
#19059 = SURFACE_SIDE_STYLE('',(#19060));
#19060 = SURFACE_STYLE_FILL_AREA(#19061);
#19061 = FILL_AREA_STYLE('',(#19062));
#19062 = FILL_AREA_STYLE_COLOUR('',#18369);
#19063 = STYLED_ITEM('color',(#19064),#13871);
#19064 = PRESENTATION_STYLE_ASSIGNMENT((#19065));
#19065 = SURFACE_STYLE_USAGE(.BOTH.,#19066);
#19066 = SURFACE_SIDE_STYLE('',(#19067));
#19067 = SURFACE_STYLE_FILL_AREA(#19068);
#19068 = FILL_AREA_STYLE('',(#19069));
#19069 = FILL_AREA_STYLE_COLOUR('',#18369);
#19070 = STYLED_ITEM('color',(#19071),#13902);
#19071 = PRESENTATION_STYLE_ASSIGNMENT((#19072));
#19072 = SURFACE_STYLE_USAGE(.BOTH.,#19073);
#19073 = SURFACE_SIDE_STYLE('',(#19074));
#19074 = SURFACE_STYLE_FILL_AREA(#19075);
#19075 = FILL_AREA_STYLE('',(#19076));
#19076 = FILL_AREA_STYLE_COLOUR('',#18369);
#19077 = STYLED_ITEM('color',(#19078),#13926);
#19078 = PRESENTATION_STYLE_ASSIGNMENT((#19079));
#19079 = SURFACE_STYLE_USAGE(.BOTH.,#19080);
#19080 = SURFACE_SIDE_STYLE('',(#19081));
#19081 = SURFACE_STYLE_FILL_AREA(#19082);
#19082 = FILL_AREA_STYLE('',(#19083));
#19083 = FILL_AREA_STYLE_COLOUR('',#18369);
#19084 = STYLED_ITEM('color',(#19085),#13950);
#19085 = PRESENTATION_STYLE_ASSIGNMENT((#19086));
#19086 = SURFACE_STYLE_USAGE(.BOTH.,#19087);
#19087 = SURFACE_SIDE_STYLE('',(#19088));
#19088 = SURFACE_STYLE_FILL_AREA(#19089);
#19089 = FILL_AREA_STYLE('',(#19090));
#19090 = FILL_AREA_STYLE_COLOUR('',#18369);
#19091 = STYLED_ITEM('color',(#19092),#13967);
#19092 = PRESENTATION_STYLE_ASSIGNMENT((#19093));
#19093 = SURFACE_STYLE_USAGE(.BOTH.,#19094);
#19094 = SURFACE_SIDE_STYLE('',(#19095));
#19095 = SURFACE_STYLE_FILL_AREA(#19096);
#19096 = FILL_AREA_STYLE('',(#19097));
#19097 = FILL_AREA_STYLE_COLOUR('',#18369);
#19098 = STYLED_ITEM('color',(#19099),#13998);
#19099 = PRESENTATION_STYLE_ASSIGNMENT((#19100));
#19100 = SURFACE_STYLE_USAGE(.BOTH.,#19101);
#19101 = SURFACE_SIDE_STYLE('',(#19102));
#19102 = SURFACE_STYLE_FILL_AREA(#19103);
#19103 = FILL_AREA_STYLE('',(#19104));
#19104 = FILL_AREA_STYLE_COLOUR('',#18369);
#19105 = STYLED_ITEM('color',(#19106),#14022);
#19106 = PRESENTATION_STYLE_ASSIGNMENT((#19107));
#19107 = SURFACE_STYLE_USAGE(.BOTH.,#19108);
#19108 = SURFACE_SIDE_STYLE('',(#19109));
#19109 = SURFACE_STYLE_FILL_AREA(#19110);
#19110 = FILL_AREA_STYLE('',(#19111));
#19111 = FILL_AREA_STYLE_COLOUR('',#18369);
#19112 = STYLED_ITEM('color',(#19113),#14046);
#19113 = PRESENTATION_STYLE_ASSIGNMENT((#19114));
#19114 = SURFACE_STYLE_USAGE(.BOTH.,#19115);
#19115 = SURFACE_SIDE_STYLE('',(#19116));
#19116 = SURFACE_STYLE_FILL_AREA(#19117);
#19117 = FILL_AREA_STYLE('',(#19118));
#19118 = FILL_AREA_STYLE_COLOUR('',#18369);
#19119 = STYLED_ITEM('color',(#19120),#14063);
#19120 = PRESENTATION_STYLE_ASSIGNMENT((#19121));
#19121 = SURFACE_STYLE_USAGE(.BOTH.,#19122);
#19122 = SURFACE_SIDE_STYLE('',(#19123));
#19123 = SURFACE_STYLE_FILL_AREA(#19124);
#19124 = FILL_AREA_STYLE('',(#19125));
#19125 = FILL_AREA_STYLE_COLOUR('',#18369);
#19126 = STYLED_ITEM('color',(#19127),#14094);
#19127 = PRESENTATION_STYLE_ASSIGNMENT((#19128));
#19128 = SURFACE_STYLE_USAGE(.BOTH.,#19129);
#19129 = SURFACE_SIDE_STYLE('',(#19130));
#19130 = SURFACE_STYLE_FILL_AREA(#19131);
#19131 = FILL_AREA_STYLE('',(#19132));
#19132 = FILL_AREA_STYLE_COLOUR('',#18369);
#19133 = STYLED_ITEM('color',(#19134),#14118);
#19134 = PRESENTATION_STYLE_ASSIGNMENT((#19135));
#19135 = SURFACE_STYLE_USAGE(.BOTH.,#19136);
#19136 = SURFACE_SIDE_STYLE('',(#19137));
#19137 = SURFACE_STYLE_FILL_AREA(#19138);
#19138 = FILL_AREA_STYLE('',(#19139));
#19139 = FILL_AREA_STYLE_COLOUR('',#18369);
#19140 = STYLED_ITEM('color',(#19141),#14142);
#19141 = PRESENTATION_STYLE_ASSIGNMENT((#19142));
#19142 = SURFACE_STYLE_USAGE(.BOTH.,#19143);
#19143 = SURFACE_SIDE_STYLE('',(#19144));
#19144 = SURFACE_STYLE_FILL_AREA(#19145);
#19145 = FILL_AREA_STYLE('',(#19146));
#19146 = FILL_AREA_STYLE_COLOUR('',#18369);
#19147 = STYLED_ITEM('color',(#19148),#14159);
#19148 = PRESENTATION_STYLE_ASSIGNMENT((#19149));
#19149 = SURFACE_STYLE_USAGE(.BOTH.,#19150);
#19150 = SURFACE_SIDE_STYLE('',(#19151));
#19151 = SURFACE_STYLE_FILL_AREA(#19152);
#19152 = FILL_AREA_STYLE('',(#19153));
#19153 = FILL_AREA_STYLE_COLOUR('',#18369);
#19154 = STYLED_ITEM('color',(#19155),#14171);
#19155 = PRESENTATION_STYLE_ASSIGNMENT((#19156));
#19156 = SURFACE_STYLE_USAGE(.BOTH.,#19157);
#19157 = SURFACE_SIDE_STYLE('',(#19158));
#19158 = SURFACE_STYLE_FILL_AREA(#19159);
#19159 = FILL_AREA_STYLE('',(#19160));
#19160 = FILL_AREA_STYLE_COLOUR('',#18369);
#19161 = STYLED_ITEM('color',(#19162),#14183);
#19162 = PRESENTATION_STYLE_ASSIGNMENT((#19163));
#19163 = SURFACE_STYLE_USAGE(.BOTH.,#19164);
#19164 = SURFACE_SIDE_STYLE('',(#19165));
#19165 = SURFACE_STYLE_FILL_AREA(#19166);
#19166 = FILL_AREA_STYLE('',(#19167));
#19167 = FILL_AREA_STYLE_COLOUR('',#18369);
#19168 = STYLED_ITEM('color',(#19169),#14195);
#19169 = PRESENTATION_STYLE_ASSIGNMENT((#19170));
#19170 = SURFACE_STYLE_USAGE(.BOTH.,#19171);
#19171 = SURFACE_SIDE_STYLE('',(#19172));
#19172 = SURFACE_STYLE_FILL_AREA(#19173);
#19173 = FILL_AREA_STYLE('',(#19174));
#19174 = FILL_AREA_STYLE_COLOUR('',#18369);
#19175 = STYLED_ITEM('color',(#19176),#14207);
#19176 = PRESENTATION_STYLE_ASSIGNMENT((#19177));
#19177 = SURFACE_STYLE_USAGE(.BOTH.,#19178);
#19178 = SURFACE_SIDE_STYLE('',(#19179));
#19179 = SURFACE_STYLE_FILL_AREA(#19180);
#19180 = FILL_AREA_STYLE('',(#19181));
#19181 = FILL_AREA_STYLE_COLOUR('',#18369);
#19182 = STYLED_ITEM('color',(#19183),#14219);
#19183 = PRESENTATION_STYLE_ASSIGNMENT((#19184));
#19184 = SURFACE_STYLE_USAGE(.BOTH.,#19185);
#19185 = SURFACE_SIDE_STYLE('',(#19186));
#19186 = SURFACE_STYLE_FILL_AREA(#19187);
#19187 = FILL_AREA_STYLE('',(#19188));
#19188 = FILL_AREA_STYLE_COLOUR('',#18369);
#19189 = STYLED_ITEM('color',(#19190),#14231);
#19190 = PRESENTATION_STYLE_ASSIGNMENT((#19191));
#19191 = SURFACE_STYLE_USAGE(.BOTH.,#19192);
#19192 = SURFACE_SIDE_STYLE('',(#19193));
#19193 = SURFACE_STYLE_FILL_AREA(#19194);
#19194 = FILL_AREA_STYLE('',(#19195));
#19195 = FILL_AREA_STYLE_COLOUR('',#18369);
#19196 = STYLED_ITEM('color',(#19197),#14243);
#19197 = PRESENTATION_STYLE_ASSIGNMENT((#19198));
#19198 = SURFACE_STYLE_USAGE(.BOTH.,#19199);
#19199 = SURFACE_SIDE_STYLE('',(#19200));
#19200 = SURFACE_STYLE_FILL_AREA(#19201);
#19201 = FILL_AREA_STYLE('',(#19202));
#19202 = FILL_AREA_STYLE_COLOUR('',#18369);
#19203 = STYLED_ITEM('color',(#19204),#14255);
#19204 = PRESENTATION_STYLE_ASSIGNMENT((#19205));
#19205 = SURFACE_STYLE_USAGE(.BOTH.,#19206);
#19206 = SURFACE_SIDE_STYLE('',(#19207));
#19207 = SURFACE_STYLE_FILL_AREA(#19208);
#19208 = FILL_AREA_STYLE('',(#19209));
#19209 = FILL_AREA_STYLE_COLOUR('',#18369);
#19210 = STYLED_ITEM('color',(#19211),#14267);
#19211 = PRESENTATION_STYLE_ASSIGNMENT((#19212));
#19212 = SURFACE_STYLE_USAGE(.BOTH.,#19213);
#19213 = SURFACE_SIDE_STYLE('',(#19214));
#19214 = SURFACE_STYLE_FILL_AREA(#19215);
#19215 = FILL_AREA_STYLE('',(#19216));
#19216 = FILL_AREA_STYLE_COLOUR('',#18369);
#19217 = STYLED_ITEM('color',(#19218),#14279);
#19218 = PRESENTATION_STYLE_ASSIGNMENT((#19219));
#19219 = SURFACE_STYLE_USAGE(.BOTH.,#19220);
#19220 = SURFACE_SIDE_STYLE('',(#19221));
#19221 = SURFACE_STYLE_FILL_AREA(#19222);
#19222 = FILL_AREA_STYLE('',(#19223));
#19223 = FILL_AREA_STYLE_COLOUR('',#18369);
#19224 = STYLED_ITEM('color',(#19225),#14291);
#19225 = PRESENTATION_STYLE_ASSIGNMENT((#19226));
#19226 = SURFACE_STYLE_USAGE(.BOTH.,#19227);
#19227 = SURFACE_SIDE_STYLE('',(#19228));
#19228 = SURFACE_STYLE_FILL_AREA(#19229);
#19229 = FILL_AREA_STYLE('',(#19230));
#19230 = FILL_AREA_STYLE_COLOUR('',#18369);
#19231 = STYLED_ITEM('color',(#19232),#14303);
#19232 = PRESENTATION_STYLE_ASSIGNMENT((#19233));
#19233 = SURFACE_STYLE_USAGE(.BOTH.,#19234);
#19234 = SURFACE_SIDE_STYLE('',(#19235));
#19235 = SURFACE_STYLE_FILL_AREA(#19236);
#19236 = FILL_AREA_STYLE('',(#19237));
#19237 = FILL_AREA_STYLE_COLOUR('',#18369);
#19238 = STYLED_ITEM('color',(#19239),#14315);
#19239 = PRESENTATION_STYLE_ASSIGNMENT((#19240));
#19240 = SURFACE_STYLE_USAGE(.BOTH.,#19241);
#19241 = SURFACE_SIDE_STYLE('',(#19242));
#19242 = SURFACE_STYLE_FILL_AREA(#19243);
#19243 = FILL_AREA_STYLE('',(#19244));
#19244 = FILL_AREA_STYLE_COLOUR('',#18369);
#19245 = MECHANICAL_DESIGN_GEOMETRIC_PRESENTATION_REPRESENTATION('',(
    #19246),#4562);
#19246 = STYLED_ITEM('color',(#19247),#4349);
#19247 = PRESENTATION_STYLE_ASSIGNMENT((#19248));
#19248 = SURFACE_STYLE_USAGE(.BOTH.,#19249);
#19249 = SURFACE_SIDE_STYLE('',(#19250));
#19250 = SURFACE_STYLE_FILL_AREA(#19251);
#19251 = FILL_AREA_STYLE('',(#19252));
#19252 = FILL_AREA_STYLE_COLOUR('',#19253);
#19253 = COLOUR_RGB('',0.,0.250000000672,0.750000000934);
#19254 = MECHANICAL_DESIGN_GEOMETRIC_PRESENTATION_REPRESENTATION('',(
    #19255,#19262,#19269,#19276,#19283,#19290,#19297,#19304,#19311,
    #19318,#19325,#19332,#19339,#19346,#19353,#19360,#19367,#19374,
    #19381,#19388,#19395,#19402,#19409,#19416,#19423,#19430,#19437,
    #19444,#19451,#19458,#19465,#19472,#19479,#19486,#19493,#19500,
    #19507,#19514,#19521,#19528,#19535,#19542,#19549,#19556,#19563,
    #19570,#19577,#19584,#19591,#19598,#19605,#19612,#19619,#19626,
    #19633,#19640,#19647,#19654,#19661,#19668,#19675,#19682,#19689,
    #19696,#19703,#19710,#19717,#19724,#19731,#19738,#19745,#19752,
    #19759,#19766,#19773,#19780,#19787,#19794,#19801,#19808,#19815,
    #19822,#19829,#19836,#19843,#19850,#19857,#19864,#19871,#19878,
    #19885,#19892,#19899,#19906,#19913,#19920,#19927,#19934,#19941,
    #19948),#7376);
#19255 = STYLED_ITEM('color',(#19256),#4598);
#19256 = PRESENTATION_STYLE_ASSIGNMENT((#19257));
#19257 = SURFACE_STYLE_USAGE(.BOTH.,#19258);
#19258 = SURFACE_SIDE_STYLE('',(#19259));
#19259 = SURFACE_STYLE_FILL_AREA(#19260);
#19260 = FILL_AREA_STYLE('',(#19261));
#19261 = FILL_AREA_STYLE_COLOUR('',#18046);
#19262 = STYLED_ITEM('color',(#19263),#4638);
#19263 = PRESENTATION_STYLE_ASSIGNMENT((#19264));
#19264 = SURFACE_STYLE_USAGE(.BOTH.,#19265);
#19265 = SURFACE_SIDE_STYLE('',(#19266));
#19266 = SURFACE_STYLE_FILL_AREA(#19267);
#19267 = FILL_AREA_STYLE('',(#19268));
#19268 = FILL_AREA_STYLE_COLOUR('',#18046);
#19269 = STYLED_ITEM('color',(#19270),#4669);
#19270 = PRESENTATION_STYLE_ASSIGNMENT((#19271));
#19271 = SURFACE_STYLE_USAGE(.BOTH.,#19272);
#19272 = SURFACE_SIDE_STYLE('',(#19273));
#19273 = SURFACE_STYLE_FILL_AREA(#19274);
#19274 = FILL_AREA_STYLE('',(#19275));
#19275 = FILL_AREA_STYLE_COLOUR('',#18046);
#19276 = STYLED_ITEM('color',(#19277),#4700);
#19277 = PRESENTATION_STYLE_ASSIGNMENT((#19278));
#19278 = SURFACE_STYLE_USAGE(.BOTH.,#19279);
#19279 = SURFACE_SIDE_STYLE('',(#19280));
#19280 = SURFACE_STYLE_FILL_AREA(#19281);
#19281 = FILL_AREA_STYLE('',(#19282));
#19282 = FILL_AREA_STYLE_COLOUR('',#18046);
#19283 = STYLED_ITEM('color',(#19284),#5029);
#19284 = PRESENTATION_STYLE_ASSIGNMENT((#19285));
#19285 = SURFACE_STYLE_USAGE(.BOTH.,#19286);
#19286 = SURFACE_SIDE_STYLE('',(#19287));
#19287 = SURFACE_STYLE_FILL_AREA(#19288);
#19288 = FILL_AREA_STYLE('',(#19289));
#19289 = FILL_AREA_STYLE_COLOUR('',#18046);
#19290 = STYLED_ITEM('color',(#19291),#5358);
#19291 = PRESENTATION_STYLE_ASSIGNMENT((#19292));
#19292 = SURFACE_STYLE_USAGE(.BOTH.,#19293);
#19293 = SURFACE_SIDE_STYLE('',(#19294));
#19294 = SURFACE_STYLE_FILL_AREA(#19295);
#19295 = FILL_AREA_STYLE('',(#19296));
#19296 = FILL_AREA_STYLE_COLOUR('',#18046);
#19297 = STYLED_ITEM('color',(#19298),#5375);
#19298 = PRESENTATION_STYLE_ASSIGNMENT((#19299));
#19299 = SURFACE_STYLE_USAGE(.BOTH.,#19300);
#19300 = SURFACE_SIDE_STYLE('',(#19301));
#19301 = SURFACE_STYLE_FILL_AREA(#19302);
#19302 = FILL_AREA_STYLE('',(#19303));
#19303 = FILL_AREA_STYLE_COLOUR('',#18046);
#19304 = STYLED_ITEM('color',(#19305),#5392);
#19305 = PRESENTATION_STYLE_ASSIGNMENT((#19306));
#19306 = SURFACE_STYLE_USAGE(.BOTH.,#19307);
#19307 = SURFACE_SIDE_STYLE('',(#19308));
#19308 = SURFACE_STYLE_FILL_AREA(#19309);
#19309 = FILL_AREA_STYLE('',(#19310));
#19310 = FILL_AREA_STYLE_COLOUR('',#18046);
#19311 = STYLED_ITEM('color',(#19312),#5409);
#19312 = PRESENTATION_STYLE_ASSIGNMENT((#19313));
#19313 = SURFACE_STYLE_USAGE(.BOTH.,#19314);
#19314 = SURFACE_SIDE_STYLE('',(#19315));
#19315 = SURFACE_STYLE_FILL_AREA(#19316);
#19316 = FILL_AREA_STYLE('',(#19317));
#19317 = FILL_AREA_STYLE_COLOUR('',#18046);
#19318 = STYLED_ITEM('color',(#19319),#5426);
#19319 = PRESENTATION_STYLE_ASSIGNMENT((#19320));
#19320 = SURFACE_STYLE_USAGE(.BOTH.,#19321);
#19321 = SURFACE_SIDE_STYLE('',(#19322));
#19322 = SURFACE_STYLE_FILL_AREA(#19323);
#19323 = FILL_AREA_STYLE('',(#19324));
#19324 = FILL_AREA_STYLE_COLOUR('',#18046);
#19325 = STYLED_ITEM('color',(#19326),#5443);
#19326 = PRESENTATION_STYLE_ASSIGNMENT((#19327));
#19327 = SURFACE_STYLE_USAGE(.BOTH.,#19328);
#19328 = SURFACE_SIDE_STYLE('',(#19329));
#19329 = SURFACE_STYLE_FILL_AREA(#19330);
#19330 = FILL_AREA_STYLE('',(#19331));
#19331 = FILL_AREA_STYLE_COLOUR('',#18046);
#19332 = STYLED_ITEM('color',(#19333),#5460);
#19333 = PRESENTATION_STYLE_ASSIGNMENT((#19334));
#19334 = SURFACE_STYLE_USAGE(.BOTH.,#19335);
#19335 = SURFACE_SIDE_STYLE('',(#19336));
#19336 = SURFACE_STYLE_FILL_AREA(#19337);
#19337 = FILL_AREA_STYLE('',(#19338));
#19338 = FILL_AREA_STYLE_COLOUR('',#18046);
#19339 = STYLED_ITEM('color',(#19340),#5477);
#19340 = PRESENTATION_STYLE_ASSIGNMENT((#19341));
#19341 = SURFACE_STYLE_USAGE(.BOTH.,#19342);
#19342 = SURFACE_SIDE_STYLE('',(#19343));
#19343 = SURFACE_STYLE_FILL_AREA(#19344);
#19344 = FILL_AREA_STYLE('',(#19345));
#19345 = FILL_AREA_STYLE_COLOUR('',#18046);
#19346 = STYLED_ITEM('color',(#19347),#5494);
#19347 = PRESENTATION_STYLE_ASSIGNMENT((#19348));
#19348 = SURFACE_STYLE_USAGE(.BOTH.,#19349);
#19349 = SURFACE_SIDE_STYLE('',(#19350));
#19350 = SURFACE_STYLE_FILL_AREA(#19351);
#19351 = FILL_AREA_STYLE('',(#19352));
#19352 = FILL_AREA_STYLE_COLOUR('',#18046);
#19353 = STYLED_ITEM('color',(#19354),#5511);
#19354 = PRESENTATION_STYLE_ASSIGNMENT((#19355));
#19355 = SURFACE_STYLE_USAGE(.BOTH.,#19356);
#19356 = SURFACE_SIDE_STYLE('',(#19357));
#19357 = SURFACE_STYLE_FILL_AREA(#19358);
#19358 = FILL_AREA_STYLE('',(#19359));
#19359 = FILL_AREA_STYLE_COLOUR('',#18046);
#19360 = STYLED_ITEM('color',(#19361),#5528);
#19361 = PRESENTATION_STYLE_ASSIGNMENT((#19362));
#19362 = SURFACE_STYLE_USAGE(.BOTH.,#19363);
#19363 = SURFACE_SIDE_STYLE('',(#19364));
#19364 = SURFACE_STYLE_FILL_AREA(#19365);
#19365 = FILL_AREA_STYLE('',(#19366));
#19366 = FILL_AREA_STYLE_COLOUR('',#18046);
#19367 = STYLED_ITEM('color',(#19368),#5545);
#19368 = PRESENTATION_STYLE_ASSIGNMENT((#19369));
#19369 = SURFACE_STYLE_USAGE(.BOTH.,#19370);
#19370 = SURFACE_SIDE_STYLE('',(#19371));
#19371 = SURFACE_STYLE_FILL_AREA(#19372);
#19372 = FILL_AREA_STYLE('',(#19373));
#19373 = FILL_AREA_STYLE_COLOUR('',#18046);
#19374 = STYLED_ITEM('color',(#19375),#5562);
#19375 = PRESENTATION_STYLE_ASSIGNMENT((#19376));
#19376 = SURFACE_STYLE_USAGE(.BOTH.,#19377);
#19377 = SURFACE_SIDE_STYLE('',(#19378));
#19378 = SURFACE_STYLE_FILL_AREA(#19379);
#19379 = FILL_AREA_STYLE('',(#19380));
#19380 = FILL_AREA_STYLE_COLOUR('',#18046);
#19381 = STYLED_ITEM('color',(#19382),#5579);
#19382 = PRESENTATION_STYLE_ASSIGNMENT((#19383));
#19383 = SURFACE_STYLE_USAGE(.BOTH.,#19384);
#19384 = SURFACE_SIDE_STYLE('',(#19385));
#19385 = SURFACE_STYLE_FILL_AREA(#19386);
#19386 = FILL_AREA_STYLE('',(#19387));
#19387 = FILL_AREA_STYLE_COLOUR('',#18046);
#19388 = STYLED_ITEM('color',(#19389),#5596);
#19389 = PRESENTATION_STYLE_ASSIGNMENT((#19390));
#19390 = SURFACE_STYLE_USAGE(.BOTH.,#19391);
#19391 = SURFACE_SIDE_STYLE('',(#19392));
#19392 = SURFACE_STYLE_FILL_AREA(#19393);
#19393 = FILL_AREA_STYLE('',(#19394));
#19394 = FILL_AREA_STYLE_COLOUR('',#18046);
#19395 = STYLED_ITEM('color',(#19396),#5613);
#19396 = PRESENTATION_STYLE_ASSIGNMENT((#19397));
#19397 = SURFACE_STYLE_USAGE(.BOTH.,#19398);
#19398 = SURFACE_SIDE_STYLE('',(#19399));
#19399 = SURFACE_STYLE_FILL_AREA(#19400);
#19400 = FILL_AREA_STYLE('',(#19401));
#19401 = FILL_AREA_STYLE_COLOUR('',#18046);
#19402 = STYLED_ITEM('color',(#19403),#5630);
#19403 = PRESENTATION_STYLE_ASSIGNMENT((#19404));
#19404 = SURFACE_STYLE_USAGE(.BOTH.,#19405);
#19405 = SURFACE_SIDE_STYLE('',(#19406));
#19406 = SURFACE_STYLE_FILL_AREA(#19407);
#19407 = FILL_AREA_STYLE('',(#19408));
#19408 = FILL_AREA_STYLE_COLOUR('',#18046);
#19409 = STYLED_ITEM('color',(#19410),#5647);
#19410 = PRESENTATION_STYLE_ASSIGNMENT((#19411));
#19411 = SURFACE_STYLE_USAGE(.BOTH.,#19412);
#19412 = SURFACE_SIDE_STYLE('',(#19413));
#19413 = SURFACE_STYLE_FILL_AREA(#19414);
#19414 = FILL_AREA_STYLE('',(#19415));
#19415 = FILL_AREA_STYLE_COLOUR('',#18046);
#19416 = STYLED_ITEM('color',(#19417),#5664);
#19417 = PRESENTATION_STYLE_ASSIGNMENT((#19418));
#19418 = SURFACE_STYLE_USAGE(.BOTH.,#19419);
#19419 = SURFACE_SIDE_STYLE('',(#19420));
#19420 = SURFACE_STYLE_FILL_AREA(#19421);
#19421 = FILL_AREA_STYLE('',(#19422));
#19422 = FILL_AREA_STYLE_COLOUR('',#18046);
#19423 = STYLED_ITEM('color',(#19424),#5681);
#19424 = PRESENTATION_STYLE_ASSIGNMENT((#19425));
#19425 = SURFACE_STYLE_USAGE(.BOTH.,#19426);
#19426 = SURFACE_SIDE_STYLE('',(#19427));
#19427 = SURFACE_STYLE_FILL_AREA(#19428);
#19428 = FILL_AREA_STYLE('',(#19429));
#19429 = FILL_AREA_STYLE_COLOUR('',#18046);
#19430 = STYLED_ITEM('color',(#19431),#5698);
#19431 = PRESENTATION_STYLE_ASSIGNMENT((#19432));
#19432 = SURFACE_STYLE_USAGE(.BOTH.,#19433);
#19433 = SURFACE_SIDE_STYLE('',(#19434));
#19434 = SURFACE_STYLE_FILL_AREA(#19435);
#19435 = FILL_AREA_STYLE('',(#19436));
#19436 = FILL_AREA_STYLE_COLOUR('',#18046);
#19437 = STYLED_ITEM('color',(#19438),#5715);
#19438 = PRESENTATION_STYLE_ASSIGNMENT((#19439));
#19439 = SURFACE_STYLE_USAGE(.BOTH.,#19440);
#19440 = SURFACE_SIDE_STYLE('',(#19441));
#19441 = SURFACE_STYLE_FILL_AREA(#19442);
#19442 = FILL_AREA_STYLE('',(#19443));
#19443 = FILL_AREA_STYLE_COLOUR('',#18046);
#19444 = STYLED_ITEM('color',(#19445),#5732);
#19445 = PRESENTATION_STYLE_ASSIGNMENT((#19446));
#19446 = SURFACE_STYLE_USAGE(.BOTH.,#19447);
#19447 = SURFACE_SIDE_STYLE('',(#19448));
#19448 = SURFACE_STYLE_FILL_AREA(#19449);
#19449 = FILL_AREA_STYLE('',(#19450));
#19450 = FILL_AREA_STYLE_COLOUR('',#18046);
#19451 = STYLED_ITEM('color',(#19452),#5744);
#19452 = PRESENTATION_STYLE_ASSIGNMENT((#19453));
#19453 = SURFACE_STYLE_USAGE(.BOTH.,#19454);
#19454 = SURFACE_SIDE_STYLE('',(#19455));
#19455 = SURFACE_STYLE_FILL_AREA(#19456);
#19456 = FILL_AREA_STYLE('',(#19457));
#19457 = FILL_AREA_STYLE_COLOUR('',#18369);
#19458 = STYLED_ITEM('color',(#19459),#5775);
#19459 = PRESENTATION_STYLE_ASSIGNMENT((#19460));
#19460 = SURFACE_STYLE_USAGE(.BOTH.,#19461);
#19461 = SURFACE_SIDE_STYLE('',(#19462));
#19462 = SURFACE_STYLE_FILL_AREA(#19463);
#19463 = FILL_AREA_STYLE('',(#19464));
#19464 = FILL_AREA_STYLE_COLOUR('',#18369);
#19465 = STYLED_ITEM('color',(#19466),#5799);
#19466 = PRESENTATION_STYLE_ASSIGNMENT((#19467));
#19467 = SURFACE_STYLE_USAGE(.BOTH.,#19468);
#19468 = SURFACE_SIDE_STYLE('',(#19469));
#19469 = SURFACE_STYLE_FILL_AREA(#19470);
#19470 = FILL_AREA_STYLE('',(#19471));
#19471 = FILL_AREA_STYLE_COLOUR('',#18369);
#19472 = STYLED_ITEM('color',(#19473),#5823);
#19473 = PRESENTATION_STYLE_ASSIGNMENT((#19474));
#19474 = SURFACE_STYLE_USAGE(.BOTH.,#19475);
#19475 = SURFACE_SIDE_STYLE('',(#19476));
#19476 = SURFACE_STYLE_FILL_AREA(#19477);
#19477 = FILL_AREA_STYLE('',(#19478));
#19478 = FILL_AREA_STYLE_COLOUR('',#18369);
#19479 = STYLED_ITEM('color',(#19480),#5840);
#19480 = PRESENTATION_STYLE_ASSIGNMENT((#19481));
#19481 = SURFACE_STYLE_USAGE(.BOTH.,#19482);
#19482 = SURFACE_SIDE_STYLE('',(#19483));
#19483 = SURFACE_STYLE_FILL_AREA(#19484);
#19484 = FILL_AREA_STYLE('',(#19485));
#19485 = FILL_AREA_STYLE_COLOUR('',#18369);
#19486 = STYLED_ITEM('color',(#19487),#5871);
#19487 = PRESENTATION_STYLE_ASSIGNMENT((#19488));
#19488 = SURFACE_STYLE_USAGE(.BOTH.,#19489);
#19489 = SURFACE_SIDE_STYLE('',(#19490));
#19490 = SURFACE_STYLE_FILL_AREA(#19491);
#19491 = FILL_AREA_STYLE('',(#19492));
#19492 = FILL_AREA_STYLE_COLOUR('',#18369);
#19493 = STYLED_ITEM('color',(#19494),#5895);
#19494 = PRESENTATION_STYLE_ASSIGNMENT((#19495));
#19495 = SURFACE_STYLE_USAGE(.BOTH.,#19496);
#19496 = SURFACE_SIDE_STYLE('',(#19497));
#19497 = SURFACE_STYLE_FILL_AREA(#19498);
#19498 = FILL_AREA_STYLE('',(#19499));
#19499 = FILL_AREA_STYLE_COLOUR('',#18369);
#19500 = STYLED_ITEM('color',(#19501),#5919);
#19501 = PRESENTATION_STYLE_ASSIGNMENT((#19502));
#19502 = SURFACE_STYLE_USAGE(.BOTH.,#19503);
#19503 = SURFACE_SIDE_STYLE('',(#19504));
#19504 = SURFACE_STYLE_FILL_AREA(#19505);
#19505 = FILL_AREA_STYLE('',(#19506));
#19506 = FILL_AREA_STYLE_COLOUR('',#18369);
#19507 = STYLED_ITEM('color',(#19508),#5936);
#19508 = PRESENTATION_STYLE_ASSIGNMENT((#19509));
#19509 = SURFACE_STYLE_USAGE(.BOTH.,#19510);
#19510 = SURFACE_SIDE_STYLE('',(#19511));
#19511 = SURFACE_STYLE_FILL_AREA(#19512);
#19512 = FILL_AREA_STYLE('',(#19513));
#19513 = FILL_AREA_STYLE_COLOUR('',#18369);
#19514 = STYLED_ITEM('color',(#19515),#5967);
#19515 = PRESENTATION_STYLE_ASSIGNMENT((#19516));
#19516 = SURFACE_STYLE_USAGE(.BOTH.,#19517);
#19517 = SURFACE_SIDE_STYLE('',(#19518));
#19518 = SURFACE_STYLE_FILL_AREA(#19519);
#19519 = FILL_AREA_STYLE('',(#19520));
#19520 = FILL_AREA_STYLE_COLOUR('',#18369);
#19521 = STYLED_ITEM('color',(#19522),#5991);
#19522 = PRESENTATION_STYLE_ASSIGNMENT((#19523));
#19523 = SURFACE_STYLE_USAGE(.BOTH.,#19524);
#19524 = SURFACE_SIDE_STYLE('',(#19525));
#19525 = SURFACE_STYLE_FILL_AREA(#19526);
#19526 = FILL_AREA_STYLE('',(#19527));
#19527 = FILL_AREA_STYLE_COLOUR('',#18369);
#19528 = STYLED_ITEM('color',(#19529),#6015);
#19529 = PRESENTATION_STYLE_ASSIGNMENT((#19530));
#19530 = SURFACE_STYLE_USAGE(.BOTH.,#19531);
#19531 = SURFACE_SIDE_STYLE('',(#19532));
#19532 = SURFACE_STYLE_FILL_AREA(#19533);
#19533 = FILL_AREA_STYLE('',(#19534));
#19534 = FILL_AREA_STYLE_COLOUR('',#18369);
#19535 = STYLED_ITEM('color',(#19536),#6032);
#19536 = PRESENTATION_STYLE_ASSIGNMENT((#19537));
#19537 = SURFACE_STYLE_USAGE(.BOTH.,#19538);
#19538 = SURFACE_SIDE_STYLE('',(#19539));
#19539 = SURFACE_STYLE_FILL_AREA(#19540);
#19540 = FILL_AREA_STYLE('',(#19541));
#19541 = FILL_AREA_STYLE_COLOUR('',#18369);
#19542 = STYLED_ITEM('color',(#19543),#6063);
#19543 = PRESENTATION_STYLE_ASSIGNMENT((#19544));
#19544 = SURFACE_STYLE_USAGE(.BOTH.,#19545);
#19545 = SURFACE_SIDE_STYLE('',(#19546));
#19546 = SURFACE_STYLE_FILL_AREA(#19547);
#19547 = FILL_AREA_STYLE('',(#19548));
#19548 = FILL_AREA_STYLE_COLOUR('',#18369);
#19549 = STYLED_ITEM('color',(#19550),#6087);
#19550 = PRESENTATION_STYLE_ASSIGNMENT((#19551));
#19551 = SURFACE_STYLE_USAGE(.BOTH.,#19552);
#19552 = SURFACE_SIDE_STYLE('',(#19553));
#19553 = SURFACE_STYLE_FILL_AREA(#19554);
#19554 = FILL_AREA_STYLE('',(#19555));
#19555 = FILL_AREA_STYLE_COLOUR('',#18369);
#19556 = STYLED_ITEM('color',(#19557),#6111);
#19557 = PRESENTATION_STYLE_ASSIGNMENT((#19558));
#19558 = SURFACE_STYLE_USAGE(.BOTH.,#19559);
#19559 = SURFACE_SIDE_STYLE('',(#19560));
#19560 = SURFACE_STYLE_FILL_AREA(#19561);
#19561 = FILL_AREA_STYLE('',(#19562));
#19562 = FILL_AREA_STYLE_COLOUR('',#18369);
#19563 = STYLED_ITEM('color',(#19564),#6128);
#19564 = PRESENTATION_STYLE_ASSIGNMENT((#19565));
#19565 = SURFACE_STYLE_USAGE(.BOTH.,#19566);
#19566 = SURFACE_SIDE_STYLE('',(#19567));
#19567 = SURFACE_STYLE_FILL_AREA(#19568);
#19568 = FILL_AREA_STYLE('',(#19569));
#19569 = FILL_AREA_STYLE_COLOUR('',#18369);
#19570 = STYLED_ITEM('color',(#19571),#6159);
#19571 = PRESENTATION_STYLE_ASSIGNMENT((#19572));
#19572 = SURFACE_STYLE_USAGE(.BOTH.,#19573);
#19573 = SURFACE_SIDE_STYLE('',(#19574));
#19574 = SURFACE_STYLE_FILL_AREA(#19575);
#19575 = FILL_AREA_STYLE('',(#19576));
#19576 = FILL_AREA_STYLE_COLOUR('',#18369);
#19577 = STYLED_ITEM('color',(#19578),#6183);
#19578 = PRESENTATION_STYLE_ASSIGNMENT((#19579));
#19579 = SURFACE_STYLE_USAGE(.BOTH.,#19580);
#19580 = SURFACE_SIDE_STYLE('',(#19581));
#19581 = SURFACE_STYLE_FILL_AREA(#19582);
#19582 = FILL_AREA_STYLE('',(#19583));
#19583 = FILL_AREA_STYLE_COLOUR('',#18369);
#19584 = STYLED_ITEM('color',(#19585),#6207);
#19585 = PRESENTATION_STYLE_ASSIGNMENT((#19586));
#19586 = SURFACE_STYLE_USAGE(.BOTH.,#19587);
#19587 = SURFACE_SIDE_STYLE('',(#19588));
#19588 = SURFACE_STYLE_FILL_AREA(#19589);
#19589 = FILL_AREA_STYLE('',(#19590));
#19590 = FILL_AREA_STYLE_COLOUR('',#18369);
#19591 = STYLED_ITEM('color',(#19592),#6224);
#19592 = PRESENTATION_STYLE_ASSIGNMENT((#19593));
#19593 = SURFACE_STYLE_USAGE(.BOTH.,#19594);
#19594 = SURFACE_SIDE_STYLE('',(#19595));
#19595 = SURFACE_STYLE_FILL_AREA(#19596);
#19596 = FILL_AREA_STYLE('',(#19597));
#19597 = FILL_AREA_STYLE_COLOUR('',#18369);
#19598 = STYLED_ITEM('color',(#19599),#6255);
#19599 = PRESENTATION_STYLE_ASSIGNMENT((#19600));
#19600 = SURFACE_STYLE_USAGE(.BOTH.,#19601);
#19601 = SURFACE_SIDE_STYLE('',(#19602));
#19602 = SURFACE_STYLE_FILL_AREA(#19603);
#19603 = FILL_AREA_STYLE('',(#19604));
#19604 = FILL_AREA_STYLE_COLOUR('',#18369);
#19605 = STYLED_ITEM('color',(#19606),#6279);
#19606 = PRESENTATION_STYLE_ASSIGNMENT((#19607));
#19607 = SURFACE_STYLE_USAGE(.BOTH.,#19608);
#19608 = SURFACE_SIDE_STYLE('',(#19609));
#19609 = SURFACE_STYLE_FILL_AREA(#19610);
#19610 = FILL_AREA_STYLE('',(#19611));
#19611 = FILL_AREA_STYLE_COLOUR('',#18369);
#19612 = STYLED_ITEM('color',(#19613),#6303);
#19613 = PRESENTATION_STYLE_ASSIGNMENT((#19614));
#19614 = SURFACE_STYLE_USAGE(.BOTH.,#19615);
#19615 = SURFACE_SIDE_STYLE('',(#19616));
#19616 = SURFACE_STYLE_FILL_AREA(#19617);
#19617 = FILL_AREA_STYLE('',(#19618));
#19618 = FILL_AREA_STYLE_COLOUR('',#18369);
#19619 = STYLED_ITEM('color',(#19620),#6320);
#19620 = PRESENTATION_STYLE_ASSIGNMENT((#19621));
#19621 = SURFACE_STYLE_USAGE(.BOTH.,#19622);
#19622 = SURFACE_SIDE_STYLE('',(#19623));
#19623 = SURFACE_STYLE_FILL_AREA(#19624);
#19624 = FILL_AREA_STYLE('',(#19625));
#19625 = FILL_AREA_STYLE_COLOUR('',#18369);
#19626 = STYLED_ITEM('color',(#19627),#6351);
#19627 = PRESENTATION_STYLE_ASSIGNMENT((#19628));
#19628 = SURFACE_STYLE_USAGE(.BOTH.,#19629);
#19629 = SURFACE_SIDE_STYLE('',(#19630));
#19630 = SURFACE_STYLE_FILL_AREA(#19631);
#19631 = FILL_AREA_STYLE('',(#19632));
#19632 = FILL_AREA_STYLE_COLOUR('',#18369);
#19633 = STYLED_ITEM('color',(#19634),#6375);
#19634 = PRESENTATION_STYLE_ASSIGNMENT((#19635));
#19635 = SURFACE_STYLE_USAGE(.BOTH.,#19636);
#19636 = SURFACE_SIDE_STYLE('',(#19637));
#19637 = SURFACE_STYLE_FILL_AREA(#19638);
#19638 = FILL_AREA_STYLE('',(#19639));
#19639 = FILL_AREA_STYLE_COLOUR('',#18369);
#19640 = STYLED_ITEM('color',(#19641),#6399);
#19641 = PRESENTATION_STYLE_ASSIGNMENT((#19642));
#19642 = SURFACE_STYLE_USAGE(.BOTH.,#19643);
#19643 = SURFACE_SIDE_STYLE('',(#19644));
#19644 = SURFACE_STYLE_FILL_AREA(#19645);
#19645 = FILL_AREA_STYLE('',(#19646));
#19646 = FILL_AREA_STYLE_COLOUR('',#18369);
#19647 = STYLED_ITEM('color',(#19648),#6416);
#19648 = PRESENTATION_STYLE_ASSIGNMENT((#19649));
#19649 = SURFACE_STYLE_USAGE(.BOTH.,#19650);
#19650 = SURFACE_SIDE_STYLE('',(#19651));
#19651 = SURFACE_STYLE_FILL_AREA(#19652);
#19652 = FILL_AREA_STYLE('',(#19653));
#19653 = FILL_AREA_STYLE_COLOUR('',#18369);
#19654 = STYLED_ITEM('color',(#19655),#6447);
#19655 = PRESENTATION_STYLE_ASSIGNMENT((#19656));
#19656 = SURFACE_STYLE_USAGE(.BOTH.,#19657);
#19657 = SURFACE_SIDE_STYLE('',(#19658));
#19658 = SURFACE_STYLE_FILL_AREA(#19659);
#19659 = FILL_AREA_STYLE('',(#19660));
#19660 = FILL_AREA_STYLE_COLOUR('',#18369);
#19661 = STYLED_ITEM('color',(#19662),#6471);
#19662 = PRESENTATION_STYLE_ASSIGNMENT((#19663));
#19663 = SURFACE_STYLE_USAGE(.BOTH.,#19664);
#19664 = SURFACE_SIDE_STYLE('',(#19665));
#19665 = SURFACE_STYLE_FILL_AREA(#19666);
#19666 = FILL_AREA_STYLE('',(#19667));
#19667 = FILL_AREA_STYLE_COLOUR('',#18369);
#19668 = STYLED_ITEM('color',(#19669),#6495);
#19669 = PRESENTATION_STYLE_ASSIGNMENT((#19670));
#19670 = SURFACE_STYLE_USAGE(.BOTH.,#19671);
#19671 = SURFACE_SIDE_STYLE('',(#19672));
#19672 = SURFACE_STYLE_FILL_AREA(#19673);
#19673 = FILL_AREA_STYLE('',(#19674));
#19674 = FILL_AREA_STYLE_COLOUR('',#18369);
#19675 = STYLED_ITEM('color',(#19676),#6512);
#19676 = PRESENTATION_STYLE_ASSIGNMENT((#19677));
#19677 = SURFACE_STYLE_USAGE(.BOTH.,#19678);
#19678 = SURFACE_SIDE_STYLE('',(#19679));
#19679 = SURFACE_STYLE_FILL_AREA(#19680);
#19680 = FILL_AREA_STYLE('',(#19681));
#19681 = FILL_AREA_STYLE_COLOUR('',#18369);
#19682 = STYLED_ITEM('color',(#19683),#6543);
#19683 = PRESENTATION_STYLE_ASSIGNMENT((#19684));
#19684 = SURFACE_STYLE_USAGE(.BOTH.,#19685);
#19685 = SURFACE_SIDE_STYLE('',(#19686));
#19686 = SURFACE_STYLE_FILL_AREA(#19687);
#19687 = FILL_AREA_STYLE('',(#19688));
#19688 = FILL_AREA_STYLE_COLOUR('',#18369);
#19689 = STYLED_ITEM('color',(#19690),#6567);
#19690 = PRESENTATION_STYLE_ASSIGNMENT((#19691));
#19691 = SURFACE_STYLE_USAGE(.BOTH.,#19692);
#19692 = SURFACE_SIDE_STYLE('',(#19693));
#19693 = SURFACE_STYLE_FILL_AREA(#19694);
#19694 = FILL_AREA_STYLE('',(#19695));
#19695 = FILL_AREA_STYLE_COLOUR('',#18369);
#19696 = STYLED_ITEM('color',(#19697),#6591);
#19697 = PRESENTATION_STYLE_ASSIGNMENT((#19698));
#19698 = SURFACE_STYLE_USAGE(.BOTH.,#19699);
#19699 = SURFACE_SIDE_STYLE('',(#19700));
#19700 = SURFACE_STYLE_FILL_AREA(#19701);
#19701 = FILL_AREA_STYLE('',(#19702));
#19702 = FILL_AREA_STYLE_COLOUR('',#18369);
#19703 = STYLED_ITEM('color',(#19704),#6608);
#19704 = PRESENTATION_STYLE_ASSIGNMENT((#19705));
#19705 = SURFACE_STYLE_USAGE(.BOTH.,#19706);
#19706 = SURFACE_SIDE_STYLE('',(#19707));
#19707 = SURFACE_STYLE_FILL_AREA(#19708);
#19708 = FILL_AREA_STYLE('',(#19709));
#19709 = FILL_AREA_STYLE_COLOUR('',#18369);
#19710 = STYLED_ITEM('color',(#19711),#6639);
#19711 = PRESENTATION_STYLE_ASSIGNMENT((#19712));
#19712 = SURFACE_STYLE_USAGE(.BOTH.,#19713);
#19713 = SURFACE_SIDE_STYLE('',(#19714));
#19714 = SURFACE_STYLE_FILL_AREA(#19715);
#19715 = FILL_AREA_STYLE('',(#19716));
#19716 = FILL_AREA_STYLE_COLOUR('',#18369);
#19717 = STYLED_ITEM('color',(#19718),#6663);
#19718 = PRESENTATION_STYLE_ASSIGNMENT((#19719));
#19719 = SURFACE_STYLE_USAGE(.BOTH.,#19720);
#19720 = SURFACE_SIDE_STYLE('',(#19721));
#19721 = SURFACE_STYLE_FILL_AREA(#19722);
#19722 = FILL_AREA_STYLE('',(#19723));
#19723 = FILL_AREA_STYLE_COLOUR('',#18369);
#19724 = STYLED_ITEM('color',(#19725),#6687);
#19725 = PRESENTATION_STYLE_ASSIGNMENT((#19726));
#19726 = SURFACE_STYLE_USAGE(.BOTH.,#19727);
#19727 = SURFACE_SIDE_STYLE('',(#19728));
#19728 = SURFACE_STYLE_FILL_AREA(#19729);
#19729 = FILL_AREA_STYLE('',(#19730));
#19730 = FILL_AREA_STYLE_COLOUR('',#18369);
#19731 = STYLED_ITEM('color',(#19732),#6704);
#19732 = PRESENTATION_STYLE_ASSIGNMENT((#19733));
#19733 = SURFACE_STYLE_USAGE(.BOTH.,#19734);
#19734 = SURFACE_SIDE_STYLE('',(#19735));
#19735 = SURFACE_STYLE_FILL_AREA(#19736);
#19736 = FILL_AREA_STYLE('',(#19737));
#19737 = FILL_AREA_STYLE_COLOUR('',#18369);
#19738 = STYLED_ITEM('color',(#19739),#6735);
#19739 = PRESENTATION_STYLE_ASSIGNMENT((#19740));
#19740 = SURFACE_STYLE_USAGE(.BOTH.,#19741);
#19741 = SURFACE_SIDE_STYLE('',(#19742));
#19742 = SURFACE_STYLE_FILL_AREA(#19743);
#19743 = FILL_AREA_STYLE('',(#19744));
#19744 = FILL_AREA_STYLE_COLOUR('',#18369);
#19745 = STYLED_ITEM('color',(#19746),#6759);
#19746 = PRESENTATION_STYLE_ASSIGNMENT((#19747));
#19747 = SURFACE_STYLE_USAGE(.BOTH.,#19748);
#19748 = SURFACE_SIDE_STYLE('',(#19749));
#19749 = SURFACE_STYLE_FILL_AREA(#19750);
#19750 = FILL_AREA_STYLE('',(#19751));
#19751 = FILL_AREA_STYLE_COLOUR('',#18369);
#19752 = STYLED_ITEM('color',(#19753),#6783);
#19753 = PRESENTATION_STYLE_ASSIGNMENT((#19754));
#19754 = SURFACE_STYLE_USAGE(.BOTH.,#19755);
#19755 = SURFACE_SIDE_STYLE('',(#19756));
#19756 = SURFACE_STYLE_FILL_AREA(#19757);
#19757 = FILL_AREA_STYLE('',(#19758));
#19758 = FILL_AREA_STYLE_COLOUR('',#18369);
#19759 = STYLED_ITEM('color',(#19760),#6800);
#19760 = PRESENTATION_STYLE_ASSIGNMENT((#19761));
#19761 = SURFACE_STYLE_USAGE(.BOTH.,#19762);
#19762 = SURFACE_SIDE_STYLE('',(#19763));
#19763 = SURFACE_STYLE_FILL_AREA(#19764);
#19764 = FILL_AREA_STYLE('',(#19765));
#19765 = FILL_AREA_STYLE_COLOUR('',#18369);
#19766 = STYLED_ITEM('color',(#19767),#6831);
#19767 = PRESENTATION_STYLE_ASSIGNMENT((#19768));
#19768 = SURFACE_STYLE_USAGE(.BOTH.,#19769);
#19769 = SURFACE_SIDE_STYLE('',(#19770));
#19770 = SURFACE_STYLE_FILL_AREA(#19771);
#19771 = FILL_AREA_STYLE('',(#19772));
#19772 = FILL_AREA_STYLE_COLOUR('',#18369);
#19773 = STYLED_ITEM('color',(#19774),#6855);
#19774 = PRESENTATION_STYLE_ASSIGNMENT((#19775));
#19775 = SURFACE_STYLE_USAGE(.BOTH.,#19776);
#19776 = SURFACE_SIDE_STYLE('',(#19777));
#19777 = SURFACE_STYLE_FILL_AREA(#19778);
#19778 = FILL_AREA_STYLE('',(#19779));
#19779 = FILL_AREA_STYLE_COLOUR('',#18369);
#19780 = STYLED_ITEM('color',(#19781),#6879);
#19781 = PRESENTATION_STYLE_ASSIGNMENT((#19782));
#19782 = SURFACE_STYLE_USAGE(.BOTH.,#19783);
#19783 = SURFACE_SIDE_STYLE('',(#19784));
#19784 = SURFACE_STYLE_FILL_AREA(#19785);
#19785 = FILL_AREA_STYLE('',(#19786));
#19786 = FILL_AREA_STYLE_COLOUR('',#18369);
#19787 = STYLED_ITEM('color',(#19788),#6896);
#19788 = PRESENTATION_STYLE_ASSIGNMENT((#19789));
#19789 = SURFACE_STYLE_USAGE(.BOTH.,#19790);
#19790 = SURFACE_SIDE_STYLE('',(#19791));
#19791 = SURFACE_STYLE_FILL_AREA(#19792);
#19792 = FILL_AREA_STYLE('',(#19793));
#19793 = FILL_AREA_STYLE_COLOUR('',#18369);
#19794 = STYLED_ITEM('color',(#19795),#6927);
#19795 = PRESENTATION_STYLE_ASSIGNMENT((#19796));
#19796 = SURFACE_STYLE_USAGE(.BOTH.,#19797);
#19797 = SURFACE_SIDE_STYLE('',(#19798));
#19798 = SURFACE_STYLE_FILL_AREA(#19799);
#19799 = FILL_AREA_STYLE('',(#19800));
#19800 = FILL_AREA_STYLE_COLOUR('',#18369);
#19801 = STYLED_ITEM('color',(#19802),#6951);
#19802 = PRESENTATION_STYLE_ASSIGNMENT((#19803));
#19803 = SURFACE_STYLE_USAGE(.BOTH.,#19804);
#19804 = SURFACE_SIDE_STYLE('',(#19805));
#19805 = SURFACE_STYLE_FILL_AREA(#19806);
#19806 = FILL_AREA_STYLE('',(#19807));
#19807 = FILL_AREA_STYLE_COLOUR('',#18369);
#19808 = STYLED_ITEM('color',(#19809),#6975);
#19809 = PRESENTATION_STYLE_ASSIGNMENT((#19810));
#19810 = SURFACE_STYLE_USAGE(.BOTH.,#19811);
#19811 = SURFACE_SIDE_STYLE('',(#19812));
#19812 = SURFACE_STYLE_FILL_AREA(#19813);
#19813 = FILL_AREA_STYLE('',(#19814));
#19814 = FILL_AREA_STYLE_COLOUR('',#18369);
#19815 = STYLED_ITEM('color',(#19816),#6992);
#19816 = PRESENTATION_STYLE_ASSIGNMENT((#19817));
#19817 = SURFACE_STYLE_USAGE(.BOTH.,#19818);
#19818 = SURFACE_SIDE_STYLE('',(#19819));
#19819 = SURFACE_STYLE_FILL_AREA(#19820);
#19820 = FILL_AREA_STYLE('',(#19821));
#19821 = FILL_AREA_STYLE_COLOUR('',#18369);
#19822 = STYLED_ITEM('color',(#19823),#7023);
#19823 = PRESENTATION_STYLE_ASSIGNMENT((#19824));
#19824 = SURFACE_STYLE_USAGE(.BOTH.,#19825);
#19825 = SURFACE_SIDE_STYLE('',(#19826));
#19826 = SURFACE_STYLE_FILL_AREA(#19827);
#19827 = FILL_AREA_STYLE('',(#19828));
#19828 = FILL_AREA_STYLE_COLOUR('',#18369);
#19829 = STYLED_ITEM('color',(#19830),#7047);
#19830 = PRESENTATION_STYLE_ASSIGNMENT((#19831));
#19831 = SURFACE_STYLE_USAGE(.BOTH.,#19832);
#19832 = SURFACE_SIDE_STYLE('',(#19833));
#19833 = SURFACE_STYLE_FILL_AREA(#19834);
#19834 = FILL_AREA_STYLE('',(#19835));
#19835 = FILL_AREA_STYLE_COLOUR('',#18369);
#19836 = STYLED_ITEM('color',(#19837),#7071);
#19837 = PRESENTATION_STYLE_ASSIGNMENT((#19838));
#19838 = SURFACE_STYLE_USAGE(.BOTH.,#19839);
#19839 = SURFACE_SIDE_STYLE('',(#19840));
#19840 = SURFACE_STYLE_FILL_AREA(#19841);
#19841 = FILL_AREA_STYLE('',(#19842));
#19842 = FILL_AREA_STYLE_COLOUR('',#18369);
#19843 = STYLED_ITEM('color',(#19844),#7088);
#19844 = PRESENTATION_STYLE_ASSIGNMENT((#19845));
#19845 = SURFACE_STYLE_USAGE(.BOTH.,#19846);
#19846 = SURFACE_SIDE_STYLE('',(#19847));
#19847 = SURFACE_STYLE_FILL_AREA(#19848);
#19848 = FILL_AREA_STYLE('',(#19849));
#19849 = FILL_AREA_STYLE_COLOUR('',#18369);
#19850 = STYLED_ITEM('color',(#19851),#7119);
#19851 = PRESENTATION_STYLE_ASSIGNMENT((#19852));
#19852 = SURFACE_STYLE_USAGE(.BOTH.,#19853);
#19853 = SURFACE_SIDE_STYLE('',(#19854));
#19854 = SURFACE_STYLE_FILL_AREA(#19855);
#19855 = FILL_AREA_STYLE('',(#19856));
#19856 = FILL_AREA_STYLE_COLOUR('',#18369);
#19857 = STYLED_ITEM('color',(#19858),#7143);
#19858 = PRESENTATION_STYLE_ASSIGNMENT((#19859));
#19859 = SURFACE_STYLE_USAGE(.BOTH.,#19860);
#19860 = SURFACE_SIDE_STYLE('',(#19861));
#19861 = SURFACE_STYLE_FILL_AREA(#19862);
#19862 = FILL_AREA_STYLE('',(#19863));
#19863 = FILL_AREA_STYLE_COLOUR('',#18369);
#19864 = STYLED_ITEM('color',(#19865),#7167);
#19865 = PRESENTATION_STYLE_ASSIGNMENT((#19866));
#19866 = SURFACE_STYLE_USAGE(.BOTH.,#19867);
#19867 = SURFACE_SIDE_STYLE('',(#19868));
#19868 = SURFACE_STYLE_FILL_AREA(#19869);
#19869 = FILL_AREA_STYLE('',(#19870));
#19870 = FILL_AREA_STYLE_COLOUR('',#18369);
#19871 = STYLED_ITEM('color',(#19872),#7184);
#19872 = PRESENTATION_STYLE_ASSIGNMENT((#19873));
#19873 = SURFACE_STYLE_USAGE(.BOTH.,#19874);
#19874 = SURFACE_SIDE_STYLE('',(#19875));
#19875 = SURFACE_STYLE_FILL_AREA(#19876);
#19876 = FILL_AREA_STYLE('',(#19877));
#19877 = FILL_AREA_STYLE_COLOUR('',#18369);
#19878 = STYLED_ITEM('color',(#19879),#7215);
#19879 = PRESENTATION_STYLE_ASSIGNMENT((#19880));
#19880 = SURFACE_STYLE_USAGE(.BOTH.,#19881);
#19881 = SURFACE_SIDE_STYLE('',(#19882));
#19882 = SURFACE_STYLE_FILL_AREA(#19883);
#19883 = FILL_AREA_STYLE('',(#19884));
#19884 = FILL_AREA_STYLE_COLOUR('',#18369);
#19885 = STYLED_ITEM('color',(#19886),#7239);
#19886 = PRESENTATION_STYLE_ASSIGNMENT((#19887));
#19887 = SURFACE_STYLE_USAGE(.BOTH.,#19888);
#19888 = SURFACE_SIDE_STYLE('',(#19889));
#19889 = SURFACE_STYLE_FILL_AREA(#19890);
#19890 = FILL_AREA_STYLE('',(#19891));
#19891 = FILL_AREA_STYLE_COLOUR('',#18369);
#19892 = STYLED_ITEM('color',(#19893),#7263);
#19893 = PRESENTATION_STYLE_ASSIGNMENT((#19894));
#19894 = SURFACE_STYLE_USAGE(.BOTH.,#19895);
#19895 = SURFACE_SIDE_STYLE('',(#19896));
#19896 = SURFACE_STYLE_FILL_AREA(#19897);
#19897 = FILL_AREA_STYLE('',(#19898));
#19898 = FILL_AREA_STYLE_COLOUR('',#18369);
#19899 = STYLED_ITEM('color',(#19900),#7280);
#19900 = PRESENTATION_STYLE_ASSIGNMENT((#19901));
#19901 = SURFACE_STYLE_USAGE(.BOTH.,#19902);
#19902 = SURFACE_SIDE_STYLE('',(#19903));
#19903 = SURFACE_STYLE_FILL_AREA(#19904);
#19904 = FILL_AREA_STYLE('',(#19905));
#19905 = FILL_AREA_STYLE_COLOUR('',#18369);
#19906 = STYLED_ITEM('color',(#19907),#7292);
#19907 = PRESENTATION_STYLE_ASSIGNMENT((#19908));
#19908 = SURFACE_STYLE_USAGE(.BOTH.,#19909);
#19909 = SURFACE_SIDE_STYLE('',(#19910));
#19910 = SURFACE_STYLE_FILL_AREA(#19911);
#19911 = FILL_AREA_STYLE('',(#19912));
#19912 = FILL_AREA_STYLE_COLOUR('',#18369);
#19913 = STYLED_ITEM('color',(#19914),#7304);
#19914 = PRESENTATION_STYLE_ASSIGNMENT((#19915));
#19915 = SURFACE_STYLE_USAGE(.BOTH.,#19916);
#19916 = SURFACE_SIDE_STYLE('',(#19917));
#19917 = SURFACE_STYLE_FILL_AREA(#19918);
#19918 = FILL_AREA_STYLE('',(#19919));
#19919 = FILL_AREA_STYLE_COLOUR('',#18369);
#19920 = STYLED_ITEM('color',(#19921),#7316);
#19921 = PRESENTATION_STYLE_ASSIGNMENT((#19922));
#19922 = SURFACE_STYLE_USAGE(.BOTH.,#19923);
#19923 = SURFACE_SIDE_STYLE('',(#19924));
#19924 = SURFACE_STYLE_FILL_AREA(#19925);
#19925 = FILL_AREA_STYLE('',(#19926));
#19926 = FILL_AREA_STYLE_COLOUR('',#18369);
#19927 = STYLED_ITEM('color',(#19928),#7328);
#19928 = PRESENTATION_STYLE_ASSIGNMENT((#19929));
#19929 = SURFACE_STYLE_USAGE(.BOTH.,#19930);
#19930 = SURFACE_SIDE_STYLE('',(#19931));
#19931 = SURFACE_STYLE_FILL_AREA(#19932);
#19932 = FILL_AREA_STYLE('',(#19933));
#19933 = FILL_AREA_STYLE_COLOUR('',#18369);
#19934 = STYLED_ITEM('color',(#19935),#7340);
#19935 = PRESENTATION_STYLE_ASSIGNMENT((#19936));
#19936 = SURFACE_STYLE_USAGE(.BOTH.,#19937);
#19937 = SURFACE_SIDE_STYLE('',(#19938));
#19938 = SURFACE_STYLE_FILL_AREA(#19939);
#19939 = FILL_AREA_STYLE('',(#19940));
#19940 = FILL_AREA_STYLE_COLOUR('',#18369);
#19941 = STYLED_ITEM('color',(#19942),#7352);
#19942 = PRESENTATION_STYLE_ASSIGNMENT((#19943));
#19943 = SURFACE_STYLE_USAGE(.BOTH.,#19944);
#19944 = SURFACE_SIDE_STYLE('',(#19945));
#19945 = SURFACE_STYLE_FILL_AREA(#19946);
#19946 = FILL_AREA_STYLE('',(#19947));
#19947 = FILL_AREA_STYLE_COLOUR('',#18369);
#19948 = STYLED_ITEM('color',(#19949),#7364);
#19949 = PRESENTATION_STYLE_ASSIGNMENT((#19950));
#19950 = SURFACE_STYLE_USAGE(.BOTH.,#19951);
#19951 = SURFACE_SIDE_STYLE('',(#19952));
#19952 = SURFACE_STYLE_FILL_AREA(#19953);
#19953 = FILL_AREA_STYLE('',(#19954));
#19954 = FILL_AREA_STYLE_COLOUR('',#18369);
#19955 = MECHANICAL_DESIGN_GEOMETRIC_PRESENTATION_REPRESENTATION('',(
    #19956,#19963,#19970,#19977,#19984,#19991,#19998,#20005,#20012,
    #20019,#20026,#20033,#20040,#20047,#20054,#20061,#20068,#20075,
    #20082,#20089,#20096,#20103,#20110,#20117,#20124,#20131,#20138,
    #20145,#20152,#20159,#20166,#20173,#20180,#20187,#20194,#20201,
    #20208,#20215,#20222,#20229,#20236,#20243,#20250,#20257,#20264,
    #20271,#20278,#20285,#20292,#20299,#20306,#20313,#20320,#20327,
    #20334,#20341,#20348,#20355,#20362,#20369,#20376,#20383,#20390,
    #20397,#20404,#20411,#20418,#20425,#20432,#20439,#20446,#20453,
    #20460,#20467,#20474,#20481),#9501);
#19956 = STYLED_ITEM('color',(#19957),#7397);
#19957 = PRESENTATION_STYLE_ASSIGNMENT((#19958));
#19958 = SURFACE_STYLE_USAGE(.BOTH.,#19959);
#19959 = SURFACE_SIDE_STYLE('',(#19960));
#19960 = SURFACE_STYLE_FILL_AREA(#19961);
#19961 = FILL_AREA_STYLE('',(#19962));
#19962 = FILL_AREA_STYLE_COLOUR('',#18046);
#19963 = STYLED_ITEM('color',(#19964),#7437);
#19964 = PRESENTATION_STYLE_ASSIGNMENT((#19965));
#19965 = SURFACE_STYLE_USAGE(.BOTH.,#19966);
#19966 = SURFACE_SIDE_STYLE('',(#19967));
#19967 = SURFACE_STYLE_FILL_AREA(#19968);
#19968 = FILL_AREA_STYLE('',(#19969));
#19969 = FILL_AREA_STYLE_COLOUR('',#18046);
#19970 = STYLED_ITEM('color',(#19971),#7468);
#19971 = PRESENTATION_STYLE_ASSIGNMENT((#19972));
#19972 = SURFACE_STYLE_USAGE(.BOTH.,#19973);
#19973 = SURFACE_SIDE_STYLE('',(#19974));
#19974 = SURFACE_STYLE_FILL_AREA(#19975);
#19975 = FILL_AREA_STYLE('',(#19976));
#19976 = FILL_AREA_STYLE_COLOUR('',#18046);
#19977 = STYLED_ITEM('color',(#19978),#7499);
#19978 = PRESENTATION_STYLE_ASSIGNMENT((#19979));
#19979 = SURFACE_STYLE_USAGE(.BOTH.,#19980);
#19980 = SURFACE_SIDE_STYLE('',(#19981));
#19981 = SURFACE_STYLE_FILL_AREA(#19982);
#19982 = FILL_AREA_STYLE('',(#19983));
#19983 = FILL_AREA_STYLE_COLOUR('',#18046);
#19984 = STYLED_ITEM('color',(#19985),#7746);
#19985 = PRESENTATION_STYLE_ASSIGNMENT((#19986));
#19986 = SURFACE_STYLE_USAGE(.BOTH.,#19987);
#19987 = SURFACE_SIDE_STYLE('',(#19988));
#19988 = SURFACE_STYLE_FILL_AREA(#19989);
#19989 = FILL_AREA_STYLE('',(#19990));
#19990 = FILL_AREA_STYLE_COLOUR('',#18046);
#19991 = STYLED_ITEM('color',(#19992),#7993);
#19992 = PRESENTATION_STYLE_ASSIGNMENT((#19993));
#19993 = SURFACE_STYLE_USAGE(.BOTH.,#19994);
#19994 = SURFACE_SIDE_STYLE('',(#19995));
#19995 = SURFACE_STYLE_FILL_AREA(#19996);
#19996 = FILL_AREA_STYLE('',(#19997));
#19997 = FILL_AREA_STYLE_COLOUR('',#18046);
#19998 = STYLED_ITEM('color',(#19999),#8010);
#19999 = PRESENTATION_STYLE_ASSIGNMENT((#20000));
#20000 = SURFACE_STYLE_USAGE(.BOTH.,#20001);
#20001 = SURFACE_SIDE_STYLE('',(#20002));
#20002 = SURFACE_STYLE_FILL_AREA(#20003);
#20003 = FILL_AREA_STYLE('',(#20004));
#20004 = FILL_AREA_STYLE_COLOUR('',#18046);
#20005 = STYLED_ITEM('color',(#20006),#8027);
#20006 = PRESENTATION_STYLE_ASSIGNMENT((#20007));
#20007 = SURFACE_STYLE_USAGE(.BOTH.,#20008);
#20008 = SURFACE_SIDE_STYLE('',(#20009));
#20009 = SURFACE_STYLE_FILL_AREA(#20010);
#20010 = FILL_AREA_STYLE('',(#20011));
#20011 = FILL_AREA_STYLE_COLOUR('',#18046);
#20012 = STYLED_ITEM('color',(#20013),#8044);
#20013 = PRESENTATION_STYLE_ASSIGNMENT((#20014));
#20014 = SURFACE_STYLE_USAGE(.BOTH.,#20015);
#20015 = SURFACE_SIDE_STYLE('',(#20016));
#20016 = SURFACE_STYLE_FILL_AREA(#20017);
#20017 = FILL_AREA_STYLE('',(#20018));
#20018 = FILL_AREA_STYLE_COLOUR('',#18046);
#20019 = STYLED_ITEM('color',(#20020),#8061);
#20020 = PRESENTATION_STYLE_ASSIGNMENT((#20021));
#20021 = SURFACE_STYLE_USAGE(.BOTH.,#20022);
#20022 = SURFACE_SIDE_STYLE('',(#20023));
#20023 = SURFACE_STYLE_FILL_AREA(#20024);
#20024 = FILL_AREA_STYLE('',(#20025));
#20025 = FILL_AREA_STYLE_COLOUR('',#18046);
#20026 = STYLED_ITEM('color',(#20027),#8078);
#20027 = PRESENTATION_STYLE_ASSIGNMENT((#20028));
#20028 = SURFACE_STYLE_USAGE(.BOTH.,#20029);
#20029 = SURFACE_SIDE_STYLE('',(#20030));
#20030 = SURFACE_STYLE_FILL_AREA(#20031);
#20031 = FILL_AREA_STYLE('',(#20032));
#20032 = FILL_AREA_STYLE_COLOUR('',#18046);
#20033 = STYLED_ITEM('color',(#20034),#8095);
#20034 = PRESENTATION_STYLE_ASSIGNMENT((#20035));
#20035 = SURFACE_STYLE_USAGE(.BOTH.,#20036);
#20036 = SURFACE_SIDE_STYLE('',(#20037));
#20037 = SURFACE_STYLE_FILL_AREA(#20038);
#20038 = FILL_AREA_STYLE('',(#20039));
#20039 = FILL_AREA_STYLE_COLOUR('',#18046);
#20040 = STYLED_ITEM('color',(#20041),#8112);
#20041 = PRESENTATION_STYLE_ASSIGNMENT((#20042));
#20042 = SURFACE_STYLE_USAGE(.BOTH.,#20043);
#20043 = SURFACE_SIDE_STYLE('',(#20044));
#20044 = SURFACE_STYLE_FILL_AREA(#20045);
#20045 = FILL_AREA_STYLE('',(#20046));
#20046 = FILL_AREA_STYLE_COLOUR('',#18046);
#20047 = STYLED_ITEM('color',(#20048),#8129);
#20048 = PRESENTATION_STYLE_ASSIGNMENT((#20049));
#20049 = SURFACE_STYLE_USAGE(.BOTH.,#20050);
#20050 = SURFACE_SIDE_STYLE('',(#20051));
#20051 = SURFACE_STYLE_FILL_AREA(#20052);
#20052 = FILL_AREA_STYLE('',(#20053));
#20053 = FILL_AREA_STYLE_COLOUR('',#18046);
#20054 = STYLED_ITEM('color',(#20055),#8146);
#20055 = PRESENTATION_STYLE_ASSIGNMENT((#20056));
#20056 = SURFACE_STYLE_USAGE(.BOTH.,#20057);
#20057 = SURFACE_SIDE_STYLE('',(#20058));
#20058 = SURFACE_STYLE_FILL_AREA(#20059);
#20059 = FILL_AREA_STYLE('',(#20060));
#20060 = FILL_AREA_STYLE_COLOUR('',#18046);
#20061 = STYLED_ITEM('color',(#20062),#8163);
#20062 = PRESENTATION_STYLE_ASSIGNMENT((#20063));
#20063 = SURFACE_STYLE_USAGE(.BOTH.,#20064);
#20064 = SURFACE_SIDE_STYLE('',(#20065));
#20065 = SURFACE_STYLE_FILL_AREA(#20066);
#20066 = FILL_AREA_STYLE('',(#20067));
#20067 = FILL_AREA_STYLE_COLOUR('',#18046);
#20068 = STYLED_ITEM('color',(#20069),#8180);
#20069 = PRESENTATION_STYLE_ASSIGNMENT((#20070));
#20070 = SURFACE_STYLE_USAGE(.BOTH.,#20071);
#20071 = SURFACE_SIDE_STYLE('',(#20072));
#20072 = SURFACE_STYLE_FILL_AREA(#20073);
#20073 = FILL_AREA_STYLE('',(#20074));
#20074 = FILL_AREA_STYLE_COLOUR('',#18046);
#20075 = STYLED_ITEM('color',(#20076),#8197);
#20076 = PRESENTATION_STYLE_ASSIGNMENT((#20077));
#20077 = SURFACE_STYLE_USAGE(.BOTH.,#20078);
#20078 = SURFACE_SIDE_STYLE('',(#20079));
#20079 = SURFACE_STYLE_FILL_AREA(#20080);
#20080 = FILL_AREA_STYLE('',(#20081));
#20081 = FILL_AREA_STYLE_COLOUR('',#18046);
#20082 = STYLED_ITEM('color',(#20083),#8214);
#20083 = PRESENTATION_STYLE_ASSIGNMENT((#20084));
#20084 = SURFACE_STYLE_USAGE(.BOTH.,#20085);
#20085 = SURFACE_SIDE_STYLE('',(#20086));
#20086 = SURFACE_STYLE_FILL_AREA(#20087);
#20087 = FILL_AREA_STYLE('',(#20088));
#20088 = FILL_AREA_STYLE_COLOUR('',#18046);
#20089 = STYLED_ITEM('color',(#20090),#8231);
#20090 = PRESENTATION_STYLE_ASSIGNMENT((#20091));
#20091 = SURFACE_STYLE_USAGE(.BOTH.,#20092);
#20092 = SURFACE_SIDE_STYLE('',(#20093));
#20093 = SURFACE_STYLE_FILL_AREA(#20094);
#20094 = FILL_AREA_STYLE('',(#20095));
#20095 = FILL_AREA_STYLE_COLOUR('',#18046);
#20096 = STYLED_ITEM('color',(#20097),#8248);
#20097 = PRESENTATION_STYLE_ASSIGNMENT((#20098));
#20098 = SURFACE_STYLE_USAGE(.BOTH.,#20099);
#20099 = SURFACE_SIDE_STYLE('',(#20100));
#20100 = SURFACE_STYLE_FILL_AREA(#20101);
#20101 = FILL_AREA_STYLE('',(#20102));
#20102 = FILL_AREA_STYLE_COLOUR('',#18046);
#20103 = STYLED_ITEM('color',(#20104),#8265);
#20104 = PRESENTATION_STYLE_ASSIGNMENT((#20105));
#20105 = SURFACE_STYLE_USAGE(.BOTH.,#20106);
#20106 = SURFACE_SIDE_STYLE('',(#20107));
#20107 = SURFACE_STYLE_FILL_AREA(#20108);
#20108 = FILL_AREA_STYLE('',(#20109));
#20109 = FILL_AREA_STYLE_COLOUR('',#18046);
#20110 = STYLED_ITEM('color',(#20111),#8277);
#20111 = PRESENTATION_STYLE_ASSIGNMENT((#20112));
#20112 = SURFACE_STYLE_USAGE(.BOTH.,#20113);
#20113 = SURFACE_SIDE_STYLE('',(#20114));
#20114 = SURFACE_STYLE_FILL_AREA(#20115);
#20115 = FILL_AREA_STYLE('',(#20116));
#20116 = FILL_AREA_STYLE_COLOUR('',#18369);
#20117 = STYLED_ITEM('color',(#20118),#8308);
#20118 = PRESENTATION_STYLE_ASSIGNMENT((#20119));
#20119 = SURFACE_STYLE_USAGE(.BOTH.,#20120);
#20120 = SURFACE_SIDE_STYLE('',(#20121));
#20121 = SURFACE_STYLE_FILL_AREA(#20122);
#20122 = FILL_AREA_STYLE('',(#20123));
#20123 = FILL_AREA_STYLE_COLOUR('',#18369);
#20124 = STYLED_ITEM('color',(#20125),#8332);
#20125 = PRESENTATION_STYLE_ASSIGNMENT((#20126));
#20126 = SURFACE_STYLE_USAGE(.BOTH.,#20127);
#20127 = SURFACE_SIDE_STYLE('',(#20128));
#20128 = SURFACE_STYLE_FILL_AREA(#20129);
#20129 = FILL_AREA_STYLE('',(#20130));
#20130 = FILL_AREA_STYLE_COLOUR('',#18369);
#20131 = STYLED_ITEM('color',(#20132),#8356);
#20132 = PRESENTATION_STYLE_ASSIGNMENT((#20133));
#20133 = SURFACE_STYLE_USAGE(.BOTH.,#20134);
#20134 = SURFACE_SIDE_STYLE('',(#20135));
#20135 = SURFACE_STYLE_FILL_AREA(#20136);
#20136 = FILL_AREA_STYLE('',(#20137));
#20137 = FILL_AREA_STYLE_COLOUR('',#18369);
#20138 = STYLED_ITEM('color',(#20139),#8373);
#20139 = PRESENTATION_STYLE_ASSIGNMENT((#20140));
#20140 = SURFACE_STYLE_USAGE(.BOTH.,#20141);
#20141 = SURFACE_SIDE_STYLE('',(#20142));
#20142 = SURFACE_STYLE_FILL_AREA(#20143);
#20143 = FILL_AREA_STYLE('',(#20144));
#20144 = FILL_AREA_STYLE_COLOUR('',#18369);
#20145 = STYLED_ITEM('color',(#20146),#8404);
#20146 = PRESENTATION_STYLE_ASSIGNMENT((#20147));
#20147 = SURFACE_STYLE_USAGE(.BOTH.,#20148);
#20148 = SURFACE_SIDE_STYLE('',(#20149));
#20149 = SURFACE_STYLE_FILL_AREA(#20150);
#20150 = FILL_AREA_STYLE('',(#20151));
#20151 = FILL_AREA_STYLE_COLOUR('',#18369);
#20152 = STYLED_ITEM('color',(#20153),#8428);
#20153 = PRESENTATION_STYLE_ASSIGNMENT((#20154));
#20154 = SURFACE_STYLE_USAGE(.BOTH.,#20155);
#20155 = SURFACE_SIDE_STYLE('',(#20156));
#20156 = SURFACE_STYLE_FILL_AREA(#20157);
#20157 = FILL_AREA_STYLE('',(#20158));
#20158 = FILL_AREA_STYLE_COLOUR('',#18369);
#20159 = STYLED_ITEM('color',(#20160),#8452);
#20160 = PRESENTATION_STYLE_ASSIGNMENT((#20161));
#20161 = SURFACE_STYLE_USAGE(.BOTH.,#20162);
#20162 = SURFACE_SIDE_STYLE('',(#20163));
#20163 = SURFACE_STYLE_FILL_AREA(#20164);
#20164 = FILL_AREA_STYLE('',(#20165));
#20165 = FILL_AREA_STYLE_COLOUR('',#18369);
#20166 = STYLED_ITEM('color',(#20167),#8469);
#20167 = PRESENTATION_STYLE_ASSIGNMENT((#20168));
#20168 = SURFACE_STYLE_USAGE(.BOTH.,#20169);
#20169 = SURFACE_SIDE_STYLE('',(#20170));
#20170 = SURFACE_STYLE_FILL_AREA(#20171);
#20171 = FILL_AREA_STYLE('',(#20172));
#20172 = FILL_AREA_STYLE_COLOUR('',#18369);
#20173 = STYLED_ITEM('color',(#20174),#8500);
#20174 = PRESENTATION_STYLE_ASSIGNMENT((#20175));
#20175 = SURFACE_STYLE_USAGE(.BOTH.,#20176);
#20176 = SURFACE_SIDE_STYLE('',(#20177));
#20177 = SURFACE_STYLE_FILL_AREA(#20178);
#20178 = FILL_AREA_STYLE('',(#20179));
#20179 = FILL_AREA_STYLE_COLOUR('',#18369);
#20180 = STYLED_ITEM('color',(#20181),#8524);
#20181 = PRESENTATION_STYLE_ASSIGNMENT((#20182));
#20182 = SURFACE_STYLE_USAGE(.BOTH.,#20183);
#20183 = SURFACE_SIDE_STYLE('',(#20184));
#20184 = SURFACE_STYLE_FILL_AREA(#20185);
#20185 = FILL_AREA_STYLE('',(#20186));
#20186 = FILL_AREA_STYLE_COLOUR('',#18369);
#20187 = STYLED_ITEM('color',(#20188),#8548);
#20188 = PRESENTATION_STYLE_ASSIGNMENT((#20189));
#20189 = SURFACE_STYLE_USAGE(.BOTH.,#20190);
#20190 = SURFACE_SIDE_STYLE('',(#20191));
#20191 = SURFACE_STYLE_FILL_AREA(#20192);
#20192 = FILL_AREA_STYLE('',(#20193));
#20193 = FILL_AREA_STYLE_COLOUR('',#18369);
#20194 = STYLED_ITEM('color',(#20195),#8565);
#20195 = PRESENTATION_STYLE_ASSIGNMENT((#20196));
#20196 = SURFACE_STYLE_USAGE(.BOTH.,#20197);
#20197 = SURFACE_SIDE_STYLE('',(#20198));
#20198 = SURFACE_STYLE_FILL_AREA(#20199);
#20199 = FILL_AREA_STYLE('',(#20200));
#20200 = FILL_AREA_STYLE_COLOUR('',#18369);
#20201 = STYLED_ITEM('color',(#20202),#8596);
#20202 = PRESENTATION_STYLE_ASSIGNMENT((#20203));
#20203 = SURFACE_STYLE_USAGE(.BOTH.,#20204);
#20204 = SURFACE_SIDE_STYLE('',(#20205));
#20205 = SURFACE_STYLE_FILL_AREA(#20206);
#20206 = FILL_AREA_STYLE('',(#20207));
#20207 = FILL_AREA_STYLE_COLOUR('',#18369);
#20208 = STYLED_ITEM('color',(#20209),#8620);
#20209 = PRESENTATION_STYLE_ASSIGNMENT((#20210));
#20210 = SURFACE_STYLE_USAGE(.BOTH.,#20211);
#20211 = SURFACE_SIDE_STYLE('',(#20212));
#20212 = SURFACE_STYLE_FILL_AREA(#20213);
#20213 = FILL_AREA_STYLE('',(#20214));
#20214 = FILL_AREA_STYLE_COLOUR('',#18369);
#20215 = STYLED_ITEM('color',(#20216),#8644);
#20216 = PRESENTATION_STYLE_ASSIGNMENT((#20217));
#20217 = SURFACE_STYLE_USAGE(.BOTH.,#20218);
#20218 = SURFACE_SIDE_STYLE('',(#20219));
#20219 = SURFACE_STYLE_FILL_AREA(#20220);
#20220 = FILL_AREA_STYLE('',(#20221));
#20221 = FILL_AREA_STYLE_COLOUR('',#18369);
#20222 = STYLED_ITEM('color',(#20223),#8661);
#20223 = PRESENTATION_STYLE_ASSIGNMENT((#20224));
#20224 = SURFACE_STYLE_USAGE(.BOTH.,#20225);
#20225 = SURFACE_SIDE_STYLE('',(#20226));
#20226 = SURFACE_STYLE_FILL_AREA(#20227);
#20227 = FILL_AREA_STYLE('',(#20228));
#20228 = FILL_AREA_STYLE_COLOUR('',#18369);
#20229 = STYLED_ITEM('color',(#20230),#8692);
#20230 = PRESENTATION_STYLE_ASSIGNMENT((#20231));
#20231 = SURFACE_STYLE_USAGE(.BOTH.,#20232);
#20232 = SURFACE_SIDE_STYLE('',(#20233));
#20233 = SURFACE_STYLE_FILL_AREA(#20234);
#20234 = FILL_AREA_STYLE('',(#20235));
#20235 = FILL_AREA_STYLE_COLOUR('',#18369);
#20236 = STYLED_ITEM('color',(#20237),#8716);
#20237 = PRESENTATION_STYLE_ASSIGNMENT((#20238));
#20238 = SURFACE_STYLE_USAGE(.BOTH.,#20239);
#20239 = SURFACE_SIDE_STYLE('',(#20240));
#20240 = SURFACE_STYLE_FILL_AREA(#20241);
#20241 = FILL_AREA_STYLE('',(#20242));
#20242 = FILL_AREA_STYLE_COLOUR('',#18369);
#20243 = STYLED_ITEM('color',(#20244),#8740);
#20244 = PRESENTATION_STYLE_ASSIGNMENT((#20245));
#20245 = SURFACE_STYLE_USAGE(.BOTH.,#20246);
#20246 = SURFACE_SIDE_STYLE('',(#20247));
#20247 = SURFACE_STYLE_FILL_AREA(#20248);
#20248 = FILL_AREA_STYLE('',(#20249));
#20249 = FILL_AREA_STYLE_COLOUR('',#18369);
#20250 = STYLED_ITEM('color',(#20251),#8757);
#20251 = PRESENTATION_STYLE_ASSIGNMENT((#20252));
#20252 = SURFACE_STYLE_USAGE(.BOTH.,#20253);
#20253 = SURFACE_SIDE_STYLE('',(#20254));
#20254 = SURFACE_STYLE_FILL_AREA(#20255);
#20255 = FILL_AREA_STYLE('',(#20256));
#20256 = FILL_AREA_STYLE_COLOUR('',#18369);
#20257 = STYLED_ITEM('color',(#20258),#8788);
#20258 = PRESENTATION_STYLE_ASSIGNMENT((#20259));
#20259 = SURFACE_STYLE_USAGE(.BOTH.,#20260);
#20260 = SURFACE_SIDE_STYLE('',(#20261));
#20261 = SURFACE_STYLE_FILL_AREA(#20262);
#20262 = FILL_AREA_STYLE('',(#20263));
#20263 = FILL_AREA_STYLE_COLOUR('',#18369);
#20264 = STYLED_ITEM('color',(#20265),#8812);
#20265 = PRESENTATION_STYLE_ASSIGNMENT((#20266));
#20266 = SURFACE_STYLE_USAGE(.BOTH.,#20267);
#20267 = SURFACE_SIDE_STYLE('',(#20268));
#20268 = SURFACE_STYLE_FILL_AREA(#20269);
#20269 = FILL_AREA_STYLE('',(#20270));
#20270 = FILL_AREA_STYLE_COLOUR('',#18369);
#20271 = STYLED_ITEM('color',(#20272),#8836);
#20272 = PRESENTATION_STYLE_ASSIGNMENT((#20273));
#20273 = SURFACE_STYLE_USAGE(.BOTH.,#20274);
#20274 = SURFACE_SIDE_STYLE('',(#20275));
#20275 = SURFACE_STYLE_FILL_AREA(#20276);
#20276 = FILL_AREA_STYLE('',(#20277));
#20277 = FILL_AREA_STYLE_COLOUR('',#18369);
#20278 = STYLED_ITEM('color',(#20279),#8853);
#20279 = PRESENTATION_STYLE_ASSIGNMENT((#20280));
#20280 = SURFACE_STYLE_USAGE(.BOTH.,#20281);
#20281 = SURFACE_SIDE_STYLE('',(#20282));
#20282 = SURFACE_STYLE_FILL_AREA(#20283);
#20283 = FILL_AREA_STYLE('',(#20284));
#20284 = FILL_AREA_STYLE_COLOUR('',#18369);
#20285 = STYLED_ITEM('color',(#20286),#8884);
#20286 = PRESENTATION_STYLE_ASSIGNMENT((#20287));
#20287 = SURFACE_STYLE_USAGE(.BOTH.,#20288);
#20288 = SURFACE_SIDE_STYLE('',(#20289));
#20289 = SURFACE_STYLE_FILL_AREA(#20290);
#20290 = FILL_AREA_STYLE('',(#20291));
#20291 = FILL_AREA_STYLE_COLOUR('',#18369);
#20292 = STYLED_ITEM('color',(#20293),#8908);
#20293 = PRESENTATION_STYLE_ASSIGNMENT((#20294));
#20294 = SURFACE_STYLE_USAGE(.BOTH.,#20295);
#20295 = SURFACE_SIDE_STYLE('',(#20296));
#20296 = SURFACE_STYLE_FILL_AREA(#20297);
#20297 = FILL_AREA_STYLE('',(#20298));
#20298 = FILL_AREA_STYLE_COLOUR('',#18369);
#20299 = STYLED_ITEM('color',(#20300),#8932);
#20300 = PRESENTATION_STYLE_ASSIGNMENT((#20301));
#20301 = SURFACE_STYLE_USAGE(.BOTH.,#20302);
#20302 = SURFACE_SIDE_STYLE('',(#20303));
#20303 = SURFACE_STYLE_FILL_AREA(#20304);
#20304 = FILL_AREA_STYLE('',(#20305));
#20305 = FILL_AREA_STYLE_COLOUR('',#18369);
#20306 = STYLED_ITEM('color',(#20307),#8949);
#20307 = PRESENTATION_STYLE_ASSIGNMENT((#20308));
#20308 = SURFACE_STYLE_USAGE(.BOTH.,#20309);
#20309 = SURFACE_SIDE_STYLE('',(#20310));
#20310 = SURFACE_STYLE_FILL_AREA(#20311);
#20311 = FILL_AREA_STYLE('',(#20312));
#20312 = FILL_AREA_STYLE_COLOUR('',#18369);
#20313 = STYLED_ITEM('color',(#20314),#8980);
#20314 = PRESENTATION_STYLE_ASSIGNMENT((#20315));
#20315 = SURFACE_STYLE_USAGE(.BOTH.,#20316);
#20316 = SURFACE_SIDE_STYLE('',(#20317));
#20317 = SURFACE_STYLE_FILL_AREA(#20318);
#20318 = FILL_AREA_STYLE('',(#20319));
#20319 = FILL_AREA_STYLE_COLOUR('',#18369);
#20320 = STYLED_ITEM('color',(#20321),#9004);
#20321 = PRESENTATION_STYLE_ASSIGNMENT((#20322));
#20322 = SURFACE_STYLE_USAGE(.BOTH.,#20323);
#20323 = SURFACE_SIDE_STYLE('',(#20324));
#20324 = SURFACE_STYLE_FILL_AREA(#20325);
#20325 = FILL_AREA_STYLE('',(#20326));
#20326 = FILL_AREA_STYLE_COLOUR('',#18369);
#20327 = STYLED_ITEM('color',(#20328),#9028);
#20328 = PRESENTATION_STYLE_ASSIGNMENT((#20329));
#20329 = SURFACE_STYLE_USAGE(.BOTH.,#20330);
#20330 = SURFACE_SIDE_STYLE('',(#20331));
#20331 = SURFACE_STYLE_FILL_AREA(#20332);
#20332 = FILL_AREA_STYLE('',(#20333));
#20333 = FILL_AREA_STYLE_COLOUR('',#18369);
#20334 = STYLED_ITEM('color',(#20335),#9045);
#20335 = PRESENTATION_STYLE_ASSIGNMENT((#20336));
#20336 = SURFACE_STYLE_USAGE(.BOTH.,#20337);
#20337 = SURFACE_SIDE_STYLE('',(#20338));
#20338 = SURFACE_STYLE_FILL_AREA(#20339);
#20339 = FILL_AREA_STYLE('',(#20340));
#20340 = FILL_AREA_STYLE_COLOUR('',#18369);
#20341 = STYLED_ITEM('color',(#20342),#9076);
#20342 = PRESENTATION_STYLE_ASSIGNMENT((#20343));
#20343 = SURFACE_STYLE_USAGE(.BOTH.,#20344);
#20344 = SURFACE_SIDE_STYLE('',(#20345));
#20345 = SURFACE_STYLE_FILL_AREA(#20346);
#20346 = FILL_AREA_STYLE('',(#20347));
#20347 = FILL_AREA_STYLE_COLOUR('',#18369);
#20348 = STYLED_ITEM('color',(#20349),#9100);
#20349 = PRESENTATION_STYLE_ASSIGNMENT((#20350));
#20350 = SURFACE_STYLE_USAGE(.BOTH.,#20351);
#20351 = SURFACE_SIDE_STYLE('',(#20352));
#20352 = SURFACE_STYLE_FILL_AREA(#20353);
#20353 = FILL_AREA_STYLE('',(#20354));
#20354 = FILL_AREA_STYLE_COLOUR('',#18369);
#20355 = STYLED_ITEM('color',(#20356),#9124);
#20356 = PRESENTATION_STYLE_ASSIGNMENT((#20357));
#20357 = SURFACE_STYLE_USAGE(.BOTH.,#20358);
#20358 = SURFACE_SIDE_STYLE('',(#20359));
#20359 = SURFACE_STYLE_FILL_AREA(#20360);
#20360 = FILL_AREA_STYLE('',(#20361));
#20361 = FILL_AREA_STYLE_COLOUR('',#18369);
#20362 = STYLED_ITEM('color',(#20363),#9141);
#20363 = PRESENTATION_STYLE_ASSIGNMENT((#20364));
#20364 = SURFACE_STYLE_USAGE(.BOTH.,#20365);
#20365 = SURFACE_SIDE_STYLE('',(#20366));
#20366 = SURFACE_STYLE_FILL_AREA(#20367);
#20367 = FILL_AREA_STYLE('',(#20368));
#20368 = FILL_AREA_STYLE_COLOUR('',#18369);
#20369 = STYLED_ITEM('color',(#20370),#9172);
#20370 = PRESENTATION_STYLE_ASSIGNMENT((#20371));
#20371 = SURFACE_STYLE_USAGE(.BOTH.,#20372);
#20372 = SURFACE_SIDE_STYLE('',(#20373));
#20373 = SURFACE_STYLE_FILL_AREA(#20374);
#20374 = FILL_AREA_STYLE('',(#20375));
#20375 = FILL_AREA_STYLE_COLOUR('',#18369);
#20376 = STYLED_ITEM('color',(#20377),#9196);
#20377 = PRESENTATION_STYLE_ASSIGNMENT((#20378));
#20378 = SURFACE_STYLE_USAGE(.BOTH.,#20379);
#20379 = SURFACE_SIDE_STYLE('',(#20380));
#20380 = SURFACE_STYLE_FILL_AREA(#20381);
#20381 = FILL_AREA_STYLE('',(#20382));
#20382 = FILL_AREA_STYLE_COLOUR('',#18369);
#20383 = STYLED_ITEM('color',(#20384),#9220);
#20384 = PRESENTATION_STYLE_ASSIGNMENT((#20385));
#20385 = SURFACE_STYLE_USAGE(.BOTH.,#20386);
#20386 = SURFACE_SIDE_STYLE('',(#20387));
#20387 = SURFACE_STYLE_FILL_AREA(#20388);
#20388 = FILL_AREA_STYLE('',(#20389));
#20389 = FILL_AREA_STYLE_COLOUR('',#18369);
#20390 = STYLED_ITEM('color',(#20391),#9237);
#20391 = PRESENTATION_STYLE_ASSIGNMENT((#20392));
#20392 = SURFACE_STYLE_USAGE(.BOTH.,#20393);
#20393 = SURFACE_SIDE_STYLE('',(#20394));
#20394 = SURFACE_STYLE_FILL_AREA(#20395);
#20395 = FILL_AREA_STYLE('',(#20396));
#20396 = FILL_AREA_STYLE_COLOUR('',#18369);
#20397 = STYLED_ITEM('color',(#20398),#9268);
#20398 = PRESENTATION_STYLE_ASSIGNMENT((#20399));
#20399 = SURFACE_STYLE_USAGE(.BOTH.,#20400);
#20400 = SURFACE_SIDE_STYLE('',(#20401));
#20401 = SURFACE_STYLE_FILL_AREA(#20402);
#20402 = FILL_AREA_STYLE('',(#20403));
#20403 = FILL_AREA_STYLE_COLOUR('',#18369);
#20404 = STYLED_ITEM('color',(#20405),#9292);
#20405 = PRESENTATION_STYLE_ASSIGNMENT((#20406));
#20406 = SURFACE_STYLE_USAGE(.BOTH.,#20407);
#20407 = SURFACE_SIDE_STYLE('',(#20408));
#20408 = SURFACE_STYLE_FILL_AREA(#20409);
#20409 = FILL_AREA_STYLE('',(#20410));
#20410 = FILL_AREA_STYLE_COLOUR('',#18369);
#20411 = STYLED_ITEM('color',(#20412),#9316);
#20412 = PRESENTATION_STYLE_ASSIGNMENT((#20413));
#20413 = SURFACE_STYLE_USAGE(.BOTH.,#20414);
#20414 = SURFACE_SIDE_STYLE('',(#20415));
#20415 = SURFACE_STYLE_FILL_AREA(#20416);
#20416 = FILL_AREA_STYLE('',(#20417));
#20417 = FILL_AREA_STYLE_COLOUR('',#18369);
#20418 = STYLED_ITEM('color',(#20419),#9333);
#20419 = PRESENTATION_STYLE_ASSIGNMENT((#20420));
#20420 = SURFACE_STYLE_USAGE(.BOTH.,#20421);
#20421 = SURFACE_SIDE_STYLE('',(#20422));
#20422 = SURFACE_STYLE_FILL_AREA(#20423);
#20423 = FILL_AREA_STYLE('',(#20424));
#20424 = FILL_AREA_STYLE_COLOUR('',#18369);
#20425 = STYLED_ITEM('color',(#20426),#9364);
#20426 = PRESENTATION_STYLE_ASSIGNMENT((#20427));
#20427 = SURFACE_STYLE_USAGE(.BOTH.,#20428);
#20428 = SURFACE_SIDE_STYLE('',(#20429));
#20429 = SURFACE_STYLE_FILL_AREA(#20430);
#20430 = FILL_AREA_STYLE('',(#20431));
#20431 = FILL_AREA_STYLE_COLOUR('',#18369);
#20432 = STYLED_ITEM('color',(#20433),#9388);
#20433 = PRESENTATION_STYLE_ASSIGNMENT((#20434));
#20434 = SURFACE_STYLE_USAGE(.BOTH.,#20435);
#20435 = SURFACE_SIDE_STYLE('',(#20436));
#20436 = SURFACE_STYLE_FILL_AREA(#20437);
#20437 = FILL_AREA_STYLE('',(#20438));
#20438 = FILL_AREA_STYLE_COLOUR('',#18369);
#20439 = STYLED_ITEM('color',(#20440),#9412);
#20440 = PRESENTATION_STYLE_ASSIGNMENT((#20441));
#20441 = SURFACE_STYLE_USAGE(.BOTH.,#20442);
#20442 = SURFACE_SIDE_STYLE('',(#20443));
#20443 = SURFACE_STYLE_FILL_AREA(#20444);
#20444 = FILL_AREA_STYLE('',(#20445));
#20445 = FILL_AREA_STYLE_COLOUR('',#18369);
#20446 = STYLED_ITEM('color',(#20447),#9429);
#20447 = PRESENTATION_STYLE_ASSIGNMENT((#20448));
#20448 = SURFACE_STYLE_USAGE(.BOTH.,#20449);
#20449 = SURFACE_SIDE_STYLE('',(#20450));
#20450 = SURFACE_STYLE_FILL_AREA(#20451);
#20451 = FILL_AREA_STYLE('',(#20452));
#20452 = FILL_AREA_STYLE_COLOUR('',#18369);
#20453 = STYLED_ITEM('color',(#20454),#9441);
#20454 = PRESENTATION_STYLE_ASSIGNMENT((#20455));
#20455 = SURFACE_STYLE_USAGE(.BOTH.,#20456);
#20456 = SURFACE_SIDE_STYLE('',(#20457));
#20457 = SURFACE_STYLE_FILL_AREA(#20458);
#20458 = FILL_AREA_STYLE('',(#20459));
#20459 = FILL_AREA_STYLE_COLOUR('',#18369);
#20460 = STYLED_ITEM('color',(#20461),#9453);
#20461 = PRESENTATION_STYLE_ASSIGNMENT((#20462));
#20462 = SURFACE_STYLE_USAGE(.BOTH.,#20463);
#20463 = SURFACE_SIDE_STYLE('',(#20464));
#20464 = SURFACE_STYLE_FILL_AREA(#20465);
#20465 = FILL_AREA_STYLE('',(#20466));
#20466 = FILL_AREA_STYLE_COLOUR('',#18369);
#20467 = STYLED_ITEM('color',(#20468),#9465);
#20468 = PRESENTATION_STYLE_ASSIGNMENT((#20469));
#20469 = SURFACE_STYLE_USAGE(.BOTH.,#20470);
#20470 = SURFACE_SIDE_STYLE('',(#20471));
#20471 = SURFACE_STYLE_FILL_AREA(#20472);
#20472 = FILL_AREA_STYLE('',(#20473));
#20473 = FILL_AREA_STYLE_COLOUR('',#18369);
#20474 = STYLED_ITEM('color',(#20475),#9477);
#20475 = PRESENTATION_STYLE_ASSIGNMENT((#20476));
#20476 = SURFACE_STYLE_USAGE(.BOTH.,#20477);
#20477 = SURFACE_SIDE_STYLE('',(#20478));
#20478 = SURFACE_STYLE_FILL_AREA(#20479);
#20479 = FILL_AREA_STYLE('',(#20480));
#20480 = FILL_AREA_STYLE_COLOUR('',#18369);
#20481 = STYLED_ITEM('color',(#20482),#9489);
#20482 = PRESENTATION_STYLE_ASSIGNMENT((#20483));
#20483 = SURFACE_STYLE_USAGE(.BOTH.,#20484);
#20484 = SURFACE_SIDE_STYLE('',(#20485));
#20485 = SURFACE_STYLE_FILL_AREA(#20486);
#20486 = FILL_AREA_STYLE('',(#20487));
#20487 = FILL_AREA_STYLE_COLOUR('',#18369);
#20488 = MECHANICAL_DESIGN_GEOMETRIC_PRESENTATION_REPRESENTATION('',(
    #20489),#2524);
#20489 = STYLED_ITEM('color',(#20490),#104);
#20490 = PRESENTATION_STYLE_ASSIGNMENT((#20491));
#20491 = SURFACE_STYLE_USAGE(.BOTH.,#20492);
#20492 = SURFACE_SIDE_STYLE('',(#20493));
#20493 = SURFACE_STYLE_FILL_AREA(#20494);
#20494 = FILL_AREA_STYLE('',(#20495));
#20495 = FILL_AREA_STYLE_COLOUR('',#20496);
#20496 = COLOUR_RGB('',0.199999998682,0.199999998682,0.199999998682);
#20497 = MECHANICAL_DESIGN_GEOMETRIC_PRESENTATION_REPRESENTATION('',(
    #20498,#20506),#4330);
#20498 = STYLED_ITEM('color',(#20499),#2942);
#20499 = PRESENTATION_STYLE_ASSIGNMENT((#20500));
#20500 = SURFACE_STYLE_USAGE(.BOTH.,#20501);
#20501 = SURFACE_SIDE_STYLE('',(#20502));
#20502 = SURFACE_STYLE_FILL_AREA(#20503);
#20503 = FILL_AREA_STYLE('',(#20504));
#20504 = FILL_AREA_STYLE_COLOUR('',#20505);
#20505 = COLOUR_RGB('',0.870588247378,0.633254891994,0.172549024526);
#20506 = STYLED_ITEM('color',(#20507),#3636);
#20507 = PRESENTATION_STYLE_ASSIGNMENT((#20508));
#20508 = SURFACE_STYLE_USAGE(.BOTH.,#20509);
#20509 = SURFACE_SIDE_STYLE('',(#20510));
#20510 = SURFACE_STYLE_FILL_AREA(#20511);
#20511 = FILL_AREA_STYLE('',(#20512));
#20512 = FILL_AREA_STYLE_COLOUR('',#20505);
#20513 = MECHANICAL_DESIGN_GEOMETRIC_PRESENTATION_REPRESENTATION('',(
    #20514,#20524,#20533,#20542,#20551,#20560,#20569,#20578,#20587,
    #20596,#20605,#20614,#20623,#20632,#20641,#20650,#20660,#20669,
    #20678,#20687,#20696,#20705,#20714,#20723,#20732,#20741,#20750,
    #20759,#20768,#20777,#20786,#20795,#20804,#20813,#20822,#20831,
    #20840,#20849,#20858,#20867,#20876,#20885,#20894,#20903,#20912,
    #20921,#20930,#20939,#20948,#20957,#20966,#20975,#20984,#20993,
    #21002,#21011,#21020,#21029,#21038,#21047,#21056,#21065,#21074,
    #21083,#21092,#21101,#21110,#21119,#21128),#16470);
#20514 = STYLED_ITEM('color',(#20515),#14348);
#20515 = PRESENTATION_STYLE_ASSIGNMENT((#20516,#20522));
#20516 = SURFACE_STYLE_USAGE(.BOTH.,#20517);
#20517 = SURFACE_SIDE_STYLE('',(#20518));
#20518 = SURFACE_STYLE_FILL_AREA(#20519);
#20519 = FILL_AREA_STYLE('',(#20520));
#20520 = FILL_AREA_STYLE_COLOUR('',#20521);
#20521 = COLOUR_RGB('',0.894999996726,0.890999991539,0.812999995914);
#20522 = CURVE_STYLE('',#20523,POSITIVE_LENGTH_MEASURE(0.1),#20521);
#20523 = DRAUGHTING_PRE_DEFINED_CURVE_FONT('continuous');
#20524 = STYLED_ITEM('color',(#20525),#14452);
#20525 = PRESENTATION_STYLE_ASSIGNMENT((#20526,#20531));
#20526 = SURFACE_STYLE_USAGE(.BOTH.,#20527);
#20527 = SURFACE_SIDE_STYLE('',(#20528));
#20528 = SURFACE_STYLE_FILL_AREA(#20529);
#20529 = FILL_AREA_STYLE('',(#20530));
#20530 = FILL_AREA_STYLE_COLOUR('',#20521);
#20531 = CURVE_STYLE('',#20532,POSITIVE_LENGTH_MEASURE(0.1),#20521);
#20532 = DRAUGHTING_PRE_DEFINED_CURVE_FONT('continuous');
#20533 = STYLED_ITEM('color',(#20534),#14595);
#20534 = PRESENTATION_STYLE_ASSIGNMENT((#20535,#20540));
#20535 = SURFACE_STYLE_USAGE(.BOTH.,#20536);
#20536 = SURFACE_SIDE_STYLE('',(#20537));
#20537 = SURFACE_STYLE_FILL_AREA(#20538);
#20538 = FILL_AREA_STYLE('',(#20539));
#20539 = FILL_AREA_STYLE_COLOUR('',#20521);
#20540 = CURVE_STYLE('',#20541,POSITIVE_LENGTH_MEASURE(0.1),#20521);
#20541 = DRAUGHTING_PRE_DEFINED_CURVE_FONT('continuous');
#20542 = STYLED_ITEM('color',(#20543),#14619);
#20543 = PRESENTATION_STYLE_ASSIGNMENT((#20544,#20549));
#20544 = SURFACE_STYLE_USAGE(.BOTH.,#20545);
#20545 = SURFACE_SIDE_STYLE('',(#20546));
#20546 = SURFACE_STYLE_FILL_AREA(#20547);
#20547 = FILL_AREA_STYLE('',(#20548));
#20548 = FILL_AREA_STYLE_COLOUR('',#20521);
#20549 = CURVE_STYLE('',#20550,POSITIVE_LENGTH_MEASURE(0.1),#20521);
#20550 = DRAUGHTING_PRE_DEFINED_CURVE_FONT('continuous');
#20551 = STYLED_ITEM('color',(#20552),#14643);
#20552 = PRESENTATION_STYLE_ASSIGNMENT((#20553,#20558));
#20553 = SURFACE_STYLE_USAGE(.BOTH.,#20554);
#20554 = SURFACE_SIDE_STYLE('',(#20555));
#20555 = SURFACE_STYLE_FILL_AREA(#20556);
#20556 = FILL_AREA_STYLE('',(#20557));
#20557 = FILL_AREA_STYLE_COLOUR('',#20521);
#20558 = CURVE_STYLE('',#20559,POSITIVE_LENGTH_MEASURE(0.1),#20521);
#20559 = DRAUGHTING_PRE_DEFINED_CURVE_FONT('continuous');
#20560 = STYLED_ITEM('color',(#20561),#14667);
#20561 = PRESENTATION_STYLE_ASSIGNMENT((#20562,#20567));
#20562 = SURFACE_STYLE_USAGE(.BOTH.,#20563);
#20563 = SURFACE_SIDE_STYLE('',(#20564));
#20564 = SURFACE_STYLE_FILL_AREA(#20565);
#20565 = FILL_AREA_STYLE('',(#20566));
#20566 = FILL_AREA_STYLE_COLOUR('',#20521);
#20567 = CURVE_STYLE('',#20568,POSITIVE_LENGTH_MEASURE(0.1),#20521);
#20568 = DRAUGHTING_PRE_DEFINED_CURVE_FONT('continuous');
#20569 = STYLED_ITEM('color',(#20570),#14691);
#20570 = PRESENTATION_STYLE_ASSIGNMENT((#20571,#20576));
#20571 = SURFACE_STYLE_USAGE(.BOTH.,#20572);
#20572 = SURFACE_SIDE_STYLE('',(#20573));
#20573 = SURFACE_STYLE_FILL_AREA(#20574);
#20574 = FILL_AREA_STYLE('',(#20575));
#20575 = FILL_AREA_STYLE_COLOUR('',#20521);
#20576 = CURVE_STYLE('',#20577,POSITIVE_LENGTH_MEASURE(0.1),#20521);
#20577 = DRAUGHTING_PRE_DEFINED_CURVE_FONT('continuous');
#20578 = STYLED_ITEM('color',(#20579),#14852);
#20579 = PRESENTATION_STYLE_ASSIGNMENT((#20580,#20585));
#20580 = SURFACE_STYLE_USAGE(.BOTH.,#20581);
#20581 = SURFACE_SIDE_STYLE('',(#20582));
#20582 = SURFACE_STYLE_FILL_AREA(#20583);
#20583 = FILL_AREA_STYLE('',(#20584));
#20584 = FILL_AREA_STYLE_COLOUR('',#20521);
#20585 = CURVE_STYLE('',#20586,POSITIVE_LENGTH_MEASURE(0.1),#20521);
#20586 = DRAUGHTING_PRE_DEFINED_CURVE_FONT('continuous');
#20587 = STYLED_ITEM('color',(#20588),#14908);
#20588 = PRESENTATION_STYLE_ASSIGNMENT((#20589,#20594));
#20589 = SURFACE_STYLE_USAGE(.BOTH.,#20590);
#20590 = SURFACE_SIDE_STYLE('',(#20591));
#20591 = SURFACE_STYLE_FILL_AREA(#20592);
#20592 = FILL_AREA_STYLE('',(#20593));
#20593 = FILL_AREA_STYLE_COLOUR('',#20521);
#20594 = CURVE_STYLE('',#20595,POSITIVE_LENGTH_MEASURE(0.1),#20521);
#20595 = DRAUGHTING_PRE_DEFINED_CURVE_FONT('continuous');
#20596 = STYLED_ITEM('color',(#20597),#14932);
#20597 = PRESENTATION_STYLE_ASSIGNMENT((#20598,#20603));
#20598 = SURFACE_STYLE_USAGE(.BOTH.,#20599);
#20599 = SURFACE_SIDE_STYLE('',(#20600));
#20600 = SURFACE_STYLE_FILL_AREA(#20601);
#20601 = FILL_AREA_STYLE('',(#20602));
#20602 = FILL_AREA_STYLE_COLOUR('',#20521);
#20603 = CURVE_STYLE('',#20604,POSITIVE_LENGTH_MEASURE(0.1),#20521);
#20604 = DRAUGHTING_PRE_DEFINED_CURVE_FONT('continuous');
#20605 = STYLED_ITEM('color',(#20606),#14956);
#20606 = PRESENTATION_STYLE_ASSIGNMENT((#20607,#20612));
#20607 = SURFACE_STYLE_USAGE(.BOTH.,#20608);
#20608 = SURFACE_SIDE_STYLE('',(#20609));
#20609 = SURFACE_STYLE_FILL_AREA(#20610);
#20610 = FILL_AREA_STYLE('',(#20611));
#20611 = FILL_AREA_STYLE_COLOUR('',#20521);
#20612 = CURVE_STYLE('',#20613,POSITIVE_LENGTH_MEASURE(0.1),#20521);
#20613 = DRAUGHTING_PRE_DEFINED_CURVE_FONT('continuous');
#20614 = STYLED_ITEM('color',(#20615),#14980);
#20615 = PRESENTATION_STYLE_ASSIGNMENT((#20616,#20621));
#20616 = SURFACE_STYLE_USAGE(.BOTH.,#20617);
#20617 = SURFACE_SIDE_STYLE('',(#20618));
#20618 = SURFACE_STYLE_FILL_AREA(#20619);
#20619 = FILL_AREA_STYLE('',(#20620));
#20620 = FILL_AREA_STYLE_COLOUR('',#20521);
#20621 = CURVE_STYLE('',#20622,POSITIVE_LENGTH_MEASURE(0.1),#20521);
#20622 = DRAUGHTING_PRE_DEFINED_CURVE_FONT('continuous');
#20623 = STYLED_ITEM('color',(#20624),#15004);
#20624 = PRESENTATION_STYLE_ASSIGNMENT((#20625,#20630));
#20625 = SURFACE_STYLE_USAGE(.BOTH.,#20626);
#20626 = SURFACE_SIDE_STYLE('',(#20627));
#20627 = SURFACE_STYLE_FILL_AREA(#20628);
#20628 = FILL_AREA_STYLE('',(#20629));
#20629 = FILL_AREA_STYLE_COLOUR('',#20521);
#20630 = CURVE_STYLE('',#20631,POSITIVE_LENGTH_MEASURE(0.1),#20521);
#20631 = DRAUGHTING_PRE_DEFINED_CURVE_FONT('continuous');
#20632 = STYLED_ITEM('color',(#20633),#15090);
#20633 = PRESENTATION_STYLE_ASSIGNMENT((#20634,#20639));
#20634 = SURFACE_STYLE_USAGE(.BOTH.,#20635);
#20635 = SURFACE_SIDE_STYLE('',(#20636));
#20636 = SURFACE_STYLE_FILL_AREA(#20637);
#20637 = FILL_AREA_STYLE('',(#20638));
#20638 = FILL_AREA_STYLE_COLOUR('',#20521);
#20639 = CURVE_STYLE('',#20640,POSITIVE_LENGTH_MEASURE(0.1),#20521);
#20640 = DRAUGHTING_PRE_DEFINED_CURVE_FONT('continuous');
#20641 = STYLED_ITEM('color',(#20642),#15162);
#20642 = PRESENTATION_STYLE_ASSIGNMENT((#20643,#20648));
#20643 = SURFACE_STYLE_USAGE(.BOTH.,#20644);
#20644 = SURFACE_SIDE_STYLE('',(#20645));
#20645 = SURFACE_STYLE_FILL_AREA(#20646);
#20646 = FILL_AREA_STYLE('',(#20647));
#20647 = FILL_AREA_STYLE_COLOUR('',#20521);
#20648 = CURVE_STYLE('',#20649,POSITIVE_LENGTH_MEASURE(0.1),#20521);
#20649 = DRAUGHTING_PRE_DEFINED_CURVE_FONT('continuous');
#20650 = STYLED_ITEM('color',(#20651),#15186);
#20651 = PRESENTATION_STYLE_ASSIGNMENT((#20652,#20658));
#20652 = SURFACE_STYLE_USAGE(.BOTH.,#20653);
#20653 = SURFACE_SIDE_STYLE('',(#20654));
#20654 = SURFACE_STYLE_FILL_AREA(#20655);
#20655 = FILL_AREA_STYLE('',(#20656));
#20656 = FILL_AREA_STYLE_COLOUR('',#20657);
#20657 = COLOUR_RGB('',0.823999987314,0.819999987296,0.781000009244);
#20658 = CURVE_STYLE('',#20659,POSITIVE_LENGTH_MEASURE(0.1),#20657);
#20659 = DRAUGHTING_PRE_DEFINED_CURVE_FONT('continuous');
#20660 = STYLED_ITEM('color',(#20661),#15217);
#20661 = PRESENTATION_STYLE_ASSIGNMENT((#20662,#20667));
#20662 = SURFACE_STYLE_USAGE(.BOTH.,#20663);
#20663 = SURFACE_SIDE_STYLE('',(#20664));
#20664 = SURFACE_STYLE_FILL_AREA(#20665);
#20665 = FILL_AREA_STYLE('',(#20666));
#20666 = FILL_AREA_STYLE_COLOUR('',#20657);
#20667 = CURVE_STYLE('',#20668,POSITIVE_LENGTH_MEASURE(0.1),#20657);
#20668 = DRAUGHTING_PRE_DEFINED_CURVE_FONT('continuous');
#20669 = STYLED_ITEM('color',(#20670),#15241);
#20670 = PRESENTATION_STYLE_ASSIGNMENT((#20671,#20676));
#20671 = SURFACE_STYLE_USAGE(.BOTH.,#20672);
#20672 = SURFACE_SIDE_STYLE('',(#20673));
#20673 = SURFACE_STYLE_FILL_AREA(#20674);
#20674 = FILL_AREA_STYLE('',(#20675));
#20675 = FILL_AREA_STYLE_COLOUR('',#20657);
#20676 = CURVE_STYLE('',#20677,POSITIVE_LENGTH_MEASURE(0.1),#20657);
#20677 = DRAUGHTING_PRE_DEFINED_CURVE_FONT('continuous');
#20678 = STYLED_ITEM('color',(#20679),#15272);
#20679 = PRESENTATION_STYLE_ASSIGNMENT((#20680,#20685));
#20680 = SURFACE_STYLE_USAGE(.BOTH.,#20681);
#20681 = SURFACE_SIDE_STYLE('',(#20682));
#20682 = SURFACE_STYLE_FILL_AREA(#20683);
#20683 = FILL_AREA_STYLE('',(#20684));
#20684 = FILL_AREA_STYLE_COLOUR('',#20657);
#20685 = CURVE_STYLE('',#20686,POSITIVE_LENGTH_MEASURE(0.1),#20657);
#20686 = DRAUGHTING_PRE_DEFINED_CURVE_FONT('continuous');
#20687 = STYLED_ITEM('color',(#20688),#15296);
#20688 = PRESENTATION_STYLE_ASSIGNMENT((#20689,#20694));
#20689 = SURFACE_STYLE_USAGE(.BOTH.,#20690);
#20690 = SURFACE_SIDE_STYLE('',(#20691));
#20691 = SURFACE_STYLE_FILL_AREA(#20692);
#20692 = FILL_AREA_STYLE('',(#20693));
#20693 = FILL_AREA_STYLE_COLOUR('',#20657);
#20694 = CURVE_STYLE('',#20695,POSITIVE_LENGTH_MEASURE(0.1),#20657);
#20695 = DRAUGHTING_PRE_DEFINED_CURVE_FONT('continuous');
#20696 = STYLED_ITEM('color',(#20697),#15336);
#20697 = PRESENTATION_STYLE_ASSIGNMENT((#20698,#20703));
#20698 = SURFACE_STYLE_USAGE(.BOTH.,#20699);
#20699 = SURFACE_SIDE_STYLE('',(#20700));
#20700 = SURFACE_STYLE_FILL_AREA(#20701);
#20701 = FILL_AREA_STYLE('',(#20702));
#20702 = FILL_AREA_STYLE_COLOUR('',#20657);
#20703 = CURVE_STYLE('',#20704,POSITIVE_LENGTH_MEASURE(0.1),#20657);
#20704 = DRAUGHTING_PRE_DEFINED_CURVE_FONT('continuous');
#20705 = STYLED_ITEM('color',(#20706),#15360);
#20706 = PRESENTATION_STYLE_ASSIGNMENT((#20707,#20712));
#20707 = SURFACE_STYLE_USAGE(.BOTH.,#20708);
#20708 = SURFACE_SIDE_STYLE('',(#20709));
#20709 = SURFACE_STYLE_FILL_AREA(#20710);
#20710 = FILL_AREA_STYLE('',(#20711));
#20711 = FILL_AREA_STYLE_COLOUR('',#20657);
#20712 = CURVE_STYLE('',#20713,POSITIVE_LENGTH_MEASURE(0.1),#20657);
#20713 = DRAUGHTING_PRE_DEFINED_CURVE_FONT('continuous');
#20714 = STYLED_ITEM('color',(#20715),#15393);
#20715 = PRESENTATION_STYLE_ASSIGNMENT((#20716,#20721));
#20716 = SURFACE_STYLE_USAGE(.BOTH.,#20717);
#20717 = SURFACE_SIDE_STYLE('',(#20718));
#20718 = SURFACE_STYLE_FILL_AREA(#20719);
#20719 = FILL_AREA_STYLE('',(#20720));
#20720 = FILL_AREA_STYLE_COLOUR('',#20657);
#20721 = CURVE_STYLE('',#20722,POSITIVE_LENGTH_MEASURE(0.1),#20657);
#20722 = DRAUGHTING_PRE_DEFINED_CURVE_FONT('continuous');
#20723 = STYLED_ITEM('color',(#20724),#15433);
#20724 = PRESENTATION_STYLE_ASSIGNMENT((#20725,#20730));
#20725 = SURFACE_STYLE_USAGE(.BOTH.,#20726);
#20726 = SURFACE_SIDE_STYLE('',(#20727));
#20727 = SURFACE_STYLE_FILL_AREA(#20728);
#20728 = FILL_AREA_STYLE('',(#20729));
#20729 = FILL_AREA_STYLE_COLOUR('',#20657);
#20730 = CURVE_STYLE('',#20731,POSITIVE_LENGTH_MEASURE(0.1),#20657);
#20731 = DRAUGHTING_PRE_DEFINED_CURVE_FONT('continuous');
#20732 = STYLED_ITEM('color',(#20733),#15457);
#20733 = PRESENTATION_STYLE_ASSIGNMENT((#20734,#20739));
#20734 = SURFACE_STYLE_USAGE(.BOTH.,#20735);
#20735 = SURFACE_SIDE_STYLE('',(#20736));
#20736 = SURFACE_STYLE_FILL_AREA(#20737);
#20737 = FILL_AREA_STYLE('',(#20738));
#20738 = FILL_AREA_STYLE_COLOUR('',#20657);
#20739 = CURVE_STYLE('',#20740,POSITIVE_LENGTH_MEASURE(0.1),#20657);
#20740 = DRAUGHTING_PRE_DEFINED_CURVE_FONT('continuous');
#20741 = STYLED_ITEM('color',(#20742),#15490);
#20742 = PRESENTATION_STYLE_ASSIGNMENT((#20743,#20748));
#20743 = SURFACE_STYLE_USAGE(.BOTH.,#20744);
#20744 = SURFACE_SIDE_STYLE('',(#20745));
#20745 = SURFACE_STYLE_FILL_AREA(#20746);
#20746 = FILL_AREA_STYLE('',(#20747));
#20747 = FILL_AREA_STYLE_COLOUR('',#20657);
#20748 = CURVE_STYLE('',#20749,POSITIVE_LENGTH_MEASURE(0.1),#20657);
#20749 = DRAUGHTING_PRE_DEFINED_CURVE_FONT('continuous');
#20750 = STYLED_ITEM('color',(#20751),#15517);
#20751 = PRESENTATION_STYLE_ASSIGNMENT((#20752,#20757));
#20752 = SURFACE_STYLE_USAGE(.BOTH.,#20753);
#20753 = SURFACE_SIDE_STYLE('',(#20754));
#20754 = SURFACE_STYLE_FILL_AREA(#20755);
#20755 = FILL_AREA_STYLE('',(#20756));
#20756 = FILL_AREA_STYLE_COLOUR('',#20657);
#20757 = CURVE_STYLE('',#20758,POSITIVE_LENGTH_MEASURE(0.1),#20657);
#20758 = DRAUGHTING_PRE_DEFINED_CURVE_FONT('continuous');
#20759 = STYLED_ITEM('color',(#20760),#15535);
#20760 = PRESENTATION_STYLE_ASSIGNMENT((#20761,#20766));
#20761 = SURFACE_STYLE_USAGE(.BOTH.,#20762);
#20762 = SURFACE_SIDE_STYLE('',(#20763));
#20763 = SURFACE_STYLE_FILL_AREA(#20764);
#20764 = FILL_AREA_STYLE('',(#20765));
#20765 = FILL_AREA_STYLE_COLOUR('',#20657);
#20766 = CURVE_STYLE('',#20767,POSITIVE_LENGTH_MEASURE(0.1),#20657);
#20767 = DRAUGHTING_PRE_DEFINED_CURVE_FONT('continuous');
#20768 = STYLED_ITEM('color',(#20769),#15560);
#20769 = PRESENTATION_STYLE_ASSIGNMENT((#20770,#20775));
#20770 = SURFACE_STYLE_USAGE(.BOTH.,#20771);
#20771 = SURFACE_SIDE_STYLE('',(#20772));
#20772 = SURFACE_STYLE_FILL_AREA(#20773);
#20773 = FILL_AREA_STYLE('',(#20774));
#20774 = FILL_AREA_STYLE_COLOUR('',#20521);
#20775 = CURVE_STYLE('',#20776,POSITIVE_LENGTH_MEASURE(0.1),#20521);
#20776 = DRAUGHTING_PRE_DEFINED_CURVE_FONT('continuous');
#20777 = STYLED_ITEM('color',(#20778),#15584);
#20778 = PRESENTATION_STYLE_ASSIGNMENT((#20779,#20784));
#20779 = SURFACE_STYLE_USAGE(.BOTH.,#20780);
#20780 = SURFACE_SIDE_STYLE('',(#20781));
#20781 = SURFACE_STYLE_FILL_AREA(#20782);
#20782 = FILL_AREA_STYLE('',(#20783));
#20783 = FILL_AREA_STYLE_COLOUR('',#20521);
#20784 = CURVE_STYLE('',#20785,POSITIVE_LENGTH_MEASURE(0.1),#20521);
#20785 = DRAUGHTING_PRE_DEFINED_CURVE_FONT('continuous');
#20786 = STYLED_ITEM('color',(#20787),#15638);
#20787 = PRESENTATION_STYLE_ASSIGNMENT((#20788,#20793));
#20788 = SURFACE_STYLE_USAGE(.BOTH.,#20789);
#20789 = SURFACE_SIDE_STYLE('',(#20790));
#20790 = SURFACE_STYLE_FILL_AREA(#20791);
#20791 = FILL_AREA_STYLE('',(#20792));
#20792 = FILL_AREA_STYLE_COLOUR('',#20521);
#20793 = CURVE_STYLE('',#20794,POSITIVE_LENGTH_MEASURE(0.1),#20521);
#20794 = DRAUGHTING_PRE_DEFINED_CURVE_FONT('continuous');
#20795 = STYLED_ITEM('color',(#20796),#15662);
#20796 = PRESENTATION_STYLE_ASSIGNMENT((#20797,#20802));
#20797 = SURFACE_STYLE_USAGE(.BOTH.,#20798);
#20798 = SURFACE_SIDE_STYLE('',(#20799));
#20799 = SURFACE_STYLE_FILL_AREA(#20800);
#20800 = FILL_AREA_STYLE('',(#20801));
#20801 = FILL_AREA_STYLE_COLOUR('',#20521);
#20802 = CURVE_STYLE('',#20803,POSITIVE_LENGTH_MEASURE(0.1),#20521);
#20803 = DRAUGHTING_PRE_DEFINED_CURVE_FONT('continuous');
#20804 = STYLED_ITEM('color',(#20805),#15686);
#20805 = PRESENTATION_STYLE_ASSIGNMENT((#20806,#20811));
#20806 = SURFACE_STYLE_USAGE(.BOTH.,#20807);
#20807 = SURFACE_SIDE_STYLE('',(#20808));
#20808 = SURFACE_STYLE_FILL_AREA(#20809);
#20809 = FILL_AREA_STYLE('',(#20810));
#20810 = FILL_AREA_STYLE_COLOUR('',#20521);
#20811 = CURVE_STYLE('',#20812,POSITIVE_LENGTH_MEASURE(0.1),#20521);
#20812 = DRAUGHTING_PRE_DEFINED_CURVE_FONT('continuous');
#20813 = STYLED_ITEM('color',(#20814),#15703);
#20814 = PRESENTATION_STYLE_ASSIGNMENT((#20815,#20820));
#20815 = SURFACE_STYLE_USAGE(.BOTH.,#20816);
#20816 = SURFACE_SIDE_STYLE('',(#20817));
#20817 = SURFACE_STYLE_FILL_AREA(#20818);
#20818 = FILL_AREA_STYLE('',(#20819));
#20819 = FILL_AREA_STYLE_COLOUR('',#20521);
#20820 = CURVE_STYLE('',#20821,POSITIVE_LENGTH_MEASURE(0.1),#20521);
#20821 = DRAUGHTING_PRE_DEFINED_CURVE_FONT('continuous');
#20822 = STYLED_ITEM('color',(#20823),#15727);
#20823 = PRESENTATION_STYLE_ASSIGNMENT((#20824,#20829));
#20824 = SURFACE_STYLE_USAGE(.BOTH.,#20825);
#20825 = SURFACE_SIDE_STYLE('',(#20826));
#20826 = SURFACE_STYLE_FILL_AREA(#20827);
#20827 = FILL_AREA_STYLE('',(#20828));
#20828 = FILL_AREA_STYLE_COLOUR('',#20521);
#20829 = CURVE_STYLE('',#20830,POSITIVE_LENGTH_MEASURE(0.1),#20521);
#20830 = DRAUGHTING_PRE_DEFINED_CURVE_FONT('continuous');
#20831 = STYLED_ITEM('color',(#20832),#15774);
#20832 = PRESENTATION_STYLE_ASSIGNMENT((#20833,#20838));
#20833 = SURFACE_STYLE_USAGE(.BOTH.,#20834);
#20834 = SURFACE_SIDE_STYLE('',(#20835));
#20835 = SURFACE_STYLE_FILL_AREA(#20836);
#20836 = FILL_AREA_STYLE('',(#20837));
#20837 = FILL_AREA_STYLE_COLOUR('',#20521);
#20838 = CURVE_STYLE('',#20839,POSITIVE_LENGTH_MEASURE(0.1),#20521);
#20839 = DRAUGHTING_PRE_DEFINED_CURVE_FONT('continuous');
#20840 = STYLED_ITEM('color',(#20841),#15798);
#20841 = PRESENTATION_STYLE_ASSIGNMENT((#20842,#20847));
#20842 = SURFACE_STYLE_USAGE(.BOTH.,#20843);
#20843 = SURFACE_SIDE_STYLE('',(#20844));
#20844 = SURFACE_STYLE_FILL_AREA(#20845);
#20845 = FILL_AREA_STYLE('',(#20846));
#20846 = FILL_AREA_STYLE_COLOUR('',#20521);
#20847 = CURVE_STYLE('',#20848,POSITIVE_LENGTH_MEASURE(0.1),#20521);
#20848 = DRAUGHTING_PRE_DEFINED_CURVE_FONT('continuous');
#20849 = STYLED_ITEM('color',(#20850),#15822);
#20850 = PRESENTATION_STYLE_ASSIGNMENT((#20851,#20856));
#20851 = SURFACE_STYLE_USAGE(.BOTH.,#20852);
#20852 = SURFACE_SIDE_STYLE('',(#20853));
#20853 = SURFACE_STYLE_FILL_AREA(#20854);
#20854 = FILL_AREA_STYLE('',(#20855));
#20855 = FILL_AREA_STYLE_COLOUR('',#20521);
#20856 = CURVE_STYLE('',#20857,POSITIVE_LENGTH_MEASURE(0.1),#20521);
#20857 = DRAUGHTING_PRE_DEFINED_CURVE_FONT('continuous');
#20858 = STYLED_ITEM('color',(#20859),#15839);
#20859 = PRESENTATION_STYLE_ASSIGNMENT((#20860,#20865));
#20860 = SURFACE_STYLE_USAGE(.BOTH.,#20861);
#20861 = SURFACE_SIDE_STYLE('',(#20862));
#20862 = SURFACE_STYLE_FILL_AREA(#20863);
#20863 = FILL_AREA_STYLE('',(#20864));
#20864 = FILL_AREA_STYLE_COLOUR('',#20521);
#20865 = CURVE_STYLE('',#20866,POSITIVE_LENGTH_MEASURE(0.1),#20521);
#20866 = DRAUGHTING_PRE_DEFINED_CURVE_FONT('continuous');
#20867 = STYLED_ITEM('color',(#20868),#15856);
#20868 = PRESENTATION_STYLE_ASSIGNMENT((#20869,#20874));
#20869 = SURFACE_STYLE_USAGE(.BOTH.,#20870);
#20870 = SURFACE_SIDE_STYLE('',(#20871));
#20871 = SURFACE_STYLE_FILL_AREA(#20872);
#20872 = FILL_AREA_STYLE('',(#20873));
#20873 = FILL_AREA_STYLE_COLOUR('',#20521);
#20874 = CURVE_STYLE('',#20875,POSITIVE_LENGTH_MEASURE(0.1),#20521);
#20875 = DRAUGHTING_PRE_DEFINED_CURVE_FONT('continuous');
#20876 = STYLED_ITEM('color',(#20877),#15896);
#20877 = PRESENTATION_STYLE_ASSIGNMENT((#20878,#20883));
#20878 = SURFACE_STYLE_USAGE(.BOTH.,#20879);
#20879 = SURFACE_SIDE_STYLE('',(#20880));
#20880 = SURFACE_STYLE_FILL_AREA(#20881);
#20881 = FILL_AREA_STYLE('',(#20882));
#20882 = FILL_AREA_STYLE_COLOUR('',#20521);
#20883 = CURVE_STYLE('',#20884,POSITIVE_LENGTH_MEASURE(0.1),#20521);
#20884 = DRAUGHTING_PRE_DEFINED_CURVE_FONT('continuous');
#20885 = STYLED_ITEM('color',(#20886),#15913);
#20886 = PRESENTATION_STYLE_ASSIGNMENT((#20887,#20892));
#20887 = SURFACE_STYLE_USAGE(.BOTH.,#20888);
#20888 = SURFACE_SIDE_STYLE('',(#20889));
#20889 = SURFACE_STYLE_FILL_AREA(#20890);
#20890 = FILL_AREA_STYLE('',(#20891));
#20891 = FILL_AREA_STYLE_COLOUR('',#20521);
#20892 = CURVE_STYLE('',#20893,POSITIVE_LENGTH_MEASURE(0.1),#20521);
#20893 = DRAUGHTING_PRE_DEFINED_CURVE_FONT('continuous');
#20894 = STYLED_ITEM('color',(#20895),#15927);
#20895 = PRESENTATION_STYLE_ASSIGNMENT((#20896,#20901));
#20896 = SURFACE_STYLE_USAGE(.BOTH.,#20897);
#20897 = SURFACE_SIDE_STYLE('',(#20898));
#20898 = SURFACE_STYLE_FILL_AREA(#20899);
#20899 = FILL_AREA_STYLE('',(#20900));
#20900 = FILL_AREA_STYLE_COLOUR('',#20521);
#20901 = CURVE_STYLE('',#20902,POSITIVE_LENGTH_MEASURE(0.1),#20521);
#20902 = DRAUGHTING_PRE_DEFINED_CURVE_FONT('continuous');
#20903 = STYLED_ITEM('color',(#20904),#15944);
#20904 = PRESENTATION_STYLE_ASSIGNMENT((#20905,#20910));
#20905 = SURFACE_STYLE_USAGE(.BOTH.,#20906);
#20906 = SURFACE_SIDE_STYLE('',(#20907));
#20907 = SURFACE_STYLE_FILL_AREA(#20908);
#20908 = FILL_AREA_STYLE('',(#20909));
#20909 = FILL_AREA_STYLE_COLOUR('',#20657);
#20910 = CURVE_STYLE('',#20911,POSITIVE_LENGTH_MEASURE(0.1),#20657);
#20911 = DRAUGHTING_PRE_DEFINED_CURVE_FONT('continuous');
#20912 = STYLED_ITEM('color',(#20913),#15961);
#20913 = PRESENTATION_STYLE_ASSIGNMENT((#20914,#20919));
#20914 = SURFACE_STYLE_USAGE(.BOTH.,#20915);
#20915 = SURFACE_SIDE_STYLE('',(#20916));
#20916 = SURFACE_STYLE_FILL_AREA(#20917);
#20917 = FILL_AREA_STYLE('',(#20918));
#20918 = FILL_AREA_STYLE_COLOUR('',#20657);
#20919 = CURVE_STYLE('',#20920,POSITIVE_LENGTH_MEASURE(0.1),#20657);
#20920 = DRAUGHTING_PRE_DEFINED_CURVE_FONT('continuous');
#20921 = STYLED_ITEM('color',(#20922),#15978);
#20922 = PRESENTATION_STYLE_ASSIGNMENT((#20923,#20928));
#20923 = SURFACE_STYLE_USAGE(.BOTH.,#20924);
#20924 = SURFACE_SIDE_STYLE('',(#20925));
#20925 = SURFACE_STYLE_FILL_AREA(#20926);
#20926 = FILL_AREA_STYLE('',(#20927));
#20927 = FILL_AREA_STYLE_COLOUR('',#20521);
#20928 = CURVE_STYLE('',#20929,POSITIVE_LENGTH_MEASURE(0.1),#20521);
#20929 = DRAUGHTING_PRE_DEFINED_CURVE_FONT('continuous');
#20930 = STYLED_ITEM('color',(#20931),#16002);
#20931 = PRESENTATION_STYLE_ASSIGNMENT((#20932,#20937));
#20932 = SURFACE_STYLE_USAGE(.BOTH.,#20933);
#20933 = SURFACE_SIDE_STYLE('',(#20934));
#20934 = SURFACE_STYLE_FILL_AREA(#20935);
#20935 = FILL_AREA_STYLE('',(#20936));
#20936 = FILL_AREA_STYLE_COLOUR('',#20521);
#20937 = CURVE_STYLE('',#20938,POSITIVE_LENGTH_MEASURE(0.1),#20521);
#20938 = DRAUGHTING_PRE_DEFINED_CURVE_FONT('continuous');
#20939 = STYLED_ITEM('color',(#20940),#16019);
#20940 = PRESENTATION_STYLE_ASSIGNMENT((#20941,#20946));
#20941 = SURFACE_STYLE_USAGE(.BOTH.,#20942);
#20942 = SURFACE_SIDE_STYLE('',(#20943));
#20943 = SURFACE_STYLE_FILL_AREA(#20944);
#20944 = FILL_AREA_STYLE('',(#20945));
#20945 = FILL_AREA_STYLE_COLOUR('',#20521);
#20946 = CURVE_STYLE('',#20947,POSITIVE_LENGTH_MEASURE(0.1),#20521);
#20947 = DRAUGHTING_PRE_DEFINED_CURVE_FONT('continuous');
#20948 = STYLED_ITEM('color',(#20949),#16036);
#20949 = PRESENTATION_STYLE_ASSIGNMENT((#20950,#20955));
#20950 = SURFACE_STYLE_USAGE(.BOTH.,#20951);
#20951 = SURFACE_SIDE_STYLE('',(#20952));
#20952 = SURFACE_STYLE_FILL_AREA(#20953);
#20953 = FILL_AREA_STYLE('',(#20954));
#20954 = FILL_AREA_STYLE_COLOUR('',#20521);
#20955 = CURVE_STYLE('',#20956,POSITIVE_LENGTH_MEASURE(0.1),#20521);
#20956 = DRAUGHTING_PRE_DEFINED_CURVE_FONT('continuous');
#20957 = STYLED_ITEM('color',(#20958),#16048);
#20958 = PRESENTATION_STYLE_ASSIGNMENT((#20959,#20964));
#20959 = SURFACE_STYLE_USAGE(.BOTH.,#20960);
#20960 = SURFACE_SIDE_STYLE('',(#20961));
#20961 = SURFACE_STYLE_FILL_AREA(#20962);
#20962 = FILL_AREA_STYLE('',(#20963));
#20963 = FILL_AREA_STYLE_COLOUR('',#20657);
#20964 = CURVE_STYLE('',#20965,POSITIVE_LENGTH_MEASURE(0.1),#20657);
#20965 = DRAUGHTING_PRE_DEFINED_CURVE_FONT('continuous');
#20966 = STYLED_ITEM('color',(#20967),#16068);
#20967 = PRESENTATION_STYLE_ASSIGNMENT((#20968,#20973));
#20968 = SURFACE_STYLE_USAGE(.BOTH.,#20969);
#20969 = SURFACE_SIDE_STYLE('',(#20970));
#20970 = SURFACE_STYLE_FILL_AREA(#20971);
#20971 = FILL_AREA_STYLE('',(#20972));
#20972 = FILL_AREA_STYLE_COLOUR('',#20657);
#20973 = CURVE_STYLE('',#20974,POSITIVE_LENGTH_MEASURE(0.1),#20657);
#20974 = DRAUGHTING_PRE_DEFINED_CURVE_FONT('continuous');
#20975 = STYLED_ITEM('color',(#20976),#16080);
#20976 = PRESENTATION_STYLE_ASSIGNMENT((#20977,#20982));
#20977 = SURFACE_STYLE_USAGE(.BOTH.,#20978);
#20978 = SURFACE_SIDE_STYLE('',(#20979));
#20979 = SURFACE_STYLE_FILL_AREA(#20980);
#20980 = FILL_AREA_STYLE('',(#20981));
#20981 = FILL_AREA_STYLE_COLOUR('',#20657);
#20982 = CURVE_STYLE('',#20983,POSITIVE_LENGTH_MEASURE(0.1),#20657);
#20983 = DRAUGHTING_PRE_DEFINED_CURVE_FONT('continuous');
#20984 = STYLED_ITEM('color',(#20985),#16092);
#20985 = PRESENTATION_STYLE_ASSIGNMENT((#20986,#20991));
#20986 = SURFACE_STYLE_USAGE(.BOTH.,#20987);
#20987 = SURFACE_SIDE_STYLE('',(#20988));
#20988 = SURFACE_STYLE_FILL_AREA(#20989);
#20989 = FILL_AREA_STYLE('',(#20990));
#20990 = FILL_AREA_STYLE_COLOUR('',#20657);
#20991 = CURVE_STYLE('',#20992,POSITIVE_LENGTH_MEASURE(0.1),#20657);
#20992 = DRAUGHTING_PRE_DEFINED_CURVE_FONT('continuous');
#20993 = STYLED_ITEM('color',(#20994),#16109);
#20994 = PRESENTATION_STYLE_ASSIGNMENT((#20995,#21000));
#20995 = SURFACE_STYLE_USAGE(.BOTH.,#20996);
#20996 = SURFACE_SIDE_STYLE('',(#20997));
#20997 = SURFACE_STYLE_FILL_AREA(#20998);
#20998 = FILL_AREA_STYLE('',(#20999));
#20999 = FILL_AREA_STYLE_COLOUR('',#20657);
#21000 = CURVE_STYLE('',#21001,POSITIVE_LENGTH_MEASURE(0.1),#20657);
#21001 = DRAUGHTING_PRE_DEFINED_CURVE_FONT('continuous');
#21002 = STYLED_ITEM('color',(#21003),#16121);
#21003 = PRESENTATION_STYLE_ASSIGNMENT((#21004,#21009));
#21004 = SURFACE_STYLE_USAGE(.BOTH.,#21005);
#21005 = SURFACE_SIDE_STYLE('',(#21006));
#21006 = SURFACE_STYLE_FILL_AREA(#21007);
#21007 = FILL_AREA_STYLE('',(#21008));
#21008 = FILL_AREA_STYLE_COLOUR('',#20657);
#21009 = CURVE_STYLE('',#21010,POSITIVE_LENGTH_MEASURE(0.1),#20657);
#21010 = DRAUGHTING_PRE_DEFINED_CURVE_FONT('continuous');
#21011 = STYLED_ITEM('color',(#21012),#16138);
#21012 = PRESENTATION_STYLE_ASSIGNMENT((#21013,#21018));
#21013 = SURFACE_STYLE_USAGE(.BOTH.,#21014);
#21014 = SURFACE_SIDE_STYLE('',(#21015));
#21015 = SURFACE_STYLE_FILL_AREA(#21016);
#21016 = FILL_AREA_STYLE('',(#21017));
#21017 = FILL_AREA_STYLE_COLOUR('',#20657);
#21018 = CURVE_STYLE('',#21019,POSITIVE_LENGTH_MEASURE(0.1),#20657);
#21019 = DRAUGHTING_PRE_DEFINED_CURVE_FONT('continuous');
#21020 = STYLED_ITEM('color',(#21021),#16150);
#21021 = PRESENTATION_STYLE_ASSIGNMENT((#21022,#21027));
#21022 = SURFACE_STYLE_USAGE(.BOTH.,#21023);
#21023 = SURFACE_SIDE_STYLE('',(#21024));
#21024 = SURFACE_STYLE_FILL_AREA(#21025);
#21025 = FILL_AREA_STYLE('',(#21026));
#21026 = FILL_AREA_STYLE_COLOUR('',#20521);
#21027 = CURVE_STYLE('',#21028,POSITIVE_LENGTH_MEASURE(0.1),#20521);
#21028 = DRAUGHTING_PRE_DEFINED_CURVE_FONT('continuous');
#21029 = STYLED_ITEM('color',(#21030),#16162);
#21030 = PRESENTATION_STYLE_ASSIGNMENT((#21031,#21036));
#21031 = SURFACE_STYLE_USAGE(.BOTH.,#21032);
#21032 = SURFACE_SIDE_STYLE('',(#21033));
#21033 = SURFACE_STYLE_FILL_AREA(#21034);
#21034 = FILL_AREA_STYLE('',(#21035));
#21035 = FILL_AREA_STYLE_COLOUR('',#20521);
#21036 = CURVE_STYLE('',#21037,POSITIVE_LENGTH_MEASURE(0.1),#20521);
#21037 = DRAUGHTING_PRE_DEFINED_CURVE_FONT('continuous');
#21038 = STYLED_ITEM('color',(#21039),#16242);
#21039 = PRESENTATION_STYLE_ASSIGNMENT((#21040,#21045));
#21040 = SURFACE_STYLE_USAGE(.BOTH.,#21041);
#21041 = SURFACE_SIDE_STYLE('',(#21042));
#21042 = SURFACE_STYLE_FILL_AREA(#21043);
#21043 = FILL_AREA_STYLE('',(#21044));
#21044 = FILL_AREA_STYLE_COLOUR('',#20521);
#21045 = CURVE_STYLE('',#21046,POSITIVE_LENGTH_MEASURE(0.1),#20521);
#21046 = DRAUGHTING_PRE_DEFINED_CURVE_FONT('continuous');
#21047 = STYLED_ITEM('color',(#21048),#16254);
#21048 = PRESENTATION_STYLE_ASSIGNMENT((#21049,#21054));
#21049 = SURFACE_STYLE_USAGE(.BOTH.,#21050);
#21050 = SURFACE_SIDE_STYLE('',(#21051));
#21051 = SURFACE_STYLE_FILL_AREA(#21052);
#21052 = FILL_AREA_STYLE('',(#21053));
#21053 = FILL_AREA_STYLE_COLOUR('',#20657);
#21054 = CURVE_STYLE('',#21055,POSITIVE_LENGTH_MEASURE(0.1),#20657);
#21055 = DRAUGHTING_PRE_DEFINED_CURVE_FONT('continuous');
#21056 = STYLED_ITEM('color',(#21057),#16285);
#21057 = PRESENTATION_STYLE_ASSIGNMENT((#21058,#21063));
#21058 = SURFACE_STYLE_USAGE(.BOTH.,#21059);
#21059 = SURFACE_SIDE_STYLE('',(#21060));
#21060 = SURFACE_STYLE_FILL_AREA(#21061);
#21061 = FILL_AREA_STYLE('',(#21062));
#21062 = FILL_AREA_STYLE_COLOUR('',#20657);
#21063 = CURVE_STYLE('',#21064,POSITIVE_LENGTH_MEASURE(0.1),#20657);
#21064 = DRAUGHTING_PRE_DEFINED_CURVE_FONT('continuous');
#21065 = STYLED_ITEM('color',(#21066),#16309);
#21066 = PRESENTATION_STYLE_ASSIGNMENT((#21067,#21072));
#21067 = SURFACE_STYLE_USAGE(.BOTH.,#21068);
#21068 = SURFACE_SIDE_STYLE('',(#21069));
#21069 = SURFACE_STYLE_FILL_AREA(#21070);
#21070 = FILL_AREA_STYLE('',(#21071));
#21071 = FILL_AREA_STYLE_COLOUR('',#20657);
#21072 = CURVE_STYLE('',#21073,POSITIVE_LENGTH_MEASURE(0.1),#20657);
#21073 = DRAUGHTING_PRE_DEFINED_CURVE_FONT('continuous');
#21074 = STYLED_ITEM('color',(#21075),#16333);
#21075 = PRESENTATION_STYLE_ASSIGNMENT((#21076,#21081));
#21076 = SURFACE_STYLE_USAGE(.BOTH.,#21077);
#21077 = SURFACE_SIDE_STYLE('',(#21078));
#21078 = SURFACE_STYLE_FILL_AREA(#21079);
#21079 = FILL_AREA_STYLE('',(#21080));
#21080 = FILL_AREA_STYLE_COLOUR('',#20657);
#21081 = CURVE_STYLE('',#21082,POSITIVE_LENGTH_MEASURE(0.1),#20657);
#21082 = DRAUGHTING_PRE_DEFINED_CURVE_FONT('continuous');
#21083 = STYLED_ITEM('color',(#21084),#16350);
#21084 = PRESENTATION_STYLE_ASSIGNMENT((#21085,#21090));
#21085 = SURFACE_STYLE_USAGE(.BOTH.,#21086);
#21086 = SURFACE_SIDE_STYLE('',(#21087));
#21087 = SURFACE_STYLE_FILL_AREA(#21088);
#21088 = FILL_AREA_STYLE('',(#21089));
#21089 = FILL_AREA_STYLE_COLOUR('',#20657);
#21090 = CURVE_STYLE('',#21091,POSITIVE_LENGTH_MEASURE(0.1),#20657);
#21091 = DRAUGHTING_PRE_DEFINED_CURVE_FONT('continuous');
#21092 = STYLED_ITEM('color',(#21093),#16381);
#21093 = PRESENTATION_STYLE_ASSIGNMENT((#21094,#21099));
#21094 = SURFACE_STYLE_USAGE(.BOTH.,#21095);
#21095 = SURFACE_SIDE_STYLE('',(#21096));
#21096 = SURFACE_STYLE_FILL_AREA(#21097);
#21097 = FILL_AREA_STYLE('',(#21098));
#21098 = FILL_AREA_STYLE_COLOUR('',#20657);
#21099 = CURVE_STYLE('',#21100,POSITIVE_LENGTH_MEASURE(0.1),#20657);
#21100 = DRAUGHTING_PRE_DEFINED_CURVE_FONT('continuous');
#21101 = STYLED_ITEM('color',(#21102),#16405);
#21102 = PRESENTATION_STYLE_ASSIGNMENT((#21103,#21108));
#21103 = SURFACE_STYLE_USAGE(.BOTH.,#21104);
#21104 = SURFACE_SIDE_STYLE('',(#21105));
#21105 = SURFACE_STYLE_FILL_AREA(#21106);
#21106 = FILL_AREA_STYLE('',(#21107));
#21107 = FILL_AREA_STYLE_COLOUR('',#20657);
#21108 = CURVE_STYLE('',#21109,POSITIVE_LENGTH_MEASURE(0.1),#20657);
#21109 = DRAUGHTING_PRE_DEFINED_CURVE_FONT('continuous');
#21110 = STYLED_ITEM('color',(#21111),#16429);
#21111 = PRESENTATION_STYLE_ASSIGNMENT((#21112,#21117));
#21112 = SURFACE_STYLE_USAGE(.BOTH.,#21113);
#21113 = SURFACE_SIDE_STYLE('',(#21114));
#21114 = SURFACE_STYLE_FILL_AREA(#21115);
#21115 = FILL_AREA_STYLE('',(#21116));
#21116 = FILL_AREA_STYLE_COLOUR('',#20657);
#21117 = CURVE_STYLE('',#21118,POSITIVE_LENGTH_MEASURE(0.1),#20657);
#21118 = DRAUGHTING_PRE_DEFINED_CURVE_FONT('continuous');
#21119 = STYLED_ITEM('color',(#21120),#16446);
#21120 = PRESENTATION_STYLE_ASSIGNMENT((#21121,#21126));
#21121 = SURFACE_STYLE_USAGE(.BOTH.,#21122);
#21122 = SURFACE_SIDE_STYLE('',(#21123));
#21123 = SURFACE_STYLE_FILL_AREA(#21124);
#21124 = FILL_AREA_STYLE('',(#21125));
#21125 = FILL_AREA_STYLE_COLOUR('',#20657);
#21126 = CURVE_STYLE('',#21127,POSITIVE_LENGTH_MEASURE(0.1),#20657);
#21127 = DRAUGHTING_PRE_DEFINED_CURVE_FONT('continuous');
#21128 = STYLED_ITEM('color',(#21129),#16458);
#21129 = PRESENTATION_STYLE_ASSIGNMENT((#21130,#21135));
#21130 = SURFACE_STYLE_USAGE(.BOTH.,#21131);
#21131 = SURFACE_SIDE_STYLE('',(#21132));
#21132 = SURFACE_STYLE_FILL_AREA(#21133);
#21133 = FILL_AREA_STYLE('',(#21134));
#21134 = FILL_AREA_STYLE_COLOUR('',#20657);
#21135 = CURVE_STYLE('',#21136,POSITIVE_LENGTH_MEASURE(0.1),#20657);
#21136 = DRAUGHTING_PRE_DEFINED_CURVE_FONT('continuous');
#21137 = MECHANICAL_DESIGN_GEOMETRIC_PRESENTATION_REPRESENTATION('',(
    #21138),#2923);
#21138 = STYLED_ITEM('color',(#21139),#2543);
#21139 = PRESENTATION_STYLE_ASSIGNMENT((#21140));
#21140 = SURFACE_STYLE_USAGE(.BOTH.,#21141);
#21141 = SURFACE_SIDE_STYLE('',(#21142));
#21142 = SURFACE_STYLE_FILL_AREA(#21143);
#21143 = FILL_AREA_STYLE('',(#21144));
#21144 = FILL_AREA_STYLE_COLOUR('',#21145);
#21145 = COLOUR_RGB('',0.699999984889,0.699999984889,0.699999984889);
#21146 = MECHANICAL_DESIGN_GEOMETRIC_PRESENTATION_REPRESENTATION('',(
    #21147),#18027);
#21147 = STYLED_ITEM('color',(#21148),#16489);
#21148 = PRESENTATION_STYLE_ASSIGNMENT((#21149));
#21149 = SURFACE_STYLE_USAGE(.BOTH.,#21150);
#21150 = SURFACE_SIDE_STYLE('',(#21151));
#21151 = SURFACE_STYLE_FILL_AREA(#21152);
#21152 = FILL_AREA_STYLE('',(#21153));
#21153 = FILL_AREA_STYLE_COLOUR('',#21154);
#21154 = COLOUR_RGB('',0.313304153717,0.484529207832,0.410020903123);
ENDSEC;
END-ISO-10303-21;
