ISO-10303-21;
HEADER;
FILE_DESCRIPTION(('KiCad electronic assembly'),'2;1');
FILE_NAME('pcb model.step','2026-05-05T17:36:46',('Pcbnew'),('Kicad'),
  'Open CASCADE STEP processor 7.9','KiCad to STEP converter','Unknown'
  );
FILE_SCHEMA(('AUTOMOTIVE_DESIGN { 1 0 10303 214 1 1 1 1 }'));
ENDSEC;
DATA;
#1 = APPLICATION_PROTOCOL_DEFINITION('international standard',
  'automotive_design',2000,#2);
#2 = APPLICATION_CONTEXT(
  'core data for automotive mechanical design processes');
#3 = SHAPE_DEFINITION_REPRESENTATION(#4,#10);
#4 = PRODUCT_DEFINITION_SHAPE('','',#5);
#5 = PRODUCT_DEFINITION('design','',#6,#9);
#6 = PRODUCT_DEFINITION_FORMATION('','',#7);
#7 = PRODUCT('pcb model 1','pcb model 1','',(#8));
#8 = PRODUCT_CONTEXT('',#2,'mechanical');
#9 = PRODUCT_DEFINITION_CONTEXT('part definition',#2,'design');
#10 = SHAPE_REPRESENTATION('',(#11,#15,#19,#23,#27,#31),#35);
#11 = AXIS2_PLACEMENT_3D('',#12,#13,#14);
#12 = CARTESIAN_POINT('',(0.,0.,0.));
#13 = DIRECTION('',(0.,0.,1.));
#14 = DIRECTION('',(1.,0.,-0.));
#15 = AXIS2_PLACEMENT_3D('',#16,#17,#18);
#16 = CARTESIAN_POINT('',(65.,-89.69,1.595));
#17 = DIRECTION('',(0.,0.,1.));
#18 = DIRECTION('',(1.,0.,0.));
#19 = AXIS2_PLACEMENT_3D('',#20,#21,#22);
#20 = CARTESIAN_POINT('',(57.,-134.,1.595));
#21 = DIRECTION('',(0.,0.,1.));
#22 = DIRECTION('',(1.,0.,0.));
#23 = AXIS2_PLACEMENT_3D('',#24,#25,#26);
#24 = CARTESIAN_POINT('',(111.,-64.38,1.595));
#25 = DIRECTION('',(0.,0.,1.));
#26 = DIRECTION('',(1.,0.,0.));
#27 = AXIS2_PLACEMENT_3D('',#28,#29,#30);
#28 = CARTESIAN_POINT('',(62.,-149.5,-8.5E-02));
#29 = DIRECTION('',(-1.224646799147E-16,-1.359631073447E-32,-1.));
#30 = DIRECTION('',(1.110223024625E-16,-1.,0.));
#31 = AXIS2_PLACEMENT_3D('',#32,#33,#34);
#32 = CARTESIAN_POINT('',(0.,0.,0.));
#33 = DIRECTION('',(0.,0.,1.));
#34 = DIRECTION('',(1.,0.,-0.));
#35 = ( GEOMETRIC_REPRESENTATION_CONTEXT(3) 
GLOBAL_UNCERTAINTY_ASSIGNED_CONTEXT((#39)) GLOBAL_UNIT_ASSIGNED_CONTEXT(
(#36,#37,#38)) REPRESENTATION_CONTEXT('Context #1',
  '3D Context with UNIT and UNCERTAINTY') );
#36 = ( LENGTH_UNIT() NAMED_UNIT(*) SI_UNIT(.MILLI.,.METRE.) );
#37 = ( NAMED_UNIT(*) PLANE_ANGLE_UNIT() SI_UNIT($,.RADIAN.) );
#38 = ( NAMED_UNIT(*) SI_UNIT($,.STERADIAN.) SOLID_ANGLE_UNIT() );
#39 = UNCERTAINTY_MEASURE_WITH_UNIT(LENGTH_MEASURE(1.E-07),#36,
  'distance_accuracy_value','confusion accuracy');
#40 = PRODUCT_RELATED_PRODUCT_CATEGORY('part',$,(#7));
#41 = SHAPE_DEFINITION_REPRESENTATION(#42,#48);
#42 = PRODUCT_DEFINITION_SHAPE('','',#43);
#43 = PRODUCT_DEFINITION('design','',#44,#47);
#44 = PRODUCT_DEFINITION_FORMATION('','',#45);
#45 = PRODUCT('PinHeader_1x04_P2.54mm_Vertical',
  'PinHeader_1x04_P2.54mm_Vertical','',(#46));
#46 = PRODUCT_CONTEXT('',#2,'mechanical');
#47 = PRODUCT_DEFINITION_CONTEXT('part definition',#2,'design');
#48 = ADVANCED_BREP_SHAPE_REPRESENTATION('',(#11,#49),#2829);
#49 = MANIFOLD_SOLID_BREP('',#50);
#50 = CLOSED_SHELL('',(#51,#91,#122,#153,#482,#811,#828,#845,#862,#879,
    #896,#913,#930,#947,#964,#981,#998,#1015,#1032,#1049,#1066,#1083,
    #1100,#1117,#1134,#1151,#1168,#1185,#1197,#1228,#1252,#1276,#1293,
    #1324,#1348,#1372,#1389,#1420,#1444,#1468,#1485,#1516,#1540,#1564,
    #1581,#1612,#1636,#1660,#1677,#1708,#1732,#1756,#1773,#1804,#1828,
    #1852,#1869,#1900,#1924,#1948,#1965,#1996,#2020,#2044,#2061,#2092,
    #2116,#2140,#2157,#2188,#2212,#2236,#2253,#2284,#2308,#2332,#2349,
    #2380,#2404,#2428,#2445,#2476,#2500,#2524,#2541,#2572,#2596,#2620,
    #2637,#2668,#2692,#2716,#2733,#2745,#2757,#2769,#2781,#2793,#2805,
    #2817));
#51 = ADVANCED_FACE('',(#52),#86,.F.);
#52 = FACE_BOUND('',#53,.F.);
#53 = EDGE_LOOP('',(#54,#64,#72,#80));
#54 = ORIENTED_EDGE('',*,*,#55,.T.);
#55 = EDGE_CURVE('',#56,#58,#60,.T.);
#56 = VERTEX_POINT('',#57);
#57 = CARTESIAN_POINT('',(-1.016,1.27,0.));
#58 = VERTEX_POINT('',#59);
#59 = CARTESIAN_POINT('',(-1.016,1.27,2.54));
#60 = LINE('',#61,#62);
#61 = CARTESIAN_POINT('',(-1.016,1.27,0.));
#62 = VECTOR('',#63,1.);
#63 = DIRECTION('',(0.,0.,1.));
#64 = ORIENTED_EDGE('',*,*,#65,.T.);
#65 = EDGE_CURVE('',#58,#66,#68,.T.);
#66 = VERTEX_POINT('',#67);
#67 = CARTESIAN_POINT('',(-1.27,1.016,2.54));
#68 = LINE('',#69,#70);
#69 = CARTESIAN_POINT('',(-1.016,1.27,2.54));
#70 = VECTOR('',#71,1.);
#71 = DIRECTION('',(-0.707106781187,-0.707106781187,0.));
#72 = ORIENTED_EDGE('',*,*,#73,.F.);
#73 = EDGE_CURVE('',#74,#66,#76,.T.);
#74 = VERTEX_POINT('',#75);
#75 = CARTESIAN_POINT('',(-1.27,1.016,0.));
#76 = LINE('',#77,#78);
#77 = CARTESIAN_POINT('',(-1.27,1.016,0.));
#78 = VECTOR('',#79,1.);
#79 = DIRECTION('',(0.,0.,1.));
#80 = ORIENTED_EDGE('',*,*,#81,.F.);
#81 = EDGE_CURVE('',#56,#74,#82,.T.);
#82 = LINE('',#83,#84);
#83 = CARTESIAN_POINT('',(-1.016,1.27,0.));
#84 = VECTOR('',#85,1.);
#85 = DIRECTION('',(-0.707106781187,-0.707106781187,0.));
#86 = PLANE('',#87);
#87 = AXIS2_PLACEMENT_3D('',#88,#89,#90);
#88 = CARTESIAN_POINT('',(-1.016,1.27,0.));
#89 = DIRECTION('',(0.707106781187,-0.707106781187,0.));
#90 = DIRECTION('',(-0.707106781187,-0.707106781187,0.));
#91 = ADVANCED_FACE('',(#92),#117,.F.);
#92 = FACE_BOUND('',#93,.F.);
#93 = EDGE_LOOP('',(#94,#104,#110,#111));
#94 = ORIENTED_EDGE('',*,*,#95,.T.);
#95 = EDGE_CURVE('',#96,#98,#100,.T.);
#96 = VERTEX_POINT('',#97);
#97 = CARTESIAN_POINT('',(1.016,1.27,0.));
#98 = VERTEX_POINT('',#99);
#99 = CARTESIAN_POINT('',(1.016,1.27,2.54));
#100 = LINE('',#101,#102);
#101 = CARTESIAN_POINT('',(1.016,1.27,0.));
#102 = VECTOR('',#103,1.);
#103 = DIRECTION('',(0.,0.,1.));
#104 = ORIENTED_EDGE('',*,*,#105,.T.);
#105 = EDGE_CURVE('',#98,#58,#106,.T.);
#106 = LINE('',#107,#108);
#107 = CARTESIAN_POINT('',(1.016,1.27,2.54));
#108 = VECTOR('',#109,1.);
#109 = DIRECTION('',(-1.,0.,0.));
#110 = ORIENTED_EDGE('',*,*,#55,.F.);
#111 = ORIENTED_EDGE('',*,*,#112,.F.);
#112 = EDGE_CURVE('',#96,#56,#113,.T.);
#113 = LINE('',#114,#115);
#114 = CARTESIAN_POINT('',(1.016,1.27,0.));
#115 = VECTOR('',#116,1.);
#116 = DIRECTION('',(-1.,0.,0.));
#117 = PLANE('',#118);
#118 = AXIS2_PLACEMENT_3D('',#119,#120,#121);
#119 = CARTESIAN_POINT('',(1.016,1.27,0.));
#120 = DIRECTION('',(0.,-1.,0.));
#121 = DIRECTION('',(-1.,0.,0.));
#122 = ADVANCED_FACE('',(#123),#148,.F.);
#123 = FACE_BOUND('',#124,.F.);
#124 = EDGE_LOOP('',(#125,#126,#134,#142));
#125 = ORIENTED_EDGE('',*,*,#73,.T.);
#126 = ORIENTED_EDGE('',*,*,#127,.T.);
#127 = EDGE_CURVE('',#66,#128,#130,.T.);
#128 = VERTEX_POINT('',#129);
#129 = CARTESIAN_POINT('',(-1.27,-1.016,2.54));
#130 = LINE('',#131,#132);
#131 = CARTESIAN_POINT('',(-1.27,1.016,2.54));
#132 = VECTOR('',#133,1.);
#133 = DIRECTION('',(0.,-1.,0.));
#134 = ORIENTED_EDGE('',*,*,#135,.F.);
#135 = EDGE_CURVE('',#136,#128,#138,.T.);
#136 = VERTEX_POINT('',#137);
#137 = CARTESIAN_POINT('',(-1.27,-1.016,0.));
#138 = LINE('',#139,#140);
#139 = CARTESIAN_POINT('',(-1.27,-1.016,0.));
#140 = VECTOR('',#141,1.);
#141 = DIRECTION('',(0.,0.,1.));
#142 = ORIENTED_EDGE('',*,*,#143,.F.);
#143 = EDGE_CURVE('',#74,#136,#144,.T.);
#144 = LINE('',#145,#146);
#145 = CARTESIAN_POINT('',(-1.27,1.016,0.));
#146 = VECTOR('',#147,1.);
#147 = DIRECTION('',(0.,-1.,0.));
#148 = PLANE('',#149);
#149 = AXIS2_PLACEMENT_3D('',#150,#151,#152);
#150 = CARTESIAN_POINT('',(-1.27,1.016,0.));
#151 = DIRECTION('',(1.,0.,0.));
#152 = DIRECTION('',(0.,-1.,0.));
#153 = ADVANCED_FACE('',(#154,#341,#375,#409,#443),#477,.F.);
#154 = FACE_BOUND('',#155,.F.);
#155 = EDGE_LOOP('',(#156,#157,#158,#166,#174,#182,#190,#198,#206,#214,
    #222,#230,#238,#246,#254,#262,#270,#278,#286,#294,#302,#310,#318,
    #326,#334,#340));
#156 = ORIENTED_EDGE('',*,*,#81,.T.);
#157 = ORIENTED_EDGE('',*,*,#143,.T.);
#158 = ORIENTED_EDGE('',*,*,#159,.T.);
#159 = EDGE_CURVE('',#136,#160,#162,.T.);
#160 = VERTEX_POINT('',#161);
#161 = CARTESIAN_POINT('',(-1.016,-1.27,0.));
#162 = LINE('',#163,#164);
#163 = CARTESIAN_POINT('',(-1.27,-1.016,0.));
#164 = VECTOR('',#165,1.);
#165 = DIRECTION('',(0.707106781187,-0.707106781187,0.));
#166 = ORIENTED_EDGE('',*,*,#167,.T.);
#167 = EDGE_CURVE('',#160,#168,#170,.T.);
#168 = VERTEX_POINT('',#169);
#169 = CARTESIAN_POINT('',(-1.27,-1.524,0.));
#170 = LINE('',#171,#172);
#171 = CARTESIAN_POINT('',(-1.016,-1.27,0.));
#172 = VECTOR('',#173,1.);
#173 = DIRECTION('',(-0.707106781187,-0.707106781187,0.));
#174 = ORIENTED_EDGE('',*,*,#175,.T.);
#175 = EDGE_CURVE('',#168,#176,#178,.T.);
#176 = VERTEX_POINT('',#177);
#177 = CARTESIAN_POINT('',(-1.27,-3.556,0.));
#178 = LINE('',#179,#180);
#179 = CARTESIAN_POINT('',(-1.27,-1.524,0.));
#180 = VECTOR('',#181,1.);
#181 = DIRECTION('',(0.,-1.,0.));
#182 = ORIENTED_EDGE('',*,*,#183,.T.);
#183 = EDGE_CURVE('',#176,#184,#186,.T.);
#184 = VERTEX_POINT('',#185);
#185 = CARTESIAN_POINT('',(-1.016,-3.81,0.));
#186 = LINE('',#187,#188);
#187 = CARTESIAN_POINT('',(-1.27,-3.556,0.));
#188 = VECTOR('',#189,1.);
#189 = DIRECTION('',(0.707106781187,-0.707106781187,0.));
#190 = ORIENTED_EDGE('',*,*,#191,.T.);
#191 = EDGE_CURVE('',#184,#192,#194,.T.);
#192 = VERTEX_POINT('',#193);
#193 = CARTESIAN_POINT('',(-1.27,-4.064,0.));
#194 = LINE('',#195,#196);
#195 = CARTESIAN_POINT('',(-1.016,-3.81,0.));
#196 = VECTOR('',#197,1.);
#197 = DIRECTION('',(-0.707106781187,-0.707106781187,0.));
#198 = ORIENTED_EDGE('',*,*,#199,.T.);
#199 = EDGE_CURVE('',#192,#200,#202,.T.);
#200 = VERTEX_POINT('',#201);
#201 = CARTESIAN_POINT('',(-1.27,-6.096,0.));
#202 = LINE('',#203,#204);
#203 = CARTESIAN_POINT('',(-1.27,-4.064,0.));
#204 = VECTOR('',#205,1.);
#205 = DIRECTION('',(0.,-1.,0.));
#206 = ORIENTED_EDGE('',*,*,#207,.T.);
#207 = EDGE_CURVE('',#200,#208,#210,.T.);
#208 = VERTEX_POINT('',#209);
#209 = CARTESIAN_POINT('',(-1.016,-6.35,0.));
#210 = LINE('',#211,#212);
#211 = CARTESIAN_POINT('',(-1.27,-6.096,0.));
#212 = VECTOR('',#213,1.);
#213 = DIRECTION('',(0.707106781187,-0.707106781187,0.));
#214 = ORIENTED_EDGE('',*,*,#215,.T.);
#215 = EDGE_CURVE('',#208,#216,#218,.T.);
#216 = VERTEX_POINT('',#217);
#217 = CARTESIAN_POINT('',(-1.27,-6.604,0.));
#218 = LINE('',#219,#220);
#219 = CARTESIAN_POINT('',(-1.016,-6.35,0.));
#220 = VECTOR('',#221,1.);
#221 = DIRECTION('',(-0.707106781187,-0.707106781187,0.));
#222 = ORIENTED_EDGE('',*,*,#223,.T.);
#223 = EDGE_CURVE('',#216,#224,#226,.T.);
#224 = VERTEX_POINT('',#225);
#225 = CARTESIAN_POINT('',(-1.27,-8.636,0.));
#226 = LINE('',#227,#228);
#227 = CARTESIAN_POINT('',(-1.27,-6.604,0.));
#228 = VECTOR('',#229,1.);
#229 = DIRECTION('',(0.,-1.,0.));
#230 = ORIENTED_EDGE('',*,*,#231,.T.);
#231 = EDGE_CURVE('',#224,#232,#234,.T.);
#232 = VERTEX_POINT('',#233);
#233 = CARTESIAN_POINT('',(-1.016,-8.89,0.));
#234 = LINE('',#235,#236);
#235 = CARTESIAN_POINT('',(-1.27,-8.636,0.));
#236 = VECTOR('',#237,1.);
#237 = DIRECTION('',(0.707106781187,-0.707106781187,0.));
#238 = ORIENTED_EDGE('',*,*,#239,.T.);
#239 = EDGE_CURVE('',#232,#240,#242,.T.);
#240 = VERTEX_POINT('',#241);
#241 = CARTESIAN_POINT('',(1.016,-8.89,0.));
#242 = LINE('',#243,#244);
#243 = CARTESIAN_POINT('',(-1.016,-8.89,0.));
#244 = VECTOR('',#245,1.);
#245 = DIRECTION('',(1.,0.,0.));
#246 = ORIENTED_EDGE('',*,*,#247,.T.);
#247 = EDGE_CURVE('',#240,#248,#250,.T.);
#248 = VERTEX_POINT('',#249);
#249 = CARTESIAN_POINT('',(1.27,-8.636,0.));
#250 = LINE('',#251,#252);
#251 = CARTESIAN_POINT('',(1.016,-8.89,0.));
#252 = VECTOR('',#253,1.);
#253 = DIRECTION('',(0.707106781187,0.707106781187,0.));
#254 = ORIENTED_EDGE('',*,*,#255,.T.);
#255 = EDGE_CURVE('',#248,#256,#258,.T.);
#256 = VERTEX_POINT('',#257);
#257 = CARTESIAN_POINT('',(1.27,-6.604,0.));
#258 = LINE('',#259,#260);
#259 = CARTESIAN_POINT('',(1.27,-8.636,0.));
#260 = VECTOR('',#261,1.);
#261 = DIRECTION('',(0.,1.,0.));
#262 = ORIENTED_EDGE('',*,*,#263,.T.);
#263 = EDGE_CURVE('',#256,#264,#266,.T.);
#264 = VERTEX_POINT('',#265);
#265 = CARTESIAN_POINT('',(1.016,-6.35,0.));
#266 = LINE('',#267,#268);
#267 = CARTESIAN_POINT('',(1.27,-6.604,0.));
#268 = VECTOR('',#269,1.);
#269 = DIRECTION('',(-0.707106781187,0.707106781187,0.));
#270 = ORIENTED_EDGE('',*,*,#271,.T.);
#271 = EDGE_CURVE('',#264,#272,#274,.T.);
#272 = VERTEX_POINT('',#273);
#273 = CARTESIAN_POINT('',(1.27,-6.096,0.));
#274 = LINE('',#275,#276);
#275 = CARTESIAN_POINT('',(1.016,-6.35,0.));
#276 = VECTOR('',#277,1.);
#277 = DIRECTION('',(0.707106781187,0.707106781187,0.));
#278 = ORIENTED_EDGE('',*,*,#279,.T.);
#279 = EDGE_CURVE('',#272,#280,#282,.T.);
#280 = VERTEX_POINT('',#281);
#281 = CARTESIAN_POINT('',(1.27,-4.064,0.));
#282 = LINE('',#283,#284);
#283 = CARTESIAN_POINT('',(1.27,-6.096,0.));
#284 = VECTOR('',#285,1.);
#285 = DIRECTION('',(0.,1.,0.));
#286 = ORIENTED_EDGE('',*,*,#287,.T.);
#287 = EDGE_CURVE('',#280,#288,#290,.T.);
#288 = VERTEX_POINT('',#289);
#289 = CARTESIAN_POINT('',(1.016,-3.81,0.));
#290 = LINE('',#291,#292);
#291 = CARTESIAN_POINT('',(1.27,-4.064,0.));
#292 = VECTOR('',#293,1.);
#293 = DIRECTION('',(-0.707106781187,0.707106781187,0.));
#294 = ORIENTED_EDGE('',*,*,#295,.T.);
#295 = EDGE_CURVE('',#288,#296,#298,.T.);
#296 = VERTEX_POINT('',#297);
#297 = CARTESIAN_POINT('',(1.27,-3.556,0.));
#298 = LINE('',#299,#300);
#299 = CARTESIAN_POINT('',(1.016,-3.81,0.));
#300 = VECTOR('',#301,1.);
#301 = DIRECTION('',(0.707106781187,0.707106781187,0.));
#302 = ORIENTED_EDGE('',*,*,#303,.T.);
#303 = EDGE_CURVE('',#296,#304,#306,.T.);
#304 = VERTEX_POINT('',#305);
#305 = CARTESIAN_POINT('',(1.27,-1.524,0.));
#306 = LINE('',#307,#308);
#307 = CARTESIAN_POINT('',(1.27,-3.556,0.));
#308 = VECTOR('',#309,1.);
#309 = DIRECTION('',(0.,1.,0.));
#310 = ORIENTED_EDGE('',*,*,#311,.T.);
#311 = EDGE_CURVE('',#304,#312,#314,.T.);
#312 = VERTEX_POINT('',#313);
#313 = CARTESIAN_POINT('',(1.016,-1.27,0.));
#314 = LINE('',#315,#316);
#315 = CARTESIAN_POINT('',(1.27,-1.524,0.));
#316 = VECTOR('',#317,1.);
#317 = DIRECTION('',(-0.707106781187,0.707106781187,0.));
#318 = ORIENTED_EDGE('',*,*,#319,.T.);
#319 = EDGE_CURVE('',#312,#320,#322,.T.);
#320 = VERTEX_POINT('',#321);
#321 = CARTESIAN_POINT('',(1.27,-1.016,0.));
#322 = LINE('',#323,#324);
#323 = CARTESIAN_POINT('',(1.016,-1.27,0.));
#324 = VECTOR('',#325,1.);
#325 = DIRECTION('',(0.707106781187,0.707106781187,0.));
#326 = ORIENTED_EDGE('',*,*,#327,.T.);
#327 = EDGE_CURVE('',#320,#328,#330,.T.);
#328 = VERTEX_POINT('',#329);
#329 = CARTESIAN_POINT('',(1.27,1.016,0.));
#330 = LINE('',#331,#332);
#331 = CARTESIAN_POINT('',(1.27,-1.016,0.));
#332 = VECTOR('',#333,1.);
#333 = DIRECTION('',(0.,1.,0.));
#334 = ORIENTED_EDGE('',*,*,#335,.T.);
#335 = EDGE_CURVE('',#328,#96,#336,.T.);
#336 = LINE('',#337,#338);
#337 = CARTESIAN_POINT('',(1.27,1.016,0.));
#338 = VECTOR('',#339,1.);
#339 = DIRECTION('',(-0.707106781187,0.707106781187,0.));
#340 = ORIENTED_EDGE('',*,*,#112,.T.);
#341 = FACE_BOUND('',#342,.F.);
#342 = EDGE_LOOP('',(#343,#353,#361,#369));
#343 = ORIENTED_EDGE('',*,*,#344,.F.);
#344 = EDGE_CURVE('',#345,#347,#349,.T.);
#345 = VERTEX_POINT('',#346);
#346 = CARTESIAN_POINT('',(0.32,-4.76,0.));
#347 = VERTEX_POINT('',#348);
#348 = CARTESIAN_POINT('',(-0.32,-4.76,0.));
#349 = LINE('',#350,#351);
#350 = CARTESIAN_POINT('',(-0.16,-4.76,0.));
#351 = VECTOR('',#352,1.);
#352 = DIRECTION('',(-1.,0.,0.));
#353 = ORIENTED_EDGE('',*,*,#354,.F.);
#354 = EDGE_CURVE('',#355,#345,#357,.T.);
#355 = VERTEX_POINT('',#356);
#356 = CARTESIAN_POINT('',(0.32,-5.4,0.));
#357 = LINE('',#358,#359);
#358 = CARTESIAN_POINT('',(0.32,-4.605,0.));
#359 = VECTOR('',#360,1.);
#360 = DIRECTION('',(0.,1.,0.));
#361 = ORIENTED_EDGE('',*,*,#362,.T.);
#362 = EDGE_CURVE('',#355,#363,#365,.T.);
#363 = VERTEX_POINT('',#364);
#364 = CARTESIAN_POINT('',(-0.32,-5.4,0.));
#365 = LINE('',#366,#367);
#366 = CARTESIAN_POINT('',(-0.16,-5.4,0.));
#367 = VECTOR('',#368,1.);
#368 = DIRECTION('',(-1.,0.,0.));
#369 = ORIENTED_EDGE('',*,*,#370,.T.);
#370 = EDGE_CURVE('',#363,#347,#371,.T.);
#371 = LINE('',#372,#373);
#372 = CARTESIAN_POINT('',(-0.32,-4.605,0.));
#373 = VECTOR('',#374,1.);
#374 = DIRECTION('',(0.,1.,0.));
#375 = FACE_BOUND('',#376,.F.);
#376 = EDGE_LOOP('',(#377,#387,#395,#403));
#377 = ORIENTED_EDGE('',*,*,#378,.F.);
#378 = EDGE_CURVE('',#379,#381,#383,.T.);
#379 = VERTEX_POINT('',#380);
#380 = CARTESIAN_POINT('',(0.32,-7.94,0.));
#381 = VERTEX_POINT('',#382);
#382 = CARTESIAN_POINT('',(0.32,-7.3,0.));
#383 = LINE('',#384,#385);
#384 = CARTESIAN_POINT('',(0.32,-5.875,0.));
#385 = VECTOR('',#386,1.);
#386 = DIRECTION('',(0.,1.,0.));
#387 = ORIENTED_EDGE('',*,*,#388,.T.);
#388 = EDGE_CURVE('',#379,#389,#391,.T.);
#389 = VERTEX_POINT('',#390);
#390 = CARTESIAN_POINT('',(-0.32,-7.94,0.));
#391 = LINE('',#392,#393);
#392 = CARTESIAN_POINT('',(-0.16,-7.94,0.));
#393 = VECTOR('',#394,1.);
#394 = DIRECTION('',(-1.,0.,0.));
#395 = ORIENTED_EDGE('',*,*,#396,.T.);
#396 = EDGE_CURVE('',#389,#397,#399,.T.);
#397 = VERTEX_POINT('',#398);
#398 = CARTESIAN_POINT('',(-0.32,-7.3,0.));
#399 = LINE('',#400,#401);
#400 = CARTESIAN_POINT('',(-0.32,-5.875,0.));
#401 = VECTOR('',#402,1.);
#402 = DIRECTION('',(0.,1.,0.));
#403 = ORIENTED_EDGE('',*,*,#404,.F.);
#404 = EDGE_CURVE('',#381,#397,#405,.T.);
#405 = LINE('',#406,#407);
#406 = CARTESIAN_POINT('',(-0.16,-7.3,0.));
#407 = VECTOR('',#408,1.);
#408 = DIRECTION('',(-1.,0.,0.));
#409 = FACE_BOUND('',#410,.F.);
#410 = EDGE_LOOP('',(#411,#421,#429,#437));
#411 = ORIENTED_EDGE('',*,*,#412,.F.);
#412 = EDGE_CURVE('',#413,#415,#417,.T.);
#413 = VERTEX_POINT('',#414);
#414 = CARTESIAN_POINT('',(0.32,-0.32,0.));
#415 = VERTEX_POINT('',#416);
#416 = CARTESIAN_POINT('',(0.32,0.32,0.));
#417 = LINE('',#418,#419);
#418 = CARTESIAN_POINT('',(0.32,-2.065,0.));
#419 = VECTOR('',#420,1.);
#420 = DIRECTION('',(0.,1.,0.));
#421 = ORIENTED_EDGE('',*,*,#422,.T.);
#422 = EDGE_CURVE('',#413,#423,#425,.T.);
#423 = VERTEX_POINT('',#424);
#424 = CARTESIAN_POINT('',(-0.32,-0.32,0.));
#425 = LINE('',#426,#427);
#426 = CARTESIAN_POINT('',(-0.16,-0.32,0.));
#427 = VECTOR('',#428,1.);
#428 = DIRECTION('',(-1.,0.,0.));
#429 = ORIENTED_EDGE('',*,*,#430,.T.);
#430 = EDGE_CURVE('',#423,#431,#433,.T.);
#431 = VERTEX_POINT('',#432);
#432 = CARTESIAN_POINT('',(-0.32,0.32,0.));
#433 = LINE('',#434,#435);
#434 = CARTESIAN_POINT('',(-0.32,-2.065,0.));
#435 = VECTOR('',#436,1.);
#436 = DIRECTION('',(0.,1.,0.));
#437 = ORIENTED_EDGE('',*,*,#438,.F.);
#438 = EDGE_CURVE('',#415,#431,#439,.T.);
#439 = LINE('',#440,#441);
#440 = CARTESIAN_POINT('',(-0.16,0.32,0.));
#441 = VECTOR('',#442,1.);
#442 = DIRECTION('',(-1.,0.,0.));
#443 = FACE_BOUND('',#444,.F.);
#444 = EDGE_LOOP('',(#445,#455,#463,#471));
#445 = ORIENTED_EDGE('',*,*,#446,.F.);
#446 = EDGE_CURVE('',#447,#449,#451,.T.);
#447 = VERTEX_POINT('',#448);
#448 = CARTESIAN_POINT('',(0.32,-2.22,0.));
#449 = VERTEX_POINT('',#450);
#450 = CARTESIAN_POINT('',(-0.32,-2.22,0.));
#451 = LINE('',#452,#453);
#452 = CARTESIAN_POINT('',(-0.16,-2.22,0.));
#453 = VECTOR('',#454,1.);
#454 = DIRECTION('',(-1.,0.,0.));
#455 = ORIENTED_EDGE('',*,*,#456,.F.);
#456 = EDGE_CURVE('',#457,#447,#459,.T.);
#457 = VERTEX_POINT('',#458);
#458 = CARTESIAN_POINT('',(0.32,-2.86,0.));
#459 = LINE('',#460,#461);
#460 = CARTESIAN_POINT('',(0.32,-3.335,0.));
#461 = VECTOR('',#462,1.);
#462 = DIRECTION('',(0.,1.,0.));
#463 = ORIENTED_EDGE('',*,*,#464,.T.);
#464 = EDGE_CURVE('',#457,#465,#467,.T.);
#465 = VERTEX_POINT('',#466);
#466 = CARTESIAN_POINT('',(-0.32,-2.86,0.));
#467 = LINE('',#468,#469);
#468 = CARTESIAN_POINT('',(-0.16,-2.86,0.));
#469 = VECTOR('',#470,1.);
#470 = DIRECTION('',(-1.,0.,0.));
#471 = ORIENTED_EDGE('',*,*,#472,.T.);
#472 = EDGE_CURVE('',#465,#449,#473,.T.);
#473 = LINE('',#474,#475);
#474 = CARTESIAN_POINT('',(-0.32,-3.335,0.));
#475 = VECTOR('',#476,1.);
#476 = DIRECTION('',(0.,1.,0.));
#477 = PLANE('',#478);
#478 = AXIS2_PLACEMENT_3D('',#479,#480,#481);
#479 = CARTESIAN_POINT('',(4.259053689278E-17,-3.81,0.));
#480 = DIRECTION('',(0.,0.,1.));
#481 = DIRECTION('',(1.,0.,-0.));
#482 = ADVANCED_FACE('',(#483,#670,#704,#738,#772),#806,.T.);
#483 = FACE_BOUND('',#484,.T.);
#484 = EDGE_LOOP('',(#485,#486,#487,#495,#503,#511,#519,#527,#535,#543,
    #551,#559,#567,#575,#583,#591,#599,#607,#615,#623,#631,#639,#647,
    #655,#663,#669));
#485 = ORIENTED_EDGE('',*,*,#65,.T.);
#486 = ORIENTED_EDGE('',*,*,#127,.T.);
#487 = ORIENTED_EDGE('',*,*,#488,.T.);
#488 = EDGE_CURVE('',#128,#489,#491,.T.);
#489 = VERTEX_POINT('',#490);
#490 = CARTESIAN_POINT('',(-1.016,-1.27,2.54));
#491 = LINE('',#492,#493);
#492 = CARTESIAN_POINT('',(-1.27,-1.016,2.54));
#493 = VECTOR('',#494,1.);
#494 = DIRECTION('',(0.707106781187,-0.707106781187,0.));
#495 = ORIENTED_EDGE('',*,*,#496,.T.);
#496 = EDGE_CURVE('',#489,#497,#499,.T.);
#497 = VERTEX_POINT('',#498);
#498 = CARTESIAN_POINT('',(-1.27,-1.524,2.54));
#499 = LINE('',#500,#501);
#500 = CARTESIAN_POINT('',(-1.016,-1.27,2.54));
#501 = VECTOR('',#502,1.);
#502 = DIRECTION('',(-0.707106781187,-0.707106781187,0.));
#503 = ORIENTED_EDGE('',*,*,#504,.T.);
#504 = EDGE_CURVE('',#497,#505,#507,.T.);
#505 = VERTEX_POINT('',#506);
#506 = CARTESIAN_POINT('',(-1.27,-3.556,2.54));
#507 = LINE('',#508,#509);
#508 = CARTESIAN_POINT('',(-1.27,-1.524,2.54));
#509 = VECTOR('',#510,1.);
#510 = DIRECTION('',(0.,-1.,0.));
#511 = ORIENTED_EDGE('',*,*,#512,.T.);
#512 = EDGE_CURVE('',#505,#513,#515,.T.);
#513 = VERTEX_POINT('',#514);
#514 = CARTESIAN_POINT('',(-1.016,-3.81,2.54));
#515 = LINE('',#516,#517);
#516 = CARTESIAN_POINT('',(-1.27,-3.556,2.54));
#517 = VECTOR('',#518,1.);
#518 = DIRECTION('',(0.707106781187,-0.707106781187,0.));
#519 = ORIENTED_EDGE('',*,*,#520,.T.);
#520 = EDGE_CURVE('',#513,#521,#523,.T.);
#521 = VERTEX_POINT('',#522);
#522 = CARTESIAN_POINT('',(-1.27,-4.064,2.54));
#523 = LINE('',#524,#525);
#524 = CARTESIAN_POINT('',(-1.016,-3.81,2.54));
#525 = VECTOR('',#526,1.);
#526 = DIRECTION('',(-0.707106781187,-0.707106781187,0.));
#527 = ORIENTED_EDGE('',*,*,#528,.T.);
#528 = EDGE_CURVE('',#521,#529,#531,.T.);
#529 = VERTEX_POINT('',#530);
#530 = CARTESIAN_POINT('',(-1.27,-6.096,2.54));
#531 = LINE('',#532,#533);
#532 = CARTESIAN_POINT('',(-1.27,-4.064,2.54));
#533 = VECTOR('',#534,1.);
#534 = DIRECTION('',(0.,-1.,0.));
#535 = ORIENTED_EDGE('',*,*,#536,.T.);
#536 = EDGE_CURVE('',#529,#537,#539,.T.);
#537 = VERTEX_POINT('',#538);
#538 = CARTESIAN_POINT('',(-1.016,-6.35,2.54));
#539 = LINE('',#540,#541);
#540 = CARTESIAN_POINT('',(-1.27,-6.096,2.54));
#541 = VECTOR('',#542,1.);
#542 = DIRECTION('',(0.707106781187,-0.707106781187,0.));
#543 = ORIENTED_EDGE('',*,*,#544,.T.);
#544 = EDGE_CURVE('',#537,#545,#547,.T.);
#545 = VERTEX_POINT('',#546);
#546 = CARTESIAN_POINT('',(-1.27,-6.604,2.54));
#547 = LINE('',#548,#549);
#548 = CARTESIAN_POINT('',(-1.016,-6.35,2.54));
#549 = VECTOR('',#550,1.);
#550 = DIRECTION('',(-0.707106781187,-0.707106781187,0.));
#551 = ORIENTED_EDGE('',*,*,#552,.T.);
#552 = EDGE_CURVE('',#545,#553,#555,.T.);
#553 = VERTEX_POINT('',#554);
#554 = CARTESIAN_POINT('',(-1.27,-8.636,2.54));
#555 = LINE('',#556,#557);
#556 = CARTESIAN_POINT('',(-1.27,-6.604,2.54));
#557 = VECTOR('',#558,1.);
#558 = DIRECTION('',(0.,-1.,0.));
#559 = ORIENTED_EDGE('',*,*,#560,.T.);
#560 = EDGE_CURVE('',#553,#561,#563,.T.);
#561 = VERTEX_POINT('',#562);
#562 = CARTESIAN_POINT('',(-1.016,-8.89,2.54));
#563 = LINE('',#564,#565);
#564 = CARTESIAN_POINT('',(-1.27,-8.636,2.54));
#565 = VECTOR('',#566,1.);
#566 = DIRECTION('',(0.707106781187,-0.707106781187,0.));
#567 = ORIENTED_EDGE('',*,*,#568,.T.);
#568 = EDGE_CURVE('',#561,#569,#571,.T.);
#569 = VERTEX_POINT('',#570);
#570 = CARTESIAN_POINT('',(1.016,-8.89,2.54));
#571 = LINE('',#572,#573);
#572 = CARTESIAN_POINT('',(-1.016,-8.89,2.54));
#573 = VECTOR('',#574,1.);
#574 = DIRECTION('',(1.,0.,0.));
#575 = ORIENTED_EDGE('',*,*,#576,.T.);
#576 = EDGE_CURVE('',#569,#577,#579,.T.);
#577 = VERTEX_POINT('',#578);
#578 = CARTESIAN_POINT('',(1.27,-8.636,2.54));
#579 = LINE('',#580,#581);
#580 = CARTESIAN_POINT('',(1.016,-8.89,2.54));
#581 = VECTOR('',#582,1.);
#582 = DIRECTION('',(0.707106781187,0.707106781187,0.));
#583 = ORIENTED_EDGE('',*,*,#584,.T.);
#584 = EDGE_CURVE('',#577,#585,#587,.T.);
#585 = VERTEX_POINT('',#586);
#586 = CARTESIAN_POINT('',(1.27,-6.604,2.54));
#587 = LINE('',#588,#589);
#588 = CARTESIAN_POINT('',(1.27,-8.636,2.54));
#589 = VECTOR('',#590,1.);
#590 = DIRECTION('',(0.,1.,0.));
#591 = ORIENTED_EDGE('',*,*,#592,.T.);
#592 = EDGE_CURVE('',#585,#593,#595,.T.);
#593 = VERTEX_POINT('',#594);
#594 = CARTESIAN_POINT('',(1.016,-6.35,2.54));
#595 = LINE('',#596,#597);
#596 = CARTESIAN_POINT('',(1.27,-6.604,2.54));
#597 = VECTOR('',#598,1.);
#598 = DIRECTION('',(-0.707106781187,0.707106781187,0.));
#599 = ORIENTED_EDGE('',*,*,#600,.T.);
#600 = EDGE_CURVE('',#593,#601,#603,.T.);
#601 = VERTEX_POINT('',#602);
#602 = CARTESIAN_POINT('',(1.27,-6.096,2.54));
#603 = LINE('',#604,#605);
#604 = CARTESIAN_POINT('',(1.016,-6.35,2.54));
#605 = VECTOR('',#606,1.);
#606 = DIRECTION('',(0.707106781187,0.707106781187,0.));
#607 = ORIENTED_EDGE('',*,*,#608,.T.);
#608 = EDGE_CURVE('',#601,#609,#611,.T.);
#609 = VERTEX_POINT('',#610);
#610 = CARTESIAN_POINT('',(1.27,-4.064,2.54));
#611 = LINE('',#612,#613);
#612 = CARTESIAN_POINT('',(1.27,-6.096,2.54));
#613 = VECTOR('',#614,1.);
#614 = DIRECTION('',(0.,1.,0.));
#615 = ORIENTED_EDGE('',*,*,#616,.T.);
#616 = EDGE_CURVE('',#609,#617,#619,.T.);
#617 = VERTEX_POINT('',#618);
#618 = CARTESIAN_POINT('',(1.016,-3.81,2.54));
#619 = LINE('',#620,#621);
#620 = CARTESIAN_POINT('',(1.27,-4.064,2.54));
#621 = VECTOR('',#622,1.);
#622 = DIRECTION('',(-0.707106781187,0.707106781187,0.));
#623 = ORIENTED_EDGE('',*,*,#624,.T.);
#624 = EDGE_CURVE('',#617,#625,#627,.T.);
#625 = VERTEX_POINT('',#626);
#626 = CARTESIAN_POINT('',(1.27,-3.556,2.54));
#627 = LINE('',#628,#629);
#628 = CARTESIAN_POINT('',(1.016,-3.81,2.54));
#629 = VECTOR('',#630,1.);
#630 = DIRECTION('',(0.707106781187,0.707106781187,0.));
#631 = ORIENTED_EDGE('',*,*,#632,.T.);
#632 = EDGE_CURVE('',#625,#633,#635,.T.);
#633 = VERTEX_POINT('',#634);
#634 = CARTESIAN_POINT('',(1.27,-1.524,2.54));
#635 = LINE('',#636,#637);
#636 = CARTESIAN_POINT('',(1.27,-3.556,2.54));
#637 = VECTOR('',#638,1.);
#638 = DIRECTION('',(0.,1.,0.));
#639 = ORIENTED_EDGE('',*,*,#640,.T.);
#640 = EDGE_CURVE('',#633,#641,#643,.T.);
#641 = VERTEX_POINT('',#642);
#642 = CARTESIAN_POINT('',(1.016,-1.27,2.54));
#643 = LINE('',#644,#645);
#644 = CARTESIAN_POINT('',(1.27,-1.524,2.54));
#645 = VECTOR('',#646,1.);
#646 = DIRECTION('',(-0.707106781187,0.707106781187,0.));
#647 = ORIENTED_EDGE('',*,*,#648,.T.);
#648 = EDGE_CURVE('',#641,#649,#651,.T.);
#649 = VERTEX_POINT('',#650);
#650 = CARTESIAN_POINT('',(1.27,-1.016,2.54));
#651 = LINE('',#652,#653);
#652 = CARTESIAN_POINT('',(1.016,-1.27,2.54));
#653 = VECTOR('',#654,1.);
#654 = DIRECTION('',(0.707106781187,0.707106781187,0.));
#655 = ORIENTED_EDGE('',*,*,#656,.T.);
#656 = EDGE_CURVE('',#649,#657,#659,.T.);
#657 = VERTEX_POINT('',#658);
#658 = CARTESIAN_POINT('',(1.27,1.016,2.54));
#659 = LINE('',#660,#661);
#660 = CARTESIAN_POINT('',(1.27,-1.016,2.54));
#661 = VECTOR('',#662,1.);
#662 = DIRECTION('',(0.,1.,0.));
#663 = ORIENTED_EDGE('',*,*,#664,.T.);
#664 = EDGE_CURVE('',#657,#98,#665,.T.);
#665 = LINE('',#666,#667);
#666 = CARTESIAN_POINT('',(1.27,1.016,2.54));
#667 = VECTOR('',#668,1.);
#668 = DIRECTION('',(-0.707106781187,0.707106781187,0.));
#669 = ORIENTED_EDGE('',*,*,#105,.T.);
#670 = FACE_BOUND('',#671,.T.);
#671 = EDGE_LOOP('',(#672,#682,#690,#698));
#672 = ORIENTED_EDGE('',*,*,#673,.F.);
#673 = EDGE_CURVE('',#674,#676,#678,.T.);
#674 = VERTEX_POINT('',#675);
#675 = CARTESIAN_POINT('',(0.32,-4.76,2.54));
#676 = VERTEX_POINT('',#677);
#677 = CARTESIAN_POINT('',(-0.32,-4.76,2.54));
#678 = LINE('',#679,#680);
#679 = CARTESIAN_POINT('',(-0.16,-4.76,2.54));
#680 = VECTOR('',#681,1.);
#681 = DIRECTION('',(-1.,0.,0.));
#682 = ORIENTED_EDGE('',*,*,#683,.F.);
#683 = EDGE_CURVE('',#684,#674,#686,.T.);
#684 = VERTEX_POINT('',#685);
#685 = CARTESIAN_POINT('',(0.32,-5.4,2.54));
#686 = LINE('',#687,#688);
#687 = CARTESIAN_POINT('',(0.32,-4.605,2.54));
#688 = VECTOR('',#689,1.);
#689 = DIRECTION('',(0.,1.,0.));
#690 = ORIENTED_EDGE('',*,*,#691,.T.);
#691 = EDGE_CURVE('',#684,#692,#694,.T.);
#692 = VERTEX_POINT('',#693);
#693 = CARTESIAN_POINT('',(-0.32,-5.4,2.54));
#694 = LINE('',#695,#696);
#695 = CARTESIAN_POINT('',(-0.16,-5.4,2.54));
#696 = VECTOR('',#697,1.);
#697 = DIRECTION('',(-1.,0.,0.));
#698 = ORIENTED_EDGE('',*,*,#699,.T.);
#699 = EDGE_CURVE('',#692,#676,#700,.T.);
#700 = LINE('',#701,#702);
#701 = CARTESIAN_POINT('',(-0.32,-4.605,2.54));
#702 = VECTOR('',#703,1.);
#703 = DIRECTION('',(0.,1.,0.));
#704 = FACE_BOUND('',#705,.T.);
#705 = EDGE_LOOP('',(#706,#716,#724,#732));
#706 = ORIENTED_EDGE('',*,*,#707,.F.);
#707 = EDGE_CURVE('',#708,#710,#712,.T.);
#708 = VERTEX_POINT('',#709);
#709 = CARTESIAN_POINT('',(0.32,-7.94,2.54));
#710 = VERTEX_POINT('',#711);
#711 = CARTESIAN_POINT('',(0.32,-7.3,2.54));
#712 = LINE('',#713,#714);
#713 = CARTESIAN_POINT('',(0.32,-5.875,2.54));
#714 = VECTOR('',#715,1.);
#715 = DIRECTION('',(0.,1.,0.));
#716 = ORIENTED_EDGE('',*,*,#717,.T.);
#717 = EDGE_CURVE('',#708,#718,#720,.T.);
#718 = VERTEX_POINT('',#719);
#719 = CARTESIAN_POINT('',(-0.32,-7.94,2.54));
#720 = LINE('',#721,#722);
#721 = CARTESIAN_POINT('',(-0.16,-7.94,2.54));
#722 = VECTOR('',#723,1.);
#723 = DIRECTION('',(-1.,0.,0.));
#724 = ORIENTED_EDGE('',*,*,#725,.T.);
#725 = EDGE_CURVE('',#718,#726,#728,.T.);
#726 = VERTEX_POINT('',#727);
#727 = CARTESIAN_POINT('',(-0.32,-7.3,2.54));
#728 = LINE('',#729,#730);
#729 = CARTESIAN_POINT('',(-0.32,-5.875,2.54));
#730 = VECTOR('',#731,1.);
#731 = DIRECTION('',(0.,1.,0.));
#732 = ORIENTED_EDGE('',*,*,#733,.F.);
#733 = EDGE_CURVE('',#710,#726,#734,.T.);
#734 = LINE('',#735,#736);
#735 = CARTESIAN_POINT('',(-0.16,-7.3,2.54));
#736 = VECTOR('',#737,1.);
#737 = DIRECTION('',(-1.,0.,0.));
#738 = FACE_BOUND('',#739,.T.);
#739 = EDGE_LOOP('',(#740,#750,#758,#766));
#740 = ORIENTED_EDGE('',*,*,#741,.F.);
#741 = EDGE_CURVE('',#742,#744,#746,.T.);
#742 = VERTEX_POINT('',#743);
#743 = CARTESIAN_POINT('',(0.32,-0.32,2.54));
#744 = VERTEX_POINT('',#745);
#745 = CARTESIAN_POINT('',(0.32,0.32,2.54));
#746 = LINE('',#747,#748);
#747 = CARTESIAN_POINT('',(0.32,-2.065,2.54));
#748 = VECTOR('',#749,1.);
#749 = DIRECTION('',(0.,1.,0.));
#750 = ORIENTED_EDGE('',*,*,#751,.T.);
#751 = EDGE_CURVE('',#742,#752,#754,.T.);
#752 = VERTEX_POINT('',#753);
#753 = CARTESIAN_POINT('',(-0.32,-0.32,2.54));
#754 = LINE('',#755,#756);
#755 = CARTESIAN_POINT('',(-0.16,-0.32,2.54));
#756 = VECTOR('',#757,1.);
#757 = DIRECTION('',(-1.,0.,0.));
#758 = ORIENTED_EDGE('',*,*,#759,.T.);
#759 = EDGE_CURVE('',#752,#760,#762,.T.);
#760 = VERTEX_POINT('',#761);
#761 = CARTESIAN_POINT('',(-0.32,0.32,2.54));
#762 = LINE('',#763,#764);
#763 = CARTESIAN_POINT('',(-0.32,-2.065,2.54));
#764 = VECTOR('',#765,1.);
#765 = DIRECTION('',(0.,1.,0.));
#766 = ORIENTED_EDGE('',*,*,#767,.F.);
#767 = EDGE_CURVE('',#744,#760,#768,.T.);
#768 = LINE('',#769,#770);
#769 = CARTESIAN_POINT('',(-0.16,0.32,2.54));
#770 = VECTOR('',#771,1.);
#771 = DIRECTION('',(-1.,0.,0.));
#772 = FACE_BOUND('',#773,.T.);
#773 = EDGE_LOOP('',(#774,#784,#792,#800));
#774 = ORIENTED_EDGE('',*,*,#775,.F.);
#775 = EDGE_CURVE('',#776,#778,#780,.T.);
#776 = VERTEX_POINT('',#777);
#777 = CARTESIAN_POINT('',(0.32,-2.22,2.54));
#778 = VERTEX_POINT('',#779);
#779 = CARTESIAN_POINT('',(-0.32,-2.22,2.54));
#780 = LINE('',#781,#782);
#781 = CARTESIAN_POINT('',(-0.16,-2.22,2.54));
#782 = VECTOR('',#783,1.);
#783 = DIRECTION('',(-1.,0.,0.));
#784 = ORIENTED_EDGE('',*,*,#785,.F.);
#785 = EDGE_CURVE('',#786,#776,#788,.T.);
#786 = VERTEX_POINT('',#787);
#787 = CARTESIAN_POINT('',(0.32,-2.86,2.54));
#788 = LINE('',#789,#790);
#789 = CARTESIAN_POINT('',(0.32,-3.335,2.54));
#790 = VECTOR('',#791,1.);
#791 = DIRECTION('',(0.,1.,0.));
#792 = ORIENTED_EDGE('',*,*,#793,.T.);
#793 = EDGE_CURVE('',#786,#794,#796,.T.);
#794 = VERTEX_POINT('',#795);
#795 = CARTESIAN_POINT('',(-0.32,-2.86,2.54));
#796 = LINE('',#797,#798);
#797 = CARTESIAN_POINT('',(-0.16,-2.86,2.54));
#798 = VECTOR('',#799,1.);
#799 = DIRECTION('',(-1.,0.,0.));
#800 = ORIENTED_EDGE('',*,*,#801,.T.);
#801 = EDGE_CURVE('',#794,#778,#802,.T.);
#802 = LINE('',#803,#804);
#803 = CARTESIAN_POINT('',(-0.32,-3.335,2.54));
#804 = VECTOR('',#805,1.);
#805 = DIRECTION('',(0.,1.,0.));
#806 = PLANE('',#807);
#807 = AXIS2_PLACEMENT_3D('',#808,#809,#810);
#808 = CARTESIAN_POINT('',(4.259053689278E-17,-3.81,2.54));
#809 = DIRECTION('',(0.,0.,1.));
#810 = DIRECTION('',(1.,0.,-0.));
#811 = ADVANCED_FACE('',(#812),#823,.F.);
#812 = FACE_BOUND('',#813,.F.);
#813 = EDGE_LOOP('',(#814,#820,#821,#822));
#814 = ORIENTED_EDGE('',*,*,#815,.T.);
#815 = EDGE_CURVE('',#328,#657,#816,.T.);
#816 = LINE('',#817,#818);
#817 = CARTESIAN_POINT('',(1.27,1.016,0.));
#818 = VECTOR('',#819,1.);
#819 = DIRECTION('',(0.,0.,1.));
#820 = ORIENTED_EDGE('',*,*,#664,.T.);
#821 = ORIENTED_EDGE('',*,*,#95,.F.);
#822 = ORIENTED_EDGE('',*,*,#335,.F.);
#823 = PLANE('',#824);
#824 = AXIS2_PLACEMENT_3D('',#825,#826,#827);
#825 = CARTESIAN_POINT('',(1.27,1.016,0.));
#826 = DIRECTION('',(-0.707106781187,-0.707106781187,0.));
#827 = DIRECTION('',(-0.707106781187,0.707106781187,0.));
#828 = ADVANCED_FACE('',(#829),#840,.F.);
#829 = FACE_BOUND('',#830,.F.);
#830 = EDGE_LOOP('',(#831,#832,#833,#839));
#831 = ORIENTED_EDGE('',*,*,#135,.T.);
#832 = ORIENTED_EDGE('',*,*,#488,.T.);
#833 = ORIENTED_EDGE('',*,*,#834,.F.);
#834 = EDGE_CURVE('',#160,#489,#835,.T.);
#835 = LINE('',#836,#837);
#836 = CARTESIAN_POINT('',(-1.016,-1.27,0.));
#837 = VECTOR('',#838,1.);
#838 = DIRECTION('',(0.,0.,1.));
#839 = ORIENTED_EDGE('',*,*,#159,.F.);
#840 = PLANE('',#841);
#841 = AXIS2_PLACEMENT_3D('',#842,#843,#844);
#842 = CARTESIAN_POINT('',(-1.27,-1.016,0.));
#843 = DIRECTION('',(0.707106781187,0.707106781187,0.));
#844 = DIRECTION('',(0.707106781187,-0.707106781187,0.));
#845 = ADVANCED_FACE('',(#846),#857,.F.);
#846 = FACE_BOUND('',#847,.F.);
#847 = EDGE_LOOP('',(#848,#854,#855,#856));
#848 = ORIENTED_EDGE('',*,*,#849,.T.);
#849 = EDGE_CURVE('',#320,#649,#850,.T.);
#850 = LINE('',#851,#852);
#851 = CARTESIAN_POINT('',(1.27,-1.016,0.));
#852 = VECTOR('',#853,1.);
#853 = DIRECTION('',(0.,0.,1.));
#854 = ORIENTED_EDGE('',*,*,#656,.T.);
#855 = ORIENTED_EDGE('',*,*,#815,.F.);
#856 = ORIENTED_EDGE('',*,*,#327,.F.);
#857 = PLANE('',#858);
#858 = AXIS2_PLACEMENT_3D('',#859,#860,#861);
#859 = CARTESIAN_POINT('',(1.27,-1.016,0.));
#860 = DIRECTION('',(-1.,0.,0.));
#861 = DIRECTION('',(0.,1.,0.));
#862 = ADVANCED_FACE('',(#863),#874,.F.);
#863 = FACE_BOUND('',#864,.F.);
#864 = EDGE_LOOP('',(#865,#866,#867,#873));
#865 = ORIENTED_EDGE('',*,*,#834,.T.);
#866 = ORIENTED_EDGE('',*,*,#496,.T.);
#867 = ORIENTED_EDGE('',*,*,#868,.F.);
#868 = EDGE_CURVE('',#168,#497,#869,.T.);
#869 = LINE('',#870,#871);
#870 = CARTESIAN_POINT('',(-1.27,-1.524,0.));
#871 = VECTOR('',#872,1.);
#872 = DIRECTION('',(0.,0.,1.));
#873 = ORIENTED_EDGE('',*,*,#167,.F.);
#874 = PLANE('',#875);
#875 = AXIS2_PLACEMENT_3D('',#876,#877,#878);
#876 = CARTESIAN_POINT('',(-1.016,-1.27,0.));
#877 = DIRECTION('',(0.707106781187,-0.707106781187,0.));
#878 = DIRECTION('',(-0.707106781187,-0.707106781187,0.));
#879 = ADVANCED_FACE('',(#880),#891,.F.);
#880 = FACE_BOUND('',#881,.F.);
#881 = EDGE_LOOP('',(#882,#888,#889,#890));
#882 = ORIENTED_EDGE('',*,*,#883,.T.);
#883 = EDGE_CURVE('',#312,#641,#884,.T.);
#884 = LINE('',#885,#886);
#885 = CARTESIAN_POINT('',(1.016,-1.27,0.));
#886 = VECTOR('',#887,1.);
#887 = DIRECTION('',(0.,0.,1.));
#888 = ORIENTED_EDGE('',*,*,#648,.T.);
#889 = ORIENTED_EDGE('',*,*,#849,.F.);
#890 = ORIENTED_EDGE('',*,*,#319,.F.);
#891 = PLANE('',#892);
#892 = AXIS2_PLACEMENT_3D('',#893,#894,#895);
#893 = CARTESIAN_POINT('',(1.016,-1.27,0.));
#894 = DIRECTION('',(-0.707106781187,0.707106781187,0.));
#895 = DIRECTION('',(0.707106781187,0.707106781187,0.));
#896 = ADVANCED_FACE('',(#897),#908,.F.);
#897 = FACE_BOUND('',#898,.F.);
#898 = EDGE_LOOP('',(#899,#900,#901,#907));
#899 = ORIENTED_EDGE('',*,*,#868,.T.);
#900 = ORIENTED_EDGE('',*,*,#504,.T.);
#901 = ORIENTED_EDGE('',*,*,#902,.F.);
#902 = EDGE_CURVE('',#176,#505,#903,.T.);
#903 = LINE('',#904,#905);
#904 = CARTESIAN_POINT('',(-1.27,-3.556,0.));
#905 = VECTOR('',#906,1.);
#906 = DIRECTION('',(0.,0.,1.));
#907 = ORIENTED_EDGE('',*,*,#175,.F.);
#908 = PLANE('',#909);
#909 = AXIS2_PLACEMENT_3D('',#910,#911,#912);
#910 = CARTESIAN_POINT('',(-1.27,-1.524,0.));
#911 = DIRECTION('',(1.,0.,0.));
#912 = DIRECTION('',(0.,-1.,0.));
#913 = ADVANCED_FACE('',(#914),#925,.F.);
#914 = FACE_BOUND('',#915,.F.);
#915 = EDGE_LOOP('',(#916,#922,#923,#924));
#916 = ORIENTED_EDGE('',*,*,#917,.T.);
#917 = EDGE_CURVE('',#304,#633,#918,.T.);
#918 = LINE('',#919,#920);
#919 = CARTESIAN_POINT('',(1.27,-1.524,0.));
#920 = VECTOR('',#921,1.);
#921 = DIRECTION('',(0.,0.,1.));
#922 = ORIENTED_EDGE('',*,*,#640,.T.);
#923 = ORIENTED_EDGE('',*,*,#883,.F.);
#924 = ORIENTED_EDGE('',*,*,#311,.F.);
#925 = PLANE('',#926);
#926 = AXIS2_PLACEMENT_3D('',#927,#928,#929);
#927 = CARTESIAN_POINT('',(1.27,-1.524,0.));
#928 = DIRECTION('',(-0.707106781187,-0.707106781187,0.));
#929 = DIRECTION('',(-0.707106781187,0.707106781187,0.));
#930 = ADVANCED_FACE('',(#931),#942,.F.);
#931 = FACE_BOUND('',#932,.F.);
#932 = EDGE_LOOP('',(#933,#934,#935,#941));
#933 = ORIENTED_EDGE('',*,*,#902,.T.);
#934 = ORIENTED_EDGE('',*,*,#512,.T.);
#935 = ORIENTED_EDGE('',*,*,#936,.F.);
#936 = EDGE_CURVE('',#184,#513,#937,.T.);
#937 = LINE('',#938,#939);
#938 = CARTESIAN_POINT('',(-1.016,-3.81,0.));
#939 = VECTOR('',#940,1.);
#940 = DIRECTION('',(0.,0.,1.));
#941 = ORIENTED_EDGE('',*,*,#183,.F.);
#942 = PLANE('',#943);
#943 = AXIS2_PLACEMENT_3D('',#944,#945,#946);
#944 = CARTESIAN_POINT('',(-1.27,-3.556,0.));
#945 = DIRECTION('',(0.707106781187,0.707106781187,0.));
#946 = DIRECTION('',(0.707106781187,-0.707106781187,0.));
#947 = ADVANCED_FACE('',(#948),#959,.F.);
#948 = FACE_BOUND('',#949,.F.);
#949 = EDGE_LOOP('',(#950,#956,#957,#958));
#950 = ORIENTED_EDGE('',*,*,#951,.T.);
#951 = EDGE_CURVE('',#296,#625,#952,.T.);
#952 = LINE('',#953,#954);
#953 = CARTESIAN_POINT('',(1.27,-3.556,0.));
#954 = VECTOR('',#955,1.);
#955 = DIRECTION('',(0.,0.,1.));
#956 = ORIENTED_EDGE('',*,*,#632,.T.);
#957 = ORIENTED_EDGE('',*,*,#917,.F.);
#958 = ORIENTED_EDGE('',*,*,#303,.F.);
#959 = PLANE('',#960);
#960 = AXIS2_PLACEMENT_3D('',#961,#962,#963);
#961 = CARTESIAN_POINT('',(1.27,-3.556,0.));
#962 = DIRECTION('',(-1.,0.,0.));
#963 = DIRECTION('',(0.,1.,0.));
#964 = ADVANCED_FACE('',(#965),#976,.F.);
#965 = FACE_BOUND('',#966,.F.);
#966 = EDGE_LOOP('',(#967,#968,#969,#975));
#967 = ORIENTED_EDGE('',*,*,#936,.T.);
#968 = ORIENTED_EDGE('',*,*,#520,.T.);
#969 = ORIENTED_EDGE('',*,*,#970,.F.);
#970 = EDGE_CURVE('',#192,#521,#971,.T.);
#971 = LINE('',#972,#973);
#972 = CARTESIAN_POINT('',(-1.27,-4.064,0.));
#973 = VECTOR('',#974,1.);
#974 = DIRECTION('',(0.,0.,1.));
#975 = ORIENTED_EDGE('',*,*,#191,.F.);
#976 = PLANE('',#977);
#977 = AXIS2_PLACEMENT_3D('',#978,#979,#980);
#978 = CARTESIAN_POINT('',(-1.016,-3.81,0.));
#979 = DIRECTION('',(0.707106781187,-0.707106781187,0.));
#980 = DIRECTION('',(-0.707106781187,-0.707106781187,0.));
#981 = ADVANCED_FACE('',(#982),#993,.F.);
#982 = FACE_BOUND('',#983,.F.);
#983 = EDGE_LOOP('',(#984,#990,#991,#992));
#984 = ORIENTED_EDGE('',*,*,#985,.T.);
#985 = EDGE_CURVE('',#288,#617,#986,.T.);
#986 = LINE('',#987,#988);
#987 = CARTESIAN_POINT('',(1.016,-3.81,0.));
#988 = VECTOR('',#989,1.);
#989 = DIRECTION('',(0.,0.,1.));
#990 = ORIENTED_EDGE('',*,*,#624,.T.);
#991 = ORIENTED_EDGE('',*,*,#951,.F.);
#992 = ORIENTED_EDGE('',*,*,#295,.F.);
#993 = PLANE('',#994);
#994 = AXIS2_PLACEMENT_3D('',#995,#996,#997);
#995 = CARTESIAN_POINT('',(1.016,-3.81,0.));
#996 = DIRECTION('',(-0.707106781187,0.707106781187,0.));
#997 = DIRECTION('',(0.707106781187,0.707106781187,0.));
#998 = ADVANCED_FACE('',(#999),#1010,.F.);
#999 = FACE_BOUND('',#1000,.F.);
#1000 = EDGE_LOOP('',(#1001,#1002,#1003,#1009));
#1001 = ORIENTED_EDGE('',*,*,#970,.T.);
#1002 = ORIENTED_EDGE('',*,*,#528,.T.);
#1003 = ORIENTED_EDGE('',*,*,#1004,.F.);
#1004 = EDGE_CURVE('',#200,#529,#1005,.T.);
#1005 = LINE('',#1006,#1007);
#1006 = CARTESIAN_POINT('',(-1.27,-6.096,0.));
#1007 = VECTOR('',#1008,1.);
#1008 = DIRECTION('',(0.,0.,1.));
#1009 = ORIENTED_EDGE('',*,*,#199,.F.);
#1010 = PLANE('',#1011);
#1011 = AXIS2_PLACEMENT_3D('',#1012,#1013,#1014);
#1012 = CARTESIAN_POINT('',(-1.27,-4.064,0.));
#1013 = DIRECTION('',(1.,0.,0.));
#1014 = DIRECTION('',(0.,-1.,0.));
#1015 = ADVANCED_FACE('',(#1016),#1027,.F.);
#1016 = FACE_BOUND('',#1017,.F.);
#1017 = EDGE_LOOP('',(#1018,#1024,#1025,#1026));
#1018 = ORIENTED_EDGE('',*,*,#1019,.T.);
#1019 = EDGE_CURVE('',#280,#609,#1020,.T.);
#1020 = LINE('',#1021,#1022);
#1021 = CARTESIAN_POINT('',(1.27,-4.064,0.));
#1022 = VECTOR('',#1023,1.);
#1023 = DIRECTION('',(0.,0.,1.));
#1024 = ORIENTED_EDGE('',*,*,#616,.T.);
#1025 = ORIENTED_EDGE('',*,*,#985,.F.);
#1026 = ORIENTED_EDGE('',*,*,#287,.F.);
#1027 = PLANE('',#1028);
#1028 = AXIS2_PLACEMENT_3D('',#1029,#1030,#1031);
#1029 = CARTESIAN_POINT('',(1.27,-4.064,0.));
#1030 = DIRECTION('',(-0.707106781187,-0.707106781187,0.));
#1031 = DIRECTION('',(-0.707106781187,0.707106781187,0.));
#1032 = ADVANCED_FACE('',(#1033),#1044,.F.);
#1033 = FACE_BOUND('',#1034,.F.);
#1034 = EDGE_LOOP('',(#1035,#1036,#1037,#1043));
#1035 = ORIENTED_EDGE('',*,*,#1004,.T.);
#1036 = ORIENTED_EDGE('',*,*,#536,.T.);
#1037 = ORIENTED_EDGE('',*,*,#1038,.F.);
#1038 = EDGE_CURVE('',#208,#537,#1039,.T.);
#1039 = LINE('',#1040,#1041);
#1040 = CARTESIAN_POINT('',(-1.016,-6.35,0.));
#1041 = VECTOR('',#1042,1.);
#1042 = DIRECTION('',(0.,0.,1.));
#1043 = ORIENTED_EDGE('',*,*,#207,.F.);
#1044 = PLANE('',#1045);
#1045 = AXIS2_PLACEMENT_3D('',#1046,#1047,#1048);
#1046 = CARTESIAN_POINT('',(-1.27,-6.096,0.));
#1047 = DIRECTION('',(0.707106781187,0.707106781187,0.));
#1048 = DIRECTION('',(0.707106781187,-0.707106781187,0.));
#1049 = ADVANCED_FACE('',(#1050),#1061,.F.);
#1050 = FACE_BOUND('',#1051,.F.);
#1051 = EDGE_LOOP('',(#1052,#1058,#1059,#1060));
#1052 = ORIENTED_EDGE('',*,*,#1053,.T.);
#1053 = EDGE_CURVE('',#272,#601,#1054,.T.);
#1054 = LINE('',#1055,#1056);
#1055 = CARTESIAN_POINT('',(1.27,-6.096,0.));
#1056 = VECTOR('',#1057,1.);
#1057 = DIRECTION('',(0.,0.,1.));
#1058 = ORIENTED_EDGE('',*,*,#608,.T.);
#1059 = ORIENTED_EDGE('',*,*,#1019,.F.);
#1060 = ORIENTED_EDGE('',*,*,#279,.F.);
#1061 = PLANE('',#1062);
#1062 = AXIS2_PLACEMENT_3D('',#1063,#1064,#1065);
#1063 = CARTESIAN_POINT('',(1.27,-6.096,0.));
#1064 = DIRECTION('',(-1.,0.,0.));
#1065 = DIRECTION('',(0.,1.,0.));
#1066 = ADVANCED_FACE('',(#1067),#1078,.F.);
#1067 = FACE_BOUND('',#1068,.F.);
#1068 = EDGE_LOOP('',(#1069,#1070,#1071,#1077));
#1069 = ORIENTED_EDGE('',*,*,#1038,.T.);
#1070 = ORIENTED_EDGE('',*,*,#544,.T.);
#1071 = ORIENTED_EDGE('',*,*,#1072,.F.);
#1072 = EDGE_CURVE('',#216,#545,#1073,.T.);
#1073 = LINE('',#1074,#1075);
#1074 = CARTESIAN_POINT('',(-1.27,-6.604,0.));
#1075 = VECTOR('',#1076,1.);
#1076 = DIRECTION('',(0.,0.,1.));
#1077 = ORIENTED_EDGE('',*,*,#215,.F.);
#1078 = PLANE('',#1079);
#1079 = AXIS2_PLACEMENT_3D('',#1080,#1081,#1082);
#1080 = CARTESIAN_POINT('',(-1.016,-6.35,0.));
#1081 = DIRECTION('',(0.707106781187,-0.707106781187,0.));
#1082 = DIRECTION('',(-0.707106781187,-0.707106781187,0.));
#1083 = ADVANCED_FACE('',(#1084),#1095,.F.);
#1084 = FACE_BOUND('',#1085,.F.);
#1085 = EDGE_LOOP('',(#1086,#1092,#1093,#1094));
#1086 = ORIENTED_EDGE('',*,*,#1087,.T.);
#1087 = EDGE_CURVE('',#264,#593,#1088,.T.);
#1088 = LINE('',#1089,#1090);
#1089 = CARTESIAN_POINT('',(1.016,-6.35,0.));
#1090 = VECTOR('',#1091,1.);
#1091 = DIRECTION('',(0.,0.,1.));
#1092 = ORIENTED_EDGE('',*,*,#600,.T.);
#1093 = ORIENTED_EDGE('',*,*,#1053,.F.);
#1094 = ORIENTED_EDGE('',*,*,#271,.F.);
#1095 = PLANE('',#1096);
#1096 = AXIS2_PLACEMENT_3D('',#1097,#1098,#1099);
#1097 = CARTESIAN_POINT('',(1.016,-6.35,0.));
#1098 = DIRECTION('',(-0.707106781187,0.707106781187,0.));
#1099 = DIRECTION('',(0.707106781187,0.707106781187,0.));
#1100 = ADVANCED_FACE('',(#1101),#1112,.F.);
#1101 = FACE_BOUND('',#1102,.F.);
#1102 = EDGE_LOOP('',(#1103,#1104,#1105,#1111));
#1103 = ORIENTED_EDGE('',*,*,#1072,.T.);
#1104 = ORIENTED_EDGE('',*,*,#552,.T.);
#1105 = ORIENTED_EDGE('',*,*,#1106,.F.);
#1106 = EDGE_CURVE('',#224,#553,#1107,.T.);
#1107 = LINE('',#1108,#1109);
#1108 = CARTESIAN_POINT('',(-1.27,-8.636,0.));
#1109 = VECTOR('',#1110,1.);
#1110 = DIRECTION('',(0.,0.,1.));
#1111 = ORIENTED_EDGE('',*,*,#223,.F.);
#1112 = PLANE('',#1113);
#1113 = AXIS2_PLACEMENT_3D('',#1114,#1115,#1116);
#1114 = CARTESIAN_POINT('',(-1.27,-6.604,0.));
#1115 = DIRECTION('',(1.,0.,0.));
#1116 = DIRECTION('',(0.,-1.,0.));
#1117 = ADVANCED_FACE('',(#1118),#1129,.F.);
#1118 = FACE_BOUND('',#1119,.F.);
#1119 = EDGE_LOOP('',(#1120,#1126,#1127,#1128));
#1120 = ORIENTED_EDGE('',*,*,#1121,.T.);
#1121 = EDGE_CURVE('',#256,#585,#1122,.T.);
#1122 = LINE('',#1123,#1124);
#1123 = CARTESIAN_POINT('',(1.27,-6.604,0.));
#1124 = VECTOR('',#1125,1.);
#1125 = DIRECTION('',(0.,0.,1.));
#1126 = ORIENTED_EDGE('',*,*,#592,.T.);
#1127 = ORIENTED_EDGE('',*,*,#1087,.F.);
#1128 = ORIENTED_EDGE('',*,*,#263,.F.);
#1129 = PLANE('',#1130);
#1130 = AXIS2_PLACEMENT_3D('',#1131,#1132,#1133);
#1131 = CARTESIAN_POINT('',(1.27,-6.604,0.));
#1132 = DIRECTION('',(-0.707106781187,-0.707106781187,0.));
#1133 = DIRECTION('',(-0.707106781187,0.707106781187,0.));
#1134 = ADVANCED_FACE('',(#1135),#1146,.F.);
#1135 = FACE_BOUND('',#1136,.F.);
#1136 = EDGE_LOOP('',(#1137,#1138,#1139,#1145));
#1137 = ORIENTED_EDGE('',*,*,#1106,.T.);
#1138 = ORIENTED_EDGE('',*,*,#560,.T.);
#1139 = ORIENTED_EDGE('',*,*,#1140,.F.);
#1140 = EDGE_CURVE('',#232,#561,#1141,.T.);
#1141 = LINE('',#1142,#1143);
#1142 = CARTESIAN_POINT('',(-1.016,-8.89,0.));
#1143 = VECTOR('',#1144,1.);
#1144 = DIRECTION('',(0.,0.,1.));
#1145 = ORIENTED_EDGE('',*,*,#231,.F.);
#1146 = PLANE('',#1147);
#1147 = AXIS2_PLACEMENT_3D('',#1148,#1149,#1150);
#1148 = CARTESIAN_POINT('',(-1.27,-8.636,0.));
#1149 = DIRECTION('',(0.707106781187,0.707106781187,0.));
#1150 = DIRECTION('',(0.707106781187,-0.707106781187,0.));
#1151 = ADVANCED_FACE('',(#1152),#1163,.F.);
#1152 = FACE_BOUND('',#1153,.F.);
#1153 = EDGE_LOOP('',(#1154,#1160,#1161,#1162));
#1154 = ORIENTED_EDGE('',*,*,#1155,.T.);
#1155 = EDGE_CURVE('',#248,#577,#1156,.T.);
#1156 = LINE('',#1157,#1158);
#1157 = CARTESIAN_POINT('',(1.27,-8.636,0.));
#1158 = VECTOR('',#1159,1.);
#1159 = DIRECTION('',(0.,0.,1.));
#1160 = ORIENTED_EDGE('',*,*,#584,.T.);
#1161 = ORIENTED_EDGE('',*,*,#1121,.F.);
#1162 = ORIENTED_EDGE('',*,*,#255,.F.);
#1163 = PLANE('',#1164);
#1164 = AXIS2_PLACEMENT_3D('',#1165,#1166,#1167);
#1165 = CARTESIAN_POINT('',(1.27,-8.636,0.));
#1166 = DIRECTION('',(-1.,0.,0.));
#1167 = DIRECTION('',(0.,1.,0.));
#1168 = ADVANCED_FACE('',(#1169),#1180,.F.);
#1169 = FACE_BOUND('',#1170,.F.);
#1170 = EDGE_LOOP('',(#1171,#1172,#1173,#1179));
#1171 = ORIENTED_EDGE('',*,*,#1140,.T.);
#1172 = ORIENTED_EDGE('',*,*,#568,.T.);
#1173 = ORIENTED_EDGE('',*,*,#1174,.F.);
#1174 = EDGE_CURVE('',#240,#569,#1175,.T.);
#1175 = LINE('',#1176,#1177);
#1176 = CARTESIAN_POINT('',(1.016,-8.89,0.));
#1177 = VECTOR('',#1178,1.);
#1178 = DIRECTION('',(0.,0.,1.));
#1179 = ORIENTED_EDGE('',*,*,#239,.F.);
#1180 = PLANE('',#1181);
#1181 = AXIS2_PLACEMENT_3D('',#1182,#1183,#1184);
#1182 = CARTESIAN_POINT('',(-1.016,-8.89,0.));
#1183 = DIRECTION('',(0.,1.,0.));
#1184 = DIRECTION('',(1.,0.,0.));
#1185 = ADVANCED_FACE('',(#1186),#1192,.F.);
#1186 = FACE_BOUND('',#1187,.F.);
#1187 = EDGE_LOOP('',(#1188,#1189,#1190,#1191));
#1188 = ORIENTED_EDGE('',*,*,#1174,.T.);
#1189 = ORIENTED_EDGE('',*,*,#576,.T.);
#1190 = ORIENTED_EDGE('',*,*,#1155,.F.);
#1191 = ORIENTED_EDGE('',*,*,#247,.F.);
#1192 = PLANE('',#1193);
#1193 = AXIS2_PLACEMENT_3D('',#1194,#1195,#1196);
#1194 = CARTESIAN_POINT('',(1.016,-8.89,0.));
#1195 = DIRECTION('',(-0.707106781187,0.707106781187,0.));
#1196 = DIRECTION('',(0.707106781187,0.707106781187,0.));
#1197 = ADVANCED_FACE('',(#1198),#1223,.T.);
#1198 = FACE_BOUND('',#1199,.T.);
#1199 = EDGE_LOOP('',(#1200,#1208,#1216,#1222));
#1200 = ORIENTED_EDGE('',*,*,#1201,.F.);
#1201 = EDGE_CURVE('',#1202,#345,#1204,.T.);
#1202 = VERTEX_POINT('',#1203);
#1203 = CARTESIAN_POINT('',(0.32,-4.76,-2.84));
#1204 = LINE('',#1205,#1206);
#1205 = CARTESIAN_POINT('',(0.32,-4.76,-3.));
#1206 = VECTOR('',#1207,1.);
#1207 = DIRECTION('',(0.,0.,1.));
#1208 = ORIENTED_EDGE('',*,*,#1209,.F.);
#1209 = EDGE_CURVE('',#1210,#1202,#1212,.T.);
#1210 = VERTEX_POINT('',#1211);
#1211 = CARTESIAN_POINT('',(-0.32,-4.76,-2.84));
#1212 = LINE('',#1213,#1214);
#1213 = CARTESIAN_POINT('',(-0.32,-4.76,-2.84));
#1214 = VECTOR('',#1215,1.);
#1215 = DIRECTION('',(1.,0.,0.));
#1216 = ORIENTED_EDGE('',*,*,#1217,.T.);
#1217 = EDGE_CURVE('',#1210,#347,#1218,.T.);
#1218 = LINE('',#1219,#1220);
#1219 = CARTESIAN_POINT('',(-0.32,-4.76,-3.));
#1220 = VECTOR('',#1221,1.);
#1221 = DIRECTION('',(0.,0.,1.));
#1222 = ORIENTED_EDGE('',*,*,#344,.F.);
#1223 = PLANE('',#1224);
#1224 = AXIS2_PLACEMENT_3D('',#1225,#1226,#1227);
#1225 = CARTESIAN_POINT('',(-0.32,-4.76,-3.));
#1226 = DIRECTION('',(0.,1.,0.));
#1227 = DIRECTION('',(0.,-0.,1.));
#1228 = ADVANCED_FACE('',(#1229),#1247,.F.);
#1229 = FACE_BOUND('',#1230,.F.);
#1230 = EDGE_LOOP('',(#1231,#1239,#1245,#1246));
#1231 = ORIENTED_EDGE('',*,*,#1232,.F.);
#1232 = EDGE_CURVE('',#1233,#363,#1235,.T.);
#1233 = VERTEX_POINT('',#1234);
#1234 = CARTESIAN_POINT('',(-0.32,-5.4,-2.84));
#1235 = LINE('',#1236,#1237);
#1236 = CARTESIAN_POINT('',(-0.32,-5.4,-3.));
#1237 = VECTOR('',#1238,1.);
#1238 = DIRECTION('',(0.,0.,1.));
#1239 = ORIENTED_EDGE('',*,*,#1240,.T.);
#1240 = EDGE_CURVE('',#1233,#1210,#1241,.T.);
#1241 = LINE('',#1242,#1243);
#1242 = CARTESIAN_POINT('',(-0.32,-5.4,-2.84));
#1243 = VECTOR('',#1244,1.);
#1244 = DIRECTION('',(0.,1.,0.));
#1245 = ORIENTED_EDGE('',*,*,#1217,.T.);
#1246 = ORIENTED_EDGE('',*,*,#370,.F.);
#1247 = PLANE('',#1248);
#1248 = AXIS2_PLACEMENT_3D('',#1249,#1250,#1251);
#1249 = CARTESIAN_POINT('',(-0.32,-5.4,-3.));
#1250 = DIRECTION('',(1.,0.,0.));
#1251 = DIRECTION('',(0.,0.,1.));
#1252 = ADVANCED_FACE('',(#1253),#1271,.F.);
#1253 = FACE_BOUND('',#1254,.F.);
#1254 = EDGE_LOOP('',(#1255,#1263,#1269,#1270));
#1255 = ORIENTED_EDGE('',*,*,#1256,.F.);
#1256 = EDGE_CURVE('',#1257,#355,#1259,.T.);
#1257 = VERTEX_POINT('',#1258);
#1258 = CARTESIAN_POINT('',(0.32,-5.4,-2.84));
#1259 = LINE('',#1260,#1261);
#1260 = CARTESIAN_POINT('',(0.32,-5.4,-3.));
#1261 = VECTOR('',#1262,1.);
#1262 = DIRECTION('',(0.,0.,1.));
#1263 = ORIENTED_EDGE('',*,*,#1264,.F.);
#1264 = EDGE_CURVE('',#1233,#1257,#1265,.T.);
#1265 = LINE('',#1266,#1267);
#1266 = CARTESIAN_POINT('',(-0.32,-5.4,-2.84));
#1267 = VECTOR('',#1268,1.);
#1268 = DIRECTION('',(1.,0.,0.));
#1269 = ORIENTED_EDGE('',*,*,#1232,.T.);
#1270 = ORIENTED_EDGE('',*,*,#362,.F.);
#1271 = PLANE('',#1272);
#1272 = AXIS2_PLACEMENT_3D('',#1273,#1274,#1275);
#1273 = CARTESIAN_POINT('',(-0.32,-5.4,-3.));
#1274 = DIRECTION('',(0.,1.,0.));
#1275 = DIRECTION('',(0.,-0.,1.));
#1276 = ADVANCED_FACE('',(#1277),#1288,.T.);
#1277 = FACE_BOUND('',#1278,.T.);
#1278 = EDGE_LOOP('',(#1279,#1280,#1286,#1287));
#1279 = ORIENTED_EDGE('',*,*,#1256,.F.);
#1280 = ORIENTED_EDGE('',*,*,#1281,.T.);
#1281 = EDGE_CURVE('',#1257,#1202,#1282,.T.);
#1282 = LINE('',#1283,#1284);
#1283 = CARTESIAN_POINT('',(0.32,-5.4,-2.84));
#1284 = VECTOR('',#1285,1.);
#1285 = DIRECTION('',(0.,1.,0.));
#1286 = ORIENTED_EDGE('',*,*,#1201,.T.);
#1287 = ORIENTED_EDGE('',*,*,#354,.F.);
#1288 = PLANE('',#1289);
#1289 = AXIS2_PLACEMENT_3D('',#1290,#1291,#1292);
#1290 = CARTESIAN_POINT('',(0.32,-5.4,-3.));
#1291 = DIRECTION('',(1.,0.,0.));
#1292 = DIRECTION('',(0.,0.,1.));
#1293 = ADVANCED_FACE('',(#1294),#1319,.T.);
#1294 = FACE_BOUND('',#1295,.T.);
#1295 = EDGE_LOOP('',(#1296,#1304,#1312,#1318));
#1296 = ORIENTED_EDGE('',*,*,#1297,.F.);
#1297 = EDGE_CURVE('',#1298,#379,#1300,.T.);
#1298 = VERTEX_POINT('',#1299);
#1299 = CARTESIAN_POINT('',(0.32,-7.94,-2.84));
#1300 = LINE('',#1301,#1302);
#1301 = CARTESIAN_POINT('',(0.32,-7.94,-3.));
#1302 = VECTOR('',#1303,1.);
#1303 = DIRECTION('',(0.,0.,1.));
#1304 = ORIENTED_EDGE('',*,*,#1305,.T.);
#1305 = EDGE_CURVE('',#1298,#1306,#1308,.T.);
#1306 = VERTEX_POINT('',#1307);
#1307 = CARTESIAN_POINT('',(0.32,-7.3,-2.84));
#1308 = LINE('',#1309,#1310);
#1309 = CARTESIAN_POINT('',(0.32,-7.94,-2.84));
#1310 = VECTOR('',#1311,1.);
#1311 = DIRECTION('',(0.,1.,0.));
#1312 = ORIENTED_EDGE('',*,*,#1313,.T.);
#1313 = EDGE_CURVE('',#1306,#381,#1314,.T.);
#1314 = LINE('',#1315,#1316);
#1315 = CARTESIAN_POINT('',(0.32,-7.3,-3.));
#1316 = VECTOR('',#1317,1.);
#1317 = DIRECTION('',(0.,0.,1.));
#1318 = ORIENTED_EDGE('',*,*,#378,.F.);
#1319 = PLANE('',#1320);
#1320 = AXIS2_PLACEMENT_3D('',#1321,#1322,#1323);
#1321 = CARTESIAN_POINT('',(0.32,-7.94,-3.));
#1322 = DIRECTION('',(1.,0.,0.));
#1323 = DIRECTION('',(0.,0.,1.));
#1324 = ADVANCED_FACE('',(#1325),#1343,.T.);
#1325 = FACE_BOUND('',#1326,.T.);
#1326 = EDGE_LOOP('',(#1327,#1328,#1336,#1342));
#1327 = ORIENTED_EDGE('',*,*,#1313,.F.);
#1328 = ORIENTED_EDGE('',*,*,#1329,.F.);
#1329 = EDGE_CURVE('',#1330,#1306,#1332,.T.);
#1330 = VERTEX_POINT('',#1331);
#1331 = CARTESIAN_POINT('',(-0.32,-7.3,-2.84));
#1332 = LINE('',#1333,#1334);
#1333 = CARTESIAN_POINT('',(-0.32,-7.3,-2.84));
#1334 = VECTOR('',#1335,1.);
#1335 = DIRECTION('',(1.,0.,0.));
#1336 = ORIENTED_EDGE('',*,*,#1337,.T.);
#1337 = EDGE_CURVE('',#1330,#397,#1338,.T.);
#1338 = LINE('',#1339,#1340);
#1339 = CARTESIAN_POINT('',(-0.32,-7.3,-3.));
#1340 = VECTOR('',#1341,1.);
#1341 = DIRECTION('',(0.,0.,1.));
#1342 = ORIENTED_EDGE('',*,*,#404,.F.);
#1343 = PLANE('',#1344);
#1344 = AXIS2_PLACEMENT_3D('',#1345,#1346,#1347);
#1345 = CARTESIAN_POINT('',(-0.32,-7.3,-3.));
#1346 = DIRECTION('',(0.,1.,0.));
#1347 = DIRECTION('',(0.,-0.,1.));
#1348 = ADVANCED_FACE('',(#1349),#1367,.F.);
#1349 = FACE_BOUND('',#1350,.F.);
#1350 = EDGE_LOOP('',(#1351,#1359,#1365,#1366));
#1351 = ORIENTED_EDGE('',*,*,#1352,.F.);
#1352 = EDGE_CURVE('',#1353,#389,#1355,.T.);
#1353 = VERTEX_POINT('',#1354);
#1354 = CARTESIAN_POINT('',(-0.32,-7.94,-2.84));
#1355 = LINE('',#1356,#1357);
#1356 = CARTESIAN_POINT('',(-0.32,-7.94,-3.));
#1357 = VECTOR('',#1358,1.);
#1358 = DIRECTION('',(0.,0.,1.));
#1359 = ORIENTED_EDGE('',*,*,#1360,.T.);
#1360 = EDGE_CURVE('',#1353,#1330,#1361,.T.);
#1361 = LINE('',#1362,#1363);
#1362 = CARTESIAN_POINT('',(-0.32,-7.94,-2.84));
#1363 = VECTOR('',#1364,1.);
#1364 = DIRECTION('',(0.,1.,0.));
#1365 = ORIENTED_EDGE('',*,*,#1337,.T.);
#1366 = ORIENTED_EDGE('',*,*,#396,.F.);
#1367 = PLANE('',#1368);
#1368 = AXIS2_PLACEMENT_3D('',#1369,#1370,#1371);
#1369 = CARTESIAN_POINT('',(-0.32,-7.94,-3.));
#1370 = DIRECTION('',(1.,0.,0.));
#1371 = DIRECTION('',(0.,0.,1.));
#1372 = ADVANCED_FACE('',(#1373),#1384,.F.);
#1373 = FACE_BOUND('',#1374,.F.);
#1374 = EDGE_LOOP('',(#1375,#1376,#1382,#1383));
#1375 = ORIENTED_EDGE('',*,*,#1297,.F.);
#1376 = ORIENTED_EDGE('',*,*,#1377,.F.);
#1377 = EDGE_CURVE('',#1353,#1298,#1378,.T.);
#1378 = LINE('',#1379,#1380);
#1379 = CARTESIAN_POINT('',(-0.32,-7.94,-2.84));
#1380 = VECTOR('',#1381,1.);
#1381 = DIRECTION('',(1.,0.,0.));
#1382 = ORIENTED_EDGE('',*,*,#1352,.T.);
#1383 = ORIENTED_EDGE('',*,*,#388,.F.);
#1384 = PLANE('',#1385);
#1385 = AXIS2_PLACEMENT_3D('',#1386,#1387,#1388);
#1386 = CARTESIAN_POINT('',(-0.32,-7.94,-3.));
#1387 = DIRECTION('',(0.,1.,0.));
#1388 = DIRECTION('',(0.,-0.,1.));
#1389 = ADVANCED_FACE('',(#1390),#1415,.T.);
#1390 = FACE_BOUND('',#1391,.T.);
#1391 = EDGE_LOOP('',(#1392,#1400,#1408,#1414));
#1392 = ORIENTED_EDGE('',*,*,#1393,.F.);
#1393 = EDGE_CURVE('',#1394,#413,#1396,.T.);
#1394 = VERTEX_POINT('',#1395);
#1395 = CARTESIAN_POINT('',(0.32,-0.32,-2.84));
#1396 = LINE('',#1397,#1398);
#1397 = CARTESIAN_POINT('',(0.32,-0.32,-3.));
#1398 = VECTOR('',#1399,1.);
#1399 = DIRECTION('',(0.,0.,1.));
#1400 = ORIENTED_EDGE('',*,*,#1401,.T.);
#1401 = EDGE_CURVE('',#1394,#1402,#1404,.T.);
#1402 = VERTEX_POINT('',#1403);
#1403 = CARTESIAN_POINT('',(0.32,0.32,-2.84));
#1404 = LINE('',#1405,#1406);
#1405 = CARTESIAN_POINT('',(0.32,-0.32,-2.84));
#1406 = VECTOR('',#1407,1.);
#1407 = DIRECTION('',(0.,1.,0.));
#1408 = ORIENTED_EDGE('',*,*,#1409,.T.);
#1409 = EDGE_CURVE('',#1402,#415,#1410,.T.);
#1410 = LINE('',#1411,#1412);
#1411 = CARTESIAN_POINT('',(0.32,0.32,-3.));
#1412 = VECTOR('',#1413,1.);
#1413 = DIRECTION('',(0.,0.,1.));
#1414 = ORIENTED_EDGE('',*,*,#412,.F.);
#1415 = PLANE('',#1416);
#1416 = AXIS2_PLACEMENT_3D('',#1417,#1418,#1419);
#1417 = CARTESIAN_POINT('',(0.32,-0.32,-3.));
#1418 = DIRECTION('',(1.,0.,0.));
#1419 = DIRECTION('',(0.,0.,1.));
#1420 = ADVANCED_FACE('',(#1421),#1439,.T.);
#1421 = FACE_BOUND('',#1422,.T.);
#1422 = EDGE_LOOP('',(#1423,#1424,#1432,#1438));
#1423 = ORIENTED_EDGE('',*,*,#1409,.F.);
#1424 = ORIENTED_EDGE('',*,*,#1425,.F.);
#1425 = EDGE_CURVE('',#1426,#1402,#1428,.T.);
#1426 = VERTEX_POINT('',#1427);
#1427 = CARTESIAN_POINT('',(-0.32,0.32,-2.84));
#1428 = LINE('',#1429,#1430);
#1429 = CARTESIAN_POINT('',(-0.32,0.32,-2.84));
#1430 = VECTOR('',#1431,1.);
#1431 = DIRECTION('',(1.,0.,0.));
#1432 = ORIENTED_EDGE('',*,*,#1433,.T.);
#1433 = EDGE_CURVE('',#1426,#431,#1434,.T.);
#1434 = LINE('',#1435,#1436);
#1435 = CARTESIAN_POINT('',(-0.32,0.32,-3.));
#1436 = VECTOR('',#1437,1.);
#1437 = DIRECTION('',(0.,0.,1.));
#1438 = ORIENTED_EDGE('',*,*,#438,.F.);
#1439 = PLANE('',#1440);
#1440 = AXIS2_PLACEMENT_3D('',#1441,#1442,#1443);
#1441 = CARTESIAN_POINT('',(-0.32,0.32,-3.));
#1442 = DIRECTION('',(0.,1.,0.));
#1443 = DIRECTION('',(0.,-0.,1.));
#1444 = ADVANCED_FACE('',(#1445),#1463,.F.);
#1445 = FACE_BOUND('',#1446,.F.);
#1446 = EDGE_LOOP('',(#1447,#1455,#1461,#1462));
#1447 = ORIENTED_EDGE('',*,*,#1448,.F.);
#1448 = EDGE_CURVE('',#1449,#423,#1451,.T.);
#1449 = VERTEX_POINT('',#1450);
#1450 = CARTESIAN_POINT('',(-0.32,-0.32,-2.84));
#1451 = LINE('',#1452,#1453);
#1452 = CARTESIAN_POINT('',(-0.32,-0.32,-3.));
#1453 = VECTOR('',#1454,1.);
#1454 = DIRECTION('',(0.,0.,1.));
#1455 = ORIENTED_EDGE('',*,*,#1456,.T.);
#1456 = EDGE_CURVE('',#1449,#1426,#1457,.T.);
#1457 = LINE('',#1458,#1459);
#1458 = CARTESIAN_POINT('',(-0.32,-0.32,-2.84));
#1459 = VECTOR('',#1460,1.);
#1460 = DIRECTION('',(0.,1.,0.));
#1461 = ORIENTED_EDGE('',*,*,#1433,.T.);
#1462 = ORIENTED_EDGE('',*,*,#430,.F.);
#1463 = PLANE('',#1464);
#1464 = AXIS2_PLACEMENT_3D('',#1465,#1466,#1467);
#1465 = CARTESIAN_POINT('',(-0.32,-0.32,-3.));
#1466 = DIRECTION('',(1.,0.,0.));
#1467 = DIRECTION('',(0.,0.,1.));
#1468 = ADVANCED_FACE('',(#1469),#1480,.F.);
#1469 = FACE_BOUND('',#1470,.F.);
#1470 = EDGE_LOOP('',(#1471,#1472,#1478,#1479));
#1471 = ORIENTED_EDGE('',*,*,#1393,.F.);
#1472 = ORIENTED_EDGE('',*,*,#1473,.F.);
#1473 = EDGE_CURVE('',#1449,#1394,#1474,.T.);
#1474 = LINE('',#1475,#1476);
#1475 = CARTESIAN_POINT('',(-0.32,-0.32,-2.84));
#1476 = VECTOR('',#1477,1.);
#1477 = DIRECTION('',(1.,0.,0.));
#1478 = ORIENTED_EDGE('',*,*,#1448,.T.);
#1479 = ORIENTED_EDGE('',*,*,#422,.F.);
#1480 = PLANE('',#1481);
#1481 = AXIS2_PLACEMENT_3D('',#1482,#1483,#1484);
#1482 = CARTESIAN_POINT('',(-0.32,-0.32,-3.));
#1483 = DIRECTION('',(0.,1.,0.));
#1484 = DIRECTION('',(0.,-0.,1.));
#1485 = ADVANCED_FACE('',(#1486),#1511,.T.);
#1486 = FACE_BOUND('',#1487,.T.);
#1487 = EDGE_LOOP('',(#1488,#1496,#1504,#1510));
#1488 = ORIENTED_EDGE('',*,*,#1489,.F.);
#1489 = EDGE_CURVE('',#1490,#447,#1492,.T.);
#1490 = VERTEX_POINT('',#1491);
#1491 = CARTESIAN_POINT('',(0.32,-2.22,-2.84));
#1492 = LINE('',#1493,#1494);
#1493 = CARTESIAN_POINT('',(0.32,-2.22,-3.));
#1494 = VECTOR('',#1495,1.);
#1495 = DIRECTION('',(0.,0.,1.));
#1496 = ORIENTED_EDGE('',*,*,#1497,.F.);
#1497 = EDGE_CURVE('',#1498,#1490,#1500,.T.);
#1498 = VERTEX_POINT('',#1499);
#1499 = CARTESIAN_POINT('',(-0.32,-2.22,-2.84));
#1500 = LINE('',#1501,#1502);
#1501 = CARTESIAN_POINT('',(-0.32,-2.22,-2.84));
#1502 = VECTOR('',#1503,1.);
#1503 = DIRECTION('',(1.,0.,0.));
#1504 = ORIENTED_EDGE('',*,*,#1505,.T.);
#1505 = EDGE_CURVE('',#1498,#449,#1506,.T.);
#1506 = LINE('',#1507,#1508);
#1507 = CARTESIAN_POINT('',(-0.32,-2.22,-3.));
#1508 = VECTOR('',#1509,1.);
#1509 = DIRECTION('',(0.,0.,1.));
#1510 = ORIENTED_EDGE('',*,*,#446,.F.);
#1511 = PLANE('',#1512);
#1512 = AXIS2_PLACEMENT_3D('',#1513,#1514,#1515);
#1513 = CARTESIAN_POINT('',(-0.32,-2.22,-3.));
#1514 = DIRECTION('',(0.,1.,0.));
#1515 = DIRECTION('',(0.,-0.,1.));
#1516 = ADVANCED_FACE('',(#1517),#1535,.F.);
#1517 = FACE_BOUND('',#1518,.F.);
#1518 = EDGE_LOOP('',(#1519,#1527,#1533,#1534));
#1519 = ORIENTED_EDGE('',*,*,#1520,.F.);
#1520 = EDGE_CURVE('',#1521,#465,#1523,.T.);
#1521 = VERTEX_POINT('',#1522);
#1522 = CARTESIAN_POINT('',(-0.32,-2.86,-2.84));
#1523 = LINE('',#1524,#1525);
#1524 = CARTESIAN_POINT('',(-0.32,-2.86,-3.));
#1525 = VECTOR('',#1526,1.);
#1526 = DIRECTION('',(0.,0.,1.));
#1527 = ORIENTED_EDGE('',*,*,#1528,.T.);
#1528 = EDGE_CURVE('',#1521,#1498,#1529,.T.);
#1529 = LINE('',#1530,#1531);
#1530 = CARTESIAN_POINT('',(-0.32,-2.86,-2.84));
#1531 = VECTOR('',#1532,1.);
#1532 = DIRECTION('',(0.,1.,0.));
#1533 = ORIENTED_EDGE('',*,*,#1505,.T.);
#1534 = ORIENTED_EDGE('',*,*,#472,.F.);
#1535 = PLANE('',#1536);
#1536 = AXIS2_PLACEMENT_3D('',#1537,#1538,#1539);
#1537 = CARTESIAN_POINT('',(-0.32,-2.86,-3.));
#1538 = DIRECTION('',(1.,0.,0.));
#1539 = DIRECTION('',(0.,0.,1.));
#1540 = ADVANCED_FACE('',(#1541),#1559,.F.);
#1541 = FACE_BOUND('',#1542,.F.);
#1542 = EDGE_LOOP('',(#1543,#1551,#1557,#1558));
#1543 = ORIENTED_EDGE('',*,*,#1544,.F.);
#1544 = EDGE_CURVE('',#1545,#457,#1547,.T.);
#1545 = VERTEX_POINT('',#1546);
#1546 = CARTESIAN_POINT('',(0.32,-2.86,-2.84));
#1547 = LINE('',#1548,#1549);
#1548 = CARTESIAN_POINT('',(0.32,-2.86,-3.));
#1549 = VECTOR('',#1550,1.);
#1550 = DIRECTION('',(0.,0.,1.));
#1551 = ORIENTED_EDGE('',*,*,#1552,.F.);
#1552 = EDGE_CURVE('',#1521,#1545,#1553,.T.);
#1553 = LINE('',#1554,#1555);
#1554 = CARTESIAN_POINT('',(-0.32,-2.86,-2.84));
#1555 = VECTOR('',#1556,1.);
#1556 = DIRECTION('',(1.,0.,0.));
#1557 = ORIENTED_EDGE('',*,*,#1520,.T.);
#1558 = ORIENTED_EDGE('',*,*,#464,.F.);
#1559 = PLANE('',#1560);
#1560 = AXIS2_PLACEMENT_3D('',#1561,#1562,#1563);
#1561 = CARTESIAN_POINT('',(-0.32,-2.86,-3.));
#1562 = DIRECTION('',(0.,1.,0.));
#1563 = DIRECTION('',(0.,-0.,1.));
#1564 = ADVANCED_FACE('',(#1565),#1576,.T.);
#1565 = FACE_BOUND('',#1566,.T.);
#1566 = EDGE_LOOP('',(#1567,#1568,#1574,#1575));
#1567 = ORIENTED_EDGE('',*,*,#1544,.F.);
#1568 = ORIENTED_EDGE('',*,*,#1569,.T.);
#1569 = EDGE_CURVE('',#1545,#1490,#1570,.T.);
#1570 = LINE('',#1571,#1572);
#1571 = CARTESIAN_POINT('',(0.32,-2.86,-2.84));
#1572 = VECTOR('',#1573,1.);
#1573 = DIRECTION('',(0.,1.,0.));
#1574 = ORIENTED_EDGE('',*,*,#1489,.T.);
#1575 = ORIENTED_EDGE('',*,*,#456,.F.);
#1576 = PLANE('',#1577);
#1577 = AXIS2_PLACEMENT_3D('',#1578,#1579,#1580);
#1578 = CARTESIAN_POINT('',(0.32,-2.86,-3.));
#1579 = DIRECTION('',(1.,0.,0.));
#1580 = DIRECTION('',(0.,0.,1.));
#1581 = ADVANCED_FACE('',(#1582),#1607,.T.);
#1582 = FACE_BOUND('',#1583,.T.);
#1583 = EDGE_LOOP('',(#1584,#1592,#1593,#1601));
#1584 = ORIENTED_EDGE('',*,*,#1585,.F.);
#1585 = EDGE_CURVE('',#674,#1586,#1588,.T.);
#1586 = VERTEX_POINT('',#1587);
#1587 = CARTESIAN_POINT('',(0.32,-4.76,8.38));
#1588 = LINE('',#1589,#1590);
#1589 = CARTESIAN_POINT('',(0.32,-4.76,-3.));
#1590 = VECTOR('',#1591,1.);
#1591 = DIRECTION('',(0.,0.,1.));
#1592 = ORIENTED_EDGE('',*,*,#673,.T.);
#1593 = ORIENTED_EDGE('',*,*,#1594,.T.);
#1594 = EDGE_CURVE('',#676,#1595,#1597,.T.);
#1595 = VERTEX_POINT('',#1596);
#1596 = CARTESIAN_POINT('',(-0.32,-4.76,8.38));
#1597 = LINE('',#1598,#1599);
#1598 = CARTESIAN_POINT('',(-0.32,-4.76,-3.));
#1599 = VECTOR('',#1600,1.);
#1600 = DIRECTION('',(0.,0.,1.));
#1601 = ORIENTED_EDGE('',*,*,#1602,.T.);
#1602 = EDGE_CURVE('',#1595,#1586,#1603,.T.);
#1603 = LINE('',#1604,#1605);
#1604 = CARTESIAN_POINT('',(-0.32,-4.76,8.38));
#1605 = VECTOR('',#1606,1.);
#1606 = DIRECTION('',(1.,0.,0.));
#1607 = PLANE('',#1608);
#1608 = AXIS2_PLACEMENT_3D('',#1609,#1610,#1611);
#1609 = CARTESIAN_POINT('',(-0.32,-4.76,-3.));
#1610 = DIRECTION('',(0.,1.,0.));
#1611 = DIRECTION('',(0.,-0.,1.));
#1612 = ADVANCED_FACE('',(#1613),#1631,.F.);
#1613 = FACE_BOUND('',#1614,.F.);
#1614 = EDGE_LOOP('',(#1615,#1623,#1624,#1625));
#1615 = ORIENTED_EDGE('',*,*,#1616,.F.);
#1616 = EDGE_CURVE('',#692,#1617,#1619,.T.);
#1617 = VERTEX_POINT('',#1618);
#1618 = CARTESIAN_POINT('',(-0.32,-5.4,8.38));
#1619 = LINE('',#1620,#1621);
#1620 = CARTESIAN_POINT('',(-0.32,-5.4,-3.));
#1621 = VECTOR('',#1622,1.);
#1622 = DIRECTION('',(0.,0.,1.));
#1623 = ORIENTED_EDGE('',*,*,#699,.T.);
#1624 = ORIENTED_EDGE('',*,*,#1594,.T.);
#1625 = ORIENTED_EDGE('',*,*,#1626,.F.);
#1626 = EDGE_CURVE('',#1617,#1595,#1627,.T.);
#1627 = LINE('',#1628,#1629);
#1628 = CARTESIAN_POINT('',(-0.32,-5.4,8.38));
#1629 = VECTOR('',#1630,1.);
#1630 = DIRECTION('',(0.,1.,0.));
#1631 = PLANE('',#1632);
#1632 = AXIS2_PLACEMENT_3D('',#1633,#1634,#1635);
#1633 = CARTESIAN_POINT('',(-0.32,-5.4,-3.));
#1634 = DIRECTION('',(1.,0.,0.));
#1635 = DIRECTION('',(0.,0.,1.));
#1636 = ADVANCED_FACE('',(#1637),#1655,.F.);
#1637 = FACE_BOUND('',#1638,.F.);
#1638 = EDGE_LOOP('',(#1639,#1647,#1648,#1649));
#1639 = ORIENTED_EDGE('',*,*,#1640,.F.);
#1640 = EDGE_CURVE('',#684,#1641,#1643,.T.);
#1641 = VERTEX_POINT('',#1642);
#1642 = CARTESIAN_POINT('',(0.32,-5.4,8.38));
#1643 = LINE('',#1644,#1645);
#1644 = CARTESIAN_POINT('',(0.32,-5.4,-3.));
#1645 = VECTOR('',#1646,1.);
#1646 = DIRECTION('',(0.,0.,1.));
#1647 = ORIENTED_EDGE('',*,*,#691,.T.);
#1648 = ORIENTED_EDGE('',*,*,#1616,.T.);
#1649 = ORIENTED_EDGE('',*,*,#1650,.T.);
#1650 = EDGE_CURVE('',#1617,#1641,#1651,.T.);
#1651 = LINE('',#1652,#1653);
#1652 = CARTESIAN_POINT('',(-0.32,-5.4,8.38));
#1653 = VECTOR('',#1654,1.);
#1654 = DIRECTION('',(1.,0.,0.));
#1655 = PLANE('',#1656);
#1656 = AXIS2_PLACEMENT_3D('',#1657,#1658,#1659);
#1657 = CARTESIAN_POINT('',(-0.32,-5.4,-3.));
#1658 = DIRECTION('',(0.,1.,0.));
#1659 = DIRECTION('',(0.,-0.,1.));
#1660 = ADVANCED_FACE('',(#1661),#1672,.T.);
#1661 = FACE_BOUND('',#1662,.T.);
#1662 = EDGE_LOOP('',(#1663,#1664,#1665,#1666));
#1663 = ORIENTED_EDGE('',*,*,#1640,.F.);
#1664 = ORIENTED_EDGE('',*,*,#683,.T.);
#1665 = ORIENTED_EDGE('',*,*,#1585,.T.);
#1666 = ORIENTED_EDGE('',*,*,#1667,.F.);
#1667 = EDGE_CURVE('',#1641,#1586,#1668,.T.);
#1668 = LINE('',#1669,#1670);
#1669 = CARTESIAN_POINT('',(0.32,-5.4,8.38));
#1670 = VECTOR('',#1671,1.);
#1671 = DIRECTION('',(0.,1.,0.));
#1672 = PLANE('',#1673);
#1673 = AXIS2_PLACEMENT_3D('',#1674,#1675,#1676);
#1674 = CARTESIAN_POINT('',(0.32,-5.4,-3.));
#1675 = DIRECTION('',(1.,0.,0.));
#1676 = DIRECTION('',(0.,0.,1.));
#1677 = ADVANCED_FACE('',(#1678),#1703,.T.);
#1678 = FACE_BOUND('',#1679,.T.);
#1679 = EDGE_LOOP('',(#1680,#1688,#1689,#1697));
#1680 = ORIENTED_EDGE('',*,*,#1681,.F.);
#1681 = EDGE_CURVE('',#708,#1682,#1684,.T.);
#1682 = VERTEX_POINT('',#1683);
#1683 = CARTESIAN_POINT('',(0.32,-7.94,8.38));
#1684 = LINE('',#1685,#1686);
#1685 = CARTESIAN_POINT('',(0.32,-7.94,-3.));
#1686 = VECTOR('',#1687,1.);
#1687 = DIRECTION('',(0.,0.,1.));
#1688 = ORIENTED_EDGE('',*,*,#707,.T.);
#1689 = ORIENTED_EDGE('',*,*,#1690,.T.);
#1690 = EDGE_CURVE('',#710,#1691,#1693,.T.);
#1691 = VERTEX_POINT('',#1692);
#1692 = CARTESIAN_POINT('',(0.32,-7.3,8.38));
#1693 = LINE('',#1694,#1695);
#1694 = CARTESIAN_POINT('',(0.32,-7.3,-3.));
#1695 = VECTOR('',#1696,1.);
#1696 = DIRECTION('',(0.,0.,1.));
#1697 = ORIENTED_EDGE('',*,*,#1698,.F.);
#1698 = EDGE_CURVE('',#1682,#1691,#1699,.T.);
#1699 = LINE('',#1700,#1701);
#1700 = CARTESIAN_POINT('',(0.32,-7.94,8.38));
#1701 = VECTOR('',#1702,1.);
#1702 = DIRECTION('',(0.,1.,0.));
#1703 = PLANE('',#1704);
#1704 = AXIS2_PLACEMENT_3D('',#1705,#1706,#1707);
#1705 = CARTESIAN_POINT('',(0.32,-7.94,-3.));
#1706 = DIRECTION('',(1.,0.,0.));
#1707 = DIRECTION('',(0.,0.,1.));
#1708 = ADVANCED_FACE('',(#1709),#1727,.T.);
#1709 = FACE_BOUND('',#1710,.T.);
#1710 = EDGE_LOOP('',(#1711,#1712,#1713,#1721));
#1711 = ORIENTED_EDGE('',*,*,#1690,.F.);
#1712 = ORIENTED_EDGE('',*,*,#733,.T.);
#1713 = ORIENTED_EDGE('',*,*,#1714,.T.);
#1714 = EDGE_CURVE('',#726,#1715,#1717,.T.);
#1715 = VERTEX_POINT('',#1716);
#1716 = CARTESIAN_POINT('',(-0.32,-7.3,8.38));
#1717 = LINE('',#1718,#1719);
#1718 = CARTESIAN_POINT('',(-0.32,-7.3,-3.));
#1719 = VECTOR('',#1720,1.);
#1720 = DIRECTION('',(0.,0.,1.));
#1721 = ORIENTED_EDGE('',*,*,#1722,.T.);
#1722 = EDGE_CURVE('',#1715,#1691,#1723,.T.);
#1723 = LINE('',#1724,#1725);
#1724 = CARTESIAN_POINT('',(-0.32,-7.3,8.38));
#1725 = VECTOR('',#1726,1.);
#1726 = DIRECTION('',(1.,0.,0.));
#1727 = PLANE('',#1728);
#1728 = AXIS2_PLACEMENT_3D('',#1729,#1730,#1731);
#1729 = CARTESIAN_POINT('',(-0.32,-7.3,-3.));
#1730 = DIRECTION('',(0.,1.,0.));
#1731 = DIRECTION('',(0.,-0.,1.));
#1732 = ADVANCED_FACE('',(#1733),#1751,.F.);
#1733 = FACE_BOUND('',#1734,.F.);
#1734 = EDGE_LOOP('',(#1735,#1743,#1744,#1745));
#1735 = ORIENTED_EDGE('',*,*,#1736,.F.);
#1736 = EDGE_CURVE('',#718,#1737,#1739,.T.);
#1737 = VERTEX_POINT('',#1738);
#1738 = CARTESIAN_POINT('',(-0.32,-7.94,8.38));
#1739 = LINE('',#1740,#1741);
#1740 = CARTESIAN_POINT('',(-0.32,-7.94,-3.));
#1741 = VECTOR('',#1742,1.);
#1742 = DIRECTION('',(0.,0.,1.));
#1743 = ORIENTED_EDGE('',*,*,#725,.T.);
#1744 = ORIENTED_EDGE('',*,*,#1714,.T.);
#1745 = ORIENTED_EDGE('',*,*,#1746,.F.);
#1746 = EDGE_CURVE('',#1737,#1715,#1747,.T.);
#1747 = LINE('',#1748,#1749);
#1748 = CARTESIAN_POINT('',(-0.32,-7.94,8.38));
#1749 = VECTOR('',#1750,1.);
#1750 = DIRECTION('',(0.,1.,0.));
#1751 = PLANE('',#1752);
#1752 = AXIS2_PLACEMENT_3D('',#1753,#1754,#1755);
#1753 = CARTESIAN_POINT('',(-0.32,-7.94,-3.));
#1754 = DIRECTION('',(1.,0.,0.));
#1755 = DIRECTION('',(0.,0.,1.));
#1756 = ADVANCED_FACE('',(#1757),#1768,.F.);
#1757 = FACE_BOUND('',#1758,.F.);
#1758 = EDGE_LOOP('',(#1759,#1760,#1761,#1762));
#1759 = ORIENTED_EDGE('',*,*,#1681,.F.);
#1760 = ORIENTED_EDGE('',*,*,#717,.T.);
#1761 = ORIENTED_EDGE('',*,*,#1736,.T.);
#1762 = ORIENTED_EDGE('',*,*,#1763,.T.);
#1763 = EDGE_CURVE('',#1737,#1682,#1764,.T.);
#1764 = LINE('',#1765,#1766);
#1765 = CARTESIAN_POINT('',(-0.32,-7.94,8.38));
#1766 = VECTOR('',#1767,1.);
#1767 = DIRECTION('',(1.,0.,0.));
#1768 = PLANE('',#1769);
#1769 = AXIS2_PLACEMENT_3D('',#1770,#1771,#1772);
#1770 = CARTESIAN_POINT('',(-0.32,-7.94,-3.));
#1771 = DIRECTION('',(0.,1.,0.));
#1772 = DIRECTION('',(0.,-0.,1.));
#1773 = ADVANCED_FACE('',(#1774),#1799,.T.);
#1774 = FACE_BOUND('',#1775,.T.);
#1775 = EDGE_LOOP('',(#1776,#1784,#1785,#1793));
#1776 = ORIENTED_EDGE('',*,*,#1777,.F.);
#1777 = EDGE_CURVE('',#742,#1778,#1780,.T.);
#1778 = VERTEX_POINT('',#1779);
#1779 = CARTESIAN_POINT('',(0.32,-0.32,8.38));
#1780 = LINE('',#1781,#1782);
#1781 = CARTESIAN_POINT('',(0.32,-0.32,-3.));
#1782 = VECTOR('',#1783,1.);
#1783 = DIRECTION('',(0.,0.,1.));
#1784 = ORIENTED_EDGE('',*,*,#741,.T.);
#1785 = ORIENTED_EDGE('',*,*,#1786,.T.);
#1786 = EDGE_CURVE('',#744,#1787,#1789,.T.);
#1787 = VERTEX_POINT('',#1788);
#1788 = CARTESIAN_POINT('',(0.32,0.32,8.38));
#1789 = LINE('',#1790,#1791);
#1790 = CARTESIAN_POINT('',(0.32,0.32,-3.));
#1791 = VECTOR('',#1792,1.);
#1792 = DIRECTION('',(0.,0.,1.));
#1793 = ORIENTED_EDGE('',*,*,#1794,.F.);
#1794 = EDGE_CURVE('',#1778,#1787,#1795,.T.);
#1795 = LINE('',#1796,#1797);
#1796 = CARTESIAN_POINT('',(0.32,-0.32,8.38));
#1797 = VECTOR('',#1798,1.);
#1798 = DIRECTION('',(0.,1.,0.));
#1799 = PLANE('',#1800);
#1800 = AXIS2_PLACEMENT_3D('',#1801,#1802,#1803);
#1801 = CARTESIAN_POINT('',(0.32,-0.32,-3.));
#1802 = DIRECTION('',(1.,0.,0.));
#1803 = DIRECTION('',(0.,0.,1.));
#1804 = ADVANCED_FACE('',(#1805),#1823,.T.);
#1805 = FACE_BOUND('',#1806,.T.);
#1806 = EDGE_LOOP('',(#1807,#1808,#1809,#1817));
#1807 = ORIENTED_EDGE('',*,*,#1786,.F.);
#1808 = ORIENTED_EDGE('',*,*,#767,.T.);
#1809 = ORIENTED_EDGE('',*,*,#1810,.T.);
#1810 = EDGE_CURVE('',#760,#1811,#1813,.T.);
#1811 = VERTEX_POINT('',#1812);
#1812 = CARTESIAN_POINT('',(-0.32,0.32,8.38));
#1813 = LINE('',#1814,#1815);
#1814 = CARTESIAN_POINT('',(-0.32,0.32,-3.));
#1815 = VECTOR('',#1816,1.);
#1816 = DIRECTION('',(0.,0.,1.));
#1817 = ORIENTED_EDGE('',*,*,#1818,.T.);
#1818 = EDGE_CURVE('',#1811,#1787,#1819,.T.);
#1819 = LINE('',#1820,#1821);
#1820 = CARTESIAN_POINT('',(-0.32,0.32,8.38));
#1821 = VECTOR('',#1822,1.);
#1822 = DIRECTION('',(1.,0.,0.));
#1823 = PLANE('',#1824);
#1824 = AXIS2_PLACEMENT_3D('',#1825,#1826,#1827);
#1825 = CARTESIAN_POINT('',(-0.32,0.32,-3.));
#1826 = DIRECTION('',(0.,1.,0.));
#1827 = DIRECTION('',(0.,-0.,1.));
#1828 = ADVANCED_FACE('',(#1829),#1847,.F.);
#1829 = FACE_BOUND('',#1830,.F.);
#1830 = EDGE_LOOP('',(#1831,#1839,#1840,#1841));
#1831 = ORIENTED_EDGE('',*,*,#1832,.F.);
#1832 = EDGE_CURVE('',#752,#1833,#1835,.T.);
#1833 = VERTEX_POINT('',#1834);
#1834 = CARTESIAN_POINT('',(-0.32,-0.32,8.38));
#1835 = LINE('',#1836,#1837);
#1836 = CARTESIAN_POINT('',(-0.32,-0.32,-3.));
#1837 = VECTOR('',#1838,1.);
#1838 = DIRECTION('',(0.,0.,1.));
#1839 = ORIENTED_EDGE('',*,*,#759,.T.);
#1840 = ORIENTED_EDGE('',*,*,#1810,.T.);
#1841 = ORIENTED_EDGE('',*,*,#1842,.F.);
#1842 = EDGE_CURVE('',#1833,#1811,#1843,.T.);
#1843 = LINE('',#1844,#1845);
#1844 = CARTESIAN_POINT('',(-0.32,-0.32,8.38));
#1845 = VECTOR('',#1846,1.);
#1846 = DIRECTION('',(0.,1.,0.));
#1847 = PLANE('',#1848);
#1848 = AXIS2_PLACEMENT_3D('',#1849,#1850,#1851);
#1849 = CARTESIAN_POINT('',(-0.32,-0.32,-3.));
#1850 = DIRECTION('',(1.,0.,0.));
#1851 = DIRECTION('',(0.,0.,1.));
#1852 = ADVANCED_FACE('',(#1853),#1864,.F.);
#1853 = FACE_BOUND('',#1854,.F.);
#1854 = EDGE_LOOP('',(#1855,#1856,#1857,#1858));
#1855 = ORIENTED_EDGE('',*,*,#1777,.F.);
#1856 = ORIENTED_EDGE('',*,*,#751,.T.);
#1857 = ORIENTED_EDGE('',*,*,#1832,.T.);
#1858 = ORIENTED_EDGE('',*,*,#1859,.T.);
#1859 = EDGE_CURVE('',#1833,#1778,#1860,.T.);
#1860 = LINE('',#1861,#1862);
#1861 = CARTESIAN_POINT('',(-0.32,-0.32,8.38));
#1862 = VECTOR('',#1863,1.);
#1863 = DIRECTION('',(1.,0.,0.));
#1864 = PLANE('',#1865);
#1865 = AXIS2_PLACEMENT_3D('',#1866,#1867,#1868);
#1866 = CARTESIAN_POINT('',(-0.32,-0.32,-3.));
#1867 = DIRECTION('',(0.,1.,0.));
#1868 = DIRECTION('',(0.,-0.,1.));
#1869 = ADVANCED_FACE('',(#1870),#1895,.T.);
#1870 = FACE_BOUND('',#1871,.T.);
#1871 = EDGE_LOOP('',(#1872,#1880,#1881,#1889));
#1872 = ORIENTED_EDGE('',*,*,#1873,.F.);
#1873 = EDGE_CURVE('',#776,#1874,#1876,.T.);
#1874 = VERTEX_POINT('',#1875);
#1875 = CARTESIAN_POINT('',(0.32,-2.22,8.38));
#1876 = LINE('',#1877,#1878);
#1877 = CARTESIAN_POINT('',(0.32,-2.22,-3.));
#1878 = VECTOR('',#1879,1.);
#1879 = DIRECTION('',(0.,0.,1.));
#1880 = ORIENTED_EDGE('',*,*,#775,.T.);
#1881 = ORIENTED_EDGE('',*,*,#1882,.T.);
#1882 = EDGE_CURVE('',#778,#1883,#1885,.T.);
#1883 = VERTEX_POINT('',#1884);
#1884 = CARTESIAN_POINT('',(-0.32,-2.22,8.38));
#1885 = LINE('',#1886,#1887);
#1886 = CARTESIAN_POINT('',(-0.32,-2.22,-3.));
#1887 = VECTOR('',#1888,1.);
#1888 = DIRECTION('',(0.,0.,1.));
#1889 = ORIENTED_EDGE('',*,*,#1890,.T.);
#1890 = EDGE_CURVE('',#1883,#1874,#1891,.T.);
#1891 = LINE('',#1892,#1893);
#1892 = CARTESIAN_POINT('',(-0.32,-2.22,8.38));
#1893 = VECTOR('',#1894,1.);
#1894 = DIRECTION('',(1.,0.,0.));
#1895 = PLANE('',#1896);
#1896 = AXIS2_PLACEMENT_3D('',#1897,#1898,#1899);
#1897 = CARTESIAN_POINT('',(-0.32,-2.22,-3.));
#1898 = DIRECTION('',(0.,1.,0.));
#1899 = DIRECTION('',(0.,-0.,1.));
#1900 = ADVANCED_FACE('',(#1901),#1919,.F.);
#1901 = FACE_BOUND('',#1902,.F.);
#1902 = EDGE_LOOP('',(#1903,#1911,#1912,#1913));
#1903 = ORIENTED_EDGE('',*,*,#1904,.F.);
#1904 = EDGE_CURVE('',#794,#1905,#1907,.T.);
#1905 = VERTEX_POINT('',#1906);
#1906 = CARTESIAN_POINT('',(-0.32,-2.86,8.38));
#1907 = LINE('',#1908,#1909);
#1908 = CARTESIAN_POINT('',(-0.32,-2.86,-3.));
#1909 = VECTOR('',#1910,1.);
#1910 = DIRECTION('',(0.,0.,1.));
#1911 = ORIENTED_EDGE('',*,*,#801,.T.);
#1912 = ORIENTED_EDGE('',*,*,#1882,.T.);
#1913 = ORIENTED_EDGE('',*,*,#1914,.F.);
#1914 = EDGE_CURVE('',#1905,#1883,#1915,.T.);
#1915 = LINE('',#1916,#1917);
#1916 = CARTESIAN_POINT('',(-0.32,-2.86,8.38));
#1917 = VECTOR('',#1918,1.);
#1918 = DIRECTION('',(0.,1.,0.));
#1919 = PLANE('',#1920);
#1920 = AXIS2_PLACEMENT_3D('',#1921,#1922,#1923);
#1921 = CARTESIAN_POINT('',(-0.32,-2.86,-3.));
#1922 = DIRECTION('',(1.,0.,0.));
#1923 = DIRECTION('',(0.,0.,1.));
#1924 = ADVANCED_FACE('',(#1925),#1943,.F.);
#1925 = FACE_BOUND('',#1926,.F.);
#1926 = EDGE_LOOP('',(#1927,#1935,#1936,#1937));
#1927 = ORIENTED_EDGE('',*,*,#1928,.F.);
#1928 = EDGE_CURVE('',#786,#1929,#1931,.T.);
#1929 = VERTEX_POINT('',#1930);
#1930 = CARTESIAN_POINT('',(0.32,-2.86,8.38));
#1931 = LINE('',#1932,#1933);
#1932 = CARTESIAN_POINT('',(0.32,-2.86,-3.));
#1933 = VECTOR('',#1934,1.);
#1934 = DIRECTION('',(0.,0.,1.));
#1935 = ORIENTED_EDGE('',*,*,#793,.T.);
#1936 = ORIENTED_EDGE('',*,*,#1904,.T.);
#1937 = ORIENTED_EDGE('',*,*,#1938,.T.);
#1938 = EDGE_CURVE('',#1905,#1929,#1939,.T.);
#1939 = LINE('',#1940,#1941);
#1940 = CARTESIAN_POINT('',(-0.32,-2.86,8.38));
#1941 = VECTOR('',#1942,1.);
#1942 = DIRECTION('',(1.,0.,0.));
#1943 = PLANE('',#1944);
#1944 = AXIS2_PLACEMENT_3D('',#1945,#1946,#1947);
#1945 = CARTESIAN_POINT('',(-0.32,-2.86,-3.));
#1946 = DIRECTION('',(0.,1.,0.));
#1947 = DIRECTION('',(0.,-0.,1.));
#1948 = ADVANCED_FACE('',(#1949),#1960,.T.);
#1949 = FACE_BOUND('',#1950,.T.);
#1950 = EDGE_LOOP('',(#1951,#1952,#1953,#1954));
#1951 = ORIENTED_EDGE('',*,*,#1928,.F.);
#1952 = ORIENTED_EDGE('',*,*,#785,.T.);
#1953 = ORIENTED_EDGE('',*,*,#1873,.T.);
#1954 = ORIENTED_EDGE('',*,*,#1955,.F.);
#1955 = EDGE_CURVE('',#1929,#1874,#1956,.T.);
#1956 = LINE('',#1957,#1958);
#1957 = CARTESIAN_POINT('',(0.32,-2.86,8.38));
#1958 = VECTOR('',#1959,1.);
#1959 = DIRECTION('',(0.,1.,0.));
#1960 = PLANE('',#1961);
#1961 = AXIS2_PLACEMENT_3D('',#1962,#1963,#1964);
#1962 = CARTESIAN_POINT('',(0.32,-2.86,-3.));
#1963 = DIRECTION('',(1.,0.,0.));
#1964 = DIRECTION('',(0.,0.,1.));
#1965 = ADVANCED_FACE('',(#1966),#1991,.F.);
#1966 = FACE_BOUND('',#1967,.T.);
#1967 = EDGE_LOOP('',(#1968,#1976,#1977,#1985));
#1968 = ORIENTED_EDGE('',*,*,#1969,.F.);
#1969 = EDGE_CURVE('',#1210,#1970,#1972,.T.);
#1970 = VERTEX_POINT('',#1971);
#1971 = CARTESIAN_POINT('',(-0.16,-4.92,-3.));
#1972 = LINE('',#1973,#1974);
#1973 = CARTESIAN_POINT('',(-0.16,-4.92,-3.));
#1974 = VECTOR('',#1975,1.);
#1975 = DIRECTION('',(0.57735026919,-0.57735026919,-0.57735026919));
#1976 = ORIENTED_EDGE('',*,*,#1209,.T.);
#1977 = ORIENTED_EDGE('',*,*,#1978,.T.);
#1978 = EDGE_CURVE('',#1202,#1979,#1981,.T.);
#1979 = VERTEX_POINT('',#1980);
#1980 = CARTESIAN_POINT('',(0.16,-4.92,-3.));
#1981 = LINE('',#1982,#1983);
#1982 = CARTESIAN_POINT('',(5.333333333333E-02,-5.026666666667,
    -3.106666666667));
#1983 = VECTOR('',#1984,1.);
#1984 = DIRECTION('',(-0.57735026919,-0.57735026919,-0.57735026919));
#1985 = ORIENTED_EDGE('',*,*,#1986,.F.);
#1986 = EDGE_CURVE('',#1970,#1979,#1987,.T.);
#1987 = LINE('',#1988,#1989);
#1988 = CARTESIAN_POINT('',(-0.32,-4.92,-3.));
#1989 = VECTOR('',#1990,1.);
#1990 = DIRECTION('',(1.,0.,0.));
#1991 = PLANE('',#1992);
#1992 = AXIS2_PLACEMENT_3D('',#1993,#1994,#1995);
#1993 = CARTESIAN_POINT('',(-0.32,-4.84,-2.92));
#1994 = DIRECTION('',(-1.735167508357E-18,-0.707106781187,0.707106781187
    ));
#1995 = DIRECTION('',(-1.,1.226948711654E-18,-1.226948711654E-18));
#1996 = ADVANCED_FACE('',(#1997),#2015,.T.);
#1997 = FACE_BOUND('',#1998,.T.);
#1998 = EDGE_LOOP('',(#1999,#2007,#2008,#2009));
#1999 = ORIENTED_EDGE('',*,*,#2000,.F.);
#2000 = EDGE_CURVE('',#1233,#2001,#2003,.T.);
#2001 = VERTEX_POINT('',#2002);
#2002 = CARTESIAN_POINT('',(-0.16,-5.24,-3.));
#2003 = LINE('',#2004,#2005);
#2004 = CARTESIAN_POINT('',(-0.266666666667,-5.346666666667,
    -2.893333333333));
#2005 = VECTOR('',#2006,1.);
#2006 = DIRECTION('',(0.57735026919,0.57735026919,-0.57735026919));
#2007 = ORIENTED_EDGE('',*,*,#1240,.T.);
#2008 = ORIENTED_EDGE('',*,*,#1969,.T.);
#2009 = ORIENTED_EDGE('',*,*,#2010,.F.);
#2010 = EDGE_CURVE('',#2001,#1970,#2011,.T.);
#2011 = LINE('',#2012,#2013);
#2012 = CARTESIAN_POINT('',(-0.16,-5.4,-3.));
#2013 = VECTOR('',#2014,1.);
#2014 = DIRECTION('',(0.,1.,0.));
#2015 = PLANE('',#2016);
#2016 = AXIS2_PLACEMENT_3D('',#2017,#2018,#2019);
#2017 = CARTESIAN_POINT('',(-0.24,-5.4,-2.92));
#2018 = DIRECTION('',(-0.707106781187,-1.735167508357E-18,
    -0.707106781187));
#2019 = DIRECTION('',(-1.226948711654E-18,1.,-1.226948711654E-18));
#2020 = ADVANCED_FACE('',(#2021),#2039,.T.);
#2021 = FACE_BOUND('',#2022,.F.);
#2022 = EDGE_LOOP('',(#2023,#2024,#2025,#2033));
#2023 = ORIENTED_EDGE('',*,*,#2000,.F.);
#2024 = ORIENTED_EDGE('',*,*,#1264,.T.);
#2025 = ORIENTED_EDGE('',*,*,#2026,.T.);
#2026 = EDGE_CURVE('',#1257,#2027,#2029,.T.);
#2027 = VERTEX_POINT('',#2028);
#2028 = CARTESIAN_POINT('',(0.16,-5.24,-3.));
#2029 = LINE('',#2030,#2031);
#2030 = CARTESIAN_POINT('',(0.16,-5.24,-3.));
#2031 = VECTOR('',#2032,1.);
#2032 = DIRECTION('',(-0.57735026919,0.57735026919,-0.57735026919));
#2033 = ORIENTED_EDGE('',*,*,#2034,.F.);
#2034 = EDGE_CURVE('',#2001,#2027,#2035,.T.);
#2035 = LINE('',#2036,#2037);
#2036 = CARTESIAN_POINT('',(-0.32,-5.24,-3.));
#2037 = VECTOR('',#2038,1.);
#2038 = DIRECTION('',(1.,0.,0.));
#2039 = PLANE('',#2040);
#2040 = AXIS2_PLACEMENT_3D('',#2041,#2042,#2043);
#2041 = CARTESIAN_POINT('',(-0.32,-5.32,-2.92));
#2042 = DIRECTION('',(1.735167508357E-18,-0.707106781187,-0.707106781187
    ));
#2043 = DIRECTION('',(-1.,-1.226948711654E-18,-1.226948711654E-18));
#2044 = ADVANCED_FACE('',(#2045),#2056,.F.);
#2045 = FACE_BOUND('',#2046,.F.);
#2046 = EDGE_LOOP('',(#2047,#2048,#2049,#2050));
#2047 = ORIENTED_EDGE('',*,*,#2026,.F.);
#2048 = ORIENTED_EDGE('',*,*,#1281,.T.);
#2049 = ORIENTED_EDGE('',*,*,#1978,.T.);
#2050 = ORIENTED_EDGE('',*,*,#2051,.F.);
#2051 = EDGE_CURVE('',#2027,#1979,#2052,.T.);
#2052 = LINE('',#2053,#2054);
#2053 = CARTESIAN_POINT('',(0.16,-5.4,-3.));
#2054 = VECTOR('',#2055,1.);
#2055 = DIRECTION('',(0.,1.,0.));
#2056 = PLANE('',#2057);
#2057 = AXIS2_PLACEMENT_3D('',#2058,#2059,#2060);
#2058 = CARTESIAN_POINT('',(0.24,-5.4,-2.92));
#2059 = DIRECTION('',(-0.707106781187,1.735167508357E-18,0.707106781187)
  );
#2060 = DIRECTION('',(1.226948711654E-18,1.,-1.226948711654E-18));
#2061 = ADVANCED_FACE('',(#2062),#2087,.F.);
#2062 = FACE_BOUND('',#2063,.F.);
#2063 = EDGE_LOOP('',(#2064,#2072,#2073,#2081));
#2064 = ORIENTED_EDGE('',*,*,#2065,.F.);
#2065 = EDGE_CURVE('',#1298,#2066,#2068,.T.);
#2066 = VERTEX_POINT('',#2067);
#2067 = CARTESIAN_POINT('',(0.16,-7.78,-3.));
#2068 = LINE('',#2069,#2070);
#2069 = CARTESIAN_POINT('',(0.16,-7.78,-3.));
#2070 = VECTOR('',#2071,1.);
#2071 = DIRECTION('',(-0.57735026919,0.57735026919,-0.57735026919));
#2072 = ORIENTED_EDGE('',*,*,#1305,.T.);
#2073 = ORIENTED_EDGE('',*,*,#2074,.T.);
#2074 = EDGE_CURVE('',#1306,#2075,#2077,.T.);
#2075 = VERTEX_POINT('',#2076);
#2076 = CARTESIAN_POINT('',(0.16,-7.46,-3.));
#2077 = LINE('',#2078,#2079);
#2078 = CARTESIAN_POINT('',(5.333333333333E-02,-7.566666666667,
    -3.106666666667));
#2079 = VECTOR('',#2080,1.);
#2080 = DIRECTION('',(-0.57735026919,-0.57735026919,-0.57735026919));
#2081 = ORIENTED_EDGE('',*,*,#2082,.F.);
#2082 = EDGE_CURVE('',#2066,#2075,#2083,.T.);
#2083 = LINE('',#2084,#2085);
#2084 = CARTESIAN_POINT('',(0.16,-7.94,-3.));
#2085 = VECTOR('',#2086,1.);
#2086 = DIRECTION('',(0.,1.,0.));
#2087 = PLANE('',#2088);
#2088 = AXIS2_PLACEMENT_3D('',#2089,#2090,#2091);
#2089 = CARTESIAN_POINT('',(0.24,-7.94,-2.92));
#2090 = DIRECTION('',(-0.707106781187,1.735167508357E-18,0.707106781187)
  );
#2091 = DIRECTION('',(1.226948711654E-18,1.,-1.226948711654E-18));
#2092 = ADVANCED_FACE('',(#2093),#2111,.F.);
#2093 = FACE_BOUND('',#2094,.T.);
#2094 = EDGE_LOOP('',(#2095,#2103,#2104,#2105));
#2095 = ORIENTED_EDGE('',*,*,#2096,.F.);
#2096 = EDGE_CURVE('',#1330,#2097,#2099,.T.);
#2097 = VERTEX_POINT('',#2098);
#2098 = CARTESIAN_POINT('',(-0.16,-7.46,-3.));
#2099 = LINE('',#2100,#2101);
#2100 = CARTESIAN_POINT('',(-0.16,-7.46,-3.));
#2101 = VECTOR('',#2102,1.);
#2102 = DIRECTION('',(0.57735026919,-0.57735026919,-0.57735026919));
#2103 = ORIENTED_EDGE('',*,*,#1329,.T.);
#2104 = ORIENTED_EDGE('',*,*,#2074,.T.);
#2105 = ORIENTED_EDGE('',*,*,#2106,.F.);
#2106 = EDGE_CURVE('',#2097,#2075,#2107,.T.);
#2107 = LINE('',#2108,#2109);
#2108 = CARTESIAN_POINT('',(-0.32,-7.46,-3.));
#2109 = VECTOR('',#2110,1.);
#2110 = DIRECTION('',(1.,0.,0.));
#2111 = PLANE('',#2112);
#2112 = AXIS2_PLACEMENT_3D('',#2113,#2114,#2115);
#2113 = CARTESIAN_POINT('',(-0.32,-7.38,-2.92));
#2114 = DIRECTION('',(-1.735167508357E-18,-0.707106781187,0.707106781187
    ));
#2115 = DIRECTION('',(-1.,1.226948711654E-18,-1.226948711654E-18));
#2116 = ADVANCED_FACE('',(#2117),#2135,.T.);
#2117 = FACE_BOUND('',#2118,.T.);
#2118 = EDGE_LOOP('',(#2119,#2127,#2128,#2129));
#2119 = ORIENTED_EDGE('',*,*,#2120,.F.);
#2120 = EDGE_CURVE('',#1353,#2121,#2123,.T.);
#2121 = VERTEX_POINT('',#2122);
#2122 = CARTESIAN_POINT('',(-0.16,-7.78,-3.));
#2123 = LINE('',#2124,#2125);
#2124 = CARTESIAN_POINT('',(-0.266666666667,-7.886666666667,
    -2.893333333333));
#2125 = VECTOR('',#2126,1.);
#2126 = DIRECTION('',(0.57735026919,0.57735026919,-0.57735026919));
#2127 = ORIENTED_EDGE('',*,*,#1360,.T.);
#2128 = ORIENTED_EDGE('',*,*,#2096,.T.);
#2129 = ORIENTED_EDGE('',*,*,#2130,.F.);
#2130 = EDGE_CURVE('',#2121,#2097,#2131,.T.);
#2131 = LINE('',#2132,#2133);
#2132 = CARTESIAN_POINT('',(-0.16,-7.94,-3.));
#2133 = VECTOR('',#2134,1.);
#2134 = DIRECTION('',(0.,1.,0.));
#2135 = PLANE('',#2136);
#2136 = AXIS2_PLACEMENT_3D('',#2137,#2138,#2139);
#2137 = CARTESIAN_POINT('',(-0.24,-7.94,-2.92));
#2138 = DIRECTION('',(-0.707106781187,-1.735167508357E-18,
    -0.707106781187));
#2139 = DIRECTION('',(-1.226948711654E-18,1.,-1.226948711654E-18));
#2140 = ADVANCED_FACE('',(#2141),#2152,.T.);
#2141 = FACE_BOUND('',#2142,.F.);
#2142 = EDGE_LOOP('',(#2143,#2144,#2145,#2146));
#2143 = ORIENTED_EDGE('',*,*,#2120,.F.);
#2144 = ORIENTED_EDGE('',*,*,#1377,.T.);
#2145 = ORIENTED_EDGE('',*,*,#2065,.T.);
#2146 = ORIENTED_EDGE('',*,*,#2147,.F.);
#2147 = EDGE_CURVE('',#2121,#2066,#2148,.T.);
#2148 = LINE('',#2149,#2150);
#2149 = CARTESIAN_POINT('',(-0.32,-7.78,-3.));
#2150 = VECTOR('',#2151,1.);
#2151 = DIRECTION('',(1.,0.,0.));
#2152 = PLANE('',#2153);
#2153 = AXIS2_PLACEMENT_3D('',#2154,#2155,#2156);
#2154 = CARTESIAN_POINT('',(-0.32,-7.86,-2.92));
#2155 = DIRECTION('',(1.735167508357E-18,-0.707106781187,-0.707106781187
    ));
#2156 = DIRECTION('',(-1.,-1.226948711654E-18,-1.226948711654E-18));
#2157 = ADVANCED_FACE('',(#2158),#2183,.F.);
#2158 = FACE_BOUND('',#2159,.F.);
#2159 = EDGE_LOOP('',(#2160,#2168,#2169,#2177));
#2160 = ORIENTED_EDGE('',*,*,#2161,.F.);
#2161 = EDGE_CURVE('',#1394,#2162,#2164,.T.);
#2162 = VERTEX_POINT('',#2163);
#2163 = CARTESIAN_POINT('',(0.16,-0.16,-3.));
#2164 = LINE('',#2165,#2166);
#2165 = CARTESIAN_POINT('',(0.16,-0.16,-3.));
#2166 = VECTOR('',#2167,1.);
#2167 = DIRECTION('',(-0.57735026919,0.57735026919,-0.57735026919));
#2168 = ORIENTED_EDGE('',*,*,#1401,.T.);
#2169 = ORIENTED_EDGE('',*,*,#2170,.T.);
#2170 = EDGE_CURVE('',#1402,#2171,#2173,.T.);
#2171 = VERTEX_POINT('',#2172);
#2172 = CARTESIAN_POINT('',(0.16,0.16,-3.));
#2173 = LINE('',#2174,#2175);
#2174 = CARTESIAN_POINT('',(5.333333333333E-02,5.333333333333E-02,
    -3.106666666667));
#2175 = VECTOR('',#2176,1.);
#2176 = DIRECTION('',(-0.57735026919,-0.57735026919,-0.57735026919));
#2177 = ORIENTED_EDGE('',*,*,#2178,.F.);
#2178 = EDGE_CURVE('',#2162,#2171,#2179,.T.);
#2179 = LINE('',#2180,#2181);
#2180 = CARTESIAN_POINT('',(0.16,-0.32,-3.));
#2181 = VECTOR('',#2182,1.);
#2182 = DIRECTION('',(0.,1.,0.));
#2183 = PLANE('',#2184);
#2184 = AXIS2_PLACEMENT_3D('',#2185,#2186,#2187);
#2185 = CARTESIAN_POINT('',(0.24,-0.32,-2.92));
#2186 = DIRECTION('',(-0.707106781187,1.735167508357E-18,0.707106781187)
  );
#2187 = DIRECTION('',(1.226948711654E-18,1.,-1.226948711654E-18));
#2188 = ADVANCED_FACE('',(#2189),#2207,.F.);
#2189 = FACE_BOUND('',#2190,.T.);
#2190 = EDGE_LOOP('',(#2191,#2199,#2200,#2201));
#2191 = ORIENTED_EDGE('',*,*,#2192,.F.);
#2192 = EDGE_CURVE('',#1426,#2193,#2195,.T.);
#2193 = VERTEX_POINT('',#2194);
#2194 = CARTESIAN_POINT('',(-0.16,0.16,-3.));
#2195 = LINE('',#2196,#2197);
#2196 = CARTESIAN_POINT('',(-0.16,0.16,-3.));
#2197 = VECTOR('',#2198,1.);
#2198 = DIRECTION('',(0.57735026919,-0.57735026919,-0.57735026919));
#2199 = ORIENTED_EDGE('',*,*,#1425,.T.);
#2200 = ORIENTED_EDGE('',*,*,#2170,.T.);
#2201 = ORIENTED_EDGE('',*,*,#2202,.F.);
#2202 = EDGE_CURVE('',#2193,#2171,#2203,.T.);
#2203 = LINE('',#2204,#2205);
#2204 = CARTESIAN_POINT('',(-0.32,0.16,-3.));
#2205 = VECTOR('',#2206,1.);
#2206 = DIRECTION('',(1.,0.,0.));
#2207 = PLANE('',#2208);
#2208 = AXIS2_PLACEMENT_3D('',#2209,#2210,#2211);
#2209 = CARTESIAN_POINT('',(-0.32,0.24,-2.92));
#2210 = DIRECTION('',(-1.735167508357E-18,-0.707106781187,0.707106781187
    ));
#2211 = DIRECTION('',(-1.,1.226948711654E-18,-1.226948711654E-18));
#2212 = ADVANCED_FACE('',(#2213),#2231,.T.);
#2213 = FACE_BOUND('',#2214,.T.);
#2214 = EDGE_LOOP('',(#2215,#2223,#2224,#2225));
#2215 = ORIENTED_EDGE('',*,*,#2216,.F.);
#2216 = EDGE_CURVE('',#1449,#2217,#2219,.T.);
#2217 = VERTEX_POINT('',#2218);
#2218 = CARTESIAN_POINT('',(-0.16,-0.16,-3.));
#2219 = LINE('',#2220,#2221);
#2220 = CARTESIAN_POINT('',(-0.266666666667,-0.266666666667,
    -2.893333333333));
#2221 = VECTOR('',#2222,1.);
#2222 = DIRECTION('',(0.57735026919,0.57735026919,-0.57735026919));
#2223 = ORIENTED_EDGE('',*,*,#1456,.T.);
#2224 = ORIENTED_EDGE('',*,*,#2192,.T.);
#2225 = ORIENTED_EDGE('',*,*,#2226,.F.);
#2226 = EDGE_CURVE('',#2217,#2193,#2227,.T.);
#2227 = LINE('',#2228,#2229);
#2228 = CARTESIAN_POINT('',(-0.16,-0.32,-3.));
#2229 = VECTOR('',#2230,1.);
#2230 = DIRECTION('',(0.,1.,0.));
#2231 = PLANE('',#2232);
#2232 = AXIS2_PLACEMENT_3D('',#2233,#2234,#2235);
#2233 = CARTESIAN_POINT('',(-0.24,-0.32,-2.92));
#2234 = DIRECTION('',(-0.707106781187,-1.735167508357E-18,
    -0.707106781187));
#2235 = DIRECTION('',(-1.226948711654E-18,1.,-1.226948711654E-18));
#2236 = ADVANCED_FACE('',(#2237),#2248,.T.);
#2237 = FACE_BOUND('',#2238,.F.);
#2238 = EDGE_LOOP('',(#2239,#2240,#2241,#2242));
#2239 = ORIENTED_EDGE('',*,*,#2216,.F.);
#2240 = ORIENTED_EDGE('',*,*,#1473,.T.);
#2241 = ORIENTED_EDGE('',*,*,#2161,.T.);
#2242 = ORIENTED_EDGE('',*,*,#2243,.F.);
#2243 = EDGE_CURVE('',#2217,#2162,#2244,.T.);
#2244 = LINE('',#2245,#2246);
#2245 = CARTESIAN_POINT('',(-0.32,-0.16,-3.));
#2246 = VECTOR('',#2247,1.);
#2247 = DIRECTION('',(1.,0.,0.));
#2248 = PLANE('',#2249);
#2249 = AXIS2_PLACEMENT_3D('',#2250,#2251,#2252);
#2250 = CARTESIAN_POINT('',(-0.32,-0.24,-2.92));
#2251 = DIRECTION('',(1.735167508357E-18,-0.707106781187,-0.707106781187
    ));
#2252 = DIRECTION('',(-1.,-1.226948711654E-18,-1.226948711654E-18));
#2253 = ADVANCED_FACE('',(#2254),#2279,.F.);
#2254 = FACE_BOUND('',#2255,.T.);
#2255 = EDGE_LOOP('',(#2256,#2264,#2265,#2273));
#2256 = ORIENTED_EDGE('',*,*,#2257,.F.);
#2257 = EDGE_CURVE('',#1498,#2258,#2260,.T.);
#2258 = VERTEX_POINT('',#2259);
#2259 = CARTESIAN_POINT('',(-0.16,-2.38,-3.));
#2260 = LINE('',#2261,#2262);
#2261 = CARTESIAN_POINT('',(-0.16,-2.38,-3.));
#2262 = VECTOR('',#2263,1.);
#2263 = DIRECTION('',(0.57735026919,-0.57735026919,-0.57735026919));
#2264 = ORIENTED_EDGE('',*,*,#1497,.T.);
#2265 = ORIENTED_EDGE('',*,*,#2266,.T.);
#2266 = EDGE_CURVE('',#1490,#2267,#2269,.T.);
#2267 = VERTEX_POINT('',#2268);
#2268 = CARTESIAN_POINT('',(0.16,-2.38,-3.));
#2269 = LINE('',#2270,#2271);
#2270 = CARTESIAN_POINT('',(5.333333333333E-02,-2.486666666667,
    -3.106666666667));
#2271 = VECTOR('',#2272,1.);
#2272 = DIRECTION('',(-0.57735026919,-0.57735026919,-0.57735026919));
#2273 = ORIENTED_EDGE('',*,*,#2274,.F.);
#2274 = EDGE_CURVE('',#2258,#2267,#2275,.T.);
#2275 = LINE('',#2276,#2277);
#2276 = CARTESIAN_POINT('',(-0.32,-2.38,-3.));
#2277 = VECTOR('',#2278,1.);
#2278 = DIRECTION('',(1.,0.,0.));
#2279 = PLANE('',#2280);
#2280 = AXIS2_PLACEMENT_3D('',#2281,#2282,#2283);
#2281 = CARTESIAN_POINT('',(-0.32,-2.3,-2.92));
#2282 = DIRECTION('',(-1.735167508357E-18,-0.707106781187,0.707106781187
    ));
#2283 = DIRECTION('',(-1.,1.226948711654E-18,-1.226948711654E-18));
#2284 = ADVANCED_FACE('',(#2285),#2303,.T.);
#2285 = FACE_BOUND('',#2286,.T.);
#2286 = EDGE_LOOP('',(#2287,#2295,#2296,#2297));
#2287 = ORIENTED_EDGE('',*,*,#2288,.F.);
#2288 = EDGE_CURVE('',#1521,#2289,#2291,.T.);
#2289 = VERTEX_POINT('',#2290);
#2290 = CARTESIAN_POINT('',(-0.16,-2.7,-3.));
#2291 = LINE('',#2292,#2293);
#2292 = CARTESIAN_POINT('',(-0.266666666667,-2.806666666667,
    -2.893333333333));
#2293 = VECTOR('',#2294,1.);
#2294 = DIRECTION('',(0.57735026919,0.57735026919,-0.57735026919));
#2295 = ORIENTED_EDGE('',*,*,#1528,.T.);
#2296 = ORIENTED_EDGE('',*,*,#2257,.T.);
#2297 = ORIENTED_EDGE('',*,*,#2298,.F.);
#2298 = EDGE_CURVE('',#2289,#2258,#2299,.T.);
#2299 = LINE('',#2300,#2301);
#2300 = CARTESIAN_POINT('',(-0.16,-2.86,-3.));
#2301 = VECTOR('',#2302,1.);
#2302 = DIRECTION('',(0.,1.,0.));
#2303 = PLANE('',#2304);
#2304 = AXIS2_PLACEMENT_3D('',#2305,#2306,#2307);
#2305 = CARTESIAN_POINT('',(-0.24,-2.86,-2.92));
#2306 = DIRECTION('',(-0.707106781187,-1.735167508357E-18,
    -0.707106781187));
#2307 = DIRECTION('',(-1.226948711654E-18,1.,-1.226948711654E-18));
#2308 = ADVANCED_FACE('',(#2309),#2327,.T.);
#2309 = FACE_BOUND('',#2310,.F.);
#2310 = EDGE_LOOP('',(#2311,#2312,#2313,#2321));
#2311 = ORIENTED_EDGE('',*,*,#2288,.F.);
#2312 = ORIENTED_EDGE('',*,*,#1552,.T.);
#2313 = ORIENTED_EDGE('',*,*,#2314,.T.);
#2314 = EDGE_CURVE('',#1545,#2315,#2317,.T.);
#2315 = VERTEX_POINT('',#2316);
#2316 = CARTESIAN_POINT('',(0.16,-2.7,-3.));
#2317 = LINE('',#2318,#2319);
#2318 = CARTESIAN_POINT('',(0.16,-2.7,-3.));
#2319 = VECTOR('',#2320,1.);
#2320 = DIRECTION('',(-0.57735026919,0.57735026919,-0.57735026919));
#2321 = ORIENTED_EDGE('',*,*,#2322,.F.);
#2322 = EDGE_CURVE('',#2289,#2315,#2323,.T.);
#2323 = LINE('',#2324,#2325);
#2324 = CARTESIAN_POINT('',(-0.32,-2.7,-3.));
#2325 = VECTOR('',#2326,1.);
#2326 = DIRECTION('',(1.,0.,0.));
#2327 = PLANE('',#2328);
#2328 = AXIS2_PLACEMENT_3D('',#2329,#2330,#2331);
#2329 = CARTESIAN_POINT('',(-0.32,-2.78,-2.92));
#2330 = DIRECTION('',(1.735167508357E-18,-0.707106781187,-0.707106781187
    ));
#2331 = DIRECTION('',(-1.,-1.226948711654E-18,-1.226948711654E-18));
#2332 = ADVANCED_FACE('',(#2333),#2344,.F.);
#2333 = FACE_BOUND('',#2334,.F.);
#2334 = EDGE_LOOP('',(#2335,#2336,#2337,#2338));
#2335 = ORIENTED_EDGE('',*,*,#2314,.F.);
#2336 = ORIENTED_EDGE('',*,*,#1569,.T.);
#2337 = ORIENTED_EDGE('',*,*,#2266,.T.);
#2338 = ORIENTED_EDGE('',*,*,#2339,.F.);
#2339 = EDGE_CURVE('',#2315,#2267,#2340,.T.);
#2340 = LINE('',#2341,#2342);
#2341 = CARTESIAN_POINT('',(0.16,-2.86,-3.));
#2342 = VECTOR('',#2343,1.);
#2343 = DIRECTION('',(0.,1.,0.));
#2344 = PLANE('',#2345);
#2345 = AXIS2_PLACEMENT_3D('',#2346,#2347,#2348);
#2346 = CARTESIAN_POINT('',(0.24,-2.86,-2.92));
#2347 = DIRECTION('',(-0.707106781187,1.735167508357E-18,0.707106781187)
  );
#2348 = DIRECTION('',(1.226948711654E-18,1.,-1.226948711654E-18));
#2349 = ADVANCED_FACE('',(#2350),#2375,.T.);
#2350 = FACE_BOUND('',#2351,.F.);
#2351 = EDGE_LOOP('',(#2352,#2360,#2361,#2369));
#2352 = ORIENTED_EDGE('',*,*,#2353,.F.);
#2353 = EDGE_CURVE('',#1595,#2354,#2356,.T.);
#2354 = VERTEX_POINT('',#2355);
#2355 = CARTESIAN_POINT('',(-0.16,-4.92,8.54));
#2356 = LINE('',#2357,#2358);
#2357 = CARTESIAN_POINT('',(-0.16,-4.92,8.54));
#2358 = VECTOR('',#2359,1.);
#2359 = DIRECTION('',(0.57735026919,-0.57735026919,0.57735026919));
#2360 = ORIENTED_EDGE('',*,*,#1602,.T.);
#2361 = ORIENTED_EDGE('',*,*,#2362,.T.);
#2362 = EDGE_CURVE('',#1586,#2363,#2365,.T.);
#2363 = VERTEX_POINT('',#2364);
#2364 = CARTESIAN_POINT('',(0.16,-4.92,8.54));
#2365 = LINE('',#2366,#2367);
#2366 = CARTESIAN_POINT('',(5.333333333333E-02,-5.026666666667,
    8.646666666667));
#2367 = VECTOR('',#2368,1.);
#2368 = DIRECTION('',(-0.57735026919,-0.57735026919,0.57735026919));
#2369 = ORIENTED_EDGE('',*,*,#2370,.F.);
#2370 = EDGE_CURVE('',#2354,#2363,#2371,.T.);
#2371 = LINE('',#2372,#2373);
#2372 = CARTESIAN_POINT('',(-0.32,-4.92,8.54));
#2373 = VECTOR('',#2374,1.);
#2374 = DIRECTION('',(1.,0.,0.));
#2375 = PLANE('',#2376);
#2376 = AXIS2_PLACEMENT_3D('',#2377,#2378,#2379);
#2377 = CARTESIAN_POINT('',(-0.32,-4.84,8.46));
#2378 = DIRECTION('',(1.735167508357E-18,0.707106781187,0.707106781187)
  );
#2379 = DIRECTION('',(-1.,1.226948711654E-18,1.226948711654E-18));
#2380 = ADVANCED_FACE('',(#2381),#2399,.F.);
#2381 = FACE_BOUND('',#2382,.F.);
#2382 = EDGE_LOOP('',(#2383,#2391,#2392,#2393));
#2383 = ORIENTED_EDGE('',*,*,#2384,.F.);
#2384 = EDGE_CURVE('',#1617,#2385,#2387,.T.);
#2385 = VERTEX_POINT('',#2386);
#2386 = CARTESIAN_POINT('',(-0.16,-5.24,8.54));
#2387 = LINE('',#2388,#2389);
#2388 = CARTESIAN_POINT('',(-0.266666666667,-5.346666666667,
    8.433333333333));
#2389 = VECTOR('',#2390,1.);
#2390 = DIRECTION('',(0.57735026919,0.57735026919,0.57735026919));
#2391 = ORIENTED_EDGE('',*,*,#1626,.T.);
#2392 = ORIENTED_EDGE('',*,*,#2353,.T.);
#2393 = ORIENTED_EDGE('',*,*,#2394,.F.);
#2394 = EDGE_CURVE('',#2385,#2354,#2395,.T.);
#2395 = LINE('',#2396,#2397);
#2396 = CARTESIAN_POINT('',(-0.16,-5.4,8.54));
#2397 = VECTOR('',#2398,1.);
#2398 = DIRECTION('',(0.,1.,0.));
#2399 = PLANE('',#2400);
#2400 = AXIS2_PLACEMENT_3D('',#2401,#2402,#2403);
#2401 = CARTESIAN_POINT('',(-0.24,-5.4,8.46));
#2402 = DIRECTION('',(0.707106781187,1.735167508357E-18,-0.707106781187)
  );
#2403 = DIRECTION('',(-1.226948711654E-18,1.,1.226948711654E-18));
#2404 = ADVANCED_FACE('',(#2405),#2423,.F.);
#2405 = FACE_BOUND('',#2406,.T.);
#2406 = EDGE_LOOP('',(#2407,#2408,#2409,#2417));
#2407 = ORIENTED_EDGE('',*,*,#2384,.F.);
#2408 = ORIENTED_EDGE('',*,*,#1650,.T.);
#2409 = ORIENTED_EDGE('',*,*,#2410,.T.);
#2410 = EDGE_CURVE('',#1641,#2411,#2413,.T.);
#2411 = VERTEX_POINT('',#2412);
#2412 = CARTESIAN_POINT('',(0.16,-5.24,8.54));
#2413 = LINE('',#2414,#2415);
#2414 = CARTESIAN_POINT('',(0.16,-5.24,8.54));
#2415 = VECTOR('',#2416,1.);
#2416 = DIRECTION('',(-0.57735026919,0.57735026919,0.57735026919));
#2417 = ORIENTED_EDGE('',*,*,#2418,.F.);
#2418 = EDGE_CURVE('',#2385,#2411,#2419,.T.);
#2419 = LINE('',#2420,#2421);
#2420 = CARTESIAN_POINT('',(-0.32,-5.24,8.54));
#2421 = VECTOR('',#2422,1.);
#2422 = DIRECTION('',(1.,0.,0.));
#2423 = PLANE('',#2424);
#2424 = AXIS2_PLACEMENT_3D('',#2425,#2426,#2427);
#2425 = CARTESIAN_POINT('',(-0.32,-5.32,8.46));
#2426 = DIRECTION('',(-1.735167508357E-18,0.707106781187,-0.707106781187
    ));
#2427 = DIRECTION('',(-1.,-1.226948711654E-18,1.226948711654E-18));
#2428 = ADVANCED_FACE('',(#2429),#2440,.T.);
#2429 = FACE_BOUND('',#2430,.T.);
#2430 = EDGE_LOOP('',(#2431,#2432,#2433,#2434));
#2431 = ORIENTED_EDGE('',*,*,#2410,.F.);
#2432 = ORIENTED_EDGE('',*,*,#1667,.T.);
#2433 = ORIENTED_EDGE('',*,*,#2362,.T.);
#2434 = ORIENTED_EDGE('',*,*,#2435,.F.);
#2435 = EDGE_CURVE('',#2411,#2363,#2436,.T.);
#2436 = LINE('',#2437,#2438);
#2437 = CARTESIAN_POINT('',(0.16,-5.4,8.54));
#2438 = VECTOR('',#2439,1.);
#2439 = DIRECTION('',(0.,1.,0.));
#2440 = PLANE('',#2441);
#2441 = AXIS2_PLACEMENT_3D('',#2442,#2443,#2444);
#2442 = CARTESIAN_POINT('',(0.24,-5.4,8.46));
#2443 = DIRECTION('',(0.707106781187,-1.735167508357E-18,0.707106781187)
  );
#2444 = DIRECTION('',(1.226948711654E-18,1.,1.226948711654E-18));
#2445 = ADVANCED_FACE('',(#2446),#2471,.T.);
#2446 = FACE_BOUND('',#2447,.T.);
#2447 = EDGE_LOOP('',(#2448,#2456,#2457,#2465));
#2448 = ORIENTED_EDGE('',*,*,#2449,.F.);
#2449 = EDGE_CURVE('',#1682,#2450,#2452,.T.);
#2450 = VERTEX_POINT('',#2451);
#2451 = CARTESIAN_POINT('',(0.16,-7.78,8.54));
#2452 = LINE('',#2453,#2454);
#2453 = CARTESIAN_POINT('',(0.16,-7.78,8.54));
#2454 = VECTOR('',#2455,1.);
#2455 = DIRECTION('',(-0.57735026919,0.57735026919,0.57735026919));
#2456 = ORIENTED_EDGE('',*,*,#1698,.T.);
#2457 = ORIENTED_EDGE('',*,*,#2458,.T.);
#2458 = EDGE_CURVE('',#1691,#2459,#2461,.T.);
#2459 = VERTEX_POINT('',#2460);
#2460 = CARTESIAN_POINT('',(0.16,-7.46,8.54));
#2461 = LINE('',#2462,#2463);
#2462 = CARTESIAN_POINT('',(5.333333333333E-02,-7.566666666667,
    8.646666666667));
#2463 = VECTOR('',#2464,1.);
#2464 = DIRECTION('',(-0.57735026919,-0.57735026919,0.57735026919));
#2465 = ORIENTED_EDGE('',*,*,#2466,.F.);
#2466 = EDGE_CURVE('',#2450,#2459,#2467,.T.);
#2467 = LINE('',#2468,#2469);
#2468 = CARTESIAN_POINT('',(0.16,-7.94,8.54));
#2469 = VECTOR('',#2470,1.);
#2470 = DIRECTION('',(0.,1.,0.));
#2471 = PLANE('',#2472);
#2472 = AXIS2_PLACEMENT_3D('',#2473,#2474,#2475);
#2473 = CARTESIAN_POINT('',(0.24,-7.94,8.46));
#2474 = DIRECTION('',(0.707106781187,-1.735167508357E-18,0.707106781187)
  );
#2475 = DIRECTION('',(1.226948711654E-18,1.,1.226948711654E-18));
#2476 = ADVANCED_FACE('',(#2477),#2495,.T.);
#2477 = FACE_BOUND('',#2478,.F.);
#2478 = EDGE_LOOP('',(#2479,#2487,#2488,#2489));
#2479 = ORIENTED_EDGE('',*,*,#2480,.F.);
#2480 = EDGE_CURVE('',#1715,#2481,#2483,.T.);
#2481 = VERTEX_POINT('',#2482);
#2482 = CARTESIAN_POINT('',(-0.16,-7.46,8.54));
#2483 = LINE('',#2484,#2485);
#2484 = CARTESIAN_POINT('',(-0.16,-7.46,8.54));
#2485 = VECTOR('',#2486,1.);
#2486 = DIRECTION('',(0.57735026919,-0.57735026919,0.57735026919));
#2487 = ORIENTED_EDGE('',*,*,#1722,.T.);
#2488 = ORIENTED_EDGE('',*,*,#2458,.T.);
#2489 = ORIENTED_EDGE('',*,*,#2490,.F.);
#2490 = EDGE_CURVE('',#2481,#2459,#2491,.T.);
#2491 = LINE('',#2492,#2493);
#2492 = CARTESIAN_POINT('',(-0.32,-7.46,8.54));
#2493 = VECTOR('',#2494,1.);
#2494 = DIRECTION('',(1.,0.,0.));
#2495 = PLANE('',#2496);
#2496 = AXIS2_PLACEMENT_3D('',#2497,#2498,#2499);
#2497 = CARTESIAN_POINT('',(-0.32,-7.38,8.46));
#2498 = DIRECTION('',(1.735167508357E-18,0.707106781187,0.707106781187)
  );
#2499 = DIRECTION('',(-1.,1.226948711654E-18,1.226948711654E-18));
#2500 = ADVANCED_FACE('',(#2501),#2519,.F.);
#2501 = FACE_BOUND('',#2502,.F.);
#2502 = EDGE_LOOP('',(#2503,#2511,#2512,#2513));
#2503 = ORIENTED_EDGE('',*,*,#2504,.F.);
#2504 = EDGE_CURVE('',#1737,#2505,#2507,.T.);
#2505 = VERTEX_POINT('',#2506);
#2506 = CARTESIAN_POINT('',(-0.16,-7.78,8.54));
#2507 = LINE('',#2508,#2509);
#2508 = CARTESIAN_POINT('',(-0.266666666667,-7.886666666667,
    8.433333333333));
#2509 = VECTOR('',#2510,1.);
#2510 = DIRECTION('',(0.57735026919,0.57735026919,0.57735026919));
#2511 = ORIENTED_EDGE('',*,*,#1746,.T.);
#2512 = ORIENTED_EDGE('',*,*,#2480,.T.);
#2513 = ORIENTED_EDGE('',*,*,#2514,.F.);
#2514 = EDGE_CURVE('',#2505,#2481,#2515,.T.);
#2515 = LINE('',#2516,#2517);
#2516 = CARTESIAN_POINT('',(-0.16,-7.94,8.54));
#2517 = VECTOR('',#2518,1.);
#2518 = DIRECTION('',(0.,1.,0.));
#2519 = PLANE('',#2520);
#2520 = AXIS2_PLACEMENT_3D('',#2521,#2522,#2523);
#2521 = CARTESIAN_POINT('',(-0.24,-7.94,8.46));
#2522 = DIRECTION('',(0.707106781187,1.735167508357E-18,-0.707106781187)
  );
#2523 = DIRECTION('',(-1.226948711654E-18,1.,1.226948711654E-18));
#2524 = ADVANCED_FACE('',(#2525),#2536,.F.);
#2525 = FACE_BOUND('',#2526,.T.);
#2526 = EDGE_LOOP('',(#2527,#2528,#2529,#2530));
#2527 = ORIENTED_EDGE('',*,*,#2504,.F.);
#2528 = ORIENTED_EDGE('',*,*,#1763,.T.);
#2529 = ORIENTED_EDGE('',*,*,#2449,.T.);
#2530 = ORIENTED_EDGE('',*,*,#2531,.F.);
#2531 = EDGE_CURVE('',#2505,#2450,#2532,.T.);
#2532 = LINE('',#2533,#2534);
#2533 = CARTESIAN_POINT('',(-0.32,-7.78,8.54));
#2534 = VECTOR('',#2535,1.);
#2535 = DIRECTION('',(1.,0.,0.));
#2536 = PLANE('',#2537);
#2537 = AXIS2_PLACEMENT_3D('',#2538,#2539,#2540);
#2538 = CARTESIAN_POINT('',(-0.32,-7.86,8.46));
#2539 = DIRECTION('',(-1.735167508357E-18,0.707106781187,-0.707106781187
    ));
#2540 = DIRECTION('',(-1.,-1.226948711654E-18,1.226948711654E-18));
#2541 = ADVANCED_FACE('',(#2542),#2567,.T.);
#2542 = FACE_BOUND('',#2543,.T.);
#2543 = EDGE_LOOP('',(#2544,#2552,#2553,#2561));
#2544 = ORIENTED_EDGE('',*,*,#2545,.F.);
#2545 = EDGE_CURVE('',#1778,#2546,#2548,.T.);
#2546 = VERTEX_POINT('',#2547);
#2547 = CARTESIAN_POINT('',(0.16,-0.16,8.54));
#2548 = LINE('',#2549,#2550);
#2549 = CARTESIAN_POINT('',(0.16,-0.16,8.54));
#2550 = VECTOR('',#2551,1.);
#2551 = DIRECTION('',(-0.57735026919,0.57735026919,0.57735026919));
#2552 = ORIENTED_EDGE('',*,*,#1794,.T.);
#2553 = ORIENTED_EDGE('',*,*,#2554,.T.);
#2554 = EDGE_CURVE('',#1787,#2555,#2557,.T.);
#2555 = VERTEX_POINT('',#2556);
#2556 = CARTESIAN_POINT('',(0.16,0.16,8.54));
#2557 = LINE('',#2558,#2559);
#2558 = CARTESIAN_POINT('',(5.333333333333E-02,5.333333333333E-02,
    8.646666666667));
#2559 = VECTOR('',#2560,1.);
#2560 = DIRECTION('',(-0.57735026919,-0.57735026919,0.57735026919));
#2561 = ORIENTED_EDGE('',*,*,#2562,.F.);
#2562 = EDGE_CURVE('',#2546,#2555,#2563,.T.);
#2563 = LINE('',#2564,#2565);
#2564 = CARTESIAN_POINT('',(0.16,-0.32,8.54));
#2565 = VECTOR('',#2566,1.);
#2566 = DIRECTION('',(0.,1.,0.));
#2567 = PLANE('',#2568);
#2568 = AXIS2_PLACEMENT_3D('',#2569,#2570,#2571);
#2569 = CARTESIAN_POINT('',(0.24,-0.32,8.46));
#2570 = DIRECTION('',(0.707106781187,-1.735167508357E-18,0.707106781187)
  );
#2571 = DIRECTION('',(1.226948711654E-18,1.,1.226948711654E-18));
#2572 = ADVANCED_FACE('',(#2573),#2591,.T.);
#2573 = FACE_BOUND('',#2574,.F.);
#2574 = EDGE_LOOP('',(#2575,#2583,#2584,#2585));
#2575 = ORIENTED_EDGE('',*,*,#2576,.F.);
#2576 = EDGE_CURVE('',#1811,#2577,#2579,.T.);
#2577 = VERTEX_POINT('',#2578);
#2578 = CARTESIAN_POINT('',(-0.16,0.16,8.54));
#2579 = LINE('',#2580,#2581);
#2580 = CARTESIAN_POINT('',(-0.16,0.16,8.54));
#2581 = VECTOR('',#2582,1.);
#2582 = DIRECTION('',(0.57735026919,-0.57735026919,0.57735026919));
#2583 = ORIENTED_EDGE('',*,*,#1818,.T.);
#2584 = ORIENTED_EDGE('',*,*,#2554,.T.);
#2585 = ORIENTED_EDGE('',*,*,#2586,.F.);
#2586 = EDGE_CURVE('',#2577,#2555,#2587,.T.);
#2587 = LINE('',#2588,#2589);
#2588 = CARTESIAN_POINT('',(-0.32,0.16,8.54));
#2589 = VECTOR('',#2590,1.);
#2590 = DIRECTION('',(1.,0.,0.));
#2591 = PLANE('',#2592);
#2592 = AXIS2_PLACEMENT_3D('',#2593,#2594,#2595);
#2593 = CARTESIAN_POINT('',(-0.32,0.24,8.46));
#2594 = DIRECTION('',(1.735167508357E-18,0.707106781187,0.707106781187)
  );
#2595 = DIRECTION('',(-1.,1.226948711654E-18,1.226948711654E-18));
#2596 = ADVANCED_FACE('',(#2597),#2615,.F.);
#2597 = FACE_BOUND('',#2598,.F.);
#2598 = EDGE_LOOP('',(#2599,#2607,#2608,#2609));
#2599 = ORIENTED_EDGE('',*,*,#2600,.F.);
#2600 = EDGE_CURVE('',#1833,#2601,#2603,.T.);
#2601 = VERTEX_POINT('',#2602);
#2602 = CARTESIAN_POINT('',(-0.16,-0.16,8.54));
#2603 = LINE('',#2604,#2605);
#2604 = CARTESIAN_POINT('',(-0.266666666667,-0.266666666667,
    8.433333333333));
#2605 = VECTOR('',#2606,1.);
#2606 = DIRECTION('',(0.57735026919,0.57735026919,0.57735026919));
#2607 = ORIENTED_EDGE('',*,*,#1842,.T.);
#2608 = ORIENTED_EDGE('',*,*,#2576,.T.);
#2609 = ORIENTED_EDGE('',*,*,#2610,.F.);
#2610 = EDGE_CURVE('',#2601,#2577,#2611,.T.);
#2611 = LINE('',#2612,#2613);
#2612 = CARTESIAN_POINT('',(-0.16,-0.32,8.54));
#2613 = VECTOR('',#2614,1.);
#2614 = DIRECTION('',(0.,1.,0.));
#2615 = PLANE('',#2616);
#2616 = AXIS2_PLACEMENT_3D('',#2617,#2618,#2619);
#2617 = CARTESIAN_POINT('',(-0.24,-0.32,8.46));
#2618 = DIRECTION('',(0.707106781187,1.735167508357E-18,-0.707106781187)
  );
#2619 = DIRECTION('',(-1.226948711654E-18,1.,1.226948711654E-18));
#2620 = ADVANCED_FACE('',(#2621),#2632,.F.);
#2621 = FACE_BOUND('',#2622,.T.);
#2622 = EDGE_LOOP('',(#2623,#2624,#2625,#2626));
#2623 = ORIENTED_EDGE('',*,*,#2600,.F.);
#2624 = ORIENTED_EDGE('',*,*,#1859,.T.);
#2625 = ORIENTED_EDGE('',*,*,#2545,.T.);
#2626 = ORIENTED_EDGE('',*,*,#2627,.F.);
#2627 = EDGE_CURVE('',#2601,#2546,#2628,.T.);
#2628 = LINE('',#2629,#2630);
#2629 = CARTESIAN_POINT('',(-0.32,-0.16,8.54));
#2630 = VECTOR('',#2631,1.);
#2631 = DIRECTION('',(1.,0.,0.));
#2632 = PLANE('',#2633);
#2633 = AXIS2_PLACEMENT_3D('',#2634,#2635,#2636);
#2634 = CARTESIAN_POINT('',(-0.32,-0.24,8.46));
#2635 = DIRECTION('',(-1.735167508357E-18,0.707106781187,-0.707106781187
    ));
#2636 = DIRECTION('',(-1.,-1.226948711654E-18,1.226948711654E-18));
#2637 = ADVANCED_FACE('',(#2638),#2663,.T.);
#2638 = FACE_BOUND('',#2639,.F.);
#2639 = EDGE_LOOP('',(#2640,#2648,#2649,#2657));
#2640 = ORIENTED_EDGE('',*,*,#2641,.F.);
#2641 = EDGE_CURVE('',#1883,#2642,#2644,.T.);
#2642 = VERTEX_POINT('',#2643);
#2643 = CARTESIAN_POINT('',(-0.16,-2.38,8.54));
#2644 = LINE('',#2645,#2646);
#2645 = CARTESIAN_POINT('',(-0.16,-2.38,8.54));
#2646 = VECTOR('',#2647,1.);
#2647 = DIRECTION('',(0.57735026919,-0.57735026919,0.57735026919));
#2648 = ORIENTED_EDGE('',*,*,#1890,.T.);
#2649 = ORIENTED_EDGE('',*,*,#2650,.T.);
#2650 = EDGE_CURVE('',#1874,#2651,#2653,.T.);
#2651 = VERTEX_POINT('',#2652);
#2652 = CARTESIAN_POINT('',(0.16,-2.38,8.54));
#2653 = LINE('',#2654,#2655);
#2654 = CARTESIAN_POINT('',(5.333333333333E-02,-2.486666666667,
    8.646666666667));
#2655 = VECTOR('',#2656,1.);
#2656 = DIRECTION('',(-0.57735026919,-0.57735026919,0.57735026919));
#2657 = ORIENTED_EDGE('',*,*,#2658,.F.);
#2658 = EDGE_CURVE('',#2642,#2651,#2659,.T.);
#2659 = LINE('',#2660,#2661);
#2660 = CARTESIAN_POINT('',(-0.32,-2.38,8.54));
#2661 = VECTOR('',#2662,1.);
#2662 = DIRECTION('',(1.,0.,0.));
#2663 = PLANE('',#2664);
#2664 = AXIS2_PLACEMENT_3D('',#2665,#2666,#2667);
#2665 = CARTESIAN_POINT('',(-0.32,-2.3,8.46));
#2666 = DIRECTION('',(1.735167508357E-18,0.707106781187,0.707106781187)
  );
#2667 = DIRECTION('',(-1.,1.226948711654E-18,1.226948711654E-18));
#2668 = ADVANCED_FACE('',(#2669),#2687,.F.);
#2669 = FACE_BOUND('',#2670,.F.);
#2670 = EDGE_LOOP('',(#2671,#2679,#2680,#2681));
#2671 = ORIENTED_EDGE('',*,*,#2672,.F.);
#2672 = EDGE_CURVE('',#1905,#2673,#2675,.T.);
#2673 = VERTEX_POINT('',#2674);
#2674 = CARTESIAN_POINT('',(-0.16,-2.7,8.54));
#2675 = LINE('',#2676,#2677);
#2676 = CARTESIAN_POINT('',(-0.266666666667,-2.806666666667,
    8.433333333333));
#2677 = VECTOR('',#2678,1.);
#2678 = DIRECTION('',(0.57735026919,0.57735026919,0.57735026919));
#2679 = ORIENTED_EDGE('',*,*,#1914,.T.);
#2680 = ORIENTED_EDGE('',*,*,#2641,.T.);
#2681 = ORIENTED_EDGE('',*,*,#2682,.F.);
#2682 = EDGE_CURVE('',#2673,#2642,#2683,.T.);
#2683 = LINE('',#2684,#2685);
#2684 = CARTESIAN_POINT('',(-0.16,-2.86,8.54));
#2685 = VECTOR('',#2686,1.);
#2686 = DIRECTION('',(0.,1.,0.));
#2687 = PLANE('',#2688);
#2688 = AXIS2_PLACEMENT_3D('',#2689,#2690,#2691);
#2689 = CARTESIAN_POINT('',(-0.24,-2.86,8.46));
#2690 = DIRECTION('',(0.707106781187,1.735167508357E-18,-0.707106781187)
  );
#2691 = DIRECTION('',(-1.226948711654E-18,1.,1.226948711654E-18));
#2692 = ADVANCED_FACE('',(#2693),#2711,.F.);
#2693 = FACE_BOUND('',#2694,.T.);
#2694 = EDGE_LOOP('',(#2695,#2696,#2697,#2705));
#2695 = ORIENTED_EDGE('',*,*,#2672,.F.);
#2696 = ORIENTED_EDGE('',*,*,#1938,.T.);
#2697 = ORIENTED_EDGE('',*,*,#2698,.T.);
#2698 = EDGE_CURVE('',#1929,#2699,#2701,.T.);
#2699 = VERTEX_POINT('',#2700);
#2700 = CARTESIAN_POINT('',(0.16,-2.7,8.54));
#2701 = LINE('',#2702,#2703);
#2702 = CARTESIAN_POINT('',(0.16,-2.7,8.54));
#2703 = VECTOR('',#2704,1.);
#2704 = DIRECTION('',(-0.57735026919,0.57735026919,0.57735026919));
#2705 = ORIENTED_EDGE('',*,*,#2706,.F.);
#2706 = EDGE_CURVE('',#2673,#2699,#2707,.T.);
#2707 = LINE('',#2708,#2709);
#2708 = CARTESIAN_POINT('',(-0.32,-2.7,8.54));
#2709 = VECTOR('',#2710,1.);
#2710 = DIRECTION('',(1.,0.,0.));
#2711 = PLANE('',#2712);
#2712 = AXIS2_PLACEMENT_3D('',#2713,#2714,#2715);
#2713 = CARTESIAN_POINT('',(-0.32,-2.78,8.46));
#2714 = DIRECTION('',(-1.735167508357E-18,0.707106781187,-0.707106781187
    ));
#2715 = DIRECTION('',(-1.,-1.226948711654E-18,1.226948711654E-18));
#2716 = ADVANCED_FACE('',(#2717),#2728,.T.);
#2717 = FACE_BOUND('',#2718,.T.);
#2718 = EDGE_LOOP('',(#2719,#2720,#2721,#2722));
#2719 = ORIENTED_EDGE('',*,*,#2698,.F.);
#2720 = ORIENTED_EDGE('',*,*,#1955,.T.);
#2721 = ORIENTED_EDGE('',*,*,#2650,.T.);
#2722 = ORIENTED_EDGE('',*,*,#2723,.F.);
#2723 = EDGE_CURVE('',#2699,#2651,#2724,.T.);
#2724 = LINE('',#2725,#2726);
#2725 = CARTESIAN_POINT('',(0.16,-2.86,8.54));
#2726 = VECTOR('',#2727,1.);
#2727 = DIRECTION('',(0.,1.,0.));
#2728 = PLANE('',#2729);
#2729 = AXIS2_PLACEMENT_3D('',#2730,#2731,#2732);
#2730 = CARTESIAN_POINT('',(0.24,-2.86,8.46));
#2731 = DIRECTION('',(0.707106781187,-1.735167508357E-18,0.707106781187)
  );
#2732 = DIRECTION('',(1.226948711654E-18,1.,1.226948711654E-18));
#2733 = ADVANCED_FACE('',(#2734),#2740,.F.);
#2734 = FACE_BOUND('',#2735,.F.);
#2735 = EDGE_LOOP('',(#2736,#2737,#2738,#2739));
#2736 = ORIENTED_EDGE('',*,*,#2051,.T.);
#2737 = ORIENTED_EDGE('',*,*,#1986,.F.);
#2738 = ORIENTED_EDGE('',*,*,#2010,.F.);
#2739 = ORIENTED_EDGE('',*,*,#2034,.T.);
#2740 = PLANE('',#2741);
#2741 = AXIS2_PLACEMENT_3D('',#2742,#2743,#2744);
#2742 = CARTESIAN_POINT('',(-0.32,-5.4,-3.));
#2743 = DIRECTION('',(0.,0.,1.));
#2744 = DIRECTION('',(1.,0.,-0.));
#2745 = ADVANCED_FACE('',(#2746),#2752,.F.);
#2746 = FACE_BOUND('',#2747,.F.);
#2747 = EDGE_LOOP('',(#2748,#2749,#2750,#2751));
#2748 = ORIENTED_EDGE('',*,*,#2082,.T.);
#2749 = ORIENTED_EDGE('',*,*,#2106,.F.);
#2750 = ORIENTED_EDGE('',*,*,#2130,.F.);
#2751 = ORIENTED_EDGE('',*,*,#2147,.T.);
#2752 = PLANE('',#2753);
#2753 = AXIS2_PLACEMENT_3D('',#2754,#2755,#2756);
#2754 = CARTESIAN_POINT('',(-0.32,-7.94,-3.));
#2755 = DIRECTION('',(0.,0.,1.));
#2756 = DIRECTION('',(1.,0.,-0.));
#2757 = ADVANCED_FACE('',(#2758),#2764,.F.);
#2758 = FACE_BOUND('',#2759,.F.);
#2759 = EDGE_LOOP('',(#2760,#2761,#2762,#2763));
#2760 = ORIENTED_EDGE('',*,*,#2178,.T.);
#2761 = ORIENTED_EDGE('',*,*,#2202,.F.);
#2762 = ORIENTED_EDGE('',*,*,#2226,.F.);
#2763 = ORIENTED_EDGE('',*,*,#2243,.T.);
#2764 = PLANE('',#2765);
#2765 = AXIS2_PLACEMENT_3D('',#2766,#2767,#2768);
#2766 = CARTESIAN_POINT('',(-0.32,-0.32,-3.));
#2767 = DIRECTION('',(0.,0.,1.));
#2768 = DIRECTION('',(1.,0.,-0.));
#2769 = ADVANCED_FACE('',(#2770),#2776,.F.);
#2770 = FACE_BOUND('',#2771,.F.);
#2771 = EDGE_LOOP('',(#2772,#2773,#2774,#2775));
#2772 = ORIENTED_EDGE('',*,*,#2339,.T.);
#2773 = ORIENTED_EDGE('',*,*,#2274,.F.);
#2774 = ORIENTED_EDGE('',*,*,#2298,.F.);
#2775 = ORIENTED_EDGE('',*,*,#2322,.T.);
#2776 = PLANE('',#2777);
#2777 = AXIS2_PLACEMENT_3D('',#2778,#2779,#2780);
#2778 = CARTESIAN_POINT('',(-0.32,-2.86,-3.));
#2779 = DIRECTION('',(0.,0.,1.));
#2780 = DIRECTION('',(1.,0.,-0.));
#2781 = ADVANCED_FACE('',(#2782),#2788,.T.);
#2782 = FACE_BOUND('',#2783,.T.);
#2783 = EDGE_LOOP('',(#2784,#2785,#2786,#2787));
#2784 = ORIENTED_EDGE('',*,*,#2435,.T.);
#2785 = ORIENTED_EDGE('',*,*,#2370,.F.);
#2786 = ORIENTED_EDGE('',*,*,#2394,.F.);
#2787 = ORIENTED_EDGE('',*,*,#2418,.T.);
#2788 = PLANE('',#2789);
#2789 = AXIS2_PLACEMENT_3D('',#2790,#2791,#2792);
#2790 = CARTESIAN_POINT('',(-0.32,-5.4,8.54));
#2791 = DIRECTION('',(0.,0.,1.));
#2792 = DIRECTION('',(1.,0.,-0.));
#2793 = ADVANCED_FACE('',(#2794),#2800,.T.);
#2794 = FACE_BOUND('',#2795,.T.);
#2795 = EDGE_LOOP('',(#2796,#2797,#2798,#2799));
#2796 = ORIENTED_EDGE('',*,*,#2466,.T.);
#2797 = ORIENTED_EDGE('',*,*,#2490,.F.);
#2798 = ORIENTED_EDGE('',*,*,#2514,.F.);
#2799 = ORIENTED_EDGE('',*,*,#2531,.T.);
#2800 = PLANE('',#2801);
#2801 = AXIS2_PLACEMENT_3D('',#2802,#2803,#2804);
#2802 = CARTESIAN_POINT('',(-0.32,-7.94,8.54));
#2803 = DIRECTION('',(0.,0.,1.));
#2804 = DIRECTION('',(1.,0.,-0.));
#2805 = ADVANCED_FACE('',(#2806),#2812,.T.);
#2806 = FACE_BOUND('',#2807,.T.);
#2807 = EDGE_LOOP('',(#2808,#2809,#2810,#2811));
#2808 = ORIENTED_EDGE('',*,*,#2562,.T.);
#2809 = ORIENTED_EDGE('',*,*,#2586,.F.);
#2810 = ORIENTED_EDGE('',*,*,#2610,.F.);
#2811 = ORIENTED_EDGE('',*,*,#2627,.T.);
#2812 = PLANE('',#2813);
#2813 = AXIS2_PLACEMENT_3D('',#2814,#2815,#2816);
#2814 = CARTESIAN_POINT('',(-0.32,-0.32,8.54));
#2815 = DIRECTION('',(0.,0.,1.));
#2816 = DIRECTION('',(1.,0.,-0.));
#2817 = ADVANCED_FACE('',(#2818),#2824,.T.);
#2818 = FACE_BOUND('',#2819,.T.);
#2819 = EDGE_LOOP('',(#2820,#2821,#2822,#2823));
#2820 = ORIENTED_EDGE('',*,*,#2723,.T.);
#2821 = ORIENTED_EDGE('',*,*,#2658,.F.);
#2822 = ORIENTED_EDGE('',*,*,#2682,.F.);
#2823 = ORIENTED_EDGE('',*,*,#2706,.T.);
#2824 = PLANE('',#2825);
#2825 = AXIS2_PLACEMENT_3D('',#2826,#2827,#2828);
#2826 = CARTESIAN_POINT('',(-0.32,-2.86,8.54));
#2827 = DIRECTION('',(0.,0.,1.));
#2828 = DIRECTION('',(1.,0.,-0.));
#2829 = ( GEOMETRIC_REPRESENTATION_CONTEXT(3) 
GLOBAL_UNCERTAINTY_ASSIGNED_CONTEXT((#2833)) 
GLOBAL_UNIT_ASSIGNED_CONTEXT((#2830,#2831,#2832)) REPRESENTATION_CONTEXT
('Context #1','3D Context with UNIT and UNCERTAINTY') );
#2830 = ( LENGTH_UNIT() NAMED_UNIT(*) SI_UNIT(.MILLI.,.METRE.) );
#2831 = ( NAMED_UNIT(*) PLANE_ANGLE_UNIT() SI_UNIT($,.RADIAN.) );
#2832 = ( NAMED_UNIT(*) SI_UNIT($,.STERADIAN.) SOLID_ANGLE_UNIT() );
#2833 = UNCERTAINTY_MEASURE_WITH_UNIT(LENGTH_MEASURE(1.E-07),#2830,
  'distance_accuracy_value','confusion accuracy');
#2834 = CONTEXT_DEPENDENT_SHAPE_REPRESENTATION(#2835,#2837);
#2835 = ( REPRESENTATION_RELATIONSHIP('','',#48,#10) 
REPRESENTATION_RELATIONSHIP_WITH_TRANSFORMATION(#2836) 
SHAPE_REPRESENTATION_RELATIONSHIP() );
#2836 = ITEM_DEFINED_TRANSFORMATION('','',#11,#15);
#2837 = PRODUCT_DEFINITION_SHAPE('Placement','Placement of an item',
  #2838);
#2838 = NEXT_ASSEMBLY_USAGE_OCCURRENCE('1','J2','',#5,#43,$);
#2839 = PRODUCT_RELATED_PRODUCT_CATEGORY('part',$,(#45));
#2840 = SHAPE_DEFINITION_REPRESENTATION(#2841,#2847);
#2841 = PRODUCT_DEFINITION_SHAPE('','',#2842);
#2842 = PRODUCT_DEFINITION('design','',#2843,#2846);
#2843 = PRODUCT_DEFINITION_FORMATION('','',#2844);
#2844 = PRODUCT('PinHeader_1x03_P2.54mm_Vertical',
  'PinHeader_1x03_P2.54mm_Vertical','',(#2845));
#2845 = PRODUCT_CONTEXT('',#2,'mechanical');
#2846 = PRODUCT_DEFINITION_CONTEXT('part definition',#2,'design');
#2847 = ADVANCED_BREP_SHAPE_REPRESENTATION('',(#11,#2848),#4954);
#2848 = MANIFOLD_SOLID_BREP('',#2849);
#2849 = CLOSED_SHELL('',(#2850,#2890,#2921,#2952,#3199,#3446,#3463,#3480
    ,#3497,#3514,#3531,#3548,#3565,#3582,#3599,#3616,#3633,#3650,#3667,
    #3684,#3701,#3718,#3730,#3761,#3785,#3809,#3826,#3857,#3881,#3905,
    #3922,#3953,#3977,#4001,#4018,#4049,#4073,#4097,#4114,#4145,#4169,
    #4193,#4210,#4241,#4265,#4289,#4306,#4337,#4361,#4385,#4402,#4433,
    #4457,#4481,#4498,#4529,#4553,#4577,#4594,#4625,#4649,#4673,#4690,
    #4721,#4745,#4769,#4786,#4817,#4841,#4865,#4882,#4894,#4906,#4918,
    #4930,#4942));
#2850 = ADVANCED_FACE('',(#2851),#2885,.F.);
#2851 = FACE_BOUND('',#2852,.F.);
#2852 = EDGE_LOOP('',(#2853,#2863,#2871,#2879));
#2853 = ORIENTED_EDGE('',*,*,#2854,.T.);
#2854 = EDGE_CURVE('',#2855,#2857,#2859,.T.);
#2855 = VERTEX_POINT('',#2856);
#2856 = CARTESIAN_POINT('',(-1.016,1.27,0.));
#2857 = VERTEX_POINT('',#2858);
#2858 = CARTESIAN_POINT('',(-1.016,1.27,2.54));
#2859 = LINE('',#2860,#2861);
#2860 = CARTESIAN_POINT('',(-1.016,1.27,0.));
#2861 = VECTOR('',#2862,1.);
#2862 = DIRECTION('',(0.,0.,1.));
#2863 = ORIENTED_EDGE('',*,*,#2864,.T.);
#2864 = EDGE_CURVE('',#2857,#2865,#2867,.T.);
#2865 = VERTEX_POINT('',#2866);
#2866 = CARTESIAN_POINT('',(-1.27,1.016,2.54));
#2867 = LINE('',#2868,#2869);
#2868 = CARTESIAN_POINT('',(-1.016,1.27,2.54));
#2869 = VECTOR('',#2870,1.);
#2870 = DIRECTION('',(-0.707106781187,-0.707106781187,0.));
#2871 = ORIENTED_EDGE('',*,*,#2872,.F.);
#2872 = EDGE_CURVE('',#2873,#2865,#2875,.T.);
#2873 = VERTEX_POINT('',#2874);
#2874 = CARTESIAN_POINT('',(-1.27,1.016,0.));
#2875 = LINE('',#2876,#2877);
#2876 = CARTESIAN_POINT('',(-1.27,1.016,0.));
#2877 = VECTOR('',#2878,1.);
#2878 = DIRECTION('',(0.,0.,1.));
#2879 = ORIENTED_EDGE('',*,*,#2880,.F.);
#2880 = EDGE_CURVE('',#2855,#2873,#2881,.T.);
#2881 = LINE('',#2882,#2883);
#2882 = CARTESIAN_POINT('',(-1.016,1.27,0.));
#2883 = VECTOR('',#2884,1.);
#2884 = DIRECTION('',(-0.707106781187,-0.707106781187,0.));
#2885 = PLANE('',#2886);
#2886 = AXIS2_PLACEMENT_3D('',#2887,#2888,#2889);
#2887 = CARTESIAN_POINT('',(-1.016,1.27,0.));
#2888 = DIRECTION('',(0.707106781187,-0.707106781187,0.));
#2889 = DIRECTION('',(-0.707106781187,-0.707106781187,0.));
#2890 = ADVANCED_FACE('',(#2891),#2916,.F.);
#2891 = FACE_BOUND('',#2892,.F.);
#2892 = EDGE_LOOP('',(#2893,#2903,#2909,#2910));
#2893 = ORIENTED_EDGE('',*,*,#2894,.T.);
#2894 = EDGE_CURVE('',#2895,#2897,#2899,.T.);
#2895 = VERTEX_POINT('',#2896);
#2896 = CARTESIAN_POINT('',(1.016,1.27,0.));
#2897 = VERTEX_POINT('',#2898);
#2898 = CARTESIAN_POINT('',(1.016,1.27,2.54));
#2899 = LINE('',#2900,#2901);
#2900 = CARTESIAN_POINT('',(1.016,1.27,0.));
#2901 = VECTOR('',#2902,1.);
#2902 = DIRECTION('',(0.,0.,1.));
#2903 = ORIENTED_EDGE('',*,*,#2904,.T.);
#2904 = EDGE_CURVE('',#2897,#2857,#2905,.T.);
#2905 = LINE('',#2906,#2907);
#2906 = CARTESIAN_POINT('',(1.016,1.27,2.54));
#2907 = VECTOR('',#2908,1.);
#2908 = DIRECTION('',(-1.,0.,0.));
#2909 = ORIENTED_EDGE('',*,*,#2854,.F.);
#2910 = ORIENTED_EDGE('',*,*,#2911,.F.);
#2911 = EDGE_CURVE('',#2895,#2855,#2912,.T.);
#2912 = LINE('',#2913,#2914);
#2913 = CARTESIAN_POINT('',(1.016,1.27,0.));
#2914 = VECTOR('',#2915,1.);
#2915 = DIRECTION('',(-1.,0.,0.));
#2916 = PLANE('',#2917);
#2917 = AXIS2_PLACEMENT_3D('',#2918,#2919,#2920);
#2918 = CARTESIAN_POINT('',(1.016,1.27,0.));
#2919 = DIRECTION('',(0.,-1.,0.));
#2920 = DIRECTION('',(-1.,0.,0.));
#2921 = ADVANCED_FACE('',(#2922),#2947,.F.);
#2922 = FACE_BOUND('',#2923,.F.);
#2923 = EDGE_LOOP('',(#2924,#2925,#2933,#2941));
#2924 = ORIENTED_EDGE('',*,*,#2872,.T.);
#2925 = ORIENTED_EDGE('',*,*,#2926,.T.);
#2926 = EDGE_CURVE('',#2865,#2927,#2929,.T.);
#2927 = VERTEX_POINT('',#2928);
#2928 = CARTESIAN_POINT('',(-1.27,-1.016,2.54));
#2929 = LINE('',#2930,#2931);
#2930 = CARTESIAN_POINT('',(-1.27,1.016,2.54));
#2931 = VECTOR('',#2932,1.);
#2932 = DIRECTION('',(0.,-1.,0.));
#2933 = ORIENTED_EDGE('',*,*,#2934,.F.);
#2934 = EDGE_CURVE('',#2935,#2927,#2937,.T.);
#2935 = VERTEX_POINT('',#2936);
#2936 = CARTESIAN_POINT('',(-1.27,-1.016,0.));
#2937 = LINE('',#2938,#2939);
#2938 = CARTESIAN_POINT('',(-1.27,-1.016,0.));
#2939 = VECTOR('',#2940,1.);
#2940 = DIRECTION('',(0.,0.,1.));
#2941 = ORIENTED_EDGE('',*,*,#2942,.F.);
#2942 = EDGE_CURVE('',#2873,#2935,#2943,.T.);
#2943 = LINE('',#2944,#2945);
#2944 = CARTESIAN_POINT('',(-1.27,1.016,0.));
#2945 = VECTOR('',#2946,1.);
#2946 = DIRECTION('',(0.,-1.,0.));
#2947 = PLANE('',#2948);
#2948 = AXIS2_PLACEMENT_3D('',#2949,#2950,#2951);
#2949 = CARTESIAN_POINT('',(-1.27,1.016,0.));
#2950 = DIRECTION('',(1.,0.,0.));
#2951 = DIRECTION('',(0.,-1.,0.));
#2952 = ADVANCED_FACE('',(#2953,#3092,#3126,#3160),#3194,.F.);
#2953 = FACE_BOUND('',#2954,.F.);
#2954 = EDGE_LOOP('',(#2955,#2956,#2957,#2965,#2973,#2981,#2989,#2997,
    #3005,#3013,#3021,#3029,#3037,#3045,#3053,#3061,#3069,#3077,#3085,
    #3091));
#2955 = ORIENTED_EDGE('',*,*,#2880,.T.);
#2956 = ORIENTED_EDGE('',*,*,#2942,.T.);
#2957 = ORIENTED_EDGE('',*,*,#2958,.T.);
#2958 = EDGE_CURVE('',#2935,#2959,#2961,.T.);
#2959 = VERTEX_POINT('',#2960);
#2960 = CARTESIAN_POINT('',(-1.016,-1.27,0.));
#2961 = LINE('',#2962,#2963);
#2962 = CARTESIAN_POINT('',(-1.27,-1.016,0.));
#2963 = VECTOR('',#2964,1.);
#2964 = DIRECTION('',(0.707106781187,-0.707106781187,0.));
#2965 = ORIENTED_EDGE('',*,*,#2966,.T.);
#2966 = EDGE_CURVE('',#2959,#2967,#2969,.T.);
#2967 = VERTEX_POINT('',#2968);
#2968 = CARTESIAN_POINT('',(-1.27,-1.524,0.));
#2969 = LINE('',#2970,#2971);
#2970 = CARTESIAN_POINT('',(-1.016,-1.27,0.));
#2971 = VECTOR('',#2972,1.);
#2972 = DIRECTION('',(-0.707106781187,-0.707106781187,0.));
#2973 = ORIENTED_EDGE('',*,*,#2974,.T.);
#2974 = EDGE_CURVE('',#2967,#2975,#2977,.T.);
#2975 = VERTEX_POINT('',#2976);
#2976 = CARTESIAN_POINT('',(-1.27,-3.556,0.));
#2977 = LINE('',#2978,#2979);
#2978 = CARTESIAN_POINT('',(-1.27,-1.524,0.));
#2979 = VECTOR('',#2980,1.);
#2980 = DIRECTION('',(0.,-1.,0.));
#2981 = ORIENTED_EDGE('',*,*,#2982,.T.);
#2982 = EDGE_CURVE('',#2975,#2983,#2985,.T.);
#2983 = VERTEX_POINT('',#2984);
#2984 = CARTESIAN_POINT('',(-1.016,-3.81,0.));
#2985 = LINE('',#2986,#2987);
#2986 = CARTESIAN_POINT('',(-1.27,-3.556,0.));
#2987 = VECTOR('',#2988,1.);
#2988 = DIRECTION('',(0.707106781187,-0.707106781187,0.));
#2989 = ORIENTED_EDGE('',*,*,#2990,.T.);
#2990 = EDGE_CURVE('',#2983,#2991,#2993,.T.);
#2991 = VERTEX_POINT('',#2992);
#2992 = CARTESIAN_POINT('',(-1.27,-4.064,0.));
#2993 = LINE('',#2994,#2995);
#2994 = CARTESIAN_POINT('',(-1.016,-3.81,0.));
#2995 = VECTOR('',#2996,1.);
#2996 = DIRECTION('',(-0.707106781187,-0.707106781187,0.));
#2997 = ORIENTED_EDGE('',*,*,#2998,.T.);
#2998 = EDGE_CURVE('',#2991,#2999,#3001,.T.);
#2999 = VERTEX_POINT('',#3000);
#3000 = CARTESIAN_POINT('',(-1.27,-6.096,0.));
#3001 = LINE('',#3002,#3003);
#3002 = CARTESIAN_POINT('',(-1.27,-4.064,0.));
#3003 = VECTOR('',#3004,1.);
#3004 = DIRECTION('',(0.,-1.,0.));
#3005 = ORIENTED_EDGE('',*,*,#3006,.T.);
#3006 = EDGE_CURVE('',#2999,#3007,#3009,.T.);
#3007 = VERTEX_POINT('',#3008);
#3008 = CARTESIAN_POINT('',(-1.016,-6.35,0.));
#3009 = LINE('',#3010,#3011);
#3010 = CARTESIAN_POINT('',(-1.27,-6.096,0.));
#3011 = VECTOR('',#3012,1.);
#3012 = DIRECTION('',(0.707106781187,-0.707106781187,0.));
#3013 = ORIENTED_EDGE('',*,*,#3014,.T.);
#3014 = EDGE_CURVE('',#3007,#3015,#3017,.T.);
#3015 = VERTEX_POINT('',#3016);
#3016 = CARTESIAN_POINT('',(1.016,-6.35,0.));
#3017 = LINE('',#3018,#3019);
#3018 = CARTESIAN_POINT('',(-1.016,-6.35,0.));
#3019 = VECTOR('',#3020,1.);
#3020 = DIRECTION('',(1.,0.,0.));
#3021 = ORIENTED_EDGE('',*,*,#3022,.T.);
#3022 = EDGE_CURVE('',#3015,#3023,#3025,.T.);
#3023 = VERTEX_POINT('',#3024);
#3024 = CARTESIAN_POINT('',(1.27,-6.096,0.));
#3025 = LINE('',#3026,#3027);
#3026 = CARTESIAN_POINT('',(1.016,-6.35,0.));
#3027 = VECTOR('',#3028,1.);
#3028 = DIRECTION('',(0.707106781187,0.707106781187,0.));
#3029 = ORIENTED_EDGE('',*,*,#3030,.T.);
#3030 = EDGE_CURVE('',#3023,#3031,#3033,.T.);
#3031 = VERTEX_POINT('',#3032);
#3032 = CARTESIAN_POINT('',(1.27,-4.064,0.));
#3033 = LINE('',#3034,#3035);
#3034 = CARTESIAN_POINT('',(1.27,-6.096,0.));
#3035 = VECTOR('',#3036,1.);
#3036 = DIRECTION('',(0.,1.,0.));
#3037 = ORIENTED_EDGE('',*,*,#3038,.T.);
#3038 = EDGE_CURVE('',#3031,#3039,#3041,.T.);
#3039 = VERTEX_POINT('',#3040);
#3040 = CARTESIAN_POINT('',(1.016,-3.81,0.));
#3041 = LINE('',#3042,#3043);
#3042 = CARTESIAN_POINT('',(1.27,-4.064,0.));
#3043 = VECTOR('',#3044,1.);
#3044 = DIRECTION('',(-0.707106781187,0.707106781187,0.));
#3045 = ORIENTED_EDGE('',*,*,#3046,.T.);
#3046 = EDGE_CURVE('',#3039,#3047,#3049,.T.);
#3047 = VERTEX_POINT('',#3048);
#3048 = CARTESIAN_POINT('',(1.27,-3.556,0.));
#3049 = LINE('',#3050,#3051);
#3050 = CARTESIAN_POINT('',(1.016,-3.81,0.));
#3051 = VECTOR('',#3052,1.);
#3052 = DIRECTION('',(0.707106781187,0.707106781187,0.));
#3053 = ORIENTED_EDGE('',*,*,#3054,.T.);
#3054 = EDGE_CURVE('',#3047,#3055,#3057,.T.);
#3055 = VERTEX_POINT('',#3056);
#3056 = CARTESIAN_POINT('',(1.27,-1.524,0.));
#3057 = LINE('',#3058,#3059);
#3058 = CARTESIAN_POINT('',(1.27,-3.556,0.));
#3059 = VECTOR('',#3060,1.);
#3060 = DIRECTION('',(0.,1.,0.));
#3061 = ORIENTED_EDGE('',*,*,#3062,.T.);
#3062 = EDGE_CURVE('',#3055,#3063,#3065,.T.);
#3063 = VERTEX_POINT('',#3064);
#3064 = CARTESIAN_POINT('',(1.016,-1.27,0.));
#3065 = LINE('',#3066,#3067);
#3066 = CARTESIAN_POINT('',(1.27,-1.524,0.));
#3067 = VECTOR('',#3068,1.);
#3068 = DIRECTION('',(-0.707106781187,0.707106781187,0.));
#3069 = ORIENTED_EDGE('',*,*,#3070,.T.);
#3070 = EDGE_CURVE('',#3063,#3071,#3073,.T.);
#3071 = VERTEX_POINT('',#3072);
#3072 = CARTESIAN_POINT('',(1.27,-1.016,0.));
#3073 = LINE('',#3074,#3075);
#3074 = CARTESIAN_POINT('',(1.016,-1.27,0.));
#3075 = VECTOR('',#3076,1.);
#3076 = DIRECTION('',(0.707106781187,0.707106781187,0.));
#3077 = ORIENTED_EDGE('',*,*,#3078,.T.);
#3078 = EDGE_CURVE('',#3071,#3079,#3081,.T.);
#3079 = VERTEX_POINT('',#3080);
#3080 = CARTESIAN_POINT('',(1.27,1.016,0.));
#3081 = LINE('',#3082,#3083);
#3082 = CARTESIAN_POINT('',(1.27,-1.016,0.));
#3083 = VECTOR('',#3084,1.);
#3084 = DIRECTION('',(0.,1.,0.));
#3085 = ORIENTED_EDGE('',*,*,#3086,.T.);
#3086 = EDGE_CURVE('',#3079,#2895,#3087,.T.);
#3087 = LINE('',#3088,#3089);
#3088 = CARTESIAN_POINT('',(1.27,1.016,0.));
#3089 = VECTOR('',#3090,1.);
#3090 = DIRECTION('',(-0.707106781187,0.707106781187,0.));
#3091 = ORIENTED_EDGE('',*,*,#2911,.T.);
#3092 = FACE_BOUND('',#3093,.F.);
#3093 = EDGE_LOOP('',(#3094,#3104,#3112,#3120));
#3094 = ORIENTED_EDGE('',*,*,#3095,.F.);
#3095 = EDGE_CURVE('',#3096,#3098,#3100,.T.);
#3096 = VERTEX_POINT('',#3097);
#3097 = CARTESIAN_POINT('',(0.32,-0.32,0.));
#3098 = VERTEX_POINT('',#3099);
#3099 = CARTESIAN_POINT('',(0.32,0.32,0.));
#3100 = LINE('',#3101,#3102);
#3101 = CARTESIAN_POINT('',(0.32,-1.43,0.));
#3102 = VECTOR('',#3103,1.);
#3103 = DIRECTION('',(0.,1.,0.));
#3104 = ORIENTED_EDGE('',*,*,#3105,.T.);
#3105 = EDGE_CURVE('',#3096,#3106,#3108,.T.);
#3106 = VERTEX_POINT('',#3107);
#3107 = CARTESIAN_POINT('',(-0.32,-0.32,0.));
#3108 = LINE('',#3109,#3110);
#3109 = CARTESIAN_POINT('',(-0.16,-0.32,0.));
#3110 = VECTOR('',#3111,1.);
#3111 = DIRECTION('',(-1.,0.,0.));
#3112 = ORIENTED_EDGE('',*,*,#3113,.T.);
#3113 = EDGE_CURVE('',#3106,#3114,#3116,.T.);
#3114 = VERTEX_POINT('',#3115);
#3115 = CARTESIAN_POINT('',(-0.32,0.32,0.));
#3116 = LINE('',#3117,#3118);
#3117 = CARTESIAN_POINT('',(-0.32,-1.43,0.));
#3118 = VECTOR('',#3119,1.);
#3119 = DIRECTION('',(0.,1.,0.));
#3120 = ORIENTED_EDGE('',*,*,#3121,.F.);
#3121 = EDGE_CURVE('',#3098,#3114,#3122,.T.);
#3122 = LINE('',#3123,#3124);
#3123 = CARTESIAN_POINT('',(-0.16,0.32,0.));
#3124 = VECTOR('',#3125,1.);
#3125 = DIRECTION('',(-1.,0.,0.));
#3126 = FACE_BOUND('',#3127,.F.);
#3127 = EDGE_LOOP('',(#3128,#3138,#3146,#3154));
#3128 = ORIENTED_EDGE('',*,*,#3129,.T.);
#3129 = EDGE_CURVE('',#3130,#3132,#3134,.T.);
#3130 = VERTEX_POINT('',#3131);
#3131 = CARTESIAN_POINT('',(0.32,-2.86,0.));
#3132 = VERTEX_POINT('',#3133);
#3133 = CARTESIAN_POINT('',(-0.32,-2.86,0.));
#3134 = LINE('',#3135,#3136);
#3135 = CARTESIAN_POINT('',(-0.16,-2.86,0.));
#3136 = VECTOR('',#3137,1.);
#3137 = DIRECTION('',(-1.,0.,0.));
#3138 = ORIENTED_EDGE('',*,*,#3139,.T.);
#3139 = EDGE_CURVE('',#3132,#3140,#3142,.T.);
#3140 = VERTEX_POINT('',#3141);
#3141 = CARTESIAN_POINT('',(-0.32,-2.22,0.));
#3142 = LINE('',#3143,#3144);
#3143 = CARTESIAN_POINT('',(-0.32,-2.7,0.));
#3144 = VECTOR('',#3145,1.);
#3145 = DIRECTION('',(0.,1.,0.));
#3146 = ORIENTED_EDGE('',*,*,#3147,.F.);
#3147 = EDGE_CURVE('',#3148,#3140,#3150,.T.);
#3148 = VERTEX_POINT('',#3149);
#3149 = CARTESIAN_POINT('',(0.32,-2.22,0.));
#3150 = LINE('',#3151,#3152);
#3151 = CARTESIAN_POINT('',(-0.16,-2.22,0.));
#3152 = VECTOR('',#3153,1.);
#3153 = DIRECTION('',(-1.,0.,0.));
#3154 = ORIENTED_EDGE('',*,*,#3155,.F.);
#3155 = EDGE_CURVE('',#3130,#3148,#3156,.T.);
#3156 = LINE('',#3157,#3158);
#3157 = CARTESIAN_POINT('',(0.32,-2.7,0.));
#3158 = VECTOR('',#3159,1.);
#3159 = DIRECTION('',(0.,1.,0.));
#3160 = FACE_BOUND('',#3161,.F.);
#3161 = EDGE_LOOP('',(#3162,#3172,#3180,#3188));
#3162 = ORIENTED_EDGE('',*,*,#3163,.F.);
#3163 = EDGE_CURVE('',#3164,#3166,#3168,.T.);
#3164 = VERTEX_POINT('',#3165);
#3165 = CARTESIAN_POINT('',(0.32,-4.76,0.));
#3166 = VERTEX_POINT('',#3167);
#3167 = CARTESIAN_POINT('',(-0.32,-4.76,0.));
#3168 = LINE('',#3169,#3170);
#3169 = CARTESIAN_POINT('',(-0.16,-4.76,0.));
#3170 = VECTOR('',#3171,1.);
#3171 = DIRECTION('',(-1.,0.,0.));
#3172 = ORIENTED_EDGE('',*,*,#3173,.F.);
#3173 = EDGE_CURVE('',#3174,#3164,#3176,.T.);
#3174 = VERTEX_POINT('',#3175);
#3175 = CARTESIAN_POINT('',(0.32,-5.4,0.));
#3176 = LINE('',#3177,#3178);
#3177 = CARTESIAN_POINT('',(0.32,-3.97,0.));
#3178 = VECTOR('',#3179,1.);
#3179 = DIRECTION('',(0.,1.,0.));
#3180 = ORIENTED_EDGE('',*,*,#3181,.T.);
#3181 = EDGE_CURVE('',#3174,#3182,#3184,.T.);
#3182 = VERTEX_POINT('',#3183);
#3183 = CARTESIAN_POINT('',(-0.32,-5.4,0.));
#3184 = LINE('',#3185,#3186);
#3185 = CARTESIAN_POINT('',(-0.16,-5.4,0.));
#3186 = VECTOR('',#3187,1.);
#3187 = DIRECTION('',(-1.,0.,0.));
#3188 = ORIENTED_EDGE('',*,*,#3189,.T.);
#3189 = EDGE_CURVE('',#3182,#3166,#3190,.T.);
#3190 = LINE('',#3191,#3192);
#3191 = CARTESIAN_POINT('',(-0.32,-3.97,0.));
#3192 = VECTOR('',#3193,1.);
#3193 = DIRECTION('',(0.,1.,0.));
#3194 = PLANE('',#3195);
#3195 = AXIS2_PLACEMENT_3D('',#3196,#3197,#3198);
#3196 = CARTESIAN_POINT('',(5.398204781459E-17,-2.54,0.));
#3197 = DIRECTION('',(0.,0.,1.));
#3198 = DIRECTION('',(1.,0.,-0.));
#3199 = ADVANCED_FACE('',(#3200,#3339,#3373,#3407),#3441,.T.);
#3200 = FACE_BOUND('',#3201,.T.);
#3201 = EDGE_LOOP('',(#3202,#3203,#3204,#3212,#3220,#3228,#3236,#3244,
    #3252,#3260,#3268,#3276,#3284,#3292,#3300,#3308,#3316,#3324,#3332,
    #3338));
#3202 = ORIENTED_EDGE('',*,*,#2864,.T.);
#3203 = ORIENTED_EDGE('',*,*,#2926,.T.);
#3204 = ORIENTED_EDGE('',*,*,#3205,.T.);
#3205 = EDGE_CURVE('',#2927,#3206,#3208,.T.);
#3206 = VERTEX_POINT('',#3207);
#3207 = CARTESIAN_POINT('',(-1.016,-1.27,2.54));
#3208 = LINE('',#3209,#3210);
#3209 = CARTESIAN_POINT('',(-1.27,-1.016,2.54));
#3210 = VECTOR('',#3211,1.);
#3211 = DIRECTION('',(0.707106781187,-0.707106781187,0.));
#3212 = ORIENTED_EDGE('',*,*,#3213,.T.);
#3213 = EDGE_CURVE('',#3206,#3214,#3216,.T.);
#3214 = VERTEX_POINT('',#3215);
#3215 = CARTESIAN_POINT('',(-1.27,-1.524,2.54));
#3216 = LINE('',#3217,#3218);
#3217 = CARTESIAN_POINT('',(-1.016,-1.27,2.54));
#3218 = VECTOR('',#3219,1.);
#3219 = DIRECTION('',(-0.707106781187,-0.707106781187,0.));
#3220 = ORIENTED_EDGE('',*,*,#3221,.T.);
#3221 = EDGE_CURVE('',#3214,#3222,#3224,.T.);
#3222 = VERTEX_POINT('',#3223);
#3223 = CARTESIAN_POINT('',(-1.27,-3.556,2.54));
#3224 = LINE('',#3225,#3226);
#3225 = CARTESIAN_POINT('',(-1.27,-1.524,2.54));
#3226 = VECTOR('',#3227,1.);
#3227 = DIRECTION('',(0.,-1.,0.));
#3228 = ORIENTED_EDGE('',*,*,#3229,.T.);
#3229 = EDGE_CURVE('',#3222,#3230,#3232,.T.);
#3230 = VERTEX_POINT('',#3231);
#3231 = CARTESIAN_POINT('',(-1.016,-3.81,2.54));
#3232 = LINE('',#3233,#3234);
#3233 = CARTESIAN_POINT('',(-1.27,-3.556,2.54));
#3234 = VECTOR('',#3235,1.);
#3235 = DIRECTION('',(0.707106781187,-0.707106781187,0.));
#3236 = ORIENTED_EDGE('',*,*,#3237,.T.);
#3237 = EDGE_CURVE('',#3230,#3238,#3240,.T.);
#3238 = VERTEX_POINT('',#3239);
#3239 = CARTESIAN_POINT('',(-1.27,-4.064,2.54));
#3240 = LINE('',#3241,#3242);
#3241 = CARTESIAN_POINT('',(-1.016,-3.81,2.54));
#3242 = VECTOR('',#3243,1.);
#3243 = DIRECTION('',(-0.707106781187,-0.707106781187,0.));
#3244 = ORIENTED_EDGE('',*,*,#3245,.T.);
#3245 = EDGE_CURVE('',#3238,#3246,#3248,.T.);
#3246 = VERTEX_POINT('',#3247);
#3247 = CARTESIAN_POINT('',(-1.27,-6.096,2.54));
#3248 = LINE('',#3249,#3250);
#3249 = CARTESIAN_POINT('',(-1.27,-4.064,2.54));
#3250 = VECTOR('',#3251,1.);
#3251 = DIRECTION('',(0.,-1.,0.));
#3252 = ORIENTED_EDGE('',*,*,#3253,.T.);
#3253 = EDGE_CURVE('',#3246,#3254,#3256,.T.);
#3254 = VERTEX_POINT('',#3255);
#3255 = CARTESIAN_POINT('',(-1.016,-6.35,2.54));
#3256 = LINE('',#3257,#3258);
#3257 = CARTESIAN_POINT('',(-1.27,-6.096,2.54));
#3258 = VECTOR('',#3259,1.);
#3259 = DIRECTION('',(0.707106781187,-0.707106781187,0.));
#3260 = ORIENTED_EDGE('',*,*,#3261,.T.);
#3261 = EDGE_CURVE('',#3254,#3262,#3264,.T.);
#3262 = VERTEX_POINT('',#3263);
#3263 = CARTESIAN_POINT('',(1.016,-6.35,2.54));
#3264 = LINE('',#3265,#3266);
#3265 = CARTESIAN_POINT('',(-1.016,-6.35,2.54));
#3266 = VECTOR('',#3267,1.);
#3267 = DIRECTION('',(1.,0.,0.));
#3268 = ORIENTED_EDGE('',*,*,#3269,.T.);
#3269 = EDGE_CURVE('',#3262,#3270,#3272,.T.);
#3270 = VERTEX_POINT('',#3271);
#3271 = CARTESIAN_POINT('',(1.27,-6.096,2.54));
#3272 = LINE('',#3273,#3274);
#3273 = CARTESIAN_POINT('',(1.016,-6.35,2.54));
#3274 = VECTOR('',#3275,1.);
#3275 = DIRECTION('',(0.707106781187,0.707106781187,0.));
#3276 = ORIENTED_EDGE('',*,*,#3277,.T.);
#3277 = EDGE_CURVE('',#3270,#3278,#3280,.T.);
#3278 = VERTEX_POINT('',#3279);
#3279 = CARTESIAN_POINT('',(1.27,-4.064,2.54));
#3280 = LINE('',#3281,#3282);
#3281 = CARTESIAN_POINT('',(1.27,-6.096,2.54));
#3282 = VECTOR('',#3283,1.);
#3283 = DIRECTION('',(0.,1.,0.));
#3284 = ORIENTED_EDGE('',*,*,#3285,.T.);
#3285 = EDGE_CURVE('',#3278,#3286,#3288,.T.);
#3286 = VERTEX_POINT('',#3287);
#3287 = CARTESIAN_POINT('',(1.016,-3.81,2.54));
#3288 = LINE('',#3289,#3290);
#3289 = CARTESIAN_POINT('',(1.27,-4.064,2.54));
#3290 = VECTOR('',#3291,1.);
#3291 = DIRECTION('',(-0.707106781187,0.707106781187,0.));
#3292 = ORIENTED_EDGE('',*,*,#3293,.T.);
#3293 = EDGE_CURVE('',#3286,#3294,#3296,.T.);
#3294 = VERTEX_POINT('',#3295);
#3295 = CARTESIAN_POINT('',(1.27,-3.556,2.54));
#3296 = LINE('',#3297,#3298);
#3297 = CARTESIAN_POINT('',(1.016,-3.81,2.54));
#3298 = VECTOR('',#3299,1.);
#3299 = DIRECTION('',(0.707106781187,0.707106781187,0.));
#3300 = ORIENTED_EDGE('',*,*,#3301,.T.);
#3301 = EDGE_CURVE('',#3294,#3302,#3304,.T.);
#3302 = VERTEX_POINT('',#3303);
#3303 = CARTESIAN_POINT('',(1.27,-1.524,2.54));
#3304 = LINE('',#3305,#3306);
#3305 = CARTESIAN_POINT('',(1.27,-3.556,2.54));
#3306 = VECTOR('',#3307,1.);
#3307 = DIRECTION('',(0.,1.,0.));
#3308 = ORIENTED_EDGE('',*,*,#3309,.T.);
#3309 = EDGE_CURVE('',#3302,#3310,#3312,.T.);
#3310 = VERTEX_POINT('',#3311);
#3311 = CARTESIAN_POINT('',(1.016,-1.27,2.54));
#3312 = LINE('',#3313,#3314);
#3313 = CARTESIAN_POINT('',(1.27,-1.524,2.54));
#3314 = VECTOR('',#3315,1.);
#3315 = DIRECTION('',(-0.707106781187,0.707106781187,0.));
#3316 = ORIENTED_EDGE('',*,*,#3317,.T.);
#3317 = EDGE_CURVE('',#3310,#3318,#3320,.T.);
#3318 = VERTEX_POINT('',#3319);
#3319 = CARTESIAN_POINT('',(1.27,-1.016,2.54));
#3320 = LINE('',#3321,#3322);
#3321 = CARTESIAN_POINT('',(1.016,-1.27,2.54));
#3322 = VECTOR('',#3323,1.);
#3323 = DIRECTION('',(0.707106781187,0.707106781187,0.));
#3324 = ORIENTED_EDGE('',*,*,#3325,.T.);
#3325 = EDGE_CURVE('',#3318,#3326,#3328,.T.);
#3326 = VERTEX_POINT('',#3327);
#3327 = CARTESIAN_POINT('',(1.27,1.016,2.54));
#3328 = LINE('',#3329,#3330);
#3329 = CARTESIAN_POINT('',(1.27,-1.016,2.54));
#3330 = VECTOR('',#3331,1.);
#3331 = DIRECTION('',(0.,1.,0.));
#3332 = ORIENTED_EDGE('',*,*,#3333,.T.);
#3333 = EDGE_CURVE('',#3326,#2897,#3334,.T.);
#3334 = LINE('',#3335,#3336);
#3335 = CARTESIAN_POINT('',(1.27,1.016,2.54));
#3336 = VECTOR('',#3337,1.);
#3337 = DIRECTION('',(-0.707106781187,0.707106781187,0.));
#3338 = ORIENTED_EDGE('',*,*,#2904,.T.);
#3339 = FACE_BOUND('',#3340,.T.);
#3340 = EDGE_LOOP('',(#3341,#3351,#3359,#3367));
#3341 = ORIENTED_EDGE('',*,*,#3342,.F.);
#3342 = EDGE_CURVE('',#3343,#3345,#3347,.T.);
#3343 = VERTEX_POINT('',#3344);
#3344 = CARTESIAN_POINT('',(0.32,-0.32,2.54));
#3345 = VERTEX_POINT('',#3346);
#3346 = CARTESIAN_POINT('',(0.32,0.32,2.54));
#3347 = LINE('',#3348,#3349);
#3348 = CARTESIAN_POINT('',(0.32,-1.43,2.54));
#3349 = VECTOR('',#3350,1.);
#3350 = DIRECTION('',(0.,1.,0.));
#3351 = ORIENTED_EDGE('',*,*,#3352,.T.);
#3352 = EDGE_CURVE('',#3343,#3353,#3355,.T.);
#3353 = VERTEX_POINT('',#3354);
#3354 = CARTESIAN_POINT('',(-0.32,-0.32,2.54));
#3355 = LINE('',#3356,#3357);
#3356 = CARTESIAN_POINT('',(-0.16,-0.32,2.54));
#3357 = VECTOR('',#3358,1.);
#3358 = DIRECTION('',(-1.,0.,0.));
#3359 = ORIENTED_EDGE('',*,*,#3360,.T.);
#3360 = EDGE_CURVE('',#3353,#3361,#3363,.T.);
#3361 = VERTEX_POINT('',#3362);
#3362 = CARTESIAN_POINT('',(-0.32,0.32,2.54));
#3363 = LINE('',#3364,#3365);
#3364 = CARTESIAN_POINT('',(-0.32,-1.43,2.54));
#3365 = VECTOR('',#3366,1.);
#3366 = DIRECTION('',(0.,1.,0.));
#3367 = ORIENTED_EDGE('',*,*,#3368,.F.);
#3368 = EDGE_CURVE('',#3345,#3361,#3369,.T.);
#3369 = LINE('',#3370,#3371);
#3370 = CARTESIAN_POINT('',(-0.16,0.32,2.54));
#3371 = VECTOR('',#3372,1.);
#3372 = DIRECTION('',(-1.,0.,0.));
#3373 = FACE_BOUND('',#3374,.T.);
#3374 = EDGE_LOOP('',(#3375,#3385,#3393,#3401));
#3375 = ORIENTED_EDGE('',*,*,#3376,.T.);
#3376 = EDGE_CURVE('',#3377,#3379,#3381,.T.);
#3377 = VERTEX_POINT('',#3378);
#3378 = CARTESIAN_POINT('',(0.32,-2.86,2.54));
#3379 = VERTEX_POINT('',#3380);
#3380 = CARTESIAN_POINT('',(-0.32,-2.86,2.54));
#3381 = LINE('',#3382,#3383);
#3382 = CARTESIAN_POINT('',(-0.16,-2.86,2.54));
#3383 = VECTOR('',#3384,1.);
#3384 = DIRECTION('',(-1.,0.,0.));
#3385 = ORIENTED_EDGE('',*,*,#3386,.T.);
#3386 = EDGE_CURVE('',#3379,#3387,#3389,.T.);
#3387 = VERTEX_POINT('',#3388);
#3388 = CARTESIAN_POINT('',(-0.32,-2.22,2.54));
#3389 = LINE('',#3390,#3391);
#3390 = CARTESIAN_POINT('',(-0.32,-2.7,2.54));
#3391 = VECTOR('',#3392,1.);
#3392 = DIRECTION('',(0.,1.,0.));
#3393 = ORIENTED_EDGE('',*,*,#3394,.F.);
#3394 = EDGE_CURVE('',#3395,#3387,#3397,.T.);
#3395 = VERTEX_POINT('',#3396);
#3396 = CARTESIAN_POINT('',(0.32,-2.22,2.54));
#3397 = LINE('',#3398,#3399);
#3398 = CARTESIAN_POINT('',(-0.16,-2.22,2.54));
#3399 = VECTOR('',#3400,1.);
#3400 = DIRECTION('',(-1.,0.,0.));
#3401 = ORIENTED_EDGE('',*,*,#3402,.F.);
#3402 = EDGE_CURVE('',#3377,#3395,#3403,.T.);
#3403 = LINE('',#3404,#3405);
#3404 = CARTESIAN_POINT('',(0.32,-2.7,2.54));
#3405 = VECTOR('',#3406,1.);
#3406 = DIRECTION('',(0.,1.,0.));
#3407 = FACE_BOUND('',#3408,.T.);
#3408 = EDGE_LOOP('',(#3409,#3419,#3427,#3435));
#3409 = ORIENTED_EDGE('',*,*,#3410,.F.);
#3410 = EDGE_CURVE('',#3411,#3413,#3415,.T.);
#3411 = VERTEX_POINT('',#3412);
#3412 = CARTESIAN_POINT('',(0.32,-4.76,2.54));
#3413 = VERTEX_POINT('',#3414);
#3414 = CARTESIAN_POINT('',(-0.32,-4.76,2.54));
#3415 = LINE('',#3416,#3417);
#3416 = CARTESIAN_POINT('',(-0.16,-4.76,2.54));
#3417 = VECTOR('',#3418,1.);
#3418 = DIRECTION('',(-1.,0.,0.));
#3419 = ORIENTED_EDGE('',*,*,#3420,.F.);
#3420 = EDGE_CURVE('',#3421,#3411,#3423,.T.);
#3421 = VERTEX_POINT('',#3422);
#3422 = CARTESIAN_POINT('',(0.32,-5.4,2.54));
#3423 = LINE('',#3424,#3425);
#3424 = CARTESIAN_POINT('',(0.32,-3.97,2.54));
#3425 = VECTOR('',#3426,1.);
#3426 = DIRECTION('',(0.,1.,0.));
#3427 = ORIENTED_EDGE('',*,*,#3428,.T.);
#3428 = EDGE_CURVE('',#3421,#3429,#3431,.T.);
#3429 = VERTEX_POINT('',#3430);
#3430 = CARTESIAN_POINT('',(-0.32,-5.4,2.54));
#3431 = LINE('',#3432,#3433);
#3432 = CARTESIAN_POINT('',(-0.16,-5.4,2.54));
#3433 = VECTOR('',#3434,1.);
#3434 = DIRECTION('',(-1.,0.,0.));
#3435 = ORIENTED_EDGE('',*,*,#3436,.T.);
#3436 = EDGE_CURVE('',#3429,#3413,#3437,.T.);
#3437 = LINE('',#3438,#3439);
#3438 = CARTESIAN_POINT('',(-0.32,-3.97,2.54));
#3439 = VECTOR('',#3440,1.);
#3440 = DIRECTION('',(0.,1.,0.));
#3441 = PLANE('',#3442);
#3442 = AXIS2_PLACEMENT_3D('',#3443,#3444,#3445);
#3443 = CARTESIAN_POINT('',(5.398204781459E-17,-2.54,2.54));
#3444 = DIRECTION('',(0.,0.,1.));
#3445 = DIRECTION('',(1.,0.,-0.));
#3446 = ADVANCED_FACE('',(#3447),#3458,.F.);
#3447 = FACE_BOUND('',#3448,.F.);
#3448 = EDGE_LOOP('',(#3449,#3455,#3456,#3457));
#3449 = ORIENTED_EDGE('',*,*,#3450,.T.);
#3450 = EDGE_CURVE('',#3079,#3326,#3451,.T.);
#3451 = LINE('',#3452,#3453);
#3452 = CARTESIAN_POINT('',(1.27,1.016,0.));
#3453 = VECTOR('',#3454,1.);
#3454 = DIRECTION('',(0.,0.,1.));
#3455 = ORIENTED_EDGE('',*,*,#3333,.T.);
#3456 = ORIENTED_EDGE('',*,*,#2894,.F.);
#3457 = ORIENTED_EDGE('',*,*,#3086,.F.);
#3458 = PLANE('',#3459);
#3459 = AXIS2_PLACEMENT_3D('',#3460,#3461,#3462);
#3460 = CARTESIAN_POINT('',(1.27,1.016,0.));
#3461 = DIRECTION('',(-0.707106781187,-0.707106781187,0.));
#3462 = DIRECTION('',(-0.707106781187,0.707106781187,0.));
#3463 = ADVANCED_FACE('',(#3464),#3475,.F.);
#3464 = FACE_BOUND('',#3465,.F.);
#3465 = EDGE_LOOP('',(#3466,#3467,#3468,#3474));
#3466 = ORIENTED_EDGE('',*,*,#2934,.T.);
#3467 = ORIENTED_EDGE('',*,*,#3205,.T.);
#3468 = ORIENTED_EDGE('',*,*,#3469,.F.);
#3469 = EDGE_CURVE('',#2959,#3206,#3470,.T.);
#3470 = LINE('',#3471,#3472);
#3471 = CARTESIAN_POINT('',(-1.016,-1.27,0.));
#3472 = VECTOR('',#3473,1.);
#3473 = DIRECTION('',(0.,0.,1.));
#3474 = ORIENTED_EDGE('',*,*,#2958,.F.);
#3475 = PLANE('',#3476);
#3476 = AXIS2_PLACEMENT_3D('',#3477,#3478,#3479);
#3477 = CARTESIAN_POINT('',(-1.27,-1.016,0.));
#3478 = DIRECTION('',(0.707106781187,0.707106781187,0.));
#3479 = DIRECTION('',(0.707106781187,-0.707106781187,0.));
#3480 = ADVANCED_FACE('',(#3481),#3492,.F.);
#3481 = FACE_BOUND('',#3482,.F.);
#3482 = EDGE_LOOP('',(#3483,#3489,#3490,#3491));
#3483 = ORIENTED_EDGE('',*,*,#3484,.T.);
#3484 = EDGE_CURVE('',#3071,#3318,#3485,.T.);
#3485 = LINE('',#3486,#3487);
#3486 = CARTESIAN_POINT('',(1.27,-1.016,0.));
#3487 = VECTOR('',#3488,1.);
#3488 = DIRECTION('',(0.,0.,1.));
#3489 = ORIENTED_EDGE('',*,*,#3325,.T.);
#3490 = ORIENTED_EDGE('',*,*,#3450,.F.);
#3491 = ORIENTED_EDGE('',*,*,#3078,.F.);
#3492 = PLANE('',#3493);
#3493 = AXIS2_PLACEMENT_3D('',#3494,#3495,#3496);
#3494 = CARTESIAN_POINT('',(1.27,-1.016,0.));
#3495 = DIRECTION('',(-1.,0.,0.));
#3496 = DIRECTION('',(0.,1.,0.));
#3497 = ADVANCED_FACE('',(#3498),#3509,.F.);
#3498 = FACE_BOUND('',#3499,.F.);
#3499 = EDGE_LOOP('',(#3500,#3501,#3502,#3508));
#3500 = ORIENTED_EDGE('',*,*,#3469,.T.);
#3501 = ORIENTED_EDGE('',*,*,#3213,.T.);
#3502 = ORIENTED_EDGE('',*,*,#3503,.F.);
#3503 = EDGE_CURVE('',#2967,#3214,#3504,.T.);
#3504 = LINE('',#3505,#3506);
#3505 = CARTESIAN_POINT('',(-1.27,-1.524,0.));
#3506 = VECTOR('',#3507,1.);
#3507 = DIRECTION('',(0.,0.,1.));
#3508 = ORIENTED_EDGE('',*,*,#2966,.F.);
#3509 = PLANE('',#3510);
#3510 = AXIS2_PLACEMENT_3D('',#3511,#3512,#3513);
#3511 = CARTESIAN_POINT('',(-1.016,-1.27,0.));
#3512 = DIRECTION('',(0.707106781187,-0.707106781187,0.));
#3513 = DIRECTION('',(-0.707106781187,-0.707106781187,0.));
#3514 = ADVANCED_FACE('',(#3515),#3526,.F.);
#3515 = FACE_BOUND('',#3516,.F.);
#3516 = EDGE_LOOP('',(#3517,#3523,#3524,#3525));
#3517 = ORIENTED_EDGE('',*,*,#3518,.T.);
#3518 = EDGE_CURVE('',#3063,#3310,#3519,.T.);
#3519 = LINE('',#3520,#3521);
#3520 = CARTESIAN_POINT('',(1.016,-1.27,0.));
#3521 = VECTOR('',#3522,1.);
#3522 = DIRECTION('',(0.,0.,1.));
#3523 = ORIENTED_EDGE('',*,*,#3317,.T.);
#3524 = ORIENTED_EDGE('',*,*,#3484,.F.);
#3525 = ORIENTED_EDGE('',*,*,#3070,.F.);
#3526 = PLANE('',#3527);
#3527 = AXIS2_PLACEMENT_3D('',#3528,#3529,#3530);
#3528 = CARTESIAN_POINT('',(1.016,-1.27,0.));
#3529 = DIRECTION('',(-0.707106781187,0.707106781187,0.));
#3530 = DIRECTION('',(0.707106781187,0.707106781187,0.));
#3531 = ADVANCED_FACE('',(#3532),#3543,.F.);
#3532 = FACE_BOUND('',#3533,.F.);
#3533 = EDGE_LOOP('',(#3534,#3535,#3536,#3542));
#3534 = ORIENTED_EDGE('',*,*,#3503,.T.);
#3535 = ORIENTED_EDGE('',*,*,#3221,.T.);
#3536 = ORIENTED_EDGE('',*,*,#3537,.F.);
#3537 = EDGE_CURVE('',#2975,#3222,#3538,.T.);
#3538 = LINE('',#3539,#3540);
#3539 = CARTESIAN_POINT('',(-1.27,-3.556,0.));
#3540 = VECTOR('',#3541,1.);
#3541 = DIRECTION('',(0.,0.,1.));
#3542 = ORIENTED_EDGE('',*,*,#2974,.F.);
#3543 = PLANE('',#3544);
#3544 = AXIS2_PLACEMENT_3D('',#3545,#3546,#3547);
#3545 = CARTESIAN_POINT('',(-1.27,-1.524,0.));
#3546 = DIRECTION('',(1.,0.,0.));
#3547 = DIRECTION('',(0.,-1.,0.));
#3548 = ADVANCED_FACE('',(#3549),#3560,.F.);
#3549 = FACE_BOUND('',#3550,.F.);
#3550 = EDGE_LOOP('',(#3551,#3557,#3558,#3559));
#3551 = ORIENTED_EDGE('',*,*,#3552,.T.);
#3552 = EDGE_CURVE('',#3055,#3302,#3553,.T.);
#3553 = LINE('',#3554,#3555);
#3554 = CARTESIAN_POINT('',(1.27,-1.524,0.));
#3555 = VECTOR('',#3556,1.);
#3556 = DIRECTION('',(0.,0.,1.));
#3557 = ORIENTED_EDGE('',*,*,#3309,.T.);
#3558 = ORIENTED_EDGE('',*,*,#3518,.F.);
#3559 = ORIENTED_EDGE('',*,*,#3062,.F.);
#3560 = PLANE('',#3561);
#3561 = AXIS2_PLACEMENT_3D('',#3562,#3563,#3564);
#3562 = CARTESIAN_POINT('',(1.27,-1.524,0.));
#3563 = DIRECTION('',(-0.707106781187,-0.707106781187,0.));
#3564 = DIRECTION('',(-0.707106781187,0.707106781187,0.));
#3565 = ADVANCED_FACE('',(#3566),#3577,.F.);
#3566 = FACE_BOUND('',#3567,.F.);
#3567 = EDGE_LOOP('',(#3568,#3569,#3570,#3576));
#3568 = ORIENTED_EDGE('',*,*,#3537,.T.);
#3569 = ORIENTED_EDGE('',*,*,#3229,.T.);
#3570 = ORIENTED_EDGE('',*,*,#3571,.F.);
#3571 = EDGE_CURVE('',#2983,#3230,#3572,.T.);
#3572 = LINE('',#3573,#3574);
#3573 = CARTESIAN_POINT('',(-1.016,-3.81,0.));
#3574 = VECTOR('',#3575,1.);
#3575 = DIRECTION('',(0.,0.,1.));
#3576 = ORIENTED_EDGE('',*,*,#2982,.F.);
#3577 = PLANE('',#3578);
#3578 = AXIS2_PLACEMENT_3D('',#3579,#3580,#3581);
#3579 = CARTESIAN_POINT('',(-1.27,-3.556,0.));
#3580 = DIRECTION('',(0.707106781187,0.707106781187,0.));
#3581 = DIRECTION('',(0.707106781187,-0.707106781187,0.));
#3582 = ADVANCED_FACE('',(#3583),#3594,.F.);
#3583 = FACE_BOUND('',#3584,.F.);
#3584 = EDGE_LOOP('',(#3585,#3591,#3592,#3593));
#3585 = ORIENTED_EDGE('',*,*,#3586,.T.);
#3586 = EDGE_CURVE('',#3047,#3294,#3587,.T.);
#3587 = LINE('',#3588,#3589);
#3588 = CARTESIAN_POINT('',(1.27,-3.556,0.));
#3589 = VECTOR('',#3590,1.);
#3590 = DIRECTION('',(0.,0.,1.));
#3591 = ORIENTED_EDGE('',*,*,#3301,.T.);
#3592 = ORIENTED_EDGE('',*,*,#3552,.F.);
#3593 = ORIENTED_EDGE('',*,*,#3054,.F.);
#3594 = PLANE('',#3595);
#3595 = AXIS2_PLACEMENT_3D('',#3596,#3597,#3598);
#3596 = CARTESIAN_POINT('',(1.27,-3.556,0.));
#3597 = DIRECTION('',(-1.,0.,0.));
#3598 = DIRECTION('',(0.,1.,0.));
#3599 = ADVANCED_FACE('',(#3600),#3611,.F.);
#3600 = FACE_BOUND('',#3601,.F.);
#3601 = EDGE_LOOP('',(#3602,#3603,#3604,#3610));
#3602 = ORIENTED_EDGE('',*,*,#3571,.T.);
#3603 = ORIENTED_EDGE('',*,*,#3237,.T.);
#3604 = ORIENTED_EDGE('',*,*,#3605,.F.);
#3605 = EDGE_CURVE('',#2991,#3238,#3606,.T.);
#3606 = LINE('',#3607,#3608);
#3607 = CARTESIAN_POINT('',(-1.27,-4.064,0.));
#3608 = VECTOR('',#3609,1.);
#3609 = DIRECTION('',(0.,0.,1.));
#3610 = ORIENTED_EDGE('',*,*,#2990,.F.);
#3611 = PLANE('',#3612);
#3612 = AXIS2_PLACEMENT_3D('',#3613,#3614,#3615);
#3613 = CARTESIAN_POINT('',(-1.016,-3.81,0.));
#3614 = DIRECTION('',(0.707106781187,-0.707106781187,0.));
#3615 = DIRECTION('',(-0.707106781187,-0.707106781187,0.));
#3616 = ADVANCED_FACE('',(#3617),#3628,.F.);
#3617 = FACE_BOUND('',#3618,.F.);
#3618 = EDGE_LOOP('',(#3619,#3625,#3626,#3627));
#3619 = ORIENTED_EDGE('',*,*,#3620,.T.);
#3620 = EDGE_CURVE('',#3039,#3286,#3621,.T.);
#3621 = LINE('',#3622,#3623);
#3622 = CARTESIAN_POINT('',(1.016,-3.81,0.));
#3623 = VECTOR('',#3624,1.);
#3624 = DIRECTION('',(0.,0.,1.));
#3625 = ORIENTED_EDGE('',*,*,#3293,.T.);
#3626 = ORIENTED_EDGE('',*,*,#3586,.F.);
#3627 = ORIENTED_EDGE('',*,*,#3046,.F.);
#3628 = PLANE('',#3629);
#3629 = AXIS2_PLACEMENT_3D('',#3630,#3631,#3632);
#3630 = CARTESIAN_POINT('',(1.016,-3.81,0.));
#3631 = DIRECTION('',(-0.707106781187,0.707106781187,0.));
#3632 = DIRECTION('',(0.707106781187,0.707106781187,0.));
#3633 = ADVANCED_FACE('',(#3634),#3645,.F.);
#3634 = FACE_BOUND('',#3635,.F.);
#3635 = EDGE_LOOP('',(#3636,#3637,#3638,#3644));
#3636 = ORIENTED_EDGE('',*,*,#3605,.T.);
#3637 = ORIENTED_EDGE('',*,*,#3245,.T.);
#3638 = ORIENTED_EDGE('',*,*,#3639,.F.);
#3639 = EDGE_CURVE('',#2999,#3246,#3640,.T.);
#3640 = LINE('',#3641,#3642);
#3641 = CARTESIAN_POINT('',(-1.27,-6.096,0.));
#3642 = VECTOR('',#3643,1.);
#3643 = DIRECTION('',(0.,0.,1.));
#3644 = ORIENTED_EDGE('',*,*,#2998,.F.);
#3645 = PLANE('',#3646);
#3646 = AXIS2_PLACEMENT_3D('',#3647,#3648,#3649);
#3647 = CARTESIAN_POINT('',(-1.27,-4.064,0.));
#3648 = DIRECTION('',(1.,0.,0.));
#3649 = DIRECTION('',(0.,-1.,0.));
#3650 = ADVANCED_FACE('',(#3651),#3662,.F.);
#3651 = FACE_BOUND('',#3652,.F.);
#3652 = EDGE_LOOP('',(#3653,#3659,#3660,#3661));
#3653 = ORIENTED_EDGE('',*,*,#3654,.T.);
#3654 = EDGE_CURVE('',#3031,#3278,#3655,.T.);
#3655 = LINE('',#3656,#3657);
#3656 = CARTESIAN_POINT('',(1.27,-4.064,0.));
#3657 = VECTOR('',#3658,1.);
#3658 = DIRECTION('',(0.,0.,1.));
#3659 = ORIENTED_EDGE('',*,*,#3285,.T.);
#3660 = ORIENTED_EDGE('',*,*,#3620,.F.);
#3661 = ORIENTED_EDGE('',*,*,#3038,.F.);
#3662 = PLANE('',#3663);
#3663 = AXIS2_PLACEMENT_3D('',#3664,#3665,#3666);
#3664 = CARTESIAN_POINT('',(1.27,-4.064,0.));
#3665 = DIRECTION('',(-0.707106781187,-0.707106781187,0.));
#3666 = DIRECTION('',(-0.707106781187,0.707106781187,0.));
#3667 = ADVANCED_FACE('',(#3668),#3679,.F.);
#3668 = FACE_BOUND('',#3669,.F.);
#3669 = EDGE_LOOP('',(#3670,#3671,#3672,#3678));
#3670 = ORIENTED_EDGE('',*,*,#3639,.T.);
#3671 = ORIENTED_EDGE('',*,*,#3253,.T.);
#3672 = ORIENTED_EDGE('',*,*,#3673,.F.);
#3673 = EDGE_CURVE('',#3007,#3254,#3674,.T.);
#3674 = LINE('',#3675,#3676);
#3675 = CARTESIAN_POINT('',(-1.016,-6.35,0.));
#3676 = VECTOR('',#3677,1.);
#3677 = DIRECTION('',(0.,0.,1.));
#3678 = ORIENTED_EDGE('',*,*,#3006,.F.);
#3679 = PLANE('',#3680);
#3680 = AXIS2_PLACEMENT_3D('',#3681,#3682,#3683);
#3681 = CARTESIAN_POINT('',(-1.27,-6.096,0.));
#3682 = DIRECTION('',(0.707106781187,0.707106781187,0.));
#3683 = DIRECTION('',(0.707106781187,-0.707106781187,0.));
#3684 = ADVANCED_FACE('',(#3685),#3696,.F.);
#3685 = FACE_BOUND('',#3686,.F.);
#3686 = EDGE_LOOP('',(#3687,#3693,#3694,#3695));
#3687 = ORIENTED_EDGE('',*,*,#3688,.T.);
#3688 = EDGE_CURVE('',#3023,#3270,#3689,.T.);
#3689 = LINE('',#3690,#3691);
#3690 = CARTESIAN_POINT('',(1.27,-6.096,0.));
#3691 = VECTOR('',#3692,1.);
#3692 = DIRECTION('',(0.,0.,1.));
#3693 = ORIENTED_EDGE('',*,*,#3277,.T.);
#3694 = ORIENTED_EDGE('',*,*,#3654,.F.);
#3695 = ORIENTED_EDGE('',*,*,#3030,.F.);
#3696 = PLANE('',#3697);
#3697 = AXIS2_PLACEMENT_3D('',#3698,#3699,#3700);
#3698 = CARTESIAN_POINT('',(1.27,-6.096,0.));
#3699 = DIRECTION('',(-1.,0.,0.));
#3700 = DIRECTION('',(0.,1.,0.));
#3701 = ADVANCED_FACE('',(#3702),#3713,.F.);
#3702 = FACE_BOUND('',#3703,.F.);
#3703 = EDGE_LOOP('',(#3704,#3705,#3706,#3712));
#3704 = ORIENTED_EDGE('',*,*,#3673,.T.);
#3705 = ORIENTED_EDGE('',*,*,#3261,.T.);
#3706 = ORIENTED_EDGE('',*,*,#3707,.F.);
#3707 = EDGE_CURVE('',#3015,#3262,#3708,.T.);
#3708 = LINE('',#3709,#3710);
#3709 = CARTESIAN_POINT('',(1.016,-6.35,0.));
#3710 = VECTOR('',#3711,1.);
#3711 = DIRECTION('',(0.,0.,1.));
#3712 = ORIENTED_EDGE('',*,*,#3014,.F.);
#3713 = PLANE('',#3714);
#3714 = AXIS2_PLACEMENT_3D('',#3715,#3716,#3717);
#3715 = CARTESIAN_POINT('',(-1.016,-6.35,0.));
#3716 = DIRECTION('',(0.,1.,0.));
#3717 = DIRECTION('',(1.,0.,0.));
#3718 = ADVANCED_FACE('',(#3719),#3725,.F.);
#3719 = FACE_BOUND('',#3720,.F.);
#3720 = EDGE_LOOP('',(#3721,#3722,#3723,#3724));
#3721 = ORIENTED_EDGE('',*,*,#3707,.T.);
#3722 = ORIENTED_EDGE('',*,*,#3269,.T.);
#3723 = ORIENTED_EDGE('',*,*,#3688,.F.);
#3724 = ORIENTED_EDGE('',*,*,#3022,.F.);
#3725 = PLANE('',#3726);
#3726 = AXIS2_PLACEMENT_3D('',#3727,#3728,#3729);
#3727 = CARTESIAN_POINT('',(1.016,-6.35,0.));
#3728 = DIRECTION('',(-0.707106781187,0.707106781187,0.));
#3729 = DIRECTION('',(0.707106781187,0.707106781187,0.));
#3730 = ADVANCED_FACE('',(#3731),#3756,.T.);
#3731 = FACE_BOUND('',#3732,.T.);
#3732 = EDGE_LOOP('',(#3733,#3741,#3749,#3755));
#3733 = ORIENTED_EDGE('',*,*,#3734,.F.);
#3734 = EDGE_CURVE('',#3735,#3096,#3737,.T.);
#3735 = VERTEX_POINT('',#3736);
#3736 = CARTESIAN_POINT('',(0.32,-0.32,-2.84));
#3737 = LINE('',#3738,#3739);
#3738 = CARTESIAN_POINT('',(0.32,-0.32,-3.));
#3739 = VECTOR('',#3740,1.);
#3740 = DIRECTION('',(0.,0.,1.));
#3741 = ORIENTED_EDGE('',*,*,#3742,.T.);
#3742 = EDGE_CURVE('',#3735,#3743,#3745,.T.);
#3743 = VERTEX_POINT('',#3744);
#3744 = CARTESIAN_POINT('',(0.32,0.32,-2.84));
#3745 = LINE('',#3746,#3747);
#3746 = CARTESIAN_POINT('',(0.32,-0.32,-2.84));
#3747 = VECTOR('',#3748,1.);
#3748 = DIRECTION('',(0.,1.,0.));
#3749 = ORIENTED_EDGE('',*,*,#3750,.T.);
#3750 = EDGE_CURVE('',#3743,#3098,#3751,.T.);
#3751 = LINE('',#3752,#3753);
#3752 = CARTESIAN_POINT('',(0.32,0.32,-3.));
#3753 = VECTOR('',#3754,1.);
#3754 = DIRECTION('',(0.,0.,1.));
#3755 = ORIENTED_EDGE('',*,*,#3095,.F.);
#3756 = PLANE('',#3757);
#3757 = AXIS2_PLACEMENT_3D('',#3758,#3759,#3760);
#3758 = CARTESIAN_POINT('',(0.32,-0.32,-3.));
#3759 = DIRECTION('',(1.,0.,0.));
#3760 = DIRECTION('',(0.,0.,1.));
#3761 = ADVANCED_FACE('',(#3762),#3780,.T.);
#3762 = FACE_BOUND('',#3763,.T.);
#3763 = EDGE_LOOP('',(#3764,#3765,#3773,#3779));
#3764 = ORIENTED_EDGE('',*,*,#3750,.F.);
#3765 = ORIENTED_EDGE('',*,*,#3766,.F.);
#3766 = EDGE_CURVE('',#3767,#3743,#3769,.T.);
#3767 = VERTEX_POINT('',#3768);
#3768 = CARTESIAN_POINT('',(-0.32,0.32,-2.84));
#3769 = LINE('',#3770,#3771);
#3770 = CARTESIAN_POINT('',(-0.32,0.32,-2.84));
#3771 = VECTOR('',#3772,1.);
#3772 = DIRECTION('',(1.,0.,0.));
#3773 = ORIENTED_EDGE('',*,*,#3774,.T.);
#3774 = EDGE_CURVE('',#3767,#3114,#3775,.T.);
#3775 = LINE('',#3776,#3777);
#3776 = CARTESIAN_POINT('',(-0.32,0.32,-3.));
#3777 = VECTOR('',#3778,1.);
#3778 = DIRECTION('',(0.,0.,1.));
#3779 = ORIENTED_EDGE('',*,*,#3121,.F.);
#3780 = PLANE('',#3781);
#3781 = AXIS2_PLACEMENT_3D('',#3782,#3783,#3784);
#3782 = CARTESIAN_POINT('',(-0.32,0.32,-3.));
#3783 = DIRECTION('',(0.,1.,0.));
#3784 = DIRECTION('',(0.,-0.,1.));
#3785 = ADVANCED_FACE('',(#3786),#3804,.F.);
#3786 = FACE_BOUND('',#3787,.F.);
#3787 = EDGE_LOOP('',(#3788,#3796,#3802,#3803));
#3788 = ORIENTED_EDGE('',*,*,#3789,.F.);
#3789 = EDGE_CURVE('',#3790,#3106,#3792,.T.);
#3790 = VERTEX_POINT('',#3791);
#3791 = CARTESIAN_POINT('',(-0.32,-0.32,-2.84));
#3792 = LINE('',#3793,#3794);
#3793 = CARTESIAN_POINT('',(-0.32,-0.32,-3.));
#3794 = VECTOR('',#3795,1.);
#3795 = DIRECTION('',(0.,0.,1.));
#3796 = ORIENTED_EDGE('',*,*,#3797,.T.);
#3797 = EDGE_CURVE('',#3790,#3767,#3798,.T.);
#3798 = LINE('',#3799,#3800);
#3799 = CARTESIAN_POINT('',(-0.32,-0.32,-2.84));
#3800 = VECTOR('',#3801,1.);
#3801 = DIRECTION('',(0.,1.,0.));
#3802 = ORIENTED_EDGE('',*,*,#3774,.T.);
#3803 = ORIENTED_EDGE('',*,*,#3113,.F.);
#3804 = PLANE('',#3805);
#3805 = AXIS2_PLACEMENT_3D('',#3806,#3807,#3808);
#3806 = CARTESIAN_POINT('',(-0.32,-0.32,-3.));
#3807 = DIRECTION('',(1.,0.,0.));
#3808 = DIRECTION('',(0.,0.,1.));
#3809 = ADVANCED_FACE('',(#3810),#3821,.F.);
#3810 = FACE_BOUND('',#3811,.F.);
#3811 = EDGE_LOOP('',(#3812,#3813,#3819,#3820));
#3812 = ORIENTED_EDGE('',*,*,#3734,.F.);
#3813 = ORIENTED_EDGE('',*,*,#3814,.F.);
#3814 = EDGE_CURVE('',#3790,#3735,#3815,.T.);
#3815 = LINE('',#3816,#3817);
#3816 = CARTESIAN_POINT('',(-0.32,-0.32,-2.84));
#3817 = VECTOR('',#3818,1.);
#3818 = DIRECTION('',(1.,0.,0.));
#3819 = ORIENTED_EDGE('',*,*,#3789,.T.);
#3820 = ORIENTED_EDGE('',*,*,#3105,.F.);
#3821 = PLANE('',#3822);
#3822 = AXIS2_PLACEMENT_3D('',#3823,#3824,#3825);
#3823 = CARTESIAN_POINT('',(-0.32,-0.32,-3.));
#3824 = DIRECTION('',(0.,1.,0.));
#3825 = DIRECTION('',(0.,-0.,1.));
#3826 = ADVANCED_FACE('',(#3827),#3852,.F.);
#3827 = FACE_BOUND('',#3828,.F.);
#3828 = EDGE_LOOP('',(#3829,#3837,#3845,#3851));
#3829 = ORIENTED_EDGE('',*,*,#3830,.F.);
#3830 = EDGE_CURVE('',#3831,#3130,#3833,.T.);
#3831 = VERTEX_POINT('',#3832);
#3832 = CARTESIAN_POINT('',(0.32,-2.86,-2.84));
#3833 = LINE('',#3834,#3835);
#3834 = CARTESIAN_POINT('',(0.32,-2.86,-3.));
#3835 = VECTOR('',#3836,1.);
#3836 = DIRECTION('',(0.,0.,1.));
#3837 = ORIENTED_EDGE('',*,*,#3838,.F.);
#3838 = EDGE_CURVE('',#3839,#3831,#3841,.T.);
#3839 = VERTEX_POINT('',#3840);
#3840 = CARTESIAN_POINT('',(-0.32,-2.86,-2.84));
#3841 = LINE('',#3842,#3843);
#3842 = CARTESIAN_POINT('',(-0.32,-2.86,-2.84));
#3843 = VECTOR('',#3844,1.);
#3844 = DIRECTION('',(1.,0.,0.));
#3845 = ORIENTED_EDGE('',*,*,#3846,.T.);
#3846 = EDGE_CURVE('',#3839,#3132,#3847,.T.);
#3847 = LINE('',#3848,#3849);
#3848 = CARTESIAN_POINT('',(-0.32,-2.86,-3.));
#3849 = VECTOR('',#3850,1.);
#3850 = DIRECTION('',(0.,0.,1.));
#3851 = ORIENTED_EDGE('',*,*,#3129,.F.);
#3852 = PLANE('',#3853);
#3853 = AXIS2_PLACEMENT_3D('',#3854,#3855,#3856);
#3854 = CARTESIAN_POINT('',(-0.32,-2.86,-3.));
#3855 = DIRECTION('',(0.,1.,0.));
#3856 = DIRECTION('',(0.,-0.,1.));
#3857 = ADVANCED_FACE('',(#3858),#3876,.T.);
#3858 = FACE_BOUND('',#3859,.T.);
#3859 = EDGE_LOOP('',(#3860,#3861,#3869,#3875));
#3860 = ORIENTED_EDGE('',*,*,#3830,.F.);
#3861 = ORIENTED_EDGE('',*,*,#3862,.T.);
#3862 = EDGE_CURVE('',#3831,#3863,#3865,.T.);
#3863 = VERTEX_POINT('',#3864);
#3864 = CARTESIAN_POINT('',(0.32,-2.22,-2.84));
#3865 = LINE('',#3866,#3867);
#3866 = CARTESIAN_POINT('',(0.32,-2.86,-2.84));
#3867 = VECTOR('',#3868,1.);
#3868 = DIRECTION('',(0.,1.,0.));
#3869 = ORIENTED_EDGE('',*,*,#3870,.T.);
#3870 = EDGE_CURVE('',#3863,#3148,#3871,.T.);
#3871 = LINE('',#3872,#3873);
#3872 = CARTESIAN_POINT('',(0.32,-2.22,-3.));
#3873 = VECTOR('',#3874,1.);
#3874 = DIRECTION('',(0.,0.,1.));
#3875 = ORIENTED_EDGE('',*,*,#3155,.F.);
#3876 = PLANE('',#3877);
#3877 = AXIS2_PLACEMENT_3D('',#3878,#3879,#3880);
#3878 = CARTESIAN_POINT('',(0.32,-2.86,-3.));
#3879 = DIRECTION('',(1.,0.,0.));
#3880 = DIRECTION('',(0.,0.,1.));
#3881 = ADVANCED_FACE('',(#3882),#3900,.T.);
#3882 = FACE_BOUND('',#3883,.T.);
#3883 = EDGE_LOOP('',(#3884,#3885,#3893,#3899));
#3884 = ORIENTED_EDGE('',*,*,#3870,.F.);
#3885 = ORIENTED_EDGE('',*,*,#3886,.F.);
#3886 = EDGE_CURVE('',#3887,#3863,#3889,.T.);
#3887 = VERTEX_POINT('',#3888);
#3888 = CARTESIAN_POINT('',(-0.32,-2.22,-2.84));
#3889 = LINE('',#3890,#3891);
#3890 = CARTESIAN_POINT('',(-0.32,-2.22,-2.84));
#3891 = VECTOR('',#3892,1.);
#3892 = DIRECTION('',(1.,0.,0.));
#3893 = ORIENTED_EDGE('',*,*,#3894,.T.);
#3894 = EDGE_CURVE('',#3887,#3140,#3895,.T.);
#3895 = LINE('',#3896,#3897);
#3896 = CARTESIAN_POINT('',(-0.32,-2.22,-3.));
#3897 = VECTOR('',#3898,1.);
#3898 = DIRECTION('',(0.,0.,1.));
#3899 = ORIENTED_EDGE('',*,*,#3147,.F.);
#3900 = PLANE('',#3901);
#3901 = AXIS2_PLACEMENT_3D('',#3902,#3903,#3904);
#3902 = CARTESIAN_POINT('',(-0.32,-2.22,-3.));
#3903 = DIRECTION('',(0.,1.,0.));
#3904 = DIRECTION('',(0.,-0.,1.));
#3905 = ADVANCED_FACE('',(#3906),#3917,.F.);
#3906 = FACE_BOUND('',#3907,.F.);
#3907 = EDGE_LOOP('',(#3908,#3909,#3915,#3916));
#3908 = ORIENTED_EDGE('',*,*,#3846,.F.);
#3909 = ORIENTED_EDGE('',*,*,#3910,.T.);
#3910 = EDGE_CURVE('',#3839,#3887,#3911,.T.);
#3911 = LINE('',#3912,#3913);
#3912 = CARTESIAN_POINT('',(-0.32,-2.86,-2.84));
#3913 = VECTOR('',#3914,1.);
#3914 = DIRECTION('',(0.,1.,0.));
#3915 = ORIENTED_EDGE('',*,*,#3894,.T.);
#3916 = ORIENTED_EDGE('',*,*,#3139,.F.);
#3917 = PLANE('',#3918);
#3918 = AXIS2_PLACEMENT_3D('',#3919,#3920,#3921);
#3919 = CARTESIAN_POINT('',(-0.32,-2.86,-3.));
#3920 = DIRECTION('',(1.,0.,0.));
#3921 = DIRECTION('',(0.,0.,1.));
#3922 = ADVANCED_FACE('',(#3923),#3948,.T.);
#3923 = FACE_BOUND('',#3924,.T.);
#3924 = EDGE_LOOP('',(#3925,#3933,#3941,#3947));
#3925 = ORIENTED_EDGE('',*,*,#3926,.F.);
#3926 = EDGE_CURVE('',#3927,#3164,#3929,.T.);
#3927 = VERTEX_POINT('',#3928);
#3928 = CARTESIAN_POINT('',(0.32,-4.76,-2.84));
#3929 = LINE('',#3930,#3931);
#3930 = CARTESIAN_POINT('',(0.32,-4.76,-3.));
#3931 = VECTOR('',#3932,1.);
#3932 = DIRECTION('',(0.,0.,1.));
#3933 = ORIENTED_EDGE('',*,*,#3934,.F.);
#3934 = EDGE_CURVE('',#3935,#3927,#3937,.T.);
#3935 = VERTEX_POINT('',#3936);
#3936 = CARTESIAN_POINT('',(-0.32,-4.76,-2.84));
#3937 = LINE('',#3938,#3939);
#3938 = CARTESIAN_POINT('',(-0.32,-4.76,-2.84));
#3939 = VECTOR('',#3940,1.);
#3940 = DIRECTION('',(1.,0.,0.));
#3941 = ORIENTED_EDGE('',*,*,#3942,.T.);
#3942 = EDGE_CURVE('',#3935,#3166,#3943,.T.);
#3943 = LINE('',#3944,#3945);
#3944 = CARTESIAN_POINT('',(-0.32,-4.76,-3.));
#3945 = VECTOR('',#3946,1.);
#3946 = DIRECTION('',(0.,0.,1.));
#3947 = ORIENTED_EDGE('',*,*,#3163,.F.);
#3948 = PLANE('',#3949);
#3949 = AXIS2_PLACEMENT_3D('',#3950,#3951,#3952);
#3950 = CARTESIAN_POINT('',(-0.32,-4.76,-3.));
#3951 = DIRECTION('',(0.,1.,0.));
#3952 = DIRECTION('',(0.,-0.,1.));
#3953 = ADVANCED_FACE('',(#3954),#3972,.F.);
#3954 = FACE_BOUND('',#3955,.F.);
#3955 = EDGE_LOOP('',(#3956,#3964,#3970,#3971));
#3956 = ORIENTED_EDGE('',*,*,#3957,.F.);
#3957 = EDGE_CURVE('',#3958,#3182,#3960,.T.);
#3958 = VERTEX_POINT('',#3959);
#3959 = CARTESIAN_POINT('',(-0.32,-5.4,-2.84));
#3960 = LINE('',#3961,#3962);
#3961 = CARTESIAN_POINT('',(-0.32,-5.4,-3.));
#3962 = VECTOR('',#3963,1.);
#3963 = DIRECTION('',(0.,0.,1.));
#3964 = ORIENTED_EDGE('',*,*,#3965,.T.);
#3965 = EDGE_CURVE('',#3958,#3935,#3966,.T.);
#3966 = LINE('',#3967,#3968);
#3967 = CARTESIAN_POINT('',(-0.32,-5.4,-2.84));
#3968 = VECTOR('',#3969,1.);
#3969 = DIRECTION('',(0.,1.,0.));
#3970 = ORIENTED_EDGE('',*,*,#3942,.T.);
#3971 = ORIENTED_EDGE('',*,*,#3189,.F.);
#3972 = PLANE('',#3973);
#3973 = AXIS2_PLACEMENT_3D('',#3974,#3975,#3976);
#3974 = CARTESIAN_POINT('',(-0.32,-5.4,-3.));
#3975 = DIRECTION('',(1.,0.,0.));
#3976 = DIRECTION('',(0.,0.,1.));
#3977 = ADVANCED_FACE('',(#3978),#3996,.F.);
#3978 = FACE_BOUND('',#3979,.F.);
#3979 = EDGE_LOOP('',(#3980,#3988,#3994,#3995));
#3980 = ORIENTED_EDGE('',*,*,#3981,.F.);
#3981 = EDGE_CURVE('',#3982,#3174,#3984,.T.);
#3982 = VERTEX_POINT('',#3983);
#3983 = CARTESIAN_POINT('',(0.32,-5.4,-2.84));
#3984 = LINE('',#3985,#3986);
#3985 = CARTESIAN_POINT('',(0.32,-5.4,-3.));
#3986 = VECTOR('',#3987,1.);
#3987 = DIRECTION('',(0.,0.,1.));
#3988 = ORIENTED_EDGE('',*,*,#3989,.F.);
#3989 = EDGE_CURVE('',#3958,#3982,#3990,.T.);
#3990 = LINE('',#3991,#3992);
#3991 = CARTESIAN_POINT('',(-0.32,-5.4,-2.84));
#3992 = VECTOR('',#3993,1.);
#3993 = DIRECTION('',(1.,0.,0.));
#3994 = ORIENTED_EDGE('',*,*,#3957,.T.);
#3995 = ORIENTED_EDGE('',*,*,#3181,.F.);
#3996 = PLANE('',#3997);
#3997 = AXIS2_PLACEMENT_3D('',#3998,#3999,#4000);
#3998 = CARTESIAN_POINT('',(-0.32,-5.4,-3.));
#3999 = DIRECTION('',(0.,1.,0.));
#4000 = DIRECTION('',(0.,-0.,1.));
#4001 = ADVANCED_FACE('',(#4002),#4013,.T.);
#4002 = FACE_BOUND('',#4003,.T.);
#4003 = EDGE_LOOP('',(#4004,#4005,#4011,#4012));
#4004 = ORIENTED_EDGE('',*,*,#3981,.F.);
#4005 = ORIENTED_EDGE('',*,*,#4006,.T.);
#4006 = EDGE_CURVE('',#3982,#3927,#4007,.T.);
#4007 = LINE('',#4008,#4009);
#4008 = CARTESIAN_POINT('',(0.32,-5.4,-2.84));
#4009 = VECTOR('',#4010,1.);
#4010 = DIRECTION('',(0.,1.,0.));
#4011 = ORIENTED_EDGE('',*,*,#3926,.T.);
#4012 = ORIENTED_EDGE('',*,*,#3173,.F.);
#4013 = PLANE('',#4014);
#4014 = AXIS2_PLACEMENT_3D('',#4015,#4016,#4017);
#4015 = CARTESIAN_POINT('',(0.32,-5.4,-3.));
#4016 = DIRECTION('',(1.,0.,0.));
#4017 = DIRECTION('',(0.,0.,1.));
#4018 = ADVANCED_FACE('',(#4019),#4044,.T.);
#4019 = FACE_BOUND('',#4020,.T.);
#4020 = EDGE_LOOP('',(#4021,#4029,#4030,#4038));
#4021 = ORIENTED_EDGE('',*,*,#4022,.F.);
#4022 = EDGE_CURVE('',#3343,#4023,#4025,.T.);
#4023 = VERTEX_POINT('',#4024);
#4024 = CARTESIAN_POINT('',(0.32,-0.32,8.38));
#4025 = LINE('',#4026,#4027);
#4026 = CARTESIAN_POINT('',(0.32,-0.32,-3.));
#4027 = VECTOR('',#4028,1.);
#4028 = DIRECTION('',(0.,0.,1.));
#4029 = ORIENTED_EDGE('',*,*,#3342,.T.);
#4030 = ORIENTED_EDGE('',*,*,#4031,.T.);
#4031 = EDGE_CURVE('',#3345,#4032,#4034,.T.);
#4032 = VERTEX_POINT('',#4033);
#4033 = CARTESIAN_POINT('',(0.32,0.32,8.38));
#4034 = LINE('',#4035,#4036);
#4035 = CARTESIAN_POINT('',(0.32,0.32,-3.));
#4036 = VECTOR('',#4037,1.);
#4037 = DIRECTION('',(0.,0.,1.));
#4038 = ORIENTED_EDGE('',*,*,#4039,.F.);
#4039 = EDGE_CURVE('',#4023,#4032,#4040,.T.);
#4040 = LINE('',#4041,#4042);
#4041 = CARTESIAN_POINT('',(0.32,-0.32,8.38));
#4042 = VECTOR('',#4043,1.);
#4043 = DIRECTION('',(0.,1.,0.));
#4044 = PLANE('',#4045);
#4045 = AXIS2_PLACEMENT_3D('',#4046,#4047,#4048);
#4046 = CARTESIAN_POINT('',(0.32,-0.32,-3.));
#4047 = DIRECTION('',(1.,0.,0.));
#4048 = DIRECTION('',(0.,0.,1.));
#4049 = ADVANCED_FACE('',(#4050),#4068,.T.);
#4050 = FACE_BOUND('',#4051,.T.);
#4051 = EDGE_LOOP('',(#4052,#4053,#4054,#4062));
#4052 = ORIENTED_EDGE('',*,*,#4031,.F.);
#4053 = ORIENTED_EDGE('',*,*,#3368,.T.);
#4054 = ORIENTED_EDGE('',*,*,#4055,.T.);
#4055 = EDGE_CURVE('',#3361,#4056,#4058,.T.);
#4056 = VERTEX_POINT('',#4057);
#4057 = CARTESIAN_POINT('',(-0.32,0.32,8.38));
#4058 = LINE('',#4059,#4060);
#4059 = CARTESIAN_POINT('',(-0.32,0.32,-3.));
#4060 = VECTOR('',#4061,1.);
#4061 = DIRECTION('',(0.,0.,1.));
#4062 = ORIENTED_EDGE('',*,*,#4063,.T.);
#4063 = EDGE_CURVE('',#4056,#4032,#4064,.T.);
#4064 = LINE('',#4065,#4066);
#4065 = CARTESIAN_POINT('',(-0.32,0.32,8.38));
#4066 = VECTOR('',#4067,1.);
#4067 = DIRECTION('',(1.,0.,0.));
#4068 = PLANE('',#4069);
#4069 = AXIS2_PLACEMENT_3D('',#4070,#4071,#4072);
#4070 = CARTESIAN_POINT('',(-0.32,0.32,-3.));
#4071 = DIRECTION('',(0.,1.,0.));
#4072 = DIRECTION('',(0.,-0.,1.));
#4073 = ADVANCED_FACE('',(#4074),#4092,.F.);
#4074 = FACE_BOUND('',#4075,.F.);
#4075 = EDGE_LOOP('',(#4076,#4084,#4085,#4086));
#4076 = ORIENTED_EDGE('',*,*,#4077,.F.);
#4077 = EDGE_CURVE('',#3353,#4078,#4080,.T.);
#4078 = VERTEX_POINT('',#4079);
#4079 = CARTESIAN_POINT('',(-0.32,-0.32,8.38));
#4080 = LINE('',#4081,#4082);
#4081 = CARTESIAN_POINT('',(-0.32,-0.32,-3.));
#4082 = VECTOR('',#4083,1.);
#4083 = DIRECTION('',(0.,0.,1.));
#4084 = ORIENTED_EDGE('',*,*,#3360,.T.);
#4085 = ORIENTED_EDGE('',*,*,#4055,.T.);
#4086 = ORIENTED_EDGE('',*,*,#4087,.F.);
#4087 = EDGE_CURVE('',#4078,#4056,#4088,.T.);
#4088 = LINE('',#4089,#4090);
#4089 = CARTESIAN_POINT('',(-0.32,-0.32,8.38));
#4090 = VECTOR('',#4091,1.);
#4091 = DIRECTION('',(0.,1.,0.));
#4092 = PLANE('',#4093);
#4093 = AXIS2_PLACEMENT_3D('',#4094,#4095,#4096);
#4094 = CARTESIAN_POINT('',(-0.32,-0.32,-3.));
#4095 = DIRECTION('',(1.,0.,0.));
#4096 = DIRECTION('',(0.,0.,1.));
#4097 = ADVANCED_FACE('',(#4098),#4109,.F.);
#4098 = FACE_BOUND('',#4099,.F.);
#4099 = EDGE_LOOP('',(#4100,#4101,#4102,#4103));
#4100 = ORIENTED_EDGE('',*,*,#4022,.F.);
#4101 = ORIENTED_EDGE('',*,*,#3352,.T.);
#4102 = ORIENTED_EDGE('',*,*,#4077,.T.);
#4103 = ORIENTED_EDGE('',*,*,#4104,.T.);
#4104 = EDGE_CURVE('',#4078,#4023,#4105,.T.);
#4105 = LINE('',#4106,#4107);
#4106 = CARTESIAN_POINT('',(-0.32,-0.32,8.38));
#4107 = VECTOR('',#4108,1.);
#4108 = DIRECTION('',(1.,0.,0.));
#4109 = PLANE('',#4110);
#4110 = AXIS2_PLACEMENT_3D('',#4111,#4112,#4113);
#4111 = CARTESIAN_POINT('',(-0.32,-0.32,-3.));
#4112 = DIRECTION('',(0.,1.,0.));
#4113 = DIRECTION('',(0.,-0.,1.));
#4114 = ADVANCED_FACE('',(#4115),#4140,.F.);
#4115 = FACE_BOUND('',#4116,.F.);
#4116 = EDGE_LOOP('',(#4117,#4125,#4126,#4134));
#4117 = ORIENTED_EDGE('',*,*,#4118,.F.);
#4118 = EDGE_CURVE('',#3377,#4119,#4121,.T.);
#4119 = VERTEX_POINT('',#4120);
#4120 = CARTESIAN_POINT('',(0.32,-2.86,8.38));
#4121 = LINE('',#4122,#4123);
#4122 = CARTESIAN_POINT('',(0.32,-2.86,-3.));
#4123 = VECTOR('',#4124,1.);
#4124 = DIRECTION('',(0.,0.,1.));
#4125 = ORIENTED_EDGE('',*,*,#3376,.T.);
#4126 = ORIENTED_EDGE('',*,*,#4127,.T.);
#4127 = EDGE_CURVE('',#3379,#4128,#4130,.T.);
#4128 = VERTEX_POINT('',#4129);
#4129 = CARTESIAN_POINT('',(-0.32,-2.86,8.38));
#4130 = LINE('',#4131,#4132);
#4131 = CARTESIAN_POINT('',(-0.32,-2.86,-3.));
#4132 = VECTOR('',#4133,1.);
#4133 = DIRECTION('',(0.,0.,1.));
#4134 = ORIENTED_EDGE('',*,*,#4135,.T.);
#4135 = EDGE_CURVE('',#4128,#4119,#4136,.T.);
#4136 = LINE('',#4137,#4138);
#4137 = CARTESIAN_POINT('',(-0.32,-2.86,8.38));
#4138 = VECTOR('',#4139,1.);
#4139 = DIRECTION('',(1.,0.,0.));
#4140 = PLANE('',#4141);
#4141 = AXIS2_PLACEMENT_3D('',#4142,#4143,#4144);
#4142 = CARTESIAN_POINT('',(-0.32,-2.86,-3.));
#4143 = DIRECTION('',(0.,1.,0.));
#4144 = DIRECTION('',(0.,-0.,1.));
#4145 = ADVANCED_FACE('',(#4146),#4164,.T.);
#4146 = FACE_BOUND('',#4147,.T.);
#4147 = EDGE_LOOP('',(#4148,#4149,#4150,#4158));
#4148 = ORIENTED_EDGE('',*,*,#4118,.F.);
#4149 = ORIENTED_EDGE('',*,*,#3402,.T.);
#4150 = ORIENTED_EDGE('',*,*,#4151,.T.);
#4151 = EDGE_CURVE('',#3395,#4152,#4154,.T.);
#4152 = VERTEX_POINT('',#4153);
#4153 = CARTESIAN_POINT('',(0.32,-2.22,8.38));
#4154 = LINE('',#4155,#4156);
#4155 = CARTESIAN_POINT('',(0.32,-2.22,-3.));
#4156 = VECTOR('',#4157,1.);
#4157 = DIRECTION('',(0.,0.,1.));
#4158 = ORIENTED_EDGE('',*,*,#4159,.F.);
#4159 = EDGE_CURVE('',#4119,#4152,#4160,.T.);
#4160 = LINE('',#4161,#4162);
#4161 = CARTESIAN_POINT('',(0.32,-2.86,8.38));
#4162 = VECTOR('',#4163,1.);
#4163 = DIRECTION('',(0.,1.,0.));
#4164 = PLANE('',#4165);
#4165 = AXIS2_PLACEMENT_3D('',#4166,#4167,#4168);
#4166 = CARTESIAN_POINT('',(0.32,-2.86,-3.));
#4167 = DIRECTION('',(1.,0.,0.));
#4168 = DIRECTION('',(0.,0.,1.));
#4169 = ADVANCED_FACE('',(#4170),#4188,.T.);
#4170 = FACE_BOUND('',#4171,.T.);
#4171 = EDGE_LOOP('',(#4172,#4173,#4174,#4182));
#4172 = ORIENTED_EDGE('',*,*,#4151,.F.);
#4173 = ORIENTED_EDGE('',*,*,#3394,.T.);
#4174 = ORIENTED_EDGE('',*,*,#4175,.T.);
#4175 = EDGE_CURVE('',#3387,#4176,#4178,.T.);
#4176 = VERTEX_POINT('',#4177);
#4177 = CARTESIAN_POINT('',(-0.32,-2.22,8.38));
#4178 = LINE('',#4179,#4180);
#4179 = CARTESIAN_POINT('',(-0.32,-2.22,-3.));
#4180 = VECTOR('',#4181,1.);
#4181 = DIRECTION('',(0.,0.,1.));
#4182 = ORIENTED_EDGE('',*,*,#4183,.T.);
#4183 = EDGE_CURVE('',#4176,#4152,#4184,.T.);
#4184 = LINE('',#4185,#4186);
#4185 = CARTESIAN_POINT('',(-0.32,-2.22,8.38));
#4186 = VECTOR('',#4187,1.);
#4187 = DIRECTION('',(1.,0.,0.));
#4188 = PLANE('',#4189);
#4189 = AXIS2_PLACEMENT_3D('',#4190,#4191,#4192);
#4190 = CARTESIAN_POINT('',(-0.32,-2.22,-3.));
#4191 = DIRECTION('',(0.,1.,0.));
#4192 = DIRECTION('',(0.,-0.,1.));
#4193 = ADVANCED_FACE('',(#4194),#4205,.F.);
#4194 = FACE_BOUND('',#4195,.F.);
#4195 = EDGE_LOOP('',(#4196,#4197,#4198,#4199));
#4196 = ORIENTED_EDGE('',*,*,#4127,.F.);
#4197 = ORIENTED_EDGE('',*,*,#3386,.T.);
#4198 = ORIENTED_EDGE('',*,*,#4175,.T.);
#4199 = ORIENTED_EDGE('',*,*,#4200,.F.);
#4200 = EDGE_CURVE('',#4128,#4176,#4201,.T.);
#4201 = LINE('',#4202,#4203);
#4202 = CARTESIAN_POINT('',(-0.32,-2.86,8.38));
#4203 = VECTOR('',#4204,1.);
#4204 = DIRECTION('',(0.,1.,0.));
#4205 = PLANE('',#4206);
#4206 = AXIS2_PLACEMENT_3D('',#4207,#4208,#4209);
#4207 = CARTESIAN_POINT('',(-0.32,-2.86,-3.));
#4208 = DIRECTION('',(1.,0.,0.));
#4209 = DIRECTION('',(0.,0.,1.));
#4210 = ADVANCED_FACE('',(#4211),#4236,.T.);
#4211 = FACE_BOUND('',#4212,.T.);
#4212 = EDGE_LOOP('',(#4213,#4221,#4222,#4230));
#4213 = ORIENTED_EDGE('',*,*,#4214,.F.);
#4214 = EDGE_CURVE('',#3411,#4215,#4217,.T.);
#4215 = VERTEX_POINT('',#4216);
#4216 = CARTESIAN_POINT('',(0.32,-4.76,8.38));
#4217 = LINE('',#4218,#4219);
#4218 = CARTESIAN_POINT('',(0.32,-4.76,-3.));
#4219 = VECTOR('',#4220,1.);
#4220 = DIRECTION('',(0.,0.,1.));
#4221 = ORIENTED_EDGE('',*,*,#3410,.T.);
#4222 = ORIENTED_EDGE('',*,*,#4223,.T.);
#4223 = EDGE_CURVE('',#3413,#4224,#4226,.T.);
#4224 = VERTEX_POINT('',#4225);
#4225 = CARTESIAN_POINT('',(-0.32,-4.76,8.38));
#4226 = LINE('',#4227,#4228);
#4227 = CARTESIAN_POINT('',(-0.32,-4.76,-3.));
#4228 = VECTOR('',#4229,1.);
#4229 = DIRECTION('',(0.,0.,1.));
#4230 = ORIENTED_EDGE('',*,*,#4231,.T.);
#4231 = EDGE_CURVE('',#4224,#4215,#4232,.T.);
#4232 = LINE('',#4233,#4234);
#4233 = CARTESIAN_POINT('',(-0.32,-4.76,8.38));
#4234 = VECTOR('',#4235,1.);
#4235 = DIRECTION('',(1.,0.,0.));
#4236 = PLANE('',#4237);
#4237 = AXIS2_PLACEMENT_3D('',#4238,#4239,#4240);
#4238 = CARTESIAN_POINT('',(-0.32,-4.76,-3.));
#4239 = DIRECTION('',(0.,1.,0.));
#4240 = DIRECTION('',(0.,-0.,1.));
#4241 = ADVANCED_FACE('',(#4242),#4260,.F.);
#4242 = FACE_BOUND('',#4243,.F.);
#4243 = EDGE_LOOP('',(#4244,#4252,#4253,#4254));
#4244 = ORIENTED_EDGE('',*,*,#4245,.F.);
#4245 = EDGE_CURVE('',#3429,#4246,#4248,.T.);
#4246 = VERTEX_POINT('',#4247);
#4247 = CARTESIAN_POINT('',(-0.32,-5.4,8.38));
#4248 = LINE('',#4249,#4250);
#4249 = CARTESIAN_POINT('',(-0.32,-5.4,-3.));
#4250 = VECTOR('',#4251,1.);
#4251 = DIRECTION('',(0.,0.,1.));
#4252 = ORIENTED_EDGE('',*,*,#3436,.T.);
#4253 = ORIENTED_EDGE('',*,*,#4223,.T.);
#4254 = ORIENTED_EDGE('',*,*,#4255,.F.);
#4255 = EDGE_CURVE('',#4246,#4224,#4256,.T.);
#4256 = LINE('',#4257,#4258);
#4257 = CARTESIAN_POINT('',(-0.32,-5.4,8.38));
#4258 = VECTOR('',#4259,1.);
#4259 = DIRECTION('',(0.,1.,0.));
#4260 = PLANE('',#4261);
#4261 = AXIS2_PLACEMENT_3D('',#4262,#4263,#4264);
#4262 = CARTESIAN_POINT('',(-0.32,-5.4,-3.));
#4263 = DIRECTION('',(1.,0.,0.));
#4264 = DIRECTION('',(0.,0.,1.));
#4265 = ADVANCED_FACE('',(#4266),#4284,.F.);
#4266 = FACE_BOUND('',#4267,.F.);
#4267 = EDGE_LOOP('',(#4268,#4276,#4277,#4278));
#4268 = ORIENTED_EDGE('',*,*,#4269,.F.);
#4269 = EDGE_CURVE('',#3421,#4270,#4272,.T.);
#4270 = VERTEX_POINT('',#4271);
#4271 = CARTESIAN_POINT('',(0.32,-5.4,8.38));
#4272 = LINE('',#4273,#4274);
#4273 = CARTESIAN_POINT('',(0.32,-5.4,-3.));
#4274 = VECTOR('',#4275,1.);
#4275 = DIRECTION('',(0.,0.,1.));
#4276 = ORIENTED_EDGE('',*,*,#3428,.T.);
#4277 = ORIENTED_EDGE('',*,*,#4245,.T.);
#4278 = ORIENTED_EDGE('',*,*,#4279,.T.);
#4279 = EDGE_CURVE('',#4246,#4270,#4280,.T.);
#4280 = LINE('',#4281,#4282);
#4281 = CARTESIAN_POINT('',(-0.32,-5.4,8.38));
#4282 = VECTOR('',#4283,1.);
#4283 = DIRECTION('',(1.,0.,0.));
#4284 = PLANE('',#4285);
#4285 = AXIS2_PLACEMENT_3D('',#4286,#4287,#4288);
#4286 = CARTESIAN_POINT('',(-0.32,-5.4,-3.));
#4287 = DIRECTION('',(0.,1.,0.));
#4288 = DIRECTION('',(0.,-0.,1.));
#4289 = ADVANCED_FACE('',(#4290),#4301,.T.);
#4290 = FACE_BOUND('',#4291,.T.);
#4291 = EDGE_LOOP('',(#4292,#4293,#4294,#4295));
#4292 = ORIENTED_EDGE('',*,*,#4269,.F.);
#4293 = ORIENTED_EDGE('',*,*,#3420,.T.);
#4294 = ORIENTED_EDGE('',*,*,#4214,.T.);
#4295 = ORIENTED_EDGE('',*,*,#4296,.F.);
#4296 = EDGE_CURVE('',#4270,#4215,#4297,.T.);
#4297 = LINE('',#4298,#4299);
#4298 = CARTESIAN_POINT('',(0.32,-5.4,8.38));
#4299 = VECTOR('',#4300,1.);
#4300 = DIRECTION('',(0.,1.,0.));
#4301 = PLANE('',#4302);
#4302 = AXIS2_PLACEMENT_3D('',#4303,#4304,#4305);
#4303 = CARTESIAN_POINT('',(0.32,-5.4,-3.));
#4304 = DIRECTION('',(1.,0.,0.));
#4305 = DIRECTION('',(0.,0.,1.));
#4306 = ADVANCED_FACE('',(#4307),#4332,.F.);
#4307 = FACE_BOUND('',#4308,.F.);
#4308 = EDGE_LOOP('',(#4309,#4317,#4318,#4326));
#4309 = ORIENTED_EDGE('',*,*,#4310,.F.);
#4310 = EDGE_CURVE('',#3735,#4311,#4313,.T.);
#4311 = VERTEX_POINT('',#4312);
#4312 = CARTESIAN_POINT('',(0.16,-0.16,-3.));
#4313 = LINE('',#4314,#4315);
#4314 = CARTESIAN_POINT('',(0.16,-0.16,-3.));
#4315 = VECTOR('',#4316,1.);
#4316 = DIRECTION('',(-0.57735026919,0.57735026919,-0.57735026919));
#4317 = ORIENTED_EDGE('',*,*,#3742,.T.);
#4318 = ORIENTED_EDGE('',*,*,#4319,.T.);
#4319 = EDGE_CURVE('',#3743,#4320,#4322,.T.);
#4320 = VERTEX_POINT('',#4321);
#4321 = CARTESIAN_POINT('',(0.16,0.16,-3.));
#4322 = LINE('',#4323,#4324);
#4323 = CARTESIAN_POINT('',(5.333333333333E-02,5.333333333333E-02,
    -3.106666666667));
#4324 = VECTOR('',#4325,1.);
#4325 = DIRECTION('',(-0.57735026919,-0.57735026919,-0.57735026919));
#4326 = ORIENTED_EDGE('',*,*,#4327,.F.);
#4327 = EDGE_CURVE('',#4311,#4320,#4328,.T.);
#4328 = LINE('',#4329,#4330);
#4329 = CARTESIAN_POINT('',(0.16,-0.32,-3.));
#4330 = VECTOR('',#4331,1.);
#4331 = DIRECTION('',(0.,1.,0.));
#4332 = PLANE('',#4333);
#4333 = AXIS2_PLACEMENT_3D('',#4334,#4335,#4336);
#4334 = CARTESIAN_POINT('',(0.24,-0.32,-2.92));
#4335 = DIRECTION('',(-0.707106781187,1.735167508357E-18,0.707106781187)
  );
#4336 = DIRECTION('',(1.226948711654E-18,1.,-1.226948711654E-18));
#4337 = ADVANCED_FACE('',(#4338),#4356,.F.);
#4338 = FACE_BOUND('',#4339,.T.);
#4339 = EDGE_LOOP('',(#4340,#4348,#4349,#4350));
#4340 = ORIENTED_EDGE('',*,*,#4341,.F.);
#4341 = EDGE_CURVE('',#3767,#4342,#4344,.T.);
#4342 = VERTEX_POINT('',#4343);
#4343 = CARTESIAN_POINT('',(-0.16,0.16,-3.));
#4344 = LINE('',#4345,#4346);
#4345 = CARTESIAN_POINT('',(-0.16,0.16,-3.));
#4346 = VECTOR('',#4347,1.);
#4347 = DIRECTION('',(0.57735026919,-0.57735026919,-0.57735026919));
#4348 = ORIENTED_EDGE('',*,*,#3766,.T.);
#4349 = ORIENTED_EDGE('',*,*,#4319,.T.);
#4350 = ORIENTED_EDGE('',*,*,#4351,.F.);
#4351 = EDGE_CURVE('',#4342,#4320,#4352,.T.);
#4352 = LINE('',#4353,#4354);
#4353 = CARTESIAN_POINT('',(-0.32,0.16,-3.));
#4354 = VECTOR('',#4355,1.);
#4355 = DIRECTION('',(1.,0.,0.));
#4356 = PLANE('',#4357);
#4357 = AXIS2_PLACEMENT_3D('',#4358,#4359,#4360);
#4358 = CARTESIAN_POINT('',(-0.32,0.24,-2.92));
#4359 = DIRECTION('',(-1.735167508357E-18,-0.707106781187,0.707106781187
    ));
#4360 = DIRECTION('',(-1.,1.226948711654E-18,-1.226948711654E-18));
#4361 = ADVANCED_FACE('',(#4362),#4380,.T.);
#4362 = FACE_BOUND('',#4363,.T.);
#4363 = EDGE_LOOP('',(#4364,#4372,#4373,#4374));
#4364 = ORIENTED_EDGE('',*,*,#4365,.F.);
#4365 = EDGE_CURVE('',#3790,#4366,#4368,.T.);
#4366 = VERTEX_POINT('',#4367);
#4367 = CARTESIAN_POINT('',(-0.16,-0.16,-3.));
#4368 = LINE('',#4369,#4370);
#4369 = CARTESIAN_POINT('',(-0.266666666667,-0.266666666667,
    -2.893333333333));
#4370 = VECTOR('',#4371,1.);
#4371 = DIRECTION('',(0.57735026919,0.57735026919,-0.57735026919));
#4372 = ORIENTED_EDGE('',*,*,#3797,.T.);
#4373 = ORIENTED_EDGE('',*,*,#4341,.T.);
#4374 = ORIENTED_EDGE('',*,*,#4375,.F.);
#4375 = EDGE_CURVE('',#4366,#4342,#4376,.T.);
#4376 = LINE('',#4377,#4378);
#4377 = CARTESIAN_POINT('',(-0.16,-0.32,-3.));
#4378 = VECTOR('',#4379,1.);
#4379 = DIRECTION('',(0.,1.,0.));
#4380 = PLANE('',#4381);
#4381 = AXIS2_PLACEMENT_3D('',#4382,#4383,#4384);
#4382 = CARTESIAN_POINT('',(-0.24,-0.32,-2.92));
#4383 = DIRECTION('',(-0.707106781187,-1.735167508357E-18,
    -0.707106781187));
#4384 = DIRECTION('',(-1.226948711654E-18,1.,-1.226948711654E-18));
#4385 = ADVANCED_FACE('',(#4386),#4397,.T.);
#4386 = FACE_BOUND('',#4387,.F.);
#4387 = EDGE_LOOP('',(#4388,#4389,#4390,#4391));
#4388 = ORIENTED_EDGE('',*,*,#4365,.F.);
#4389 = ORIENTED_EDGE('',*,*,#3814,.T.);
#4390 = ORIENTED_EDGE('',*,*,#4310,.T.);
#4391 = ORIENTED_EDGE('',*,*,#4392,.F.);
#4392 = EDGE_CURVE('',#4366,#4311,#4393,.T.);
#4393 = LINE('',#4394,#4395);
#4394 = CARTESIAN_POINT('',(-0.32,-0.16,-3.));
#4395 = VECTOR('',#4396,1.);
#4396 = DIRECTION('',(1.,0.,0.));
#4397 = PLANE('',#4398);
#4398 = AXIS2_PLACEMENT_3D('',#4399,#4400,#4401);
#4399 = CARTESIAN_POINT('',(-0.32,-0.24,-2.92));
#4400 = DIRECTION('',(1.735167508357E-18,-0.707106781187,-0.707106781187
    ));
#4401 = DIRECTION('',(-1.,-1.226948711654E-18,-1.226948711654E-18));
#4402 = ADVANCED_FACE('',(#4403),#4428,.T.);
#4403 = FACE_BOUND('',#4404,.F.);
#4404 = EDGE_LOOP('',(#4405,#4413,#4414,#4422));
#4405 = ORIENTED_EDGE('',*,*,#4406,.F.);
#4406 = EDGE_CURVE('',#3839,#4407,#4409,.T.);
#4407 = VERTEX_POINT('',#4408);
#4408 = CARTESIAN_POINT('',(-0.16,-2.7,-3.));
#4409 = LINE('',#4410,#4411);
#4410 = CARTESIAN_POINT('',(-0.266666666667,-2.806666666667,
    -2.893333333333));
#4411 = VECTOR('',#4412,1.);
#4412 = DIRECTION('',(0.57735026919,0.57735026919,-0.57735026919));
#4413 = ORIENTED_EDGE('',*,*,#3838,.T.);
#4414 = ORIENTED_EDGE('',*,*,#4415,.T.);
#4415 = EDGE_CURVE('',#3831,#4416,#4418,.T.);
#4416 = VERTEX_POINT('',#4417);
#4417 = CARTESIAN_POINT('',(0.16,-2.7,-3.));
#4418 = LINE('',#4419,#4420);
#4419 = CARTESIAN_POINT('',(0.16,-2.7,-3.));
#4420 = VECTOR('',#4421,1.);
#4421 = DIRECTION('',(-0.57735026919,0.57735026919,-0.57735026919));
#4422 = ORIENTED_EDGE('',*,*,#4423,.F.);
#4423 = EDGE_CURVE('',#4407,#4416,#4424,.T.);
#4424 = LINE('',#4425,#4426);
#4425 = CARTESIAN_POINT('',(-0.32,-2.7,-3.));
#4426 = VECTOR('',#4427,1.);
#4427 = DIRECTION('',(1.,0.,0.));
#4428 = PLANE('',#4429);
#4429 = AXIS2_PLACEMENT_3D('',#4430,#4431,#4432);
#4430 = CARTESIAN_POINT('',(-0.32,-2.78,-2.92));
#4431 = DIRECTION('',(1.735167508357E-18,-0.707106781187,-0.707106781187
    ));
#4432 = DIRECTION('',(-1.,-1.226948711654E-18,-1.226948711654E-18));
#4433 = ADVANCED_FACE('',(#4434),#4452,.F.);
#4434 = FACE_BOUND('',#4435,.F.);
#4435 = EDGE_LOOP('',(#4436,#4437,#4438,#4446));
#4436 = ORIENTED_EDGE('',*,*,#4415,.F.);
#4437 = ORIENTED_EDGE('',*,*,#3862,.T.);
#4438 = ORIENTED_EDGE('',*,*,#4439,.T.);
#4439 = EDGE_CURVE('',#3863,#4440,#4442,.T.);
#4440 = VERTEX_POINT('',#4441);
#4441 = CARTESIAN_POINT('',(0.16,-2.38,-3.));
#4442 = LINE('',#4443,#4444);
#4443 = CARTESIAN_POINT('',(5.333333333333E-02,-2.486666666667,
    -3.106666666667));
#4444 = VECTOR('',#4445,1.);
#4445 = DIRECTION('',(-0.57735026919,-0.57735026919,-0.57735026919));
#4446 = ORIENTED_EDGE('',*,*,#4447,.F.);
#4447 = EDGE_CURVE('',#4416,#4440,#4448,.T.);
#4448 = LINE('',#4449,#4450);
#4449 = CARTESIAN_POINT('',(0.16,-2.86,-3.));
#4450 = VECTOR('',#4451,1.);
#4451 = DIRECTION('',(0.,1.,0.));
#4452 = PLANE('',#4453);
#4453 = AXIS2_PLACEMENT_3D('',#4454,#4455,#4456);
#4454 = CARTESIAN_POINT('',(0.24,-2.86,-2.92));
#4455 = DIRECTION('',(-0.707106781187,1.735167508357E-18,0.707106781187)
  );
#4456 = DIRECTION('',(1.226948711654E-18,1.,-1.226948711654E-18));
#4457 = ADVANCED_FACE('',(#4458),#4476,.F.);
#4458 = FACE_BOUND('',#4459,.T.);
#4459 = EDGE_LOOP('',(#4460,#4468,#4469,#4470));
#4460 = ORIENTED_EDGE('',*,*,#4461,.F.);
#4461 = EDGE_CURVE('',#3887,#4462,#4464,.T.);
#4462 = VERTEX_POINT('',#4463);
#4463 = CARTESIAN_POINT('',(-0.16,-2.38,-3.));
#4464 = LINE('',#4465,#4466);
#4465 = CARTESIAN_POINT('',(-0.16,-2.38,-3.));
#4466 = VECTOR('',#4467,1.);
#4467 = DIRECTION('',(0.57735026919,-0.57735026919,-0.57735026919));
#4468 = ORIENTED_EDGE('',*,*,#3886,.T.);
#4469 = ORIENTED_EDGE('',*,*,#4439,.T.);
#4470 = ORIENTED_EDGE('',*,*,#4471,.F.);
#4471 = EDGE_CURVE('',#4462,#4440,#4472,.T.);
#4472 = LINE('',#4473,#4474);
#4473 = CARTESIAN_POINT('',(-0.32,-2.38,-3.));
#4474 = VECTOR('',#4475,1.);
#4475 = DIRECTION('',(1.,0.,0.));
#4476 = PLANE('',#4477);
#4477 = AXIS2_PLACEMENT_3D('',#4478,#4479,#4480);
#4478 = CARTESIAN_POINT('',(-0.32,-2.3,-2.92));
#4479 = DIRECTION('',(-1.735167508357E-18,-0.707106781187,0.707106781187
    ));
#4480 = DIRECTION('',(-1.,1.226948711654E-18,-1.226948711654E-18));
#4481 = ADVANCED_FACE('',(#4482),#4493,.T.);
#4482 = FACE_BOUND('',#4483,.T.);
#4483 = EDGE_LOOP('',(#4484,#4485,#4486,#4487));
#4484 = ORIENTED_EDGE('',*,*,#4406,.F.);
#4485 = ORIENTED_EDGE('',*,*,#3910,.T.);
#4486 = ORIENTED_EDGE('',*,*,#4461,.T.);
#4487 = ORIENTED_EDGE('',*,*,#4488,.F.);
#4488 = EDGE_CURVE('',#4407,#4462,#4489,.T.);
#4489 = LINE('',#4490,#4491);
#4490 = CARTESIAN_POINT('',(-0.16,-2.86,-3.));
#4491 = VECTOR('',#4492,1.);
#4492 = DIRECTION('',(0.,1.,0.));
#4493 = PLANE('',#4494);
#4494 = AXIS2_PLACEMENT_3D('',#4495,#4496,#4497);
#4495 = CARTESIAN_POINT('',(-0.24,-2.86,-2.92));
#4496 = DIRECTION('',(-0.707106781187,-1.735167508357E-18,
    -0.707106781187));
#4497 = DIRECTION('',(-1.226948711654E-18,1.,-1.226948711654E-18));
#4498 = ADVANCED_FACE('',(#4499),#4524,.F.);
#4499 = FACE_BOUND('',#4500,.T.);
#4500 = EDGE_LOOP('',(#4501,#4509,#4510,#4518));
#4501 = ORIENTED_EDGE('',*,*,#4502,.F.);
#4502 = EDGE_CURVE('',#3935,#4503,#4505,.T.);
#4503 = VERTEX_POINT('',#4504);
#4504 = CARTESIAN_POINT('',(-0.16,-4.92,-3.));
#4505 = LINE('',#4506,#4507);
#4506 = CARTESIAN_POINT('',(-0.16,-4.92,-3.));
#4507 = VECTOR('',#4508,1.);
#4508 = DIRECTION('',(0.57735026919,-0.57735026919,-0.57735026919));
#4509 = ORIENTED_EDGE('',*,*,#3934,.T.);
#4510 = ORIENTED_EDGE('',*,*,#4511,.T.);
#4511 = EDGE_CURVE('',#3927,#4512,#4514,.T.);
#4512 = VERTEX_POINT('',#4513);
#4513 = CARTESIAN_POINT('',(0.16,-4.92,-3.));
#4514 = LINE('',#4515,#4516);
#4515 = CARTESIAN_POINT('',(5.333333333333E-02,-5.026666666667,
    -3.106666666667));
#4516 = VECTOR('',#4517,1.);
#4517 = DIRECTION('',(-0.57735026919,-0.57735026919,-0.57735026919));
#4518 = ORIENTED_EDGE('',*,*,#4519,.F.);
#4519 = EDGE_CURVE('',#4503,#4512,#4520,.T.);
#4520 = LINE('',#4521,#4522);
#4521 = CARTESIAN_POINT('',(-0.32,-4.92,-3.));
#4522 = VECTOR('',#4523,1.);
#4523 = DIRECTION('',(1.,0.,0.));
#4524 = PLANE('',#4525);
#4525 = AXIS2_PLACEMENT_3D('',#4526,#4527,#4528);
#4526 = CARTESIAN_POINT('',(-0.32,-4.84,-2.92));
#4527 = DIRECTION('',(-1.735167508357E-18,-0.707106781187,0.707106781187
    ));
#4528 = DIRECTION('',(-1.,1.226948711654E-18,-1.226948711654E-18));
#4529 = ADVANCED_FACE('',(#4530),#4548,.T.);
#4530 = FACE_BOUND('',#4531,.T.);
#4531 = EDGE_LOOP('',(#4532,#4540,#4541,#4542));
#4532 = ORIENTED_EDGE('',*,*,#4533,.F.);
#4533 = EDGE_CURVE('',#3958,#4534,#4536,.T.);
#4534 = VERTEX_POINT('',#4535);
#4535 = CARTESIAN_POINT('',(-0.16,-5.24,-3.));
#4536 = LINE('',#4537,#4538);
#4537 = CARTESIAN_POINT('',(-0.266666666667,-5.346666666667,
    -2.893333333333));
#4538 = VECTOR('',#4539,1.);
#4539 = DIRECTION('',(0.57735026919,0.57735026919,-0.57735026919));
#4540 = ORIENTED_EDGE('',*,*,#3965,.T.);
#4541 = ORIENTED_EDGE('',*,*,#4502,.T.);
#4542 = ORIENTED_EDGE('',*,*,#4543,.F.);
#4543 = EDGE_CURVE('',#4534,#4503,#4544,.T.);
#4544 = LINE('',#4545,#4546);
#4545 = CARTESIAN_POINT('',(-0.16,-5.4,-3.));
#4546 = VECTOR('',#4547,1.);
#4547 = DIRECTION('',(0.,1.,0.));
#4548 = PLANE('',#4549);
#4549 = AXIS2_PLACEMENT_3D('',#4550,#4551,#4552);
#4550 = CARTESIAN_POINT('',(-0.24,-5.4,-2.92));
#4551 = DIRECTION('',(-0.707106781187,-1.735167508357E-18,
    -0.707106781187));
#4552 = DIRECTION('',(-1.226948711654E-18,1.,-1.226948711654E-18));
#4553 = ADVANCED_FACE('',(#4554),#4572,.T.);
#4554 = FACE_BOUND('',#4555,.F.);
#4555 = EDGE_LOOP('',(#4556,#4557,#4558,#4566));
#4556 = ORIENTED_EDGE('',*,*,#4533,.F.);
#4557 = ORIENTED_EDGE('',*,*,#3989,.T.);
#4558 = ORIENTED_EDGE('',*,*,#4559,.T.);
#4559 = EDGE_CURVE('',#3982,#4560,#4562,.T.);
#4560 = VERTEX_POINT('',#4561);
#4561 = CARTESIAN_POINT('',(0.16,-5.24,-3.));
#4562 = LINE('',#4563,#4564);
#4563 = CARTESIAN_POINT('',(0.16,-5.24,-3.));
#4564 = VECTOR('',#4565,1.);
#4565 = DIRECTION('',(-0.57735026919,0.57735026919,-0.57735026919));
#4566 = ORIENTED_EDGE('',*,*,#4567,.F.);
#4567 = EDGE_CURVE('',#4534,#4560,#4568,.T.);
#4568 = LINE('',#4569,#4570);
#4569 = CARTESIAN_POINT('',(-0.32,-5.24,-3.));
#4570 = VECTOR('',#4571,1.);
#4571 = DIRECTION('',(1.,0.,0.));
#4572 = PLANE('',#4573);
#4573 = AXIS2_PLACEMENT_3D('',#4574,#4575,#4576);
#4574 = CARTESIAN_POINT('',(-0.32,-5.32,-2.92));
#4575 = DIRECTION('',(1.735167508357E-18,-0.707106781187,-0.707106781187
    ));
#4576 = DIRECTION('',(-1.,-1.226948711654E-18,-1.226948711654E-18));
#4577 = ADVANCED_FACE('',(#4578),#4589,.F.);
#4578 = FACE_BOUND('',#4579,.F.);
#4579 = EDGE_LOOP('',(#4580,#4581,#4582,#4583));
#4580 = ORIENTED_EDGE('',*,*,#4559,.F.);
#4581 = ORIENTED_EDGE('',*,*,#4006,.T.);
#4582 = ORIENTED_EDGE('',*,*,#4511,.T.);
#4583 = ORIENTED_EDGE('',*,*,#4584,.F.);
#4584 = EDGE_CURVE('',#4560,#4512,#4585,.T.);
#4585 = LINE('',#4586,#4587);
#4586 = CARTESIAN_POINT('',(0.16,-5.4,-3.));
#4587 = VECTOR('',#4588,1.);
#4588 = DIRECTION('',(0.,1.,0.));
#4589 = PLANE('',#4590);
#4590 = AXIS2_PLACEMENT_3D('',#4591,#4592,#4593);
#4591 = CARTESIAN_POINT('',(0.24,-5.4,-2.92));
#4592 = DIRECTION('',(-0.707106781187,1.735167508357E-18,0.707106781187)
  );
#4593 = DIRECTION('',(1.226948711654E-18,1.,-1.226948711654E-18));
#4594 = ADVANCED_FACE('',(#4595),#4620,.T.);
#4595 = FACE_BOUND('',#4596,.T.);
#4596 = EDGE_LOOP('',(#4597,#4605,#4606,#4614));
#4597 = ORIENTED_EDGE('',*,*,#4598,.F.);
#4598 = EDGE_CURVE('',#4023,#4599,#4601,.T.);
#4599 = VERTEX_POINT('',#4600);
#4600 = CARTESIAN_POINT('',(0.16,-0.16,8.54));
#4601 = LINE('',#4602,#4603);
#4602 = CARTESIAN_POINT('',(0.16,-0.16,8.54));
#4603 = VECTOR('',#4604,1.);
#4604 = DIRECTION('',(-0.57735026919,0.57735026919,0.57735026919));
#4605 = ORIENTED_EDGE('',*,*,#4039,.T.);
#4606 = ORIENTED_EDGE('',*,*,#4607,.T.);
#4607 = EDGE_CURVE('',#4032,#4608,#4610,.T.);
#4608 = VERTEX_POINT('',#4609);
#4609 = CARTESIAN_POINT('',(0.16,0.16,8.54));
#4610 = LINE('',#4611,#4612);
#4611 = CARTESIAN_POINT('',(5.333333333333E-02,5.333333333333E-02,
    8.646666666667));
#4612 = VECTOR('',#4613,1.);
#4613 = DIRECTION('',(-0.57735026919,-0.57735026919,0.57735026919));
#4614 = ORIENTED_EDGE('',*,*,#4615,.F.);
#4615 = EDGE_CURVE('',#4599,#4608,#4616,.T.);
#4616 = LINE('',#4617,#4618);
#4617 = CARTESIAN_POINT('',(0.16,-0.32,8.54));
#4618 = VECTOR('',#4619,1.);
#4619 = DIRECTION('',(0.,1.,0.));
#4620 = PLANE('',#4621);
#4621 = AXIS2_PLACEMENT_3D('',#4622,#4623,#4624);
#4622 = CARTESIAN_POINT('',(0.24,-0.32,8.46));
#4623 = DIRECTION('',(0.707106781187,-1.735167508357E-18,0.707106781187)
  );
#4624 = DIRECTION('',(1.226948711654E-18,1.,1.226948711654E-18));
#4625 = ADVANCED_FACE('',(#4626),#4644,.T.);
#4626 = FACE_BOUND('',#4627,.F.);
#4627 = EDGE_LOOP('',(#4628,#4636,#4637,#4638));
#4628 = ORIENTED_EDGE('',*,*,#4629,.F.);
#4629 = EDGE_CURVE('',#4056,#4630,#4632,.T.);
#4630 = VERTEX_POINT('',#4631);
#4631 = CARTESIAN_POINT('',(-0.16,0.16,8.54));
#4632 = LINE('',#4633,#4634);
#4633 = CARTESIAN_POINT('',(-0.16,0.16,8.54));
#4634 = VECTOR('',#4635,1.);
#4635 = DIRECTION('',(0.57735026919,-0.57735026919,0.57735026919));
#4636 = ORIENTED_EDGE('',*,*,#4063,.T.);
#4637 = ORIENTED_EDGE('',*,*,#4607,.T.);
#4638 = ORIENTED_EDGE('',*,*,#4639,.F.);
#4639 = EDGE_CURVE('',#4630,#4608,#4640,.T.);
#4640 = LINE('',#4641,#4642);
#4641 = CARTESIAN_POINT('',(-0.32,0.16,8.54));
#4642 = VECTOR('',#4643,1.);
#4643 = DIRECTION('',(1.,0.,0.));
#4644 = PLANE('',#4645);
#4645 = AXIS2_PLACEMENT_3D('',#4646,#4647,#4648);
#4646 = CARTESIAN_POINT('',(-0.32,0.24,8.46));
#4647 = DIRECTION('',(1.735167508357E-18,0.707106781187,0.707106781187)
  );
#4648 = DIRECTION('',(-1.,1.226948711654E-18,1.226948711654E-18));
#4649 = ADVANCED_FACE('',(#4650),#4668,.F.);
#4650 = FACE_BOUND('',#4651,.F.);
#4651 = EDGE_LOOP('',(#4652,#4660,#4661,#4662));
#4652 = ORIENTED_EDGE('',*,*,#4653,.F.);
#4653 = EDGE_CURVE('',#4078,#4654,#4656,.T.);
#4654 = VERTEX_POINT('',#4655);
#4655 = CARTESIAN_POINT('',(-0.16,-0.16,8.54));
#4656 = LINE('',#4657,#4658);
#4657 = CARTESIAN_POINT('',(-0.266666666667,-0.266666666667,
    8.433333333333));
#4658 = VECTOR('',#4659,1.);
#4659 = DIRECTION('',(0.57735026919,0.57735026919,0.57735026919));
#4660 = ORIENTED_EDGE('',*,*,#4087,.T.);
#4661 = ORIENTED_EDGE('',*,*,#4629,.T.);
#4662 = ORIENTED_EDGE('',*,*,#4663,.F.);
#4663 = EDGE_CURVE('',#4654,#4630,#4664,.T.);
#4664 = LINE('',#4665,#4666);
#4665 = CARTESIAN_POINT('',(-0.16,-0.32,8.54));
#4666 = VECTOR('',#4667,1.);
#4667 = DIRECTION('',(0.,1.,0.));
#4668 = PLANE('',#4669);
#4669 = AXIS2_PLACEMENT_3D('',#4670,#4671,#4672);
#4670 = CARTESIAN_POINT('',(-0.24,-0.32,8.46));
#4671 = DIRECTION('',(0.707106781187,1.735167508357E-18,-0.707106781187)
  );
#4672 = DIRECTION('',(-1.226948711654E-18,1.,1.226948711654E-18));
#4673 = ADVANCED_FACE('',(#4674),#4685,.F.);
#4674 = FACE_BOUND('',#4675,.T.);
#4675 = EDGE_LOOP('',(#4676,#4677,#4678,#4679));
#4676 = ORIENTED_EDGE('',*,*,#4653,.F.);
#4677 = ORIENTED_EDGE('',*,*,#4104,.T.);
#4678 = ORIENTED_EDGE('',*,*,#4598,.T.);
#4679 = ORIENTED_EDGE('',*,*,#4680,.F.);
#4680 = EDGE_CURVE('',#4654,#4599,#4681,.T.);
#4681 = LINE('',#4682,#4683);
#4682 = CARTESIAN_POINT('',(-0.32,-0.16,8.54));
#4683 = VECTOR('',#4684,1.);
#4684 = DIRECTION('',(1.,0.,0.));
#4685 = PLANE('',#4686);
#4686 = AXIS2_PLACEMENT_3D('',#4687,#4688,#4689);
#4687 = CARTESIAN_POINT('',(-0.32,-0.24,8.46));
#4688 = DIRECTION('',(-1.735167508357E-18,0.707106781187,-0.707106781187
    ));
#4689 = DIRECTION('',(-1.,-1.226948711654E-18,1.226948711654E-18));
#4690 = ADVANCED_FACE('',(#4691),#4716,.F.);
#4691 = FACE_BOUND('',#4692,.T.);
#4692 = EDGE_LOOP('',(#4693,#4701,#4702,#4710));
#4693 = ORIENTED_EDGE('',*,*,#4694,.F.);
#4694 = EDGE_CURVE('',#4128,#4695,#4697,.T.);
#4695 = VERTEX_POINT('',#4696);
#4696 = CARTESIAN_POINT('',(-0.16,-2.7,8.54));
#4697 = LINE('',#4698,#4699);
#4698 = CARTESIAN_POINT('',(-0.266666666667,-2.806666666667,
    8.433333333333));
#4699 = VECTOR('',#4700,1.);
#4700 = DIRECTION('',(0.57735026919,0.57735026919,0.57735026919));
#4701 = ORIENTED_EDGE('',*,*,#4135,.T.);
#4702 = ORIENTED_EDGE('',*,*,#4703,.T.);
#4703 = EDGE_CURVE('',#4119,#4704,#4706,.T.);
#4704 = VERTEX_POINT('',#4705);
#4705 = CARTESIAN_POINT('',(0.16,-2.7,8.54));
#4706 = LINE('',#4707,#4708);
#4707 = CARTESIAN_POINT('',(0.16,-2.7,8.54));
#4708 = VECTOR('',#4709,1.);
#4709 = DIRECTION('',(-0.57735026919,0.57735026919,0.57735026919));
#4710 = ORIENTED_EDGE('',*,*,#4711,.F.);
#4711 = EDGE_CURVE('',#4695,#4704,#4712,.T.);
#4712 = LINE('',#4713,#4714);
#4713 = CARTESIAN_POINT('',(-0.32,-2.7,8.54));
#4714 = VECTOR('',#4715,1.);
#4715 = DIRECTION('',(1.,0.,0.));
#4716 = PLANE('',#4717);
#4717 = AXIS2_PLACEMENT_3D('',#4718,#4719,#4720);
#4718 = CARTESIAN_POINT('',(-0.32,-2.78,8.46));
#4719 = DIRECTION('',(-1.735167508357E-18,0.707106781187,-0.707106781187
    ));
#4720 = DIRECTION('',(-1.,-1.226948711654E-18,1.226948711654E-18));
#4721 = ADVANCED_FACE('',(#4722),#4740,.T.);
#4722 = FACE_BOUND('',#4723,.T.);
#4723 = EDGE_LOOP('',(#4724,#4725,#4726,#4734));
#4724 = ORIENTED_EDGE('',*,*,#4703,.F.);
#4725 = ORIENTED_EDGE('',*,*,#4159,.T.);
#4726 = ORIENTED_EDGE('',*,*,#4727,.T.);
#4727 = EDGE_CURVE('',#4152,#4728,#4730,.T.);
#4728 = VERTEX_POINT('',#4729);
#4729 = CARTESIAN_POINT('',(0.16,-2.38,8.54));
#4730 = LINE('',#4731,#4732);
#4731 = CARTESIAN_POINT('',(5.333333333333E-02,-2.486666666667,
    8.646666666667));
#4732 = VECTOR('',#4733,1.);
#4733 = DIRECTION('',(-0.57735026919,-0.57735026919,0.57735026919));
#4734 = ORIENTED_EDGE('',*,*,#4735,.F.);
#4735 = EDGE_CURVE('',#4704,#4728,#4736,.T.);
#4736 = LINE('',#4737,#4738);
#4737 = CARTESIAN_POINT('',(0.16,-2.86,8.54));
#4738 = VECTOR('',#4739,1.);
#4739 = DIRECTION('',(0.,1.,0.));
#4740 = PLANE('',#4741);
#4741 = AXIS2_PLACEMENT_3D('',#4742,#4743,#4744);
#4742 = CARTESIAN_POINT('',(0.24,-2.86,8.46));
#4743 = DIRECTION('',(0.707106781187,-1.735167508357E-18,0.707106781187)
  );
#4744 = DIRECTION('',(1.226948711654E-18,1.,1.226948711654E-18));
#4745 = ADVANCED_FACE('',(#4746),#4764,.T.);
#4746 = FACE_BOUND('',#4747,.F.);
#4747 = EDGE_LOOP('',(#4748,#4756,#4757,#4758));
#4748 = ORIENTED_EDGE('',*,*,#4749,.F.);
#4749 = EDGE_CURVE('',#4176,#4750,#4752,.T.);
#4750 = VERTEX_POINT('',#4751);
#4751 = CARTESIAN_POINT('',(-0.16,-2.38,8.54));
#4752 = LINE('',#4753,#4754);
#4753 = CARTESIAN_POINT('',(-0.16,-2.38,8.54));
#4754 = VECTOR('',#4755,1.);
#4755 = DIRECTION('',(0.57735026919,-0.57735026919,0.57735026919));
#4756 = ORIENTED_EDGE('',*,*,#4183,.T.);
#4757 = ORIENTED_EDGE('',*,*,#4727,.T.);
#4758 = ORIENTED_EDGE('',*,*,#4759,.F.);
#4759 = EDGE_CURVE('',#4750,#4728,#4760,.T.);
#4760 = LINE('',#4761,#4762);
#4761 = CARTESIAN_POINT('',(-0.32,-2.38,8.54));
#4762 = VECTOR('',#4763,1.);
#4763 = DIRECTION('',(1.,0.,0.));
#4764 = PLANE('',#4765);
#4765 = AXIS2_PLACEMENT_3D('',#4766,#4767,#4768);
#4766 = CARTESIAN_POINT('',(-0.32,-2.3,8.46));
#4767 = DIRECTION('',(1.735167508357E-18,0.707106781187,0.707106781187)
  );
#4768 = DIRECTION('',(-1.,1.226948711654E-18,1.226948711654E-18));
#4769 = ADVANCED_FACE('',(#4770),#4781,.F.);
#4770 = FACE_BOUND('',#4771,.F.);
#4771 = EDGE_LOOP('',(#4772,#4773,#4774,#4775));
#4772 = ORIENTED_EDGE('',*,*,#4694,.F.);
#4773 = ORIENTED_EDGE('',*,*,#4200,.T.);
#4774 = ORIENTED_EDGE('',*,*,#4749,.T.);
#4775 = ORIENTED_EDGE('',*,*,#4776,.F.);
#4776 = EDGE_CURVE('',#4695,#4750,#4777,.T.);
#4777 = LINE('',#4778,#4779);
#4778 = CARTESIAN_POINT('',(-0.16,-2.86,8.54));
#4779 = VECTOR('',#4780,1.);
#4780 = DIRECTION('',(0.,1.,0.));
#4781 = PLANE('',#4782);
#4782 = AXIS2_PLACEMENT_3D('',#4783,#4784,#4785);
#4783 = CARTESIAN_POINT('',(-0.24,-2.86,8.46));
#4784 = DIRECTION('',(0.707106781187,1.735167508357E-18,-0.707106781187)
  );
#4785 = DIRECTION('',(-1.226948711654E-18,1.,1.226948711654E-18));
#4786 = ADVANCED_FACE('',(#4787),#4812,.T.);
#4787 = FACE_BOUND('',#4788,.F.);
#4788 = EDGE_LOOP('',(#4789,#4797,#4798,#4806));
#4789 = ORIENTED_EDGE('',*,*,#4790,.F.);
#4790 = EDGE_CURVE('',#4224,#4791,#4793,.T.);
#4791 = VERTEX_POINT('',#4792);
#4792 = CARTESIAN_POINT('',(-0.16,-4.92,8.54));
#4793 = LINE('',#4794,#4795);
#4794 = CARTESIAN_POINT('',(-0.16,-4.92,8.54));
#4795 = VECTOR('',#4796,1.);
#4796 = DIRECTION('',(0.57735026919,-0.57735026919,0.57735026919));
#4797 = ORIENTED_EDGE('',*,*,#4231,.T.);
#4798 = ORIENTED_EDGE('',*,*,#4799,.T.);
#4799 = EDGE_CURVE('',#4215,#4800,#4802,.T.);
#4800 = VERTEX_POINT('',#4801);
#4801 = CARTESIAN_POINT('',(0.16,-4.92,8.54));
#4802 = LINE('',#4803,#4804);
#4803 = CARTESIAN_POINT('',(5.333333333333E-02,-5.026666666667,
    8.646666666667));
#4804 = VECTOR('',#4805,1.);
#4805 = DIRECTION('',(-0.57735026919,-0.57735026919,0.57735026919));
#4806 = ORIENTED_EDGE('',*,*,#4807,.F.);
#4807 = EDGE_CURVE('',#4791,#4800,#4808,.T.);
#4808 = LINE('',#4809,#4810);
#4809 = CARTESIAN_POINT('',(-0.32,-4.92,8.54));
#4810 = VECTOR('',#4811,1.);
#4811 = DIRECTION('',(1.,0.,0.));
#4812 = PLANE('',#4813);
#4813 = AXIS2_PLACEMENT_3D('',#4814,#4815,#4816);
#4814 = CARTESIAN_POINT('',(-0.32,-4.84,8.46));
#4815 = DIRECTION('',(1.735167508357E-18,0.707106781187,0.707106781187)
  );
#4816 = DIRECTION('',(-1.,1.226948711654E-18,1.226948711654E-18));
#4817 = ADVANCED_FACE('',(#4818),#4836,.F.);
#4818 = FACE_BOUND('',#4819,.F.);
#4819 = EDGE_LOOP('',(#4820,#4828,#4829,#4830));
#4820 = ORIENTED_EDGE('',*,*,#4821,.F.);
#4821 = EDGE_CURVE('',#4246,#4822,#4824,.T.);
#4822 = VERTEX_POINT('',#4823);
#4823 = CARTESIAN_POINT('',(-0.16,-5.24,8.54));
#4824 = LINE('',#4825,#4826);
#4825 = CARTESIAN_POINT('',(-0.266666666667,-5.346666666667,
    8.433333333333));
#4826 = VECTOR('',#4827,1.);
#4827 = DIRECTION('',(0.57735026919,0.57735026919,0.57735026919));
#4828 = ORIENTED_EDGE('',*,*,#4255,.T.);
#4829 = ORIENTED_EDGE('',*,*,#4790,.T.);
#4830 = ORIENTED_EDGE('',*,*,#4831,.F.);
#4831 = EDGE_CURVE('',#4822,#4791,#4832,.T.);
#4832 = LINE('',#4833,#4834);
#4833 = CARTESIAN_POINT('',(-0.16,-5.4,8.54));
#4834 = VECTOR('',#4835,1.);
#4835 = DIRECTION('',(0.,1.,0.));
#4836 = PLANE('',#4837);
#4837 = AXIS2_PLACEMENT_3D('',#4838,#4839,#4840);
#4838 = CARTESIAN_POINT('',(-0.24,-5.4,8.46));
#4839 = DIRECTION('',(0.707106781187,1.735167508357E-18,-0.707106781187)
  );
#4840 = DIRECTION('',(-1.226948711654E-18,1.,1.226948711654E-18));
#4841 = ADVANCED_FACE('',(#4842),#4860,.F.);
#4842 = FACE_BOUND('',#4843,.T.);
#4843 = EDGE_LOOP('',(#4844,#4845,#4846,#4854));
#4844 = ORIENTED_EDGE('',*,*,#4821,.F.);
#4845 = ORIENTED_EDGE('',*,*,#4279,.T.);
#4846 = ORIENTED_EDGE('',*,*,#4847,.T.);
#4847 = EDGE_CURVE('',#4270,#4848,#4850,.T.);
#4848 = VERTEX_POINT('',#4849);
#4849 = CARTESIAN_POINT('',(0.16,-5.24,8.54));
#4850 = LINE('',#4851,#4852);
#4851 = CARTESIAN_POINT('',(0.16,-5.24,8.54));
#4852 = VECTOR('',#4853,1.);
#4853 = DIRECTION('',(-0.57735026919,0.57735026919,0.57735026919));
#4854 = ORIENTED_EDGE('',*,*,#4855,.F.);
#4855 = EDGE_CURVE('',#4822,#4848,#4856,.T.);
#4856 = LINE('',#4857,#4858);
#4857 = CARTESIAN_POINT('',(-0.32,-5.24,8.54));
#4858 = VECTOR('',#4859,1.);
#4859 = DIRECTION('',(1.,0.,0.));
#4860 = PLANE('',#4861);
#4861 = AXIS2_PLACEMENT_3D('',#4862,#4863,#4864);
#4862 = CARTESIAN_POINT('',(-0.32,-5.32,8.46));
#4863 = DIRECTION('',(-1.735167508357E-18,0.707106781187,-0.707106781187
    ));
#4864 = DIRECTION('',(-1.,-1.226948711654E-18,1.226948711654E-18));
#4865 = ADVANCED_FACE('',(#4866),#4877,.T.);
#4866 = FACE_BOUND('',#4867,.T.);
#4867 = EDGE_LOOP('',(#4868,#4869,#4870,#4871));
#4868 = ORIENTED_EDGE('',*,*,#4847,.F.);
#4869 = ORIENTED_EDGE('',*,*,#4296,.T.);
#4870 = ORIENTED_EDGE('',*,*,#4799,.T.);
#4871 = ORIENTED_EDGE('',*,*,#4872,.F.);
#4872 = EDGE_CURVE('',#4848,#4800,#4873,.T.);
#4873 = LINE('',#4874,#4875);
#4874 = CARTESIAN_POINT('',(0.16,-5.4,8.54));
#4875 = VECTOR('',#4876,1.);
#4876 = DIRECTION('',(0.,1.,0.));
#4877 = PLANE('',#4878);
#4878 = AXIS2_PLACEMENT_3D('',#4879,#4880,#4881);
#4879 = CARTESIAN_POINT('',(0.24,-5.4,8.46));
#4880 = DIRECTION('',(0.707106781187,-1.735167508357E-18,0.707106781187)
  );
#4881 = DIRECTION('',(1.226948711654E-18,1.,1.226948711654E-18));
#4882 = ADVANCED_FACE('',(#4883),#4889,.F.);
#4883 = FACE_BOUND('',#4884,.F.);
#4884 = EDGE_LOOP('',(#4885,#4886,#4887,#4888));
#4885 = ORIENTED_EDGE('',*,*,#4351,.F.);
#4886 = ORIENTED_EDGE('',*,*,#4375,.F.);
#4887 = ORIENTED_EDGE('',*,*,#4392,.T.);
#4888 = ORIENTED_EDGE('',*,*,#4327,.T.);
#4889 = PLANE('',#4890);
#4890 = AXIS2_PLACEMENT_3D('',#4891,#4892,#4893);
#4891 = CARTESIAN_POINT('',(-0.32,-0.32,-3.));
#4892 = DIRECTION('',(0.,0.,1.));
#4893 = DIRECTION('',(1.,0.,-0.));
#4894 = ADVANCED_FACE('',(#4895),#4901,.F.);
#4895 = FACE_BOUND('',#4896,.F.);
#4896 = EDGE_LOOP('',(#4897,#4898,#4899,#4900));
#4897 = ORIENTED_EDGE('',*,*,#4471,.F.);
#4898 = ORIENTED_EDGE('',*,*,#4488,.F.);
#4899 = ORIENTED_EDGE('',*,*,#4423,.T.);
#4900 = ORIENTED_EDGE('',*,*,#4447,.T.);
#4901 = PLANE('',#4902);
#4902 = AXIS2_PLACEMENT_3D('',#4903,#4904,#4905);
#4903 = CARTESIAN_POINT('',(-0.32,-2.86,-3.));
#4904 = DIRECTION('',(0.,0.,1.));
#4905 = DIRECTION('',(1.,0.,-0.));
#4906 = ADVANCED_FACE('',(#4907),#4913,.F.);
#4907 = FACE_BOUND('',#4908,.F.);
#4908 = EDGE_LOOP('',(#4909,#4910,#4911,#4912));
#4909 = ORIENTED_EDGE('',*,*,#4519,.F.);
#4910 = ORIENTED_EDGE('',*,*,#4543,.F.);
#4911 = ORIENTED_EDGE('',*,*,#4567,.T.);
#4912 = ORIENTED_EDGE('',*,*,#4584,.T.);
#4913 = PLANE('',#4914);
#4914 = AXIS2_PLACEMENT_3D('',#4915,#4916,#4917);
#4915 = CARTESIAN_POINT('',(-0.32,-5.4,-3.));
#4916 = DIRECTION('',(0.,0.,1.));
#4917 = DIRECTION('',(1.,0.,-0.));
#4918 = ADVANCED_FACE('',(#4919),#4925,.T.);
#4919 = FACE_BOUND('',#4920,.T.);
#4920 = EDGE_LOOP('',(#4921,#4922,#4923,#4924));
#4921 = ORIENTED_EDGE('',*,*,#4680,.T.);
#4922 = ORIENTED_EDGE('',*,*,#4615,.T.);
#4923 = ORIENTED_EDGE('',*,*,#4639,.F.);
#4924 = ORIENTED_EDGE('',*,*,#4663,.F.);
#4925 = PLANE('',#4926);
#4926 = AXIS2_PLACEMENT_3D('',#4927,#4928,#4929);
#4927 = CARTESIAN_POINT('',(-0.32,-0.32,8.54));
#4928 = DIRECTION('',(0.,0.,1.));
#4929 = DIRECTION('',(1.,0.,-0.));
#4930 = ADVANCED_FACE('',(#4931),#4937,.T.);
#4931 = FACE_BOUND('',#4932,.T.);
#4932 = EDGE_LOOP('',(#4933,#4934,#4935,#4936));
#4933 = ORIENTED_EDGE('',*,*,#4711,.T.);
#4934 = ORIENTED_EDGE('',*,*,#4735,.T.);
#4935 = ORIENTED_EDGE('',*,*,#4759,.F.);
#4936 = ORIENTED_EDGE('',*,*,#4776,.F.);
#4937 = PLANE('',#4938);
#4938 = AXIS2_PLACEMENT_3D('',#4939,#4940,#4941);
#4939 = CARTESIAN_POINT('',(-0.32,-2.86,8.54));
#4940 = DIRECTION('',(0.,0.,1.));
#4941 = DIRECTION('',(1.,0.,-0.));
#4942 = ADVANCED_FACE('',(#4943),#4949,.T.);
#4943 = FACE_BOUND('',#4944,.T.);
#4944 = EDGE_LOOP('',(#4945,#4946,#4947,#4948));
#4945 = ORIENTED_EDGE('',*,*,#4855,.T.);
#4946 = ORIENTED_EDGE('',*,*,#4872,.T.);
#4947 = ORIENTED_EDGE('',*,*,#4807,.F.);
#4948 = ORIENTED_EDGE('',*,*,#4831,.F.);
#4949 = PLANE('',#4950);
#4950 = AXIS2_PLACEMENT_3D('',#4951,#4952,#4953);
#4951 = CARTESIAN_POINT('',(-0.32,-5.4,8.54));
#4952 = DIRECTION('',(0.,0.,1.));
#4953 = DIRECTION('',(1.,0.,-0.));
#4954 = ( GEOMETRIC_REPRESENTATION_CONTEXT(3) 
GLOBAL_UNCERTAINTY_ASSIGNED_CONTEXT((#4958)) 
GLOBAL_UNIT_ASSIGNED_CONTEXT((#4955,#4956,#4957)) REPRESENTATION_CONTEXT
('Context #1','3D Context with UNIT and UNCERTAINTY') );
#4955 = ( LENGTH_UNIT() NAMED_UNIT(*) SI_UNIT(.MILLI.,.METRE.) );
#4956 = ( NAMED_UNIT(*) PLANE_ANGLE_UNIT() SI_UNIT($,.RADIAN.) );
#4957 = ( NAMED_UNIT(*) SI_UNIT($,.STERADIAN.) SOLID_ANGLE_UNIT() );
#4958 = UNCERTAINTY_MEASURE_WITH_UNIT(LENGTH_MEASURE(1.E-07),#4955,
  'distance_accuracy_value','confusion accuracy');
#4959 = CONTEXT_DEPENDENT_SHAPE_REPRESENTATION(#4960,#4962);
#4960 = ( REPRESENTATION_RELATIONSHIP('','',#2847,#10) 
REPRESENTATION_RELATIONSHIP_WITH_TRANSFORMATION(#4961) 
SHAPE_REPRESENTATION_RELATIONSHIP() );
#4961 = ITEM_DEFINED_TRANSFORMATION('','',#11,#19);
#4962 = PRODUCT_DEFINITION_SHAPE('Placement','Placement of an item',
  #4963);
#4963 = NEXT_ASSEMBLY_USAGE_OCCURRENCE('2','SW6','',#5,#2842,$);
#4964 = PRODUCT_RELATED_PRODUCT_CATEGORY('part',$,(#2844));
#4965 = SHAPE_DEFINITION_REPRESENTATION(#4966,#4972);
#4966 = PRODUCT_DEFINITION_SHAPE('','',#4967);
#4967 = PRODUCT_DEFINITION('design','',#4968,#4971);
#4968 = PRODUCT_DEFINITION_FORMATION('','',#4969);
#4969 = PRODUCT('PinHeader_1x07_P2.54mm_Vertical',
  'PinHeader_1x07_P2.54mm_Vertical','',(#4970));
#4970 = PRODUCT_CONTEXT('',#2,'mechanical');
#4971 = PRODUCT_DEFINITION_CONTEXT('part definition',#2,'design');
#4972 = ADVANCED_BREP_SHAPE_REPRESENTATION('',(#11,#4973),#9775);
#4973 = MANIFOLD_SOLID_BREP('',#4974);
#4974 = CLOSED_SHELL('',(#4975,#5015,#5046,#5077,#5652,#6227,#6244,#6261
    ,#6278,#6295,#6312,#6329,#6346,#6363,#6380,#6397,#6414,#6431,#6448,
    #6465,#6482,#6499,#6516,#6533,#6550,#6567,#6584,#6601,#6618,#6635,
    #6652,#6669,#6686,#6703,#6720,#6737,#6754,#6771,#6788,#6805,#6822,
    #6839,#6856,#6873,#6890,#6907,#6919,#6950,#6974,#6998,#7015,#7046,
    #7070,#7094,#7111,#7142,#7166,#7190,#7207,#7238,#7262,#7286,#7303,
    #7334,#7358,#7382,#7399,#7430,#7454,#7478,#7495,#7526,#7550,#7574,
    #7591,#7622,#7646,#7670,#7687,#7718,#7742,#7766,#7783,#7814,#7838,
    #7862,#7879,#7910,#7934,#7958,#7975,#8006,#8030,#8054,#8071,#8102,
    #8126,#8150,#8167,#8198,#8222,#8246,#8263,#8294,#8318,#8342,#8359,
    #8390,#8414,#8438,#8455,#8486,#8510,#8534,#8551,#8582,#8606,#8630,
    #8647,#8678,#8702,#8726,#8743,#8774,#8798,#8822,#8839,#8870,#8894,
    #8918,#8935,#8966,#8990,#9014,#9031,#9062,#9086,#9110,#9127,#9158,
    #9182,#9206,#9223,#9254,#9278,#9302,#9319,#9350,#9374,#9398,#9415,
    #9446,#9470,#9494,#9511,#9542,#9566,#9590,#9607,#9619,#9631,#9643,
    #9655,#9667,#9679,#9691,#9703,#9715,#9727,#9739,#9751,#9763));
#4975 = ADVANCED_FACE('',(#4976),#5010,.F.);
#4976 = FACE_BOUND('',#4977,.F.);
#4977 = EDGE_LOOP('',(#4978,#4988,#4996,#5004));
#4978 = ORIENTED_EDGE('',*,*,#4979,.T.);
#4979 = EDGE_CURVE('',#4980,#4982,#4984,.T.);
#4980 = VERTEX_POINT('',#4981);
#4981 = CARTESIAN_POINT('',(-1.016,1.27,0.));
#4982 = VERTEX_POINT('',#4983);
#4983 = CARTESIAN_POINT('',(-1.016,1.27,2.54));
#4984 = LINE('',#4985,#4986);
#4985 = CARTESIAN_POINT('',(-1.016,1.27,0.));
#4986 = VECTOR('',#4987,1.);
#4987 = DIRECTION('',(0.,0.,1.));
#4988 = ORIENTED_EDGE('',*,*,#4989,.T.);
#4989 = EDGE_CURVE('',#4982,#4990,#4992,.T.);
#4990 = VERTEX_POINT('',#4991);
#4991 = CARTESIAN_POINT('',(-1.27,1.016,2.54));
#4992 = LINE('',#4993,#4994);
#4993 = CARTESIAN_POINT('',(-1.016,1.27,2.54));
#4994 = VECTOR('',#4995,1.);
#4995 = DIRECTION('',(-0.707106781187,-0.707106781187,0.));
#4996 = ORIENTED_EDGE('',*,*,#4997,.F.);
#4997 = EDGE_CURVE('',#4998,#4990,#5000,.T.);
#4998 = VERTEX_POINT('',#4999);
#4999 = CARTESIAN_POINT('',(-1.27,1.016,0.));
#5000 = LINE('',#5001,#5002);
#5001 = CARTESIAN_POINT('',(-1.27,1.016,0.));
#5002 = VECTOR('',#5003,1.);
#5003 = DIRECTION('',(0.,0.,1.));
#5004 = ORIENTED_EDGE('',*,*,#5005,.F.);
#5005 = EDGE_CURVE('',#4980,#4998,#5006,.T.);
#5006 = LINE('',#5007,#5008);
#5007 = CARTESIAN_POINT('',(-1.016,1.27,0.));
#5008 = VECTOR('',#5009,1.);
#5009 = DIRECTION('',(-0.707106781187,-0.707106781187,0.));
#5010 = PLANE('',#5011);
#5011 = AXIS2_PLACEMENT_3D('',#5012,#5013,#5014);
#5012 = CARTESIAN_POINT('',(-1.016,1.27,0.));
#5013 = DIRECTION('',(0.707106781187,-0.707106781187,0.));
#5014 = DIRECTION('',(-0.707106781187,-0.707106781187,0.));
#5015 = ADVANCED_FACE('',(#5016),#5041,.F.);
#5016 = FACE_BOUND('',#5017,.F.);
#5017 = EDGE_LOOP('',(#5018,#5028,#5034,#5035));
#5018 = ORIENTED_EDGE('',*,*,#5019,.T.);
#5019 = EDGE_CURVE('',#5020,#5022,#5024,.T.);
#5020 = VERTEX_POINT('',#5021);
#5021 = CARTESIAN_POINT('',(1.016,1.27,0.));
#5022 = VERTEX_POINT('',#5023);
#5023 = CARTESIAN_POINT('',(1.016,1.27,2.54));
#5024 = LINE('',#5025,#5026);
#5025 = CARTESIAN_POINT('',(1.016,1.27,0.));
#5026 = VECTOR('',#5027,1.);
#5027 = DIRECTION('',(0.,0.,1.));
#5028 = ORIENTED_EDGE('',*,*,#5029,.T.);
#5029 = EDGE_CURVE('',#5022,#4982,#5030,.T.);
#5030 = LINE('',#5031,#5032);
#5031 = CARTESIAN_POINT('',(1.016,1.27,2.54));
#5032 = VECTOR('',#5033,1.);
#5033 = DIRECTION('',(-1.,0.,0.));
#5034 = ORIENTED_EDGE('',*,*,#4979,.F.);
#5035 = ORIENTED_EDGE('',*,*,#5036,.F.);
#5036 = EDGE_CURVE('',#5020,#4980,#5037,.T.);
#5037 = LINE('',#5038,#5039);
#5038 = CARTESIAN_POINT('',(1.016,1.27,0.));
#5039 = VECTOR('',#5040,1.);
#5040 = DIRECTION('',(-1.,0.,0.));
#5041 = PLANE('',#5042);
#5042 = AXIS2_PLACEMENT_3D('',#5043,#5044,#5045);
#5043 = CARTESIAN_POINT('',(1.016,1.27,0.));
#5044 = DIRECTION('',(0.,-1.,0.));
#5045 = DIRECTION('',(-1.,0.,0.));
#5046 = ADVANCED_FACE('',(#5047),#5072,.F.);
#5047 = FACE_BOUND('',#5048,.F.);
#5048 = EDGE_LOOP('',(#5049,#5050,#5058,#5066));
#5049 = ORIENTED_EDGE('',*,*,#4997,.T.);
#5050 = ORIENTED_EDGE('',*,*,#5051,.T.);
#5051 = EDGE_CURVE('',#4990,#5052,#5054,.T.);
#5052 = VERTEX_POINT('',#5053);
#5053 = CARTESIAN_POINT('',(-1.27,-1.016,2.54));
#5054 = LINE('',#5055,#5056);
#5055 = CARTESIAN_POINT('',(-1.27,1.016,2.54));
#5056 = VECTOR('',#5057,1.);
#5057 = DIRECTION('',(0.,-1.,0.));
#5058 = ORIENTED_EDGE('',*,*,#5059,.F.);
#5059 = EDGE_CURVE('',#5060,#5052,#5062,.T.);
#5060 = VERTEX_POINT('',#5061);
#5061 = CARTESIAN_POINT('',(-1.27,-1.016,0.));
#5062 = LINE('',#5063,#5064);
#5063 = CARTESIAN_POINT('',(-1.27,-1.016,0.));
#5064 = VECTOR('',#5065,1.);
#5065 = DIRECTION('',(0.,0.,1.));
#5066 = ORIENTED_EDGE('',*,*,#5067,.F.);
#5067 = EDGE_CURVE('',#4998,#5060,#5068,.T.);
#5068 = LINE('',#5069,#5070);
#5069 = CARTESIAN_POINT('',(-1.27,1.016,0.));
#5070 = VECTOR('',#5071,1.);
#5071 = DIRECTION('',(0.,-1.,0.));
#5072 = PLANE('',#5073);
#5073 = AXIS2_PLACEMENT_3D('',#5074,#5075,#5076);
#5074 = CARTESIAN_POINT('',(-1.27,1.016,0.));
#5075 = DIRECTION('',(1.,0.,0.));
#5076 = DIRECTION('',(0.,-1.,0.));
#5077 = ADVANCED_FACE('',(#5078,#5409,#5443,#5477,#5511,#5545,#5579,
    #5613),#5647,.F.);
#5078 = FACE_BOUND('',#5079,.F.);
#5079 = EDGE_LOOP('',(#5080,#5081,#5082,#5090,#5098,#5106,#5114,#5122,
    #5130,#5138,#5146,#5154,#5162,#5170,#5178,#5186,#5194,#5202,#5210,
    #5218,#5226,#5234,#5242,#5250,#5258,#5266,#5274,#5282,#5290,#5298,
    #5306,#5314,#5322,#5330,#5338,#5346,#5354,#5362,#5370,#5378,#5386,
    #5394,#5402,#5408));
#5080 = ORIENTED_EDGE('',*,*,#5005,.T.);
#5081 = ORIENTED_EDGE('',*,*,#5067,.T.);
#5082 = ORIENTED_EDGE('',*,*,#5083,.T.);
#5083 = EDGE_CURVE('',#5060,#5084,#5086,.T.);
#5084 = VERTEX_POINT('',#5085);
#5085 = CARTESIAN_POINT('',(-1.016,-1.27,0.));
#5086 = LINE('',#5087,#5088);
#5087 = CARTESIAN_POINT('',(-1.27,-1.016,0.));
#5088 = VECTOR('',#5089,1.);
#5089 = DIRECTION('',(0.707106781187,-0.707106781187,0.));
#5090 = ORIENTED_EDGE('',*,*,#5091,.T.);
#5091 = EDGE_CURVE('',#5084,#5092,#5094,.T.);
#5092 = VERTEX_POINT('',#5093);
#5093 = CARTESIAN_POINT('',(-1.27,-1.524,0.));
#5094 = LINE('',#5095,#5096);
#5095 = CARTESIAN_POINT('',(-1.016,-1.27,0.));
#5096 = VECTOR('',#5097,1.);
#5097 = DIRECTION('',(-0.707106781187,-0.707106781187,0.));
#5098 = ORIENTED_EDGE('',*,*,#5099,.T.);
#5099 = EDGE_CURVE('',#5092,#5100,#5102,.T.);
#5100 = VERTEX_POINT('',#5101);
#5101 = CARTESIAN_POINT('',(-1.27,-3.556,0.));
#5102 = LINE('',#5103,#5104);
#5103 = CARTESIAN_POINT('',(-1.27,-1.524,0.));
#5104 = VECTOR('',#5105,1.);
#5105 = DIRECTION('',(0.,-1.,0.));
#5106 = ORIENTED_EDGE('',*,*,#5107,.T.);
#5107 = EDGE_CURVE('',#5100,#5108,#5110,.T.);
#5108 = VERTEX_POINT('',#5109);
#5109 = CARTESIAN_POINT('',(-1.016,-3.81,0.));
#5110 = LINE('',#5111,#5112);
#5111 = CARTESIAN_POINT('',(-1.27,-3.556,0.));
#5112 = VECTOR('',#5113,1.);
#5113 = DIRECTION('',(0.707106781187,-0.707106781187,0.));
#5114 = ORIENTED_EDGE('',*,*,#5115,.T.);
#5115 = EDGE_CURVE('',#5108,#5116,#5118,.T.);
#5116 = VERTEX_POINT('',#5117);
#5117 = CARTESIAN_POINT('',(-1.27,-4.064,0.));
#5118 = LINE('',#5119,#5120);
#5119 = CARTESIAN_POINT('',(-1.016,-3.81,0.));
#5120 = VECTOR('',#5121,1.);
#5121 = DIRECTION('',(-0.707106781187,-0.707106781187,0.));
#5122 = ORIENTED_EDGE('',*,*,#5123,.T.);
#5123 = EDGE_CURVE('',#5116,#5124,#5126,.T.);
#5124 = VERTEX_POINT('',#5125);
#5125 = CARTESIAN_POINT('',(-1.27,-6.096,0.));
#5126 = LINE('',#5127,#5128);
#5127 = CARTESIAN_POINT('',(-1.27,-4.064,0.));
#5128 = VECTOR('',#5129,1.);
#5129 = DIRECTION('',(0.,-1.,0.));
#5130 = ORIENTED_EDGE('',*,*,#5131,.T.);
#5131 = EDGE_CURVE('',#5124,#5132,#5134,.T.);
#5132 = VERTEX_POINT('',#5133);
#5133 = CARTESIAN_POINT('',(-1.016,-6.35,0.));
#5134 = LINE('',#5135,#5136);
#5135 = CARTESIAN_POINT('',(-1.27,-6.096,0.));
#5136 = VECTOR('',#5137,1.);
#5137 = DIRECTION('',(0.707106781187,-0.707106781187,0.));
#5138 = ORIENTED_EDGE('',*,*,#5139,.T.);
#5139 = EDGE_CURVE('',#5132,#5140,#5142,.T.);
#5140 = VERTEX_POINT('',#5141);
#5141 = CARTESIAN_POINT('',(-1.27,-6.604,0.));
#5142 = LINE('',#5143,#5144);
#5143 = CARTESIAN_POINT('',(-1.016,-6.35,0.));
#5144 = VECTOR('',#5145,1.);
#5145 = DIRECTION('',(-0.707106781187,-0.707106781187,0.));
#5146 = ORIENTED_EDGE('',*,*,#5147,.T.);
#5147 = EDGE_CURVE('',#5140,#5148,#5150,.T.);
#5148 = VERTEX_POINT('',#5149);
#5149 = CARTESIAN_POINT('',(-1.27,-8.636,0.));
#5150 = LINE('',#5151,#5152);
#5151 = CARTESIAN_POINT('',(-1.27,-6.604,0.));
#5152 = VECTOR('',#5153,1.);
#5153 = DIRECTION('',(0.,-1.,0.));
#5154 = ORIENTED_EDGE('',*,*,#5155,.T.);
#5155 = EDGE_CURVE('',#5148,#5156,#5158,.T.);
#5156 = VERTEX_POINT('',#5157);
#5157 = CARTESIAN_POINT('',(-1.016,-8.89,0.));
#5158 = LINE('',#5159,#5160);
#5159 = CARTESIAN_POINT('',(-1.27,-8.636,0.));
#5160 = VECTOR('',#5161,1.);
#5161 = DIRECTION('',(0.707106781187,-0.707106781187,0.));
#5162 = ORIENTED_EDGE('',*,*,#5163,.T.);
#5163 = EDGE_CURVE('',#5156,#5164,#5166,.T.);
#5164 = VERTEX_POINT('',#5165);
#5165 = CARTESIAN_POINT('',(-1.27,-9.144,0.));
#5166 = LINE('',#5167,#5168);
#5167 = CARTESIAN_POINT('',(-1.016,-8.89,0.));
#5168 = VECTOR('',#5169,1.);
#5169 = DIRECTION('',(-0.707106781187,-0.707106781187,0.));
#5170 = ORIENTED_EDGE('',*,*,#5171,.T.);
#5171 = EDGE_CURVE('',#5164,#5172,#5174,.T.);
#5172 = VERTEX_POINT('',#5173);
#5173 = CARTESIAN_POINT('',(-1.27,-11.176,0.));
#5174 = LINE('',#5175,#5176);
#5175 = CARTESIAN_POINT('',(-1.27,-9.144,0.));
#5176 = VECTOR('',#5177,1.);
#5177 = DIRECTION('',(0.,-1.,0.));
#5178 = ORIENTED_EDGE('',*,*,#5179,.T.);
#5179 = EDGE_CURVE('',#5172,#5180,#5182,.T.);
#5180 = VERTEX_POINT('',#5181);
#5181 = CARTESIAN_POINT('',(-1.016,-11.43,0.));
#5182 = LINE('',#5183,#5184);
#5183 = CARTESIAN_POINT('',(-1.27,-11.176,0.));
#5184 = VECTOR('',#5185,1.);
#5185 = DIRECTION('',(0.707106781187,-0.707106781187,0.));
#5186 = ORIENTED_EDGE('',*,*,#5187,.T.);
#5187 = EDGE_CURVE('',#5180,#5188,#5190,.T.);
#5188 = VERTEX_POINT('',#5189);
#5189 = CARTESIAN_POINT('',(-1.27,-11.684,0.));
#5190 = LINE('',#5191,#5192);
#5191 = CARTESIAN_POINT('',(-1.016,-11.43,0.));
#5192 = VECTOR('',#5193,1.);
#5193 = DIRECTION('',(-0.707106781187,-0.707106781187,0.));
#5194 = ORIENTED_EDGE('',*,*,#5195,.T.);
#5195 = EDGE_CURVE('',#5188,#5196,#5198,.T.);
#5196 = VERTEX_POINT('',#5197);
#5197 = CARTESIAN_POINT('',(-1.27,-13.716,0.));
#5198 = LINE('',#5199,#5200);
#5199 = CARTESIAN_POINT('',(-1.27,-11.684,0.));
#5200 = VECTOR('',#5201,1.);
#5201 = DIRECTION('',(0.,-1.,0.));
#5202 = ORIENTED_EDGE('',*,*,#5203,.T.);
#5203 = EDGE_CURVE('',#5196,#5204,#5206,.T.);
#5204 = VERTEX_POINT('',#5205);
#5205 = CARTESIAN_POINT('',(-1.016,-13.97,0.));
#5206 = LINE('',#5207,#5208);
#5207 = CARTESIAN_POINT('',(-1.27,-13.716,0.));
#5208 = VECTOR('',#5209,1.);
#5209 = DIRECTION('',(0.707106781187,-0.707106781187,0.));
#5210 = ORIENTED_EDGE('',*,*,#5211,.T.);
#5211 = EDGE_CURVE('',#5204,#5212,#5214,.T.);
#5212 = VERTEX_POINT('',#5213);
#5213 = CARTESIAN_POINT('',(-1.27,-14.224,0.));
#5214 = LINE('',#5215,#5216);
#5215 = CARTESIAN_POINT('',(-1.016,-13.97,0.));
#5216 = VECTOR('',#5217,1.);
#5217 = DIRECTION('',(-0.707106781187,-0.707106781187,0.));
#5218 = ORIENTED_EDGE('',*,*,#5219,.T.);
#5219 = EDGE_CURVE('',#5212,#5220,#5222,.T.);
#5220 = VERTEX_POINT('',#5221);
#5221 = CARTESIAN_POINT('',(-1.27,-16.256,0.));
#5222 = LINE('',#5223,#5224);
#5223 = CARTESIAN_POINT('',(-1.27,-14.224,0.));
#5224 = VECTOR('',#5225,1.);
#5225 = DIRECTION('',(0.,-1.,0.));
#5226 = ORIENTED_EDGE('',*,*,#5227,.T.);
#5227 = EDGE_CURVE('',#5220,#5228,#5230,.T.);
#5228 = VERTEX_POINT('',#5229);
#5229 = CARTESIAN_POINT('',(-1.016,-16.51,0.));
#5230 = LINE('',#5231,#5232);
#5231 = CARTESIAN_POINT('',(-1.27,-16.256,0.));
#5232 = VECTOR('',#5233,1.);
#5233 = DIRECTION('',(0.707106781187,-0.707106781187,0.));
#5234 = ORIENTED_EDGE('',*,*,#5235,.T.);
#5235 = EDGE_CURVE('',#5228,#5236,#5238,.T.);
#5236 = VERTEX_POINT('',#5237);
#5237 = CARTESIAN_POINT('',(1.016,-16.51,0.));
#5238 = LINE('',#5239,#5240);
#5239 = CARTESIAN_POINT('',(-1.016,-16.51,0.));
#5240 = VECTOR('',#5241,1.);
#5241 = DIRECTION('',(1.,0.,0.));
#5242 = ORIENTED_EDGE('',*,*,#5243,.T.);
#5243 = EDGE_CURVE('',#5236,#5244,#5246,.T.);
#5244 = VERTEX_POINT('',#5245);
#5245 = CARTESIAN_POINT('',(1.27,-16.256,0.));
#5246 = LINE('',#5247,#5248);
#5247 = CARTESIAN_POINT('',(1.016,-16.51,0.));
#5248 = VECTOR('',#5249,1.);
#5249 = DIRECTION('',(0.707106781187,0.707106781187,0.));
#5250 = ORIENTED_EDGE('',*,*,#5251,.T.);
#5251 = EDGE_CURVE('',#5244,#5252,#5254,.T.);
#5252 = VERTEX_POINT('',#5253);
#5253 = CARTESIAN_POINT('',(1.27,-14.224,0.));
#5254 = LINE('',#5255,#5256);
#5255 = CARTESIAN_POINT('',(1.27,-16.256,0.));
#5256 = VECTOR('',#5257,1.);
#5257 = DIRECTION('',(0.,1.,0.));
#5258 = ORIENTED_EDGE('',*,*,#5259,.T.);
#5259 = EDGE_CURVE('',#5252,#5260,#5262,.T.);
#5260 = VERTEX_POINT('',#5261);
#5261 = CARTESIAN_POINT('',(1.016,-13.97,0.));
#5262 = LINE('',#5263,#5264);
#5263 = CARTESIAN_POINT('',(1.27,-14.224,0.));
#5264 = VECTOR('',#5265,1.);
#5265 = DIRECTION('',(-0.707106781187,0.707106781187,0.));
#5266 = ORIENTED_EDGE('',*,*,#5267,.T.);
#5267 = EDGE_CURVE('',#5260,#5268,#5270,.T.);
#5268 = VERTEX_POINT('',#5269);
#5269 = CARTESIAN_POINT('',(1.27,-13.716,0.));
#5270 = LINE('',#5271,#5272);
#5271 = CARTESIAN_POINT('',(1.016,-13.97,0.));
#5272 = VECTOR('',#5273,1.);
#5273 = DIRECTION('',(0.707106781187,0.707106781187,0.));
#5274 = ORIENTED_EDGE('',*,*,#5275,.T.);
#5275 = EDGE_CURVE('',#5268,#5276,#5278,.T.);
#5276 = VERTEX_POINT('',#5277);
#5277 = CARTESIAN_POINT('',(1.27,-11.684,0.));
#5278 = LINE('',#5279,#5280);
#5279 = CARTESIAN_POINT('',(1.27,-13.716,0.));
#5280 = VECTOR('',#5281,1.);
#5281 = DIRECTION('',(0.,1.,0.));
#5282 = ORIENTED_EDGE('',*,*,#5283,.T.);
#5283 = EDGE_CURVE('',#5276,#5284,#5286,.T.);
#5284 = VERTEX_POINT('',#5285);
#5285 = CARTESIAN_POINT('',(1.016,-11.43,0.));
#5286 = LINE('',#5287,#5288);
#5287 = CARTESIAN_POINT('',(1.27,-11.684,0.));
#5288 = VECTOR('',#5289,1.);
#5289 = DIRECTION('',(-0.707106781187,0.707106781187,0.));
#5290 = ORIENTED_EDGE('',*,*,#5291,.T.);
#5291 = EDGE_CURVE('',#5284,#5292,#5294,.T.);
#5292 = VERTEX_POINT('',#5293);
#5293 = CARTESIAN_POINT('',(1.27,-11.176,0.));
#5294 = LINE('',#5295,#5296);
#5295 = CARTESIAN_POINT('',(1.016,-11.43,0.));
#5296 = VECTOR('',#5297,1.);
#5297 = DIRECTION('',(0.707106781187,0.707106781187,0.));
#5298 = ORIENTED_EDGE('',*,*,#5299,.T.);
#5299 = EDGE_CURVE('',#5292,#5300,#5302,.T.);
#5300 = VERTEX_POINT('',#5301);
#5301 = CARTESIAN_POINT('',(1.27,-9.144,0.));
#5302 = LINE('',#5303,#5304);
#5303 = CARTESIAN_POINT('',(1.27,-11.176,0.));
#5304 = VECTOR('',#5305,1.);
#5305 = DIRECTION('',(0.,1.,0.));
#5306 = ORIENTED_EDGE('',*,*,#5307,.T.);
#5307 = EDGE_CURVE('',#5300,#5308,#5310,.T.);
#5308 = VERTEX_POINT('',#5309);
#5309 = CARTESIAN_POINT('',(1.016,-8.89,0.));
#5310 = LINE('',#5311,#5312);
#5311 = CARTESIAN_POINT('',(1.27,-9.144,0.));
#5312 = VECTOR('',#5313,1.);
#5313 = DIRECTION('',(-0.707106781187,0.707106781187,0.));
#5314 = ORIENTED_EDGE('',*,*,#5315,.T.);
#5315 = EDGE_CURVE('',#5308,#5316,#5318,.T.);
#5316 = VERTEX_POINT('',#5317);
#5317 = CARTESIAN_POINT('',(1.27,-8.636,0.));
#5318 = LINE('',#5319,#5320);
#5319 = CARTESIAN_POINT('',(1.016,-8.89,0.));
#5320 = VECTOR('',#5321,1.);
#5321 = DIRECTION('',(0.707106781187,0.707106781187,0.));
#5322 = ORIENTED_EDGE('',*,*,#5323,.T.);
#5323 = EDGE_CURVE('',#5316,#5324,#5326,.T.);
#5324 = VERTEX_POINT('',#5325);
#5325 = CARTESIAN_POINT('',(1.27,-6.604,0.));
#5326 = LINE('',#5327,#5328);
#5327 = CARTESIAN_POINT('',(1.27,-8.636,0.));
#5328 = VECTOR('',#5329,1.);
#5329 = DIRECTION('',(0.,1.,0.));
#5330 = ORIENTED_EDGE('',*,*,#5331,.T.);
#5331 = EDGE_CURVE('',#5324,#5332,#5334,.T.);
#5332 = VERTEX_POINT('',#5333);
#5333 = CARTESIAN_POINT('',(1.016,-6.35,0.));
#5334 = LINE('',#5335,#5336);
#5335 = CARTESIAN_POINT('',(1.27,-6.604,0.));
#5336 = VECTOR('',#5337,1.);
#5337 = DIRECTION('',(-0.707106781187,0.707106781187,0.));
#5338 = ORIENTED_EDGE('',*,*,#5339,.T.);
#5339 = EDGE_CURVE('',#5332,#5340,#5342,.T.);
#5340 = VERTEX_POINT('',#5341);
#5341 = CARTESIAN_POINT('',(1.27,-6.096,0.));
#5342 = LINE('',#5343,#5344);
#5343 = CARTESIAN_POINT('',(1.016,-6.35,0.));
#5344 = VECTOR('',#5345,1.);
#5345 = DIRECTION('',(0.707106781187,0.707106781187,0.));
#5346 = ORIENTED_EDGE('',*,*,#5347,.T.);
#5347 = EDGE_CURVE('',#5340,#5348,#5350,.T.);
#5348 = VERTEX_POINT('',#5349);
#5349 = CARTESIAN_POINT('',(1.27,-4.064,0.));
#5350 = LINE('',#5351,#5352);
#5351 = CARTESIAN_POINT('',(1.27,-6.096,0.));
#5352 = VECTOR('',#5353,1.);
#5353 = DIRECTION('',(0.,1.,0.));
#5354 = ORIENTED_EDGE('',*,*,#5355,.T.);
#5355 = EDGE_CURVE('',#5348,#5356,#5358,.T.);
#5356 = VERTEX_POINT('',#5357);
#5357 = CARTESIAN_POINT('',(1.016,-3.81,0.));
#5358 = LINE('',#5359,#5360);
#5359 = CARTESIAN_POINT('',(1.27,-4.064,0.));
#5360 = VECTOR('',#5361,1.);
#5361 = DIRECTION('',(-0.707106781187,0.707106781187,0.));
#5362 = ORIENTED_EDGE('',*,*,#5363,.T.);
#5363 = EDGE_CURVE('',#5356,#5364,#5366,.T.);
#5364 = VERTEX_POINT('',#5365);
#5365 = CARTESIAN_POINT('',(1.27,-3.556,0.));
#5366 = LINE('',#5367,#5368);
#5367 = CARTESIAN_POINT('',(1.016,-3.81,0.));
#5368 = VECTOR('',#5369,1.);
#5369 = DIRECTION('',(0.707106781187,0.707106781187,0.));
#5370 = ORIENTED_EDGE('',*,*,#5371,.T.);
#5371 = EDGE_CURVE('',#5364,#5372,#5374,.T.);
#5372 = VERTEX_POINT('',#5373);
#5373 = CARTESIAN_POINT('',(1.27,-1.524,0.));
#5374 = LINE('',#5375,#5376);
#5375 = CARTESIAN_POINT('',(1.27,-3.556,0.));
#5376 = VECTOR('',#5377,1.);
#5377 = DIRECTION('',(0.,1.,0.));
#5378 = ORIENTED_EDGE('',*,*,#5379,.T.);
#5379 = EDGE_CURVE('',#5372,#5380,#5382,.T.);
#5380 = VERTEX_POINT('',#5381);
#5381 = CARTESIAN_POINT('',(1.016,-1.27,0.));
#5382 = LINE('',#5383,#5384);
#5383 = CARTESIAN_POINT('',(1.27,-1.524,0.));
#5384 = VECTOR('',#5385,1.);
#5385 = DIRECTION('',(-0.707106781187,0.707106781187,0.));
#5386 = ORIENTED_EDGE('',*,*,#5387,.T.);
#5387 = EDGE_CURVE('',#5380,#5388,#5390,.T.);
#5388 = VERTEX_POINT('',#5389);
#5389 = CARTESIAN_POINT('',(1.27,-1.016,0.));
#5390 = LINE('',#5391,#5392);
#5391 = CARTESIAN_POINT('',(1.016,-1.27,0.));
#5392 = VECTOR('',#5393,1.);
#5393 = DIRECTION('',(0.707106781187,0.707106781187,0.));
#5394 = ORIENTED_EDGE('',*,*,#5395,.T.);
#5395 = EDGE_CURVE('',#5388,#5396,#5398,.T.);
#5396 = VERTEX_POINT('',#5397);
#5397 = CARTESIAN_POINT('',(1.27,1.016,0.));
#5398 = LINE('',#5399,#5400);
#5399 = CARTESIAN_POINT('',(1.27,-1.016,0.));
#5400 = VECTOR('',#5401,1.);
#5401 = DIRECTION('',(0.,1.,0.));
#5402 = ORIENTED_EDGE('',*,*,#5403,.T.);
#5403 = EDGE_CURVE('',#5396,#5020,#5404,.T.);
#5404 = LINE('',#5405,#5406);
#5405 = CARTESIAN_POINT('',(1.27,1.016,0.));
#5406 = VECTOR('',#5407,1.);
#5407 = DIRECTION('',(-0.707106781187,0.707106781187,0.));
#5408 = ORIENTED_EDGE('',*,*,#5036,.T.);
#5409 = FACE_BOUND('',#5410,.F.);
#5410 = EDGE_LOOP('',(#5411,#5421,#5429,#5437));
#5411 = ORIENTED_EDGE('',*,*,#5412,.F.);
#5412 = EDGE_CURVE('',#5413,#5415,#5417,.T.);
#5413 = VERTEX_POINT('',#5414);
#5414 = CARTESIAN_POINT('',(0.32,-12.38,0.));
#5415 = VERTEX_POINT('',#5416);
#5416 = CARTESIAN_POINT('',(-0.32,-12.38,0.));
#5417 = LINE('',#5418,#5419);
#5418 = CARTESIAN_POINT('',(-0.16,-12.38,0.));
#5419 = VECTOR('',#5420,1.);
#5420 = DIRECTION('',(-1.,0.,0.));
#5421 = ORIENTED_EDGE('',*,*,#5422,.F.);
#5422 = EDGE_CURVE('',#5423,#5413,#5425,.T.);
#5423 = VERTEX_POINT('',#5424);
#5424 = CARTESIAN_POINT('',(0.32,-13.02,0.));
#5425 = LINE('',#5426,#5427);
#5426 = CARTESIAN_POINT('',(0.32,-10.32,0.));
#5427 = VECTOR('',#5428,1.);
#5428 = DIRECTION('',(0.,1.,0.));
#5429 = ORIENTED_EDGE('',*,*,#5430,.T.);
#5430 = EDGE_CURVE('',#5423,#5431,#5433,.T.);
#5431 = VERTEX_POINT('',#5432);
#5432 = CARTESIAN_POINT('',(-0.32,-13.02,0.));
#5433 = LINE('',#5434,#5435);
#5434 = CARTESIAN_POINT('',(-0.16,-13.02,0.));
#5435 = VECTOR('',#5436,1.);
#5436 = DIRECTION('',(-1.,0.,0.));
#5437 = ORIENTED_EDGE('',*,*,#5438,.T.);
#5438 = EDGE_CURVE('',#5431,#5415,#5439,.T.);
#5439 = LINE('',#5440,#5441);
#5440 = CARTESIAN_POINT('',(-0.32,-10.32,0.));
#5441 = VECTOR('',#5442,1.);
#5442 = DIRECTION('',(0.,1.,0.));
#5443 = FACE_BOUND('',#5444,.F.);
#5444 = EDGE_LOOP('',(#5445,#5455,#5463,#5471));
#5445 = ORIENTED_EDGE('',*,*,#5446,.F.);
#5446 = EDGE_CURVE('',#5447,#5449,#5451,.T.);
#5447 = VERTEX_POINT('',#5448);
#5448 = CARTESIAN_POINT('',(0.32,-15.56,0.));
#5449 = VERTEX_POINT('',#5450);
#5450 = CARTESIAN_POINT('',(0.32,-14.92,0.));
#5451 = LINE('',#5452,#5453);
#5452 = CARTESIAN_POINT('',(0.32,-11.59,0.));
#5453 = VECTOR('',#5454,1.);
#5454 = DIRECTION('',(0.,1.,0.));
#5455 = ORIENTED_EDGE('',*,*,#5456,.T.);
#5456 = EDGE_CURVE('',#5447,#5457,#5459,.T.);
#5457 = VERTEX_POINT('',#5458);
#5458 = CARTESIAN_POINT('',(-0.32,-15.56,0.));
#5459 = LINE('',#5460,#5461);
#5460 = CARTESIAN_POINT('',(-0.16,-15.56,0.));
#5461 = VECTOR('',#5462,1.);
#5462 = DIRECTION('',(-1.,0.,0.));
#5463 = ORIENTED_EDGE('',*,*,#5464,.T.);
#5464 = EDGE_CURVE('',#5457,#5465,#5467,.T.);
#5465 = VERTEX_POINT('',#5466);
#5466 = CARTESIAN_POINT('',(-0.32,-14.92,0.));
#5467 = LINE('',#5468,#5469);
#5468 = CARTESIAN_POINT('',(-0.32,-11.59,0.));
#5469 = VECTOR('',#5470,1.);
#5470 = DIRECTION('',(0.,1.,0.));
#5471 = ORIENTED_EDGE('',*,*,#5472,.F.);
#5472 = EDGE_CURVE('',#5449,#5465,#5473,.T.);
#5473 = LINE('',#5474,#5475);
#5474 = CARTESIAN_POINT('',(-0.16,-14.92,0.));
#5475 = VECTOR('',#5476,1.);
#5476 = DIRECTION('',(-1.,0.,0.));
#5477 = FACE_BOUND('',#5478,.F.);
#5478 = EDGE_LOOP('',(#5479,#5489,#5497,#5505));
#5479 = ORIENTED_EDGE('',*,*,#5480,.F.);
#5480 = EDGE_CURVE('',#5481,#5483,#5485,.T.);
#5481 = VERTEX_POINT('',#5482);
#5482 = CARTESIAN_POINT('',(0.32,-9.84,0.));
#5483 = VERTEX_POINT('',#5484);
#5484 = CARTESIAN_POINT('',(-0.32,-9.84,0.));
#5485 = LINE('',#5486,#5487);
#5486 = CARTESIAN_POINT('',(-0.16,-9.84,0.));
#5487 = VECTOR('',#5488,1.);
#5488 = DIRECTION('',(-1.,0.,0.));
#5489 = ORIENTED_EDGE('',*,*,#5490,.F.);
#5490 = EDGE_CURVE('',#5491,#5481,#5493,.T.);
#5491 = VERTEX_POINT('',#5492);
#5492 = CARTESIAN_POINT('',(0.32,-10.48,0.));
#5493 = LINE('',#5494,#5495);
#5494 = CARTESIAN_POINT('',(0.32,-9.05,0.));
#5495 = VECTOR('',#5496,1.);
#5496 = DIRECTION('',(0.,1.,0.));
#5497 = ORIENTED_EDGE('',*,*,#5498,.T.);
#5498 = EDGE_CURVE('',#5491,#5499,#5501,.T.);
#5499 = VERTEX_POINT('',#5500);
#5500 = CARTESIAN_POINT('',(-0.32,-10.48,0.));
#5501 = LINE('',#5502,#5503);
#5502 = CARTESIAN_POINT('',(-0.16,-10.48,0.));
#5503 = VECTOR('',#5504,1.);
#5504 = DIRECTION('',(-1.,0.,0.));
#5505 = ORIENTED_EDGE('',*,*,#5506,.T.);
#5506 = EDGE_CURVE('',#5499,#5483,#5507,.T.);
#5507 = LINE('',#5508,#5509);
#5508 = CARTESIAN_POINT('',(-0.32,-9.05,0.));
#5509 = VECTOR('',#5510,1.);
#5510 = DIRECTION('',(0.,1.,0.));
#5511 = FACE_BOUND('',#5512,.F.);
#5512 = EDGE_LOOP('',(#5513,#5523,#5531,#5539));
#5513 = ORIENTED_EDGE('',*,*,#5514,.F.);
#5514 = EDGE_CURVE('',#5515,#5517,#5519,.T.);
#5515 = VERTEX_POINT('',#5516);
#5516 = CARTESIAN_POINT('',(0.32,-2.86,0.));
#5517 = VERTEX_POINT('',#5518);
#5518 = CARTESIAN_POINT('',(0.32,-2.22,0.));
#5519 = LINE('',#5520,#5521);
#5520 = CARTESIAN_POINT('',(0.32,-5.24,0.));
#5521 = VECTOR('',#5522,1.);
#5522 = DIRECTION('',(0.,1.,0.));
#5523 = ORIENTED_EDGE('',*,*,#5524,.T.);
#5524 = EDGE_CURVE('',#5515,#5525,#5527,.T.);
#5525 = VERTEX_POINT('',#5526);
#5526 = CARTESIAN_POINT('',(-0.32,-2.86,0.));
#5527 = LINE('',#5528,#5529);
#5528 = CARTESIAN_POINT('',(-0.16,-2.86,0.));
#5529 = VECTOR('',#5530,1.);
#5530 = DIRECTION('',(-1.,0.,0.));
#5531 = ORIENTED_EDGE('',*,*,#5532,.T.);
#5532 = EDGE_CURVE('',#5525,#5533,#5535,.T.);
#5533 = VERTEX_POINT('',#5534);
#5534 = CARTESIAN_POINT('',(-0.32,-2.22,0.));
#5535 = LINE('',#5536,#5537);
#5536 = CARTESIAN_POINT('',(-0.32,-5.24,0.));
#5537 = VECTOR('',#5538,1.);
#5538 = DIRECTION('',(0.,1.,0.));
#5539 = ORIENTED_EDGE('',*,*,#5540,.F.);
#5540 = EDGE_CURVE('',#5517,#5533,#5541,.T.);
#5541 = LINE('',#5542,#5543);
#5542 = CARTESIAN_POINT('',(-0.16,-2.22,0.));
#5543 = VECTOR('',#5544,1.);
#5544 = DIRECTION('',(-1.,0.,0.));
#5545 = FACE_BOUND('',#5546,.F.);
#5546 = EDGE_LOOP('',(#5547,#5557,#5565,#5573));
#5547 = ORIENTED_EDGE('',*,*,#5548,.T.);
#5548 = EDGE_CURVE('',#5549,#5551,#5553,.T.);
#5549 = VERTEX_POINT('',#5550);
#5550 = CARTESIAN_POINT('',(0.32,-5.4,0.));
#5551 = VERTEX_POINT('',#5552);
#5552 = CARTESIAN_POINT('',(-0.32,-5.4,0.));
#5553 = LINE('',#5554,#5555);
#5554 = CARTESIAN_POINT('',(-0.16,-5.4,0.));
#5555 = VECTOR('',#5556,1.);
#5556 = DIRECTION('',(-1.,0.,0.));
#5557 = ORIENTED_EDGE('',*,*,#5558,.T.);
#5558 = EDGE_CURVE('',#5551,#5559,#5561,.T.);
#5559 = VERTEX_POINT('',#5560);
#5560 = CARTESIAN_POINT('',(-0.32,-4.76,0.));
#5561 = LINE('',#5562,#5563);
#5562 = CARTESIAN_POINT('',(-0.32,-6.51,0.));
#5563 = VECTOR('',#5564,1.);
#5564 = DIRECTION('',(0.,1.,0.));
#5565 = ORIENTED_EDGE('',*,*,#5566,.F.);
#5566 = EDGE_CURVE('',#5567,#5559,#5569,.T.);
#5567 = VERTEX_POINT('',#5568);
#5568 = CARTESIAN_POINT('',(0.32,-4.76,0.));
#5569 = LINE('',#5570,#5571);
#5570 = CARTESIAN_POINT('',(-0.16,-4.76,0.));
#5571 = VECTOR('',#5572,1.);
#5572 = DIRECTION('',(-1.,0.,0.));
#5573 = ORIENTED_EDGE('',*,*,#5574,.F.);
#5574 = EDGE_CURVE('',#5549,#5567,#5575,.T.);
#5575 = LINE('',#5576,#5577);
#5576 = CARTESIAN_POINT('',(0.32,-6.51,0.));
#5577 = VECTOR('',#5578,1.);
#5578 = DIRECTION('',(0.,1.,0.));
#5579 = FACE_BOUND('',#5580,.F.);
#5580 = EDGE_LOOP('',(#5581,#5591,#5599,#5607));
#5581 = ORIENTED_EDGE('',*,*,#5582,.F.);
#5582 = EDGE_CURVE('',#5583,#5585,#5587,.T.);
#5583 = VERTEX_POINT('',#5584);
#5584 = CARTESIAN_POINT('',(0.32,-7.94,0.));
#5585 = VERTEX_POINT('',#5586);
#5586 = CARTESIAN_POINT('',(0.32,-7.3,0.));
#5587 = LINE('',#5588,#5589);
#5588 = CARTESIAN_POINT('',(0.32,-7.78,0.));
#5589 = VECTOR('',#5590,1.);
#5590 = DIRECTION('',(0.,1.,0.));
#5591 = ORIENTED_EDGE('',*,*,#5592,.T.);
#5592 = EDGE_CURVE('',#5583,#5593,#5595,.T.);
#5593 = VERTEX_POINT('',#5594);
#5594 = CARTESIAN_POINT('',(-0.32,-7.94,0.));
#5595 = LINE('',#5596,#5597);
#5596 = CARTESIAN_POINT('',(-0.16,-7.94,0.));
#5597 = VECTOR('',#5598,1.);
#5598 = DIRECTION('',(-1.,0.,0.));
#5599 = ORIENTED_EDGE('',*,*,#5600,.T.);
#5600 = EDGE_CURVE('',#5593,#5601,#5603,.T.);
#5601 = VERTEX_POINT('',#5602);
#5602 = CARTESIAN_POINT('',(-0.32,-7.3,0.));
#5603 = LINE('',#5604,#5605);
#5604 = CARTESIAN_POINT('',(-0.32,-7.78,0.));
#5605 = VECTOR('',#5606,1.);
#5606 = DIRECTION('',(0.,1.,0.));
#5607 = ORIENTED_EDGE('',*,*,#5608,.F.);
#5608 = EDGE_CURVE('',#5585,#5601,#5609,.T.);
#5609 = LINE('',#5610,#5611);
#5610 = CARTESIAN_POINT('',(-0.16,-7.3,0.));
#5611 = VECTOR('',#5612,1.);
#5612 = DIRECTION('',(-1.,0.,0.));
#5613 = FACE_BOUND('',#5614,.F.);
#5614 = EDGE_LOOP('',(#5615,#5625,#5633,#5641));
#5615 = ORIENTED_EDGE('',*,*,#5616,.T.);
#5616 = EDGE_CURVE('',#5617,#5619,#5621,.T.);
#5617 = VERTEX_POINT('',#5618);
#5618 = CARTESIAN_POINT('',(0.32,-0.32,0.));
#5619 = VERTEX_POINT('',#5620);
#5620 = CARTESIAN_POINT('',(-0.32,-0.32,0.));
#5621 = LINE('',#5622,#5623);
#5622 = CARTESIAN_POINT('',(-0.16,-0.32,0.));
#5623 = VECTOR('',#5624,1.);
#5624 = DIRECTION('',(-1.,0.,0.));
#5625 = ORIENTED_EDGE('',*,*,#5626,.T.);
#5626 = EDGE_CURVE('',#5619,#5627,#5629,.T.);
#5627 = VERTEX_POINT('',#5628);
#5628 = CARTESIAN_POINT('',(-0.32,0.32,0.));
#5629 = LINE('',#5630,#5631);
#5630 = CARTESIAN_POINT('',(-0.32,-3.97,0.));
#5631 = VECTOR('',#5632,1.);
#5632 = DIRECTION('',(0.,1.,0.));
#5633 = ORIENTED_EDGE('',*,*,#5634,.F.);
#5634 = EDGE_CURVE('',#5635,#5627,#5637,.T.);
#5635 = VERTEX_POINT('',#5636);
#5636 = CARTESIAN_POINT('',(0.32,0.32,0.));
#5637 = LINE('',#5638,#5639);
#5638 = CARTESIAN_POINT('',(-0.16,0.32,0.));
#5639 = VECTOR('',#5640,1.);
#5640 = DIRECTION('',(-1.,0.,0.));
#5641 = ORIENTED_EDGE('',*,*,#5642,.F.);
#5642 = EDGE_CURVE('',#5617,#5635,#5643,.T.);
#5643 = LINE('',#5644,#5645);
#5644 = CARTESIAN_POINT('',(0.32,-3.97,0.));
#5645 = VECTOR('',#5646,1.);
#5646 = DIRECTION('',(0.,1.,0.));
#5647 = PLANE('',#5648);
#5648 = AXIS2_PLACEMENT_3D('',#5649,#5650,#5651);
#5649 = CARTESIAN_POINT('',(-1.56480052915E-17,-7.62,0.));
#5650 = DIRECTION('',(0.,0.,1.));
#5651 = DIRECTION('',(1.,0.,-0.));
#5652 = ADVANCED_FACE('',(#5653,#5984,#6018,#6052,#6086,#6120,#6154,
    #6188),#6222,.T.);
#5653 = FACE_BOUND('',#5654,.T.);
#5654 = EDGE_LOOP('',(#5655,#5656,#5657,#5665,#5673,#5681,#5689,#5697,
    #5705,#5713,#5721,#5729,#5737,#5745,#5753,#5761,#5769,#5777,#5785,
    #5793,#5801,#5809,#5817,#5825,#5833,#5841,#5849,#5857,#5865,#5873,
    #5881,#5889,#5897,#5905,#5913,#5921,#5929,#5937,#5945,#5953,#5961,
    #5969,#5977,#5983));
#5655 = ORIENTED_EDGE('',*,*,#4989,.T.);
#5656 = ORIENTED_EDGE('',*,*,#5051,.T.);
#5657 = ORIENTED_EDGE('',*,*,#5658,.T.);
#5658 = EDGE_CURVE('',#5052,#5659,#5661,.T.);
#5659 = VERTEX_POINT('',#5660);
#5660 = CARTESIAN_POINT('',(-1.016,-1.27,2.54));
#5661 = LINE('',#5662,#5663);
#5662 = CARTESIAN_POINT('',(-1.27,-1.016,2.54));
#5663 = VECTOR('',#5664,1.);
#5664 = DIRECTION('',(0.707106781187,-0.707106781187,0.));
#5665 = ORIENTED_EDGE('',*,*,#5666,.T.);
#5666 = EDGE_CURVE('',#5659,#5667,#5669,.T.);
#5667 = VERTEX_POINT('',#5668);
#5668 = CARTESIAN_POINT('',(-1.27,-1.524,2.54));
#5669 = LINE('',#5670,#5671);
#5670 = CARTESIAN_POINT('',(-1.016,-1.27,2.54));
#5671 = VECTOR('',#5672,1.);
#5672 = DIRECTION('',(-0.707106781187,-0.707106781187,0.));
#5673 = ORIENTED_EDGE('',*,*,#5674,.T.);
#5674 = EDGE_CURVE('',#5667,#5675,#5677,.T.);
#5675 = VERTEX_POINT('',#5676);
#5676 = CARTESIAN_POINT('',(-1.27,-3.556,2.54));
#5677 = LINE('',#5678,#5679);
#5678 = CARTESIAN_POINT('',(-1.27,-1.524,2.54));
#5679 = VECTOR('',#5680,1.);
#5680 = DIRECTION('',(0.,-1.,0.));
#5681 = ORIENTED_EDGE('',*,*,#5682,.T.);
#5682 = EDGE_CURVE('',#5675,#5683,#5685,.T.);
#5683 = VERTEX_POINT('',#5684);
#5684 = CARTESIAN_POINT('',(-1.016,-3.81,2.54));
#5685 = LINE('',#5686,#5687);
#5686 = CARTESIAN_POINT('',(-1.27,-3.556,2.54));
#5687 = VECTOR('',#5688,1.);
#5688 = DIRECTION('',(0.707106781187,-0.707106781187,0.));
#5689 = ORIENTED_EDGE('',*,*,#5690,.T.);
#5690 = EDGE_CURVE('',#5683,#5691,#5693,.T.);
#5691 = VERTEX_POINT('',#5692);
#5692 = CARTESIAN_POINT('',(-1.27,-4.064,2.54));
#5693 = LINE('',#5694,#5695);
#5694 = CARTESIAN_POINT('',(-1.016,-3.81,2.54));
#5695 = VECTOR('',#5696,1.);
#5696 = DIRECTION('',(-0.707106781187,-0.707106781187,0.));
#5697 = ORIENTED_EDGE('',*,*,#5698,.T.);
#5698 = EDGE_CURVE('',#5691,#5699,#5701,.T.);
#5699 = VERTEX_POINT('',#5700);
#5700 = CARTESIAN_POINT('',(-1.27,-6.096,2.54));
#5701 = LINE('',#5702,#5703);
#5702 = CARTESIAN_POINT('',(-1.27,-4.064,2.54));
#5703 = VECTOR('',#5704,1.);
#5704 = DIRECTION('',(0.,-1.,0.));
#5705 = ORIENTED_EDGE('',*,*,#5706,.T.);
#5706 = EDGE_CURVE('',#5699,#5707,#5709,.T.);
#5707 = VERTEX_POINT('',#5708);
#5708 = CARTESIAN_POINT('',(-1.016,-6.35,2.54));
#5709 = LINE('',#5710,#5711);
#5710 = CARTESIAN_POINT('',(-1.27,-6.096,2.54));
#5711 = VECTOR('',#5712,1.);
#5712 = DIRECTION('',(0.707106781187,-0.707106781187,0.));
#5713 = ORIENTED_EDGE('',*,*,#5714,.T.);
#5714 = EDGE_CURVE('',#5707,#5715,#5717,.T.);
#5715 = VERTEX_POINT('',#5716);
#5716 = CARTESIAN_POINT('',(-1.27,-6.604,2.54));
#5717 = LINE('',#5718,#5719);
#5718 = CARTESIAN_POINT('',(-1.016,-6.35,2.54));
#5719 = VECTOR('',#5720,1.);
#5720 = DIRECTION('',(-0.707106781187,-0.707106781187,0.));
#5721 = ORIENTED_EDGE('',*,*,#5722,.T.);
#5722 = EDGE_CURVE('',#5715,#5723,#5725,.T.);
#5723 = VERTEX_POINT('',#5724);
#5724 = CARTESIAN_POINT('',(-1.27,-8.636,2.54));
#5725 = LINE('',#5726,#5727);
#5726 = CARTESIAN_POINT('',(-1.27,-6.604,2.54));
#5727 = VECTOR('',#5728,1.);
#5728 = DIRECTION('',(0.,-1.,0.));
#5729 = ORIENTED_EDGE('',*,*,#5730,.T.);
#5730 = EDGE_CURVE('',#5723,#5731,#5733,.T.);
#5731 = VERTEX_POINT('',#5732);
#5732 = CARTESIAN_POINT('',(-1.016,-8.89,2.54));
#5733 = LINE('',#5734,#5735);
#5734 = CARTESIAN_POINT('',(-1.27,-8.636,2.54));
#5735 = VECTOR('',#5736,1.);
#5736 = DIRECTION('',(0.707106781187,-0.707106781187,0.));
#5737 = ORIENTED_EDGE('',*,*,#5738,.T.);
#5738 = EDGE_CURVE('',#5731,#5739,#5741,.T.);
#5739 = VERTEX_POINT('',#5740);
#5740 = CARTESIAN_POINT('',(-1.27,-9.144,2.54));
#5741 = LINE('',#5742,#5743);
#5742 = CARTESIAN_POINT('',(-1.016,-8.89,2.54));
#5743 = VECTOR('',#5744,1.);
#5744 = DIRECTION('',(-0.707106781187,-0.707106781187,0.));
#5745 = ORIENTED_EDGE('',*,*,#5746,.T.);
#5746 = EDGE_CURVE('',#5739,#5747,#5749,.T.);
#5747 = VERTEX_POINT('',#5748);
#5748 = CARTESIAN_POINT('',(-1.27,-11.176,2.54));
#5749 = LINE('',#5750,#5751);
#5750 = CARTESIAN_POINT('',(-1.27,-9.144,2.54));
#5751 = VECTOR('',#5752,1.);
#5752 = DIRECTION('',(0.,-1.,0.));
#5753 = ORIENTED_EDGE('',*,*,#5754,.T.);
#5754 = EDGE_CURVE('',#5747,#5755,#5757,.T.);
#5755 = VERTEX_POINT('',#5756);
#5756 = CARTESIAN_POINT('',(-1.016,-11.43,2.54));
#5757 = LINE('',#5758,#5759);
#5758 = CARTESIAN_POINT('',(-1.27,-11.176,2.54));
#5759 = VECTOR('',#5760,1.);
#5760 = DIRECTION('',(0.707106781187,-0.707106781187,0.));
#5761 = ORIENTED_EDGE('',*,*,#5762,.T.);
#5762 = EDGE_CURVE('',#5755,#5763,#5765,.T.);
#5763 = VERTEX_POINT('',#5764);
#5764 = CARTESIAN_POINT('',(-1.27,-11.684,2.54));
#5765 = LINE('',#5766,#5767);
#5766 = CARTESIAN_POINT('',(-1.016,-11.43,2.54));
#5767 = VECTOR('',#5768,1.);
#5768 = DIRECTION('',(-0.707106781187,-0.707106781187,0.));
#5769 = ORIENTED_EDGE('',*,*,#5770,.T.);
#5770 = EDGE_CURVE('',#5763,#5771,#5773,.T.);
#5771 = VERTEX_POINT('',#5772);
#5772 = CARTESIAN_POINT('',(-1.27,-13.716,2.54));
#5773 = LINE('',#5774,#5775);
#5774 = CARTESIAN_POINT('',(-1.27,-11.684,2.54));
#5775 = VECTOR('',#5776,1.);
#5776 = DIRECTION('',(0.,-1.,0.));
#5777 = ORIENTED_EDGE('',*,*,#5778,.T.);
#5778 = EDGE_CURVE('',#5771,#5779,#5781,.T.);
#5779 = VERTEX_POINT('',#5780);
#5780 = CARTESIAN_POINT('',(-1.016,-13.97,2.54));
#5781 = LINE('',#5782,#5783);
#5782 = CARTESIAN_POINT('',(-1.27,-13.716,2.54));
#5783 = VECTOR('',#5784,1.);
#5784 = DIRECTION('',(0.707106781187,-0.707106781187,0.));
#5785 = ORIENTED_EDGE('',*,*,#5786,.T.);
#5786 = EDGE_CURVE('',#5779,#5787,#5789,.T.);
#5787 = VERTEX_POINT('',#5788);
#5788 = CARTESIAN_POINT('',(-1.27,-14.224,2.54));
#5789 = LINE('',#5790,#5791);
#5790 = CARTESIAN_POINT('',(-1.016,-13.97,2.54));
#5791 = VECTOR('',#5792,1.);
#5792 = DIRECTION('',(-0.707106781187,-0.707106781187,0.));
#5793 = ORIENTED_EDGE('',*,*,#5794,.T.);
#5794 = EDGE_CURVE('',#5787,#5795,#5797,.T.);
#5795 = VERTEX_POINT('',#5796);
#5796 = CARTESIAN_POINT('',(-1.27,-16.256,2.54));
#5797 = LINE('',#5798,#5799);
#5798 = CARTESIAN_POINT('',(-1.27,-14.224,2.54));
#5799 = VECTOR('',#5800,1.);
#5800 = DIRECTION('',(0.,-1.,0.));
#5801 = ORIENTED_EDGE('',*,*,#5802,.T.);
#5802 = EDGE_CURVE('',#5795,#5803,#5805,.T.);
#5803 = VERTEX_POINT('',#5804);
#5804 = CARTESIAN_POINT('',(-1.016,-16.51,2.54));
#5805 = LINE('',#5806,#5807);
#5806 = CARTESIAN_POINT('',(-1.27,-16.256,2.54));
#5807 = VECTOR('',#5808,1.);
#5808 = DIRECTION('',(0.707106781187,-0.707106781187,0.));
#5809 = ORIENTED_EDGE('',*,*,#5810,.T.);
#5810 = EDGE_CURVE('',#5803,#5811,#5813,.T.);
#5811 = VERTEX_POINT('',#5812);
#5812 = CARTESIAN_POINT('',(1.016,-16.51,2.54));
#5813 = LINE('',#5814,#5815);
#5814 = CARTESIAN_POINT('',(-1.016,-16.51,2.54));
#5815 = VECTOR('',#5816,1.);
#5816 = DIRECTION('',(1.,0.,0.));
#5817 = ORIENTED_EDGE('',*,*,#5818,.T.);
#5818 = EDGE_CURVE('',#5811,#5819,#5821,.T.);
#5819 = VERTEX_POINT('',#5820);
#5820 = CARTESIAN_POINT('',(1.27,-16.256,2.54));
#5821 = LINE('',#5822,#5823);
#5822 = CARTESIAN_POINT('',(1.016,-16.51,2.54));
#5823 = VECTOR('',#5824,1.);
#5824 = DIRECTION('',(0.707106781187,0.707106781187,0.));
#5825 = ORIENTED_EDGE('',*,*,#5826,.T.);
#5826 = EDGE_CURVE('',#5819,#5827,#5829,.T.);
#5827 = VERTEX_POINT('',#5828);
#5828 = CARTESIAN_POINT('',(1.27,-14.224,2.54));
#5829 = LINE('',#5830,#5831);
#5830 = CARTESIAN_POINT('',(1.27,-16.256,2.54));
#5831 = VECTOR('',#5832,1.);
#5832 = DIRECTION('',(0.,1.,0.));
#5833 = ORIENTED_EDGE('',*,*,#5834,.T.);
#5834 = EDGE_CURVE('',#5827,#5835,#5837,.T.);
#5835 = VERTEX_POINT('',#5836);
#5836 = CARTESIAN_POINT('',(1.016,-13.97,2.54));
#5837 = LINE('',#5838,#5839);
#5838 = CARTESIAN_POINT('',(1.27,-14.224,2.54));
#5839 = VECTOR('',#5840,1.);
#5840 = DIRECTION('',(-0.707106781187,0.707106781187,0.));
#5841 = ORIENTED_EDGE('',*,*,#5842,.T.);
#5842 = EDGE_CURVE('',#5835,#5843,#5845,.T.);
#5843 = VERTEX_POINT('',#5844);
#5844 = CARTESIAN_POINT('',(1.27,-13.716,2.54));
#5845 = LINE('',#5846,#5847);
#5846 = CARTESIAN_POINT('',(1.016,-13.97,2.54));
#5847 = VECTOR('',#5848,1.);
#5848 = DIRECTION('',(0.707106781187,0.707106781187,0.));
#5849 = ORIENTED_EDGE('',*,*,#5850,.T.);
#5850 = EDGE_CURVE('',#5843,#5851,#5853,.T.);
#5851 = VERTEX_POINT('',#5852);
#5852 = CARTESIAN_POINT('',(1.27,-11.684,2.54));
#5853 = LINE('',#5854,#5855);
#5854 = CARTESIAN_POINT('',(1.27,-13.716,2.54));
#5855 = VECTOR('',#5856,1.);
#5856 = DIRECTION('',(0.,1.,0.));
#5857 = ORIENTED_EDGE('',*,*,#5858,.T.);
#5858 = EDGE_CURVE('',#5851,#5859,#5861,.T.);
#5859 = VERTEX_POINT('',#5860);
#5860 = CARTESIAN_POINT('',(1.016,-11.43,2.54));
#5861 = LINE('',#5862,#5863);
#5862 = CARTESIAN_POINT('',(1.27,-11.684,2.54));
#5863 = VECTOR('',#5864,1.);
#5864 = DIRECTION('',(-0.707106781187,0.707106781187,0.));
#5865 = ORIENTED_EDGE('',*,*,#5866,.T.);
#5866 = EDGE_CURVE('',#5859,#5867,#5869,.T.);
#5867 = VERTEX_POINT('',#5868);
#5868 = CARTESIAN_POINT('',(1.27,-11.176,2.54));
#5869 = LINE('',#5870,#5871);
#5870 = CARTESIAN_POINT('',(1.016,-11.43,2.54));
#5871 = VECTOR('',#5872,1.);
#5872 = DIRECTION('',(0.707106781187,0.707106781187,0.));
#5873 = ORIENTED_EDGE('',*,*,#5874,.T.);
#5874 = EDGE_CURVE('',#5867,#5875,#5877,.T.);
#5875 = VERTEX_POINT('',#5876);
#5876 = CARTESIAN_POINT('',(1.27,-9.144,2.54));
#5877 = LINE('',#5878,#5879);
#5878 = CARTESIAN_POINT('',(1.27,-11.176,2.54));
#5879 = VECTOR('',#5880,1.);
#5880 = DIRECTION('',(0.,1.,0.));
#5881 = ORIENTED_EDGE('',*,*,#5882,.T.);
#5882 = EDGE_CURVE('',#5875,#5883,#5885,.T.);
#5883 = VERTEX_POINT('',#5884);
#5884 = CARTESIAN_POINT('',(1.016,-8.89,2.54));
#5885 = LINE('',#5886,#5887);
#5886 = CARTESIAN_POINT('',(1.27,-9.144,2.54));
#5887 = VECTOR('',#5888,1.);
#5888 = DIRECTION('',(-0.707106781187,0.707106781187,0.));
#5889 = ORIENTED_EDGE('',*,*,#5890,.T.);
#5890 = EDGE_CURVE('',#5883,#5891,#5893,.T.);
#5891 = VERTEX_POINT('',#5892);
#5892 = CARTESIAN_POINT('',(1.27,-8.636,2.54));
#5893 = LINE('',#5894,#5895);
#5894 = CARTESIAN_POINT('',(1.016,-8.89,2.54));
#5895 = VECTOR('',#5896,1.);
#5896 = DIRECTION('',(0.707106781187,0.707106781187,0.));
#5897 = ORIENTED_EDGE('',*,*,#5898,.T.);
#5898 = EDGE_CURVE('',#5891,#5899,#5901,.T.);
#5899 = VERTEX_POINT('',#5900);
#5900 = CARTESIAN_POINT('',(1.27,-6.604,2.54));
#5901 = LINE('',#5902,#5903);
#5902 = CARTESIAN_POINT('',(1.27,-8.636,2.54));
#5903 = VECTOR('',#5904,1.);
#5904 = DIRECTION('',(0.,1.,0.));
#5905 = ORIENTED_EDGE('',*,*,#5906,.T.);
#5906 = EDGE_CURVE('',#5899,#5907,#5909,.T.);
#5907 = VERTEX_POINT('',#5908);
#5908 = CARTESIAN_POINT('',(1.016,-6.35,2.54));
#5909 = LINE('',#5910,#5911);
#5910 = CARTESIAN_POINT('',(1.27,-6.604,2.54));
#5911 = VECTOR('',#5912,1.);
#5912 = DIRECTION('',(-0.707106781187,0.707106781187,0.));
#5913 = ORIENTED_EDGE('',*,*,#5914,.T.);
#5914 = EDGE_CURVE('',#5907,#5915,#5917,.T.);
#5915 = VERTEX_POINT('',#5916);
#5916 = CARTESIAN_POINT('',(1.27,-6.096,2.54));
#5917 = LINE('',#5918,#5919);
#5918 = CARTESIAN_POINT('',(1.016,-6.35,2.54));
#5919 = VECTOR('',#5920,1.);
#5920 = DIRECTION('',(0.707106781187,0.707106781187,0.));
#5921 = ORIENTED_EDGE('',*,*,#5922,.T.);
#5922 = EDGE_CURVE('',#5915,#5923,#5925,.T.);
#5923 = VERTEX_POINT('',#5924);
#5924 = CARTESIAN_POINT('',(1.27,-4.064,2.54));
#5925 = LINE('',#5926,#5927);
#5926 = CARTESIAN_POINT('',(1.27,-6.096,2.54));
#5927 = VECTOR('',#5928,1.);
#5928 = DIRECTION('',(0.,1.,0.));
#5929 = ORIENTED_EDGE('',*,*,#5930,.T.);
#5930 = EDGE_CURVE('',#5923,#5931,#5933,.T.);
#5931 = VERTEX_POINT('',#5932);
#5932 = CARTESIAN_POINT('',(1.016,-3.81,2.54));
#5933 = LINE('',#5934,#5935);
#5934 = CARTESIAN_POINT('',(1.27,-4.064,2.54));
#5935 = VECTOR('',#5936,1.);
#5936 = DIRECTION('',(-0.707106781187,0.707106781187,0.));
#5937 = ORIENTED_EDGE('',*,*,#5938,.T.);
#5938 = EDGE_CURVE('',#5931,#5939,#5941,.T.);
#5939 = VERTEX_POINT('',#5940);
#5940 = CARTESIAN_POINT('',(1.27,-3.556,2.54));
#5941 = LINE('',#5942,#5943);
#5942 = CARTESIAN_POINT('',(1.016,-3.81,2.54));
#5943 = VECTOR('',#5944,1.);
#5944 = DIRECTION('',(0.707106781187,0.707106781187,0.));
#5945 = ORIENTED_EDGE('',*,*,#5946,.T.);
#5946 = EDGE_CURVE('',#5939,#5947,#5949,.T.);
#5947 = VERTEX_POINT('',#5948);
#5948 = CARTESIAN_POINT('',(1.27,-1.524,2.54));
#5949 = LINE('',#5950,#5951);
#5950 = CARTESIAN_POINT('',(1.27,-3.556,2.54));
#5951 = VECTOR('',#5952,1.);
#5952 = DIRECTION('',(0.,1.,0.));
#5953 = ORIENTED_EDGE('',*,*,#5954,.T.);
#5954 = EDGE_CURVE('',#5947,#5955,#5957,.T.);
#5955 = VERTEX_POINT('',#5956);
#5956 = CARTESIAN_POINT('',(1.016,-1.27,2.54));
#5957 = LINE('',#5958,#5959);
#5958 = CARTESIAN_POINT('',(1.27,-1.524,2.54));
#5959 = VECTOR('',#5960,1.);
#5960 = DIRECTION('',(-0.707106781187,0.707106781187,0.));
#5961 = ORIENTED_EDGE('',*,*,#5962,.T.);
#5962 = EDGE_CURVE('',#5955,#5963,#5965,.T.);
#5963 = VERTEX_POINT('',#5964);
#5964 = CARTESIAN_POINT('',(1.27,-1.016,2.54));
#5965 = LINE('',#5966,#5967);
#5966 = CARTESIAN_POINT('',(1.016,-1.27,2.54));
#5967 = VECTOR('',#5968,1.);
#5968 = DIRECTION('',(0.707106781187,0.707106781187,0.));
#5969 = ORIENTED_EDGE('',*,*,#5970,.T.);
#5970 = EDGE_CURVE('',#5963,#5971,#5973,.T.);
#5971 = VERTEX_POINT('',#5972);
#5972 = CARTESIAN_POINT('',(1.27,1.016,2.54));
#5973 = LINE('',#5974,#5975);
#5974 = CARTESIAN_POINT('',(1.27,-1.016,2.54));
#5975 = VECTOR('',#5976,1.);
#5976 = DIRECTION('',(0.,1.,0.));
#5977 = ORIENTED_EDGE('',*,*,#5978,.T.);
#5978 = EDGE_CURVE('',#5971,#5022,#5979,.T.);
#5979 = LINE('',#5980,#5981);
#5980 = CARTESIAN_POINT('',(1.27,1.016,2.54));
#5981 = VECTOR('',#5982,1.);
#5982 = DIRECTION('',(-0.707106781187,0.707106781187,0.));
#5983 = ORIENTED_EDGE('',*,*,#5029,.T.);
#5984 = FACE_BOUND('',#5985,.T.);
#5985 = EDGE_LOOP('',(#5986,#5996,#6004,#6012));
#5986 = ORIENTED_EDGE('',*,*,#5987,.F.);
#5987 = EDGE_CURVE('',#5988,#5990,#5992,.T.);
#5988 = VERTEX_POINT('',#5989);
#5989 = CARTESIAN_POINT('',(0.32,-12.38,2.54));
#5990 = VERTEX_POINT('',#5991);
#5991 = CARTESIAN_POINT('',(-0.32,-12.38,2.54));
#5992 = LINE('',#5993,#5994);
#5993 = CARTESIAN_POINT('',(-0.16,-12.38,2.54));
#5994 = VECTOR('',#5995,1.);
#5995 = DIRECTION('',(-1.,0.,0.));
#5996 = ORIENTED_EDGE('',*,*,#5997,.F.);
#5997 = EDGE_CURVE('',#5998,#5988,#6000,.T.);
#5998 = VERTEX_POINT('',#5999);
#5999 = CARTESIAN_POINT('',(0.32,-13.02,2.54));
#6000 = LINE('',#6001,#6002);
#6001 = CARTESIAN_POINT('',(0.32,-10.32,2.54));
#6002 = VECTOR('',#6003,1.);
#6003 = DIRECTION('',(0.,1.,0.));
#6004 = ORIENTED_EDGE('',*,*,#6005,.T.);
#6005 = EDGE_CURVE('',#5998,#6006,#6008,.T.);
#6006 = VERTEX_POINT('',#6007);
#6007 = CARTESIAN_POINT('',(-0.32,-13.02,2.54));
#6008 = LINE('',#6009,#6010);
#6009 = CARTESIAN_POINT('',(-0.16,-13.02,2.54));
#6010 = VECTOR('',#6011,1.);
#6011 = DIRECTION('',(-1.,0.,0.));
#6012 = ORIENTED_EDGE('',*,*,#6013,.T.);
#6013 = EDGE_CURVE('',#6006,#5990,#6014,.T.);
#6014 = LINE('',#6015,#6016);
#6015 = CARTESIAN_POINT('',(-0.32,-10.32,2.54));
#6016 = VECTOR('',#6017,1.);
#6017 = DIRECTION('',(0.,1.,0.));
#6018 = FACE_BOUND('',#6019,.T.);
#6019 = EDGE_LOOP('',(#6020,#6030,#6038,#6046));
#6020 = ORIENTED_EDGE('',*,*,#6021,.F.);
#6021 = EDGE_CURVE('',#6022,#6024,#6026,.T.);
#6022 = VERTEX_POINT('',#6023);
#6023 = CARTESIAN_POINT('',(0.32,-15.56,2.54));
#6024 = VERTEX_POINT('',#6025);
#6025 = CARTESIAN_POINT('',(0.32,-14.92,2.54));
#6026 = LINE('',#6027,#6028);
#6027 = CARTESIAN_POINT('',(0.32,-11.59,2.54));
#6028 = VECTOR('',#6029,1.);
#6029 = DIRECTION('',(0.,1.,0.));
#6030 = ORIENTED_EDGE('',*,*,#6031,.T.);
#6031 = EDGE_CURVE('',#6022,#6032,#6034,.T.);
#6032 = VERTEX_POINT('',#6033);
#6033 = CARTESIAN_POINT('',(-0.32,-15.56,2.54));
#6034 = LINE('',#6035,#6036);
#6035 = CARTESIAN_POINT('',(-0.16,-15.56,2.54));
#6036 = VECTOR('',#6037,1.);
#6037 = DIRECTION('',(-1.,0.,0.));
#6038 = ORIENTED_EDGE('',*,*,#6039,.T.);
#6039 = EDGE_CURVE('',#6032,#6040,#6042,.T.);
#6040 = VERTEX_POINT('',#6041);
#6041 = CARTESIAN_POINT('',(-0.32,-14.92,2.54));
#6042 = LINE('',#6043,#6044);
#6043 = CARTESIAN_POINT('',(-0.32,-11.59,2.54));
#6044 = VECTOR('',#6045,1.);
#6045 = DIRECTION('',(0.,1.,0.));
#6046 = ORIENTED_EDGE('',*,*,#6047,.F.);
#6047 = EDGE_CURVE('',#6024,#6040,#6048,.T.);
#6048 = LINE('',#6049,#6050);
#6049 = CARTESIAN_POINT('',(-0.16,-14.92,2.54));
#6050 = VECTOR('',#6051,1.);
#6051 = DIRECTION('',(-1.,0.,0.));
#6052 = FACE_BOUND('',#6053,.T.);
#6053 = EDGE_LOOP('',(#6054,#6064,#6072,#6080));
#6054 = ORIENTED_EDGE('',*,*,#6055,.F.);
#6055 = EDGE_CURVE('',#6056,#6058,#6060,.T.);
#6056 = VERTEX_POINT('',#6057);
#6057 = CARTESIAN_POINT('',(0.32,-9.84,2.54));
#6058 = VERTEX_POINT('',#6059);
#6059 = CARTESIAN_POINT('',(-0.32,-9.84,2.54));
#6060 = LINE('',#6061,#6062);
#6061 = CARTESIAN_POINT('',(-0.16,-9.84,2.54));
#6062 = VECTOR('',#6063,1.);
#6063 = DIRECTION('',(-1.,0.,0.));
#6064 = ORIENTED_EDGE('',*,*,#6065,.F.);
#6065 = EDGE_CURVE('',#6066,#6056,#6068,.T.);
#6066 = VERTEX_POINT('',#6067);
#6067 = CARTESIAN_POINT('',(0.32,-10.48,2.54));
#6068 = LINE('',#6069,#6070);
#6069 = CARTESIAN_POINT('',(0.32,-9.05,2.54));
#6070 = VECTOR('',#6071,1.);
#6071 = DIRECTION('',(0.,1.,0.));
#6072 = ORIENTED_EDGE('',*,*,#6073,.T.);
#6073 = EDGE_CURVE('',#6066,#6074,#6076,.T.);
#6074 = VERTEX_POINT('',#6075);
#6075 = CARTESIAN_POINT('',(-0.32,-10.48,2.54));
#6076 = LINE('',#6077,#6078);
#6077 = CARTESIAN_POINT('',(-0.16,-10.48,2.54));
#6078 = VECTOR('',#6079,1.);
#6079 = DIRECTION('',(-1.,0.,0.));
#6080 = ORIENTED_EDGE('',*,*,#6081,.T.);
#6081 = EDGE_CURVE('',#6074,#6058,#6082,.T.);
#6082 = LINE('',#6083,#6084);
#6083 = CARTESIAN_POINT('',(-0.32,-9.05,2.54));
#6084 = VECTOR('',#6085,1.);
#6085 = DIRECTION('',(0.,1.,0.));
#6086 = FACE_BOUND('',#6087,.T.);
#6087 = EDGE_LOOP('',(#6088,#6098,#6106,#6114));
#6088 = ORIENTED_EDGE('',*,*,#6089,.F.);
#6089 = EDGE_CURVE('',#6090,#6092,#6094,.T.);
#6090 = VERTEX_POINT('',#6091);
#6091 = CARTESIAN_POINT('',(0.32,-2.86,2.54));
#6092 = VERTEX_POINT('',#6093);
#6093 = CARTESIAN_POINT('',(0.32,-2.22,2.54));
#6094 = LINE('',#6095,#6096);
#6095 = CARTESIAN_POINT('',(0.32,-5.24,2.54));
#6096 = VECTOR('',#6097,1.);
#6097 = DIRECTION('',(0.,1.,0.));
#6098 = ORIENTED_EDGE('',*,*,#6099,.T.);
#6099 = EDGE_CURVE('',#6090,#6100,#6102,.T.);
#6100 = VERTEX_POINT('',#6101);
#6101 = CARTESIAN_POINT('',(-0.32,-2.86,2.54));
#6102 = LINE('',#6103,#6104);
#6103 = CARTESIAN_POINT('',(-0.16,-2.86,2.54));
#6104 = VECTOR('',#6105,1.);
#6105 = DIRECTION('',(-1.,0.,0.));
#6106 = ORIENTED_EDGE('',*,*,#6107,.T.);
#6107 = EDGE_CURVE('',#6100,#6108,#6110,.T.);
#6108 = VERTEX_POINT('',#6109);
#6109 = CARTESIAN_POINT('',(-0.32,-2.22,2.54));
#6110 = LINE('',#6111,#6112);
#6111 = CARTESIAN_POINT('',(-0.32,-5.24,2.54));
#6112 = VECTOR('',#6113,1.);
#6113 = DIRECTION('',(0.,1.,0.));
#6114 = ORIENTED_EDGE('',*,*,#6115,.F.);
#6115 = EDGE_CURVE('',#6092,#6108,#6116,.T.);
#6116 = LINE('',#6117,#6118);
#6117 = CARTESIAN_POINT('',(-0.16,-2.22,2.54));
#6118 = VECTOR('',#6119,1.);
#6119 = DIRECTION('',(-1.,0.,0.));
#6120 = FACE_BOUND('',#6121,.T.);
#6121 = EDGE_LOOP('',(#6122,#6132,#6140,#6148));
#6122 = ORIENTED_EDGE('',*,*,#6123,.T.);
#6123 = EDGE_CURVE('',#6124,#6126,#6128,.T.);
#6124 = VERTEX_POINT('',#6125);
#6125 = CARTESIAN_POINT('',(0.32,-5.4,2.54));
#6126 = VERTEX_POINT('',#6127);
#6127 = CARTESIAN_POINT('',(-0.32,-5.4,2.54));
#6128 = LINE('',#6129,#6130);
#6129 = CARTESIAN_POINT('',(-0.16,-5.4,2.54));
#6130 = VECTOR('',#6131,1.);
#6131 = DIRECTION('',(-1.,0.,0.));
#6132 = ORIENTED_EDGE('',*,*,#6133,.T.);
#6133 = EDGE_CURVE('',#6126,#6134,#6136,.T.);
#6134 = VERTEX_POINT('',#6135);
#6135 = CARTESIAN_POINT('',(-0.32,-4.76,2.54));
#6136 = LINE('',#6137,#6138);
#6137 = CARTESIAN_POINT('',(-0.32,-6.51,2.54));
#6138 = VECTOR('',#6139,1.);
#6139 = DIRECTION('',(0.,1.,0.));
#6140 = ORIENTED_EDGE('',*,*,#6141,.F.);
#6141 = EDGE_CURVE('',#6142,#6134,#6144,.T.);
#6142 = VERTEX_POINT('',#6143);
#6143 = CARTESIAN_POINT('',(0.32,-4.76,2.54));
#6144 = LINE('',#6145,#6146);
#6145 = CARTESIAN_POINT('',(-0.16,-4.76,2.54));
#6146 = VECTOR('',#6147,1.);
#6147 = DIRECTION('',(-1.,0.,0.));
#6148 = ORIENTED_EDGE('',*,*,#6149,.F.);
#6149 = EDGE_CURVE('',#6124,#6142,#6150,.T.);
#6150 = LINE('',#6151,#6152);
#6151 = CARTESIAN_POINT('',(0.32,-6.51,2.54));
#6152 = VECTOR('',#6153,1.);
#6153 = DIRECTION('',(0.,1.,0.));
#6154 = FACE_BOUND('',#6155,.T.);
#6155 = EDGE_LOOP('',(#6156,#6166,#6174,#6182));
#6156 = ORIENTED_EDGE('',*,*,#6157,.F.);
#6157 = EDGE_CURVE('',#6158,#6160,#6162,.T.);
#6158 = VERTEX_POINT('',#6159);
#6159 = CARTESIAN_POINT('',(0.32,-7.94,2.54));
#6160 = VERTEX_POINT('',#6161);
#6161 = CARTESIAN_POINT('',(0.32,-7.3,2.54));
#6162 = LINE('',#6163,#6164);
#6163 = CARTESIAN_POINT('',(0.32,-7.78,2.54));
#6164 = VECTOR('',#6165,1.);
#6165 = DIRECTION('',(0.,1.,0.));
#6166 = ORIENTED_EDGE('',*,*,#6167,.T.);
#6167 = EDGE_CURVE('',#6158,#6168,#6170,.T.);
#6168 = VERTEX_POINT('',#6169);
#6169 = CARTESIAN_POINT('',(-0.32,-7.94,2.54));
#6170 = LINE('',#6171,#6172);
#6171 = CARTESIAN_POINT('',(-0.16,-7.94,2.54));
#6172 = VECTOR('',#6173,1.);
#6173 = DIRECTION('',(-1.,0.,0.));
#6174 = ORIENTED_EDGE('',*,*,#6175,.T.);
#6175 = EDGE_CURVE('',#6168,#6176,#6178,.T.);
#6176 = VERTEX_POINT('',#6177);
#6177 = CARTESIAN_POINT('',(-0.32,-7.3,2.54));
#6178 = LINE('',#6179,#6180);
#6179 = CARTESIAN_POINT('',(-0.32,-7.78,2.54));
#6180 = VECTOR('',#6181,1.);
#6181 = DIRECTION('',(0.,1.,0.));
#6182 = ORIENTED_EDGE('',*,*,#6183,.F.);
#6183 = EDGE_CURVE('',#6160,#6176,#6184,.T.);
#6184 = LINE('',#6185,#6186);
#6185 = CARTESIAN_POINT('',(-0.16,-7.3,2.54));
#6186 = VECTOR('',#6187,1.);
#6187 = DIRECTION('',(-1.,0.,0.));
#6188 = FACE_BOUND('',#6189,.T.);
#6189 = EDGE_LOOP('',(#6190,#6200,#6208,#6216));
#6190 = ORIENTED_EDGE('',*,*,#6191,.T.);
#6191 = EDGE_CURVE('',#6192,#6194,#6196,.T.);
#6192 = VERTEX_POINT('',#6193);
#6193 = CARTESIAN_POINT('',(0.32,-0.32,2.54));
#6194 = VERTEX_POINT('',#6195);
#6195 = CARTESIAN_POINT('',(-0.32,-0.32,2.54));
#6196 = LINE('',#6197,#6198);
#6197 = CARTESIAN_POINT('',(-0.16,-0.32,2.54));
#6198 = VECTOR('',#6199,1.);
#6199 = DIRECTION('',(-1.,0.,0.));
#6200 = ORIENTED_EDGE('',*,*,#6201,.T.);
#6201 = EDGE_CURVE('',#6194,#6202,#6204,.T.);
#6202 = VERTEX_POINT('',#6203);
#6203 = CARTESIAN_POINT('',(-0.32,0.32,2.54));
#6204 = LINE('',#6205,#6206);
#6205 = CARTESIAN_POINT('',(-0.32,-3.97,2.54));
#6206 = VECTOR('',#6207,1.);
#6207 = DIRECTION('',(0.,1.,0.));
#6208 = ORIENTED_EDGE('',*,*,#6209,.F.);
#6209 = EDGE_CURVE('',#6210,#6202,#6212,.T.);
#6210 = VERTEX_POINT('',#6211);
#6211 = CARTESIAN_POINT('',(0.32,0.32,2.54));
#6212 = LINE('',#6213,#6214);
#6213 = CARTESIAN_POINT('',(-0.16,0.32,2.54));
#6214 = VECTOR('',#6215,1.);
#6215 = DIRECTION('',(-1.,0.,0.));
#6216 = ORIENTED_EDGE('',*,*,#6217,.F.);
#6217 = EDGE_CURVE('',#6192,#6210,#6218,.T.);
#6218 = LINE('',#6219,#6220);
#6219 = CARTESIAN_POINT('',(0.32,-3.97,2.54));
#6220 = VECTOR('',#6221,1.);
#6221 = DIRECTION('',(0.,1.,0.));
#6222 = PLANE('',#6223);
#6223 = AXIS2_PLACEMENT_3D('',#6224,#6225,#6226);
#6224 = CARTESIAN_POINT('',(-1.56480052915E-17,-7.62,2.54));
#6225 = DIRECTION('',(0.,0.,1.));
#6226 = DIRECTION('',(1.,0.,-0.));
#6227 = ADVANCED_FACE('',(#6228),#6239,.F.);
#6228 = FACE_BOUND('',#6229,.F.);
#6229 = EDGE_LOOP('',(#6230,#6236,#6237,#6238));
#6230 = ORIENTED_EDGE('',*,*,#6231,.T.);
#6231 = EDGE_CURVE('',#5396,#5971,#6232,.T.);
#6232 = LINE('',#6233,#6234);
#6233 = CARTESIAN_POINT('',(1.27,1.016,0.));
#6234 = VECTOR('',#6235,1.);
#6235 = DIRECTION('',(0.,0.,1.));
#6236 = ORIENTED_EDGE('',*,*,#5978,.T.);
#6237 = ORIENTED_EDGE('',*,*,#5019,.F.);
#6238 = ORIENTED_EDGE('',*,*,#5403,.F.);
#6239 = PLANE('',#6240);
#6240 = AXIS2_PLACEMENT_3D('',#6241,#6242,#6243);
#6241 = CARTESIAN_POINT('',(1.27,1.016,0.));
#6242 = DIRECTION('',(-0.707106781187,-0.707106781187,0.));
#6243 = DIRECTION('',(-0.707106781187,0.707106781187,0.));
#6244 = ADVANCED_FACE('',(#6245),#6256,.F.);
#6245 = FACE_BOUND('',#6246,.F.);
#6246 = EDGE_LOOP('',(#6247,#6248,#6249,#6255));
#6247 = ORIENTED_EDGE('',*,*,#5059,.T.);
#6248 = ORIENTED_EDGE('',*,*,#5658,.T.);
#6249 = ORIENTED_EDGE('',*,*,#6250,.F.);
#6250 = EDGE_CURVE('',#5084,#5659,#6251,.T.);
#6251 = LINE('',#6252,#6253);
#6252 = CARTESIAN_POINT('',(-1.016,-1.27,0.));
#6253 = VECTOR('',#6254,1.);
#6254 = DIRECTION('',(0.,0.,1.));
#6255 = ORIENTED_EDGE('',*,*,#5083,.F.);
#6256 = PLANE('',#6257);
#6257 = AXIS2_PLACEMENT_3D('',#6258,#6259,#6260);
#6258 = CARTESIAN_POINT('',(-1.27,-1.016,0.));
#6259 = DIRECTION('',(0.707106781187,0.707106781187,0.));
#6260 = DIRECTION('',(0.707106781187,-0.707106781187,0.));
#6261 = ADVANCED_FACE('',(#6262),#6273,.F.);
#6262 = FACE_BOUND('',#6263,.F.);
#6263 = EDGE_LOOP('',(#6264,#6270,#6271,#6272));
#6264 = ORIENTED_EDGE('',*,*,#6265,.T.);
#6265 = EDGE_CURVE('',#5388,#5963,#6266,.T.);
#6266 = LINE('',#6267,#6268);
#6267 = CARTESIAN_POINT('',(1.27,-1.016,0.));
#6268 = VECTOR('',#6269,1.);
#6269 = DIRECTION('',(0.,0.,1.));
#6270 = ORIENTED_EDGE('',*,*,#5970,.T.);
#6271 = ORIENTED_EDGE('',*,*,#6231,.F.);
#6272 = ORIENTED_EDGE('',*,*,#5395,.F.);
#6273 = PLANE('',#6274);
#6274 = AXIS2_PLACEMENT_3D('',#6275,#6276,#6277);
#6275 = CARTESIAN_POINT('',(1.27,-1.016,0.));
#6276 = DIRECTION('',(-1.,0.,0.));
#6277 = DIRECTION('',(0.,1.,0.));
#6278 = ADVANCED_FACE('',(#6279),#6290,.F.);
#6279 = FACE_BOUND('',#6280,.F.);
#6280 = EDGE_LOOP('',(#6281,#6282,#6283,#6289));
#6281 = ORIENTED_EDGE('',*,*,#6250,.T.);
#6282 = ORIENTED_EDGE('',*,*,#5666,.T.);
#6283 = ORIENTED_EDGE('',*,*,#6284,.F.);
#6284 = EDGE_CURVE('',#5092,#5667,#6285,.T.);
#6285 = LINE('',#6286,#6287);
#6286 = CARTESIAN_POINT('',(-1.27,-1.524,0.));
#6287 = VECTOR('',#6288,1.);
#6288 = DIRECTION('',(0.,0.,1.));
#6289 = ORIENTED_EDGE('',*,*,#5091,.F.);
#6290 = PLANE('',#6291);
#6291 = AXIS2_PLACEMENT_3D('',#6292,#6293,#6294);
#6292 = CARTESIAN_POINT('',(-1.016,-1.27,0.));
#6293 = DIRECTION('',(0.707106781187,-0.707106781187,0.));
#6294 = DIRECTION('',(-0.707106781187,-0.707106781187,0.));
#6295 = ADVANCED_FACE('',(#6296),#6307,.F.);
#6296 = FACE_BOUND('',#6297,.F.);
#6297 = EDGE_LOOP('',(#6298,#6304,#6305,#6306));
#6298 = ORIENTED_EDGE('',*,*,#6299,.T.);
#6299 = EDGE_CURVE('',#5380,#5955,#6300,.T.);
#6300 = LINE('',#6301,#6302);
#6301 = CARTESIAN_POINT('',(1.016,-1.27,0.));
#6302 = VECTOR('',#6303,1.);
#6303 = DIRECTION('',(0.,0.,1.));
#6304 = ORIENTED_EDGE('',*,*,#5962,.T.);
#6305 = ORIENTED_EDGE('',*,*,#6265,.F.);
#6306 = ORIENTED_EDGE('',*,*,#5387,.F.);
#6307 = PLANE('',#6308);
#6308 = AXIS2_PLACEMENT_3D('',#6309,#6310,#6311);
#6309 = CARTESIAN_POINT('',(1.016,-1.27,0.));
#6310 = DIRECTION('',(-0.707106781187,0.707106781187,0.));
#6311 = DIRECTION('',(0.707106781187,0.707106781187,0.));
#6312 = ADVANCED_FACE('',(#6313),#6324,.F.);
#6313 = FACE_BOUND('',#6314,.F.);
#6314 = EDGE_LOOP('',(#6315,#6316,#6317,#6323));
#6315 = ORIENTED_EDGE('',*,*,#6284,.T.);
#6316 = ORIENTED_EDGE('',*,*,#5674,.T.);
#6317 = ORIENTED_EDGE('',*,*,#6318,.F.);
#6318 = EDGE_CURVE('',#5100,#5675,#6319,.T.);
#6319 = LINE('',#6320,#6321);
#6320 = CARTESIAN_POINT('',(-1.27,-3.556,0.));
#6321 = VECTOR('',#6322,1.);
#6322 = DIRECTION('',(0.,0.,1.));
#6323 = ORIENTED_EDGE('',*,*,#5099,.F.);
#6324 = PLANE('',#6325);
#6325 = AXIS2_PLACEMENT_3D('',#6326,#6327,#6328);
#6326 = CARTESIAN_POINT('',(-1.27,-1.524,0.));
#6327 = DIRECTION('',(1.,0.,0.));
#6328 = DIRECTION('',(0.,-1.,0.));
#6329 = ADVANCED_FACE('',(#6330),#6341,.F.);
#6330 = FACE_BOUND('',#6331,.F.);
#6331 = EDGE_LOOP('',(#6332,#6338,#6339,#6340));
#6332 = ORIENTED_EDGE('',*,*,#6333,.T.);
#6333 = EDGE_CURVE('',#5372,#5947,#6334,.T.);
#6334 = LINE('',#6335,#6336);
#6335 = CARTESIAN_POINT('',(1.27,-1.524,0.));
#6336 = VECTOR('',#6337,1.);
#6337 = DIRECTION('',(0.,0.,1.));
#6338 = ORIENTED_EDGE('',*,*,#5954,.T.);
#6339 = ORIENTED_EDGE('',*,*,#6299,.F.);
#6340 = ORIENTED_EDGE('',*,*,#5379,.F.);
#6341 = PLANE('',#6342);
#6342 = AXIS2_PLACEMENT_3D('',#6343,#6344,#6345);
#6343 = CARTESIAN_POINT('',(1.27,-1.524,0.));
#6344 = DIRECTION('',(-0.707106781187,-0.707106781187,0.));
#6345 = DIRECTION('',(-0.707106781187,0.707106781187,0.));
#6346 = ADVANCED_FACE('',(#6347),#6358,.F.);
#6347 = FACE_BOUND('',#6348,.F.);
#6348 = EDGE_LOOP('',(#6349,#6350,#6351,#6357));
#6349 = ORIENTED_EDGE('',*,*,#6318,.T.);
#6350 = ORIENTED_EDGE('',*,*,#5682,.T.);
#6351 = ORIENTED_EDGE('',*,*,#6352,.F.);
#6352 = EDGE_CURVE('',#5108,#5683,#6353,.T.);
#6353 = LINE('',#6354,#6355);
#6354 = CARTESIAN_POINT('',(-1.016,-3.81,0.));
#6355 = VECTOR('',#6356,1.);
#6356 = DIRECTION('',(0.,0.,1.));
#6357 = ORIENTED_EDGE('',*,*,#5107,.F.);
#6358 = PLANE('',#6359);
#6359 = AXIS2_PLACEMENT_3D('',#6360,#6361,#6362);
#6360 = CARTESIAN_POINT('',(-1.27,-3.556,0.));
#6361 = DIRECTION('',(0.707106781187,0.707106781187,0.));
#6362 = DIRECTION('',(0.707106781187,-0.707106781187,0.));
#6363 = ADVANCED_FACE('',(#6364),#6375,.F.);
#6364 = FACE_BOUND('',#6365,.F.);
#6365 = EDGE_LOOP('',(#6366,#6372,#6373,#6374));
#6366 = ORIENTED_EDGE('',*,*,#6367,.T.);
#6367 = EDGE_CURVE('',#5364,#5939,#6368,.T.);
#6368 = LINE('',#6369,#6370);
#6369 = CARTESIAN_POINT('',(1.27,-3.556,0.));
#6370 = VECTOR('',#6371,1.);
#6371 = DIRECTION('',(0.,0.,1.));
#6372 = ORIENTED_EDGE('',*,*,#5946,.T.);
#6373 = ORIENTED_EDGE('',*,*,#6333,.F.);
#6374 = ORIENTED_EDGE('',*,*,#5371,.F.);
#6375 = PLANE('',#6376);
#6376 = AXIS2_PLACEMENT_3D('',#6377,#6378,#6379);
#6377 = CARTESIAN_POINT('',(1.27,-3.556,0.));
#6378 = DIRECTION('',(-1.,0.,0.));
#6379 = DIRECTION('',(0.,1.,0.));
#6380 = ADVANCED_FACE('',(#6381),#6392,.F.);
#6381 = FACE_BOUND('',#6382,.F.);
#6382 = EDGE_LOOP('',(#6383,#6384,#6385,#6391));
#6383 = ORIENTED_EDGE('',*,*,#6352,.T.);
#6384 = ORIENTED_EDGE('',*,*,#5690,.T.);
#6385 = ORIENTED_EDGE('',*,*,#6386,.F.);
#6386 = EDGE_CURVE('',#5116,#5691,#6387,.T.);
#6387 = LINE('',#6388,#6389);
#6388 = CARTESIAN_POINT('',(-1.27,-4.064,0.));
#6389 = VECTOR('',#6390,1.);
#6390 = DIRECTION('',(0.,0.,1.));
#6391 = ORIENTED_EDGE('',*,*,#5115,.F.);
#6392 = PLANE('',#6393);
#6393 = AXIS2_PLACEMENT_3D('',#6394,#6395,#6396);
#6394 = CARTESIAN_POINT('',(-1.016,-3.81,0.));
#6395 = DIRECTION('',(0.707106781187,-0.707106781187,0.));
#6396 = DIRECTION('',(-0.707106781187,-0.707106781187,0.));
#6397 = ADVANCED_FACE('',(#6398),#6409,.F.);
#6398 = FACE_BOUND('',#6399,.F.);
#6399 = EDGE_LOOP('',(#6400,#6406,#6407,#6408));
#6400 = ORIENTED_EDGE('',*,*,#6401,.T.);
#6401 = EDGE_CURVE('',#5356,#5931,#6402,.T.);
#6402 = LINE('',#6403,#6404);
#6403 = CARTESIAN_POINT('',(1.016,-3.81,0.));
#6404 = VECTOR('',#6405,1.);
#6405 = DIRECTION('',(0.,0.,1.));
#6406 = ORIENTED_EDGE('',*,*,#5938,.T.);
#6407 = ORIENTED_EDGE('',*,*,#6367,.F.);
#6408 = ORIENTED_EDGE('',*,*,#5363,.F.);
#6409 = PLANE('',#6410);
#6410 = AXIS2_PLACEMENT_3D('',#6411,#6412,#6413);
#6411 = CARTESIAN_POINT('',(1.016,-3.81,0.));
#6412 = DIRECTION('',(-0.707106781187,0.707106781187,0.));
#6413 = DIRECTION('',(0.707106781187,0.707106781187,0.));
#6414 = ADVANCED_FACE('',(#6415),#6426,.F.);
#6415 = FACE_BOUND('',#6416,.F.);
#6416 = EDGE_LOOP('',(#6417,#6418,#6419,#6425));
#6417 = ORIENTED_EDGE('',*,*,#6386,.T.);
#6418 = ORIENTED_EDGE('',*,*,#5698,.T.);
#6419 = ORIENTED_EDGE('',*,*,#6420,.F.);
#6420 = EDGE_CURVE('',#5124,#5699,#6421,.T.);
#6421 = LINE('',#6422,#6423);
#6422 = CARTESIAN_POINT('',(-1.27,-6.096,0.));
#6423 = VECTOR('',#6424,1.);
#6424 = DIRECTION('',(0.,0.,1.));
#6425 = ORIENTED_EDGE('',*,*,#5123,.F.);
#6426 = PLANE('',#6427);
#6427 = AXIS2_PLACEMENT_3D('',#6428,#6429,#6430);
#6428 = CARTESIAN_POINT('',(-1.27,-4.064,0.));
#6429 = DIRECTION('',(1.,0.,0.));
#6430 = DIRECTION('',(0.,-1.,0.));
#6431 = ADVANCED_FACE('',(#6432),#6443,.F.);
#6432 = FACE_BOUND('',#6433,.F.);
#6433 = EDGE_LOOP('',(#6434,#6440,#6441,#6442));
#6434 = ORIENTED_EDGE('',*,*,#6435,.T.);
#6435 = EDGE_CURVE('',#5348,#5923,#6436,.T.);
#6436 = LINE('',#6437,#6438);
#6437 = CARTESIAN_POINT('',(1.27,-4.064,0.));
#6438 = VECTOR('',#6439,1.);
#6439 = DIRECTION('',(0.,0.,1.));
#6440 = ORIENTED_EDGE('',*,*,#5930,.T.);
#6441 = ORIENTED_EDGE('',*,*,#6401,.F.);
#6442 = ORIENTED_EDGE('',*,*,#5355,.F.);
#6443 = PLANE('',#6444);
#6444 = AXIS2_PLACEMENT_3D('',#6445,#6446,#6447);
#6445 = CARTESIAN_POINT('',(1.27,-4.064,0.));
#6446 = DIRECTION('',(-0.707106781187,-0.707106781187,0.));
#6447 = DIRECTION('',(-0.707106781187,0.707106781187,0.));
#6448 = ADVANCED_FACE('',(#6449),#6460,.F.);
#6449 = FACE_BOUND('',#6450,.F.);
#6450 = EDGE_LOOP('',(#6451,#6452,#6453,#6459));
#6451 = ORIENTED_EDGE('',*,*,#6420,.T.);
#6452 = ORIENTED_EDGE('',*,*,#5706,.T.);
#6453 = ORIENTED_EDGE('',*,*,#6454,.F.);
#6454 = EDGE_CURVE('',#5132,#5707,#6455,.T.);
#6455 = LINE('',#6456,#6457);
#6456 = CARTESIAN_POINT('',(-1.016,-6.35,0.));
#6457 = VECTOR('',#6458,1.);
#6458 = DIRECTION('',(0.,0.,1.));
#6459 = ORIENTED_EDGE('',*,*,#5131,.F.);
#6460 = PLANE('',#6461);
#6461 = AXIS2_PLACEMENT_3D('',#6462,#6463,#6464);
#6462 = CARTESIAN_POINT('',(-1.27,-6.096,0.));
#6463 = DIRECTION('',(0.707106781187,0.707106781187,0.));
#6464 = DIRECTION('',(0.707106781187,-0.707106781187,0.));
#6465 = ADVANCED_FACE('',(#6466),#6477,.F.);
#6466 = FACE_BOUND('',#6467,.F.);
#6467 = EDGE_LOOP('',(#6468,#6474,#6475,#6476));
#6468 = ORIENTED_EDGE('',*,*,#6469,.T.);
#6469 = EDGE_CURVE('',#5340,#5915,#6470,.T.);
#6470 = LINE('',#6471,#6472);
#6471 = CARTESIAN_POINT('',(1.27,-6.096,0.));
#6472 = VECTOR('',#6473,1.);
#6473 = DIRECTION('',(0.,0.,1.));
#6474 = ORIENTED_EDGE('',*,*,#5922,.T.);
#6475 = ORIENTED_EDGE('',*,*,#6435,.F.);
#6476 = ORIENTED_EDGE('',*,*,#5347,.F.);
#6477 = PLANE('',#6478);
#6478 = AXIS2_PLACEMENT_3D('',#6479,#6480,#6481);
#6479 = CARTESIAN_POINT('',(1.27,-6.096,0.));
#6480 = DIRECTION('',(-1.,0.,0.));
#6481 = DIRECTION('',(0.,1.,0.));
#6482 = ADVANCED_FACE('',(#6483),#6494,.F.);
#6483 = FACE_BOUND('',#6484,.F.);
#6484 = EDGE_LOOP('',(#6485,#6486,#6487,#6493));
#6485 = ORIENTED_EDGE('',*,*,#6454,.T.);
#6486 = ORIENTED_EDGE('',*,*,#5714,.T.);
#6487 = ORIENTED_EDGE('',*,*,#6488,.F.);
#6488 = EDGE_CURVE('',#5140,#5715,#6489,.T.);
#6489 = LINE('',#6490,#6491);
#6490 = CARTESIAN_POINT('',(-1.27,-6.604,0.));
#6491 = VECTOR('',#6492,1.);
#6492 = DIRECTION('',(0.,0.,1.));
#6493 = ORIENTED_EDGE('',*,*,#5139,.F.);
#6494 = PLANE('',#6495);
#6495 = AXIS2_PLACEMENT_3D('',#6496,#6497,#6498);
#6496 = CARTESIAN_POINT('',(-1.016,-6.35,0.));
#6497 = DIRECTION('',(0.707106781187,-0.707106781187,0.));
#6498 = DIRECTION('',(-0.707106781187,-0.707106781187,0.));
#6499 = ADVANCED_FACE('',(#6500),#6511,.F.);
#6500 = FACE_BOUND('',#6501,.F.);
#6501 = EDGE_LOOP('',(#6502,#6508,#6509,#6510));
#6502 = ORIENTED_EDGE('',*,*,#6503,.T.);
#6503 = EDGE_CURVE('',#5332,#5907,#6504,.T.);
#6504 = LINE('',#6505,#6506);
#6505 = CARTESIAN_POINT('',(1.016,-6.35,0.));
#6506 = VECTOR('',#6507,1.);
#6507 = DIRECTION('',(0.,0.,1.));
#6508 = ORIENTED_EDGE('',*,*,#5914,.T.);
#6509 = ORIENTED_EDGE('',*,*,#6469,.F.);
#6510 = ORIENTED_EDGE('',*,*,#5339,.F.);
#6511 = PLANE('',#6512);
#6512 = AXIS2_PLACEMENT_3D('',#6513,#6514,#6515);
#6513 = CARTESIAN_POINT('',(1.016,-6.35,0.));
#6514 = DIRECTION('',(-0.707106781187,0.707106781187,0.));
#6515 = DIRECTION('',(0.707106781187,0.707106781187,0.));
#6516 = ADVANCED_FACE('',(#6517),#6528,.F.);
#6517 = FACE_BOUND('',#6518,.F.);
#6518 = EDGE_LOOP('',(#6519,#6520,#6521,#6527));
#6519 = ORIENTED_EDGE('',*,*,#6488,.T.);
#6520 = ORIENTED_EDGE('',*,*,#5722,.T.);
#6521 = ORIENTED_EDGE('',*,*,#6522,.F.);
#6522 = EDGE_CURVE('',#5148,#5723,#6523,.T.);
#6523 = LINE('',#6524,#6525);
#6524 = CARTESIAN_POINT('',(-1.27,-8.636,0.));
#6525 = VECTOR('',#6526,1.);
#6526 = DIRECTION('',(0.,0.,1.));
#6527 = ORIENTED_EDGE('',*,*,#5147,.F.);
#6528 = PLANE('',#6529);
#6529 = AXIS2_PLACEMENT_3D('',#6530,#6531,#6532);
#6530 = CARTESIAN_POINT('',(-1.27,-6.604,0.));
#6531 = DIRECTION('',(1.,0.,0.));
#6532 = DIRECTION('',(0.,-1.,0.));
#6533 = ADVANCED_FACE('',(#6534),#6545,.F.);
#6534 = FACE_BOUND('',#6535,.F.);
#6535 = EDGE_LOOP('',(#6536,#6542,#6543,#6544));
#6536 = ORIENTED_EDGE('',*,*,#6537,.T.);
#6537 = EDGE_CURVE('',#5324,#5899,#6538,.T.);
#6538 = LINE('',#6539,#6540);
#6539 = CARTESIAN_POINT('',(1.27,-6.604,0.));
#6540 = VECTOR('',#6541,1.);
#6541 = DIRECTION('',(0.,0.,1.));
#6542 = ORIENTED_EDGE('',*,*,#5906,.T.);
#6543 = ORIENTED_EDGE('',*,*,#6503,.F.);
#6544 = ORIENTED_EDGE('',*,*,#5331,.F.);
#6545 = PLANE('',#6546);
#6546 = AXIS2_PLACEMENT_3D('',#6547,#6548,#6549);
#6547 = CARTESIAN_POINT('',(1.27,-6.604,0.));
#6548 = DIRECTION('',(-0.707106781187,-0.707106781187,0.));
#6549 = DIRECTION('',(-0.707106781187,0.707106781187,0.));
#6550 = ADVANCED_FACE('',(#6551),#6562,.F.);
#6551 = FACE_BOUND('',#6552,.F.);
#6552 = EDGE_LOOP('',(#6553,#6554,#6555,#6561));
#6553 = ORIENTED_EDGE('',*,*,#6522,.T.);
#6554 = ORIENTED_EDGE('',*,*,#5730,.T.);
#6555 = ORIENTED_EDGE('',*,*,#6556,.F.);
#6556 = EDGE_CURVE('',#5156,#5731,#6557,.T.);
#6557 = LINE('',#6558,#6559);
#6558 = CARTESIAN_POINT('',(-1.016,-8.89,0.));
#6559 = VECTOR('',#6560,1.);
#6560 = DIRECTION('',(0.,0.,1.));
#6561 = ORIENTED_EDGE('',*,*,#5155,.F.);
#6562 = PLANE('',#6563);
#6563 = AXIS2_PLACEMENT_3D('',#6564,#6565,#6566);
#6564 = CARTESIAN_POINT('',(-1.27,-8.636,0.));
#6565 = DIRECTION('',(0.707106781187,0.707106781187,0.));
#6566 = DIRECTION('',(0.707106781187,-0.707106781187,0.));
#6567 = ADVANCED_FACE('',(#6568),#6579,.F.);
#6568 = FACE_BOUND('',#6569,.F.);
#6569 = EDGE_LOOP('',(#6570,#6576,#6577,#6578));
#6570 = ORIENTED_EDGE('',*,*,#6571,.T.);
#6571 = EDGE_CURVE('',#5316,#5891,#6572,.T.);
#6572 = LINE('',#6573,#6574);
#6573 = CARTESIAN_POINT('',(1.27,-8.636,0.));
#6574 = VECTOR('',#6575,1.);
#6575 = DIRECTION('',(0.,0.,1.));
#6576 = ORIENTED_EDGE('',*,*,#5898,.T.);
#6577 = ORIENTED_EDGE('',*,*,#6537,.F.);
#6578 = ORIENTED_EDGE('',*,*,#5323,.F.);
#6579 = PLANE('',#6580);
#6580 = AXIS2_PLACEMENT_3D('',#6581,#6582,#6583);
#6581 = CARTESIAN_POINT('',(1.27,-8.636,0.));
#6582 = DIRECTION('',(-1.,0.,0.));
#6583 = DIRECTION('',(0.,1.,0.));
#6584 = ADVANCED_FACE('',(#6585),#6596,.F.);
#6585 = FACE_BOUND('',#6586,.F.);
#6586 = EDGE_LOOP('',(#6587,#6588,#6589,#6595));
#6587 = ORIENTED_EDGE('',*,*,#6556,.T.);
#6588 = ORIENTED_EDGE('',*,*,#5738,.T.);
#6589 = ORIENTED_EDGE('',*,*,#6590,.F.);
#6590 = EDGE_CURVE('',#5164,#5739,#6591,.T.);
#6591 = LINE('',#6592,#6593);
#6592 = CARTESIAN_POINT('',(-1.27,-9.144,0.));
#6593 = VECTOR('',#6594,1.);
#6594 = DIRECTION('',(0.,0.,1.));
#6595 = ORIENTED_EDGE('',*,*,#5163,.F.);
#6596 = PLANE('',#6597);
#6597 = AXIS2_PLACEMENT_3D('',#6598,#6599,#6600);
#6598 = CARTESIAN_POINT('',(-1.016,-8.89,0.));
#6599 = DIRECTION('',(0.707106781187,-0.707106781187,0.));
#6600 = DIRECTION('',(-0.707106781187,-0.707106781187,0.));
#6601 = ADVANCED_FACE('',(#6602),#6613,.F.);
#6602 = FACE_BOUND('',#6603,.F.);
#6603 = EDGE_LOOP('',(#6604,#6610,#6611,#6612));
#6604 = ORIENTED_EDGE('',*,*,#6605,.T.);
#6605 = EDGE_CURVE('',#5308,#5883,#6606,.T.);
#6606 = LINE('',#6607,#6608);
#6607 = CARTESIAN_POINT('',(1.016,-8.89,0.));
#6608 = VECTOR('',#6609,1.);
#6609 = DIRECTION('',(0.,0.,1.));
#6610 = ORIENTED_EDGE('',*,*,#5890,.T.);
#6611 = ORIENTED_EDGE('',*,*,#6571,.F.);
#6612 = ORIENTED_EDGE('',*,*,#5315,.F.);
#6613 = PLANE('',#6614);
#6614 = AXIS2_PLACEMENT_3D('',#6615,#6616,#6617);
#6615 = CARTESIAN_POINT('',(1.016,-8.89,0.));
#6616 = DIRECTION('',(-0.707106781187,0.707106781187,0.));
#6617 = DIRECTION('',(0.707106781187,0.707106781187,0.));
#6618 = ADVANCED_FACE('',(#6619),#6630,.F.);
#6619 = FACE_BOUND('',#6620,.F.);
#6620 = EDGE_LOOP('',(#6621,#6622,#6623,#6629));
#6621 = ORIENTED_EDGE('',*,*,#6590,.T.);
#6622 = ORIENTED_EDGE('',*,*,#5746,.T.);
#6623 = ORIENTED_EDGE('',*,*,#6624,.F.);
#6624 = EDGE_CURVE('',#5172,#5747,#6625,.T.);
#6625 = LINE('',#6626,#6627);
#6626 = CARTESIAN_POINT('',(-1.27,-11.176,0.));
#6627 = VECTOR('',#6628,1.);
#6628 = DIRECTION('',(0.,0.,1.));
#6629 = ORIENTED_EDGE('',*,*,#5171,.F.);
#6630 = PLANE('',#6631);
#6631 = AXIS2_PLACEMENT_3D('',#6632,#6633,#6634);
#6632 = CARTESIAN_POINT('',(-1.27,-9.144,0.));
#6633 = DIRECTION('',(1.,0.,0.));
#6634 = DIRECTION('',(0.,-1.,0.));
#6635 = ADVANCED_FACE('',(#6636),#6647,.F.);
#6636 = FACE_BOUND('',#6637,.F.);
#6637 = EDGE_LOOP('',(#6638,#6644,#6645,#6646));
#6638 = ORIENTED_EDGE('',*,*,#6639,.T.);
#6639 = EDGE_CURVE('',#5300,#5875,#6640,.T.);
#6640 = LINE('',#6641,#6642);
#6641 = CARTESIAN_POINT('',(1.27,-9.144,0.));
#6642 = VECTOR('',#6643,1.);
#6643 = DIRECTION('',(0.,0.,1.));
#6644 = ORIENTED_EDGE('',*,*,#5882,.T.);
#6645 = ORIENTED_EDGE('',*,*,#6605,.F.);
#6646 = ORIENTED_EDGE('',*,*,#5307,.F.);
#6647 = PLANE('',#6648);
#6648 = AXIS2_PLACEMENT_3D('',#6649,#6650,#6651);
#6649 = CARTESIAN_POINT('',(1.27,-9.144,0.));
#6650 = DIRECTION('',(-0.707106781187,-0.707106781187,0.));
#6651 = DIRECTION('',(-0.707106781187,0.707106781187,0.));
#6652 = ADVANCED_FACE('',(#6653),#6664,.F.);
#6653 = FACE_BOUND('',#6654,.F.);
#6654 = EDGE_LOOP('',(#6655,#6656,#6657,#6663));
#6655 = ORIENTED_EDGE('',*,*,#6624,.T.);
#6656 = ORIENTED_EDGE('',*,*,#5754,.T.);
#6657 = ORIENTED_EDGE('',*,*,#6658,.F.);
#6658 = EDGE_CURVE('',#5180,#5755,#6659,.T.);
#6659 = LINE('',#6660,#6661);
#6660 = CARTESIAN_POINT('',(-1.016,-11.43,0.));
#6661 = VECTOR('',#6662,1.);
#6662 = DIRECTION('',(0.,0.,1.));
#6663 = ORIENTED_EDGE('',*,*,#5179,.F.);
#6664 = PLANE('',#6665);
#6665 = AXIS2_PLACEMENT_3D('',#6666,#6667,#6668);
#6666 = CARTESIAN_POINT('',(-1.27,-11.176,0.));
#6667 = DIRECTION('',(0.707106781187,0.707106781187,0.));
#6668 = DIRECTION('',(0.707106781187,-0.707106781187,0.));
#6669 = ADVANCED_FACE('',(#6670),#6681,.F.);
#6670 = FACE_BOUND('',#6671,.F.);
#6671 = EDGE_LOOP('',(#6672,#6678,#6679,#6680));
#6672 = ORIENTED_EDGE('',*,*,#6673,.T.);
#6673 = EDGE_CURVE('',#5292,#5867,#6674,.T.);
#6674 = LINE('',#6675,#6676);
#6675 = CARTESIAN_POINT('',(1.27,-11.176,0.));
#6676 = VECTOR('',#6677,1.);
#6677 = DIRECTION('',(0.,0.,1.));
#6678 = ORIENTED_EDGE('',*,*,#5874,.T.);
#6679 = ORIENTED_EDGE('',*,*,#6639,.F.);
#6680 = ORIENTED_EDGE('',*,*,#5299,.F.);
#6681 = PLANE('',#6682);
#6682 = AXIS2_PLACEMENT_3D('',#6683,#6684,#6685);
#6683 = CARTESIAN_POINT('',(1.27,-11.176,0.));
#6684 = DIRECTION('',(-1.,0.,0.));
#6685 = DIRECTION('',(0.,1.,0.));
#6686 = ADVANCED_FACE('',(#6687),#6698,.F.);
#6687 = FACE_BOUND('',#6688,.F.);
#6688 = EDGE_LOOP('',(#6689,#6690,#6691,#6697));
#6689 = ORIENTED_EDGE('',*,*,#6658,.T.);
#6690 = ORIENTED_EDGE('',*,*,#5762,.T.);
#6691 = ORIENTED_EDGE('',*,*,#6692,.F.);
#6692 = EDGE_CURVE('',#5188,#5763,#6693,.T.);
#6693 = LINE('',#6694,#6695);
#6694 = CARTESIAN_POINT('',(-1.27,-11.684,0.));
#6695 = VECTOR('',#6696,1.);
#6696 = DIRECTION('',(0.,0.,1.));
#6697 = ORIENTED_EDGE('',*,*,#5187,.F.);
#6698 = PLANE('',#6699);
#6699 = AXIS2_PLACEMENT_3D('',#6700,#6701,#6702);
#6700 = CARTESIAN_POINT('',(-1.016,-11.43,0.));
#6701 = DIRECTION('',(0.707106781187,-0.707106781187,0.));
#6702 = DIRECTION('',(-0.707106781187,-0.707106781187,0.));
#6703 = ADVANCED_FACE('',(#6704),#6715,.F.);
#6704 = FACE_BOUND('',#6705,.F.);
#6705 = EDGE_LOOP('',(#6706,#6712,#6713,#6714));
#6706 = ORIENTED_EDGE('',*,*,#6707,.T.);
#6707 = EDGE_CURVE('',#5284,#5859,#6708,.T.);
#6708 = LINE('',#6709,#6710);
#6709 = CARTESIAN_POINT('',(1.016,-11.43,0.));
#6710 = VECTOR('',#6711,1.);
#6711 = DIRECTION('',(0.,0.,1.));
#6712 = ORIENTED_EDGE('',*,*,#5866,.T.);
#6713 = ORIENTED_EDGE('',*,*,#6673,.F.);
#6714 = ORIENTED_EDGE('',*,*,#5291,.F.);
#6715 = PLANE('',#6716);
#6716 = AXIS2_PLACEMENT_3D('',#6717,#6718,#6719);
#6717 = CARTESIAN_POINT('',(1.016,-11.43,0.));
#6718 = DIRECTION('',(-0.707106781187,0.707106781187,0.));
#6719 = DIRECTION('',(0.707106781187,0.707106781187,0.));
#6720 = ADVANCED_FACE('',(#6721),#6732,.F.);
#6721 = FACE_BOUND('',#6722,.F.);
#6722 = EDGE_LOOP('',(#6723,#6724,#6725,#6731));
#6723 = ORIENTED_EDGE('',*,*,#6692,.T.);
#6724 = ORIENTED_EDGE('',*,*,#5770,.T.);
#6725 = ORIENTED_EDGE('',*,*,#6726,.F.);
#6726 = EDGE_CURVE('',#5196,#5771,#6727,.T.);
#6727 = LINE('',#6728,#6729);
#6728 = CARTESIAN_POINT('',(-1.27,-13.716,0.));
#6729 = VECTOR('',#6730,1.);
#6730 = DIRECTION('',(0.,0.,1.));
#6731 = ORIENTED_EDGE('',*,*,#5195,.F.);
#6732 = PLANE('',#6733);
#6733 = AXIS2_PLACEMENT_3D('',#6734,#6735,#6736);
#6734 = CARTESIAN_POINT('',(-1.27,-11.684,0.));
#6735 = DIRECTION('',(1.,0.,0.));
#6736 = DIRECTION('',(0.,-1.,0.));
#6737 = ADVANCED_FACE('',(#6738),#6749,.F.);
#6738 = FACE_BOUND('',#6739,.F.);
#6739 = EDGE_LOOP('',(#6740,#6746,#6747,#6748));
#6740 = ORIENTED_EDGE('',*,*,#6741,.T.);
#6741 = EDGE_CURVE('',#5276,#5851,#6742,.T.);
#6742 = LINE('',#6743,#6744);
#6743 = CARTESIAN_POINT('',(1.27,-11.684,0.));
#6744 = VECTOR('',#6745,1.);
#6745 = DIRECTION('',(0.,0.,1.));
#6746 = ORIENTED_EDGE('',*,*,#5858,.T.);
#6747 = ORIENTED_EDGE('',*,*,#6707,.F.);
#6748 = ORIENTED_EDGE('',*,*,#5283,.F.);
#6749 = PLANE('',#6750);
#6750 = AXIS2_PLACEMENT_3D('',#6751,#6752,#6753);
#6751 = CARTESIAN_POINT('',(1.27,-11.684,0.));
#6752 = DIRECTION('',(-0.707106781187,-0.707106781187,0.));
#6753 = DIRECTION('',(-0.707106781187,0.707106781187,0.));
#6754 = ADVANCED_FACE('',(#6755),#6766,.F.);
#6755 = FACE_BOUND('',#6756,.F.);
#6756 = EDGE_LOOP('',(#6757,#6758,#6759,#6765));
#6757 = ORIENTED_EDGE('',*,*,#6726,.T.);
#6758 = ORIENTED_EDGE('',*,*,#5778,.T.);
#6759 = ORIENTED_EDGE('',*,*,#6760,.F.);
#6760 = EDGE_CURVE('',#5204,#5779,#6761,.T.);
#6761 = LINE('',#6762,#6763);
#6762 = CARTESIAN_POINT('',(-1.016,-13.97,0.));
#6763 = VECTOR('',#6764,1.);
#6764 = DIRECTION('',(0.,0.,1.));
#6765 = ORIENTED_EDGE('',*,*,#5203,.F.);
#6766 = PLANE('',#6767);
#6767 = AXIS2_PLACEMENT_3D('',#6768,#6769,#6770);
#6768 = CARTESIAN_POINT('',(-1.27,-13.716,0.));
#6769 = DIRECTION('',(0.707106781187,0.707106781187,0.));
#6770 = DIRECTION('',(0.707106781187,-0.707106781187,0.));
#6771 = ADVANCED_FACE('',(#6772),#6783,.F.);
#6772 = FACE_BOUND('',#6773,.F.);
#6773 = EDGE_LOOP('',(#6774,#6780,#6781,#6782));
#6774 = ORIENTED_EDGE('',*,*,#6775,.T.);
#6775 = EDGE_CURVE('',#5268,#5843,#6776,.T.);
#6776 = LINE('',#6777,#6778);
#6777 = CARTESIAN_POINT('',(1.27,-13.716,0.));
#6778 = VECTOR('',#6779,1.);
#6779 = DIRECTION('',(0.,0.,1.));
#6780 = ORIENTED_EDGE('',*,*,#5850,.T.);
#6781 = ORIENTED_EDGE('',*,*,#6741,.F.);
#6782 = ORIENTED_EDGE('',*,*,#5275,.F.);
#6783 = PLANE('',#6784);
#6784 = AXIS2_PLACEMENT_3D('',#6785,#6786,#6787);
#6785 = CARTESIAN_POINT('',(1.27,-13.716,0.));
#6786 = DIRECTION('',(-1.,0.,0.));
#6787 = DIRECTION('',(0.,1.,0.));
#6788 = ADVANCED_FACE('',(#6789),#6800,.F.);
#6789 = FACE_BOUND('',#6790,.F.);
#6790 = EDGE_LOOP('',(#6791,#6792,#6793,#6799));
#6791 = ORIENTED_EDGE('',*,*,#6760,.T.);
#6792 = ORIENTED_EDGE('',*,*,#5786,.T.);
#6793 = ORIENTED_EDGE('',*,*,#6794,.F.);
#6794 = EDGE_CURVE('',#5212,#5787,#6795,.T.);
#6795 = LINE('',#6796,#6797);
#6796 = CARTESIAN_POINT('',(-1.27,-14.224,0.));
#6797 = VECTOR('',#6798,1.);
#6798 = DIRECTION('',(0.,0.,1.));
#6799 = ORIENTED_EDGE('',*,*,#5211,.F.);
#6800 = PLANE('',#6801);
#6801 = AXIS2_PLACEMENT_3D('',#6802,#6803,#6804);
#6802 = CARTESIAN_POINT('',(-1.016,-13.97,0.));
#6803 = DIRECTION('',(0.707106781187,-0.707106781187,0.));
#6804 = DIRECTION('',(-0.707106781187,-0.707106781187,0.));
#6805 = ADVANCED_FACE('',(#6806),#6817,.F.);
#6806 = FACE_BOUND('',#6807,.F.);
#6807 = EDGE_LOOP('',(#6808,#6814,#6815,#6816));
#6808 = ORIENTED_EDGE('',*,*,#6809,.T.);
#6809 = EDGE_CURVE('',#5260,#5835,#6810,.T.);
#6810 = LINE('',#6811,#6812);
#6811 = CARTESIAN_POINT('',(1.016,-13.97,0.));
#6812 = VECTOR('',#6813,1.);
#6813 = DIRECTION('',(0.,0.,1.));
#6814 = ORIENTED_EDGE('',*,*,#5842,.T.);
#6815 = ORIENTED_EDGE('',*,*,#6775,.F.);
#6816 = ORIENTED_EDGE('',*,*,#5267,.F.);
#6817 = PLANE('',#6818);
#6818 = AXIS2_PLACEMENT_3D('',#6819,#6820,#6821);
#6819 = CARTESIAN_POINT('',(1.016,-13.97,0.));
#6820 = DIRECTION('',(-0.707106781187,0.707106781187,0.));
#6821 = DIRECTION('',(0.707106781187,0.707106781187,0.));
#6822 = ADVANCED_FACE('',(#6823),#6834,.F.);
#6823 = FACE_BOUND('',#6824,.F.);
#6824 = EDGE_LOOP('',(#6825,#6826,#6827,#6833));
#6825 = ORIENTED_EDGE('',*,*,#6794,.T.);
#6826 = ORIENTED_EDGE('',*,*,#5794,.T.);
#6827 = ORIENTED_EDGE('',*,*,#6828,.F.);
#6828 = EDGE_CURVE('',#5220,#5795,#6829,.T.);
#6829 = LINE('',#6830,#6831);
#6830 = CARTESIAN_POINT('',(-1.27,-16.256,0.));
#6831 = VECTOR('',#6832,1.);
#6832 = DIRECTION('',(0.,0.,1.));
#6833 = ORIENTED_EDGE('',*,*,#5219,.F.);
#6834 = PLANE('',#6835);
#6835 = AXIS2_PLACEMENT_3D('',#6836,#6837,#6838);
#6836 = CARTESIAN_POINT('',(-1.27,-14.224,0.));
#6837 = DIRECTION('',(1.,0.,0.));
#6838 = DIRECTION('',(0.,-1.,0.));
#6839 = ADVANCED_FACE('',(#6840),#6851,.F.);
#6840 = FACE_BOUND('',#6841,.F.);
#6841 = EDGE_LOOP('',(#6842,#6848,#6849,#6850));
#6842 = ORIENTED_EDGE('',*,*,#6843,.T.);
#6843 = EDGE_CURVE('',#5252,#5827,#6844,.T.);
#6844 = LINE('',#6845,#6846);
#6845 = CARTESIAN_POINT('',(1.27,-14.224,0.));
#6846 = VECTOR('',#6847,1.);
#6847 = DIRECTION('',(0.,0.,1.));
#6848 = ORIENTED_EDGE('',*,*,#5834,.T.);
#6849 = ORIENTED_EDGE('',*,*,#6809,.F.);
#6850 = ORIENTED_EDGE('',*,*,#5259,.F.);
#6851 = PLANE('',#6852);
#6852 = AXIS2_PLACEMENT_3D('',#6853,#6854,#6855);
#6853 = CARTESIAN_POINT('',(1.27,-14.224,0.));
#6854 = DIRECTION('',(-0.707106781187,-0.707106781187,0.));
#6855 = DIRECTION('',(-0.707106781187,0.707106781187,0.));
#6856 = ADVANCED_FACE('',(#6857),#6868,.F.);
#6857 = FACE_BOUND('',#6858,.F.);
#6858 = EDGE_LOOP('',(#6859,#6860,#6861,#6867));
#6859 = ORIENTED_EDGE('',*,*,#6828,.T.);
#6860 = ORIENTED_EDGE('',*,*,#5802,.T.);
#6861 = ORIENTED_EDGE('',*,*,#6862,.F.);
#6862 = EDGE_CURVE('',#5228,#5803,#6863,.T.);
#6863 = LINE('',#6864,#6865);
#6864 = CARTESIAN_POINT('',(-1.016,-16.51,0.));
#6865 = VECTOR('',#6866,1.);
#6866 = DIRECTION('',(0.,0.,1.));
#6867 = ORIENTED_EDGE('',*,*,#5227,.F.);
#6868 = PLANE('',#6869);
#6869 = AXIS2_PLACEMENT_3D('',#6870,#6871,#6872);
#6870 = CARTESIAN_POINT('',(-1.27,-16.256,0.));
#6871 = DIRECTION('',(0.707106781187,0.707106781187,0.));
#6872 = DIRECTION('',(0.707106781187,-0.707106781187,0.));
#6873 = ADVANCED_FACE('',(#6874),#6885,.F.);
#6874 = FACE_BOUND('',#6875,.F.);
#6875 = EDGE_LOOP('',(#6876,#6882,#6883,#6884));
#6876 = ORIENTED_EDGE('',*,*,#6877,.T.);
#6877 = EDGE_CURVE('',#5244,#5819,#6878,.T.);
#6878 = LINE('',#6879,#6880);
#6879 = CARTESIAN_POINT('',(1.27,-16.256,0.));
#6880 = VECTOR('',#6881,1.);
#6881 = DIRECTION('',(0.,0.,1.));
#6882 = ORIENTED_EDGE('',*,*,#5826,.T.);
#6883 = ORIENTED_EDGE('',*,*,#6843,.F.);
#6884 = ORIENTED_EDGE('',*,*,#5251,.F.);
#6885 = PLANE('',#6886);
#6886 = AXIS2_PLACEMENT_3D('',#6887,#6888,#6889);
#6887 = CARTESIAN_POINT('',(1.27,-16.256,0.));
#6888 = DIRECTION('',(-1.,0.,0.));
#6889 = DIRECTION('',(0.,1.,0.));
#6890 = ADVANCED_FACE('',(#6891),#6902,.F.);
#6891 = FACE_BOUND('',#6892,.F.);
#6892 = EDGE_LOOP('',(#6893,#6894,#6895,#6901));
#6893 = ORIENTED_EDGE('',*,*,#6862,.T.);
#6894 = ORIENTED_EDGE('',*,*,#5810,.T.);
#6895 = ORIENTED_EDGE('',*,*,#6896,.F.);
#6896 = EDGE_CURVE('',#5236,#5811,#6897,.T.);
#6897 = LINE('',#6898,#6899);
#6898 = CARTESIAN_POINT('',(1.016,-16.51,0.));
#6899 = VECTOR('',#6900,1.);
#6900 = DIRECTION('',(0.,0.,1.));
#6901 = ORIENTED_EDGE('',*,*,#5235,.F.);
#6902 = PLANE('',#6903);
#6903 = AXIS2_PLACEMENT_3D('',#6904,#6905,#6906);
#6904 = CARTESIAN_POINT('',(-1.016,-16.51,0.));
#6905 = DIRECTION('',(0.,1.,0.));
#6906 = DIRECTION('',(1.,0.,0.));
#6907 = ADVANCED_FACE('',(#6908),#6914,.F.);
#6908 = FACE_BOUND('',#6909,.F.);
#6909 = EDGE_LOOP('',(#6910,#6911,#6912,#6913));
#6910 = ORIENTED_EDGE('',*,*,#6896,.T.);
#6911 = ORIENTED_EDGE('',*,*,#5818,.T.);
#6912 = ORIENTED_EDGE('',*,*,#6877,.F.);
#6913 = ORIENTED_EDGE('',*,*,#5243,.F.);
#6914 = PLANE('',#6915);
#6915 = AXIS2_PLACEMENT_3D('',#6916,#6917,#6918);
#6916 = CARTESIAN_POINT('',(1.016,-16.51,0.));
#6917 = DIRECTION('',(-0.707106781187,0.707106781187,0.));
#6918 = DIRECTION('',(0.707106781187,0.707106781187,0.));
#6919 = ADVANCED_FACE('',(#6920),#6945,.T.);
#6920 = FACE_BOUND('',#6921,.T.);
#6921 = EDGE_LOOP('',(#6922,#6930,#6938,#6944));
#6922 = ORIENTED_EDGE('',*,*,#6923,.F.);
#6923 = EDGE_CURVE('',#6924,#5413,#6926,.T.);
#6924 = VERTEX_POINT('',#6925);
#6925 = CARTESIAN_POINT('',(0.32,-12.38,-2.84));
#6926 = LINE('',#6927,#6928);
#6927 = CARTESIAN_POINT('',(0.32,-12.38,-3.));
#6928 = VECTOR('',#6929,1.);
#6929 = DIRECTION('',(0.,0.,1.));
#6930 = ORIENTED_EDGE('',*,*,#6931,.F.);
#6931 = EDGE_CURVE('',#6932,#6924,#6934,.T.);
#6932 = VERTEX_POINT('',#6933);
#6933 = CARTESIAN_POINT('',(-0.32,-12.38,-2.84));
#6934 = LINE('',#6935,#6936);
#6935 = CARTESIAN_POINT('',(-0.32,-12.38,-2.84));
#6936 = VECTOR('',#6937,1.);
#6937 = DIRECTION('',(1.,0.,0.));
#6938 = ORIENTED_EDGE('',*,*,#6939,.T.);
#6939 = EDGE_CURVE('',#6932,#5415,#6940,.T.);
#6940 = LINE('',#6941,#6942);
#6941 = CARTESIAN_POINT('',(-0.32,-12.38,-3.));
#6942 = VECTOR('',#6943,1.);
#6943 = DIRECTION('',(0.,0.,1.));
#6944 = ORIENTED_EDGE('',*,*,#5412,.F.);
#6945 = PLANE('',#6946);
#6946 = AXIS2_PLACEMENT_3D('',#6947,#6948,#6949);
#6947 = CARTESIAN_POINT('',(-0.32,-12.38,-3.));
#6948 = DIRECTION('',(0.,1.,0.));
#6949 = DIRECTION('',(0.,-0.,1.));
#6950 = ADVANCED_FACE('',(#6951),#6969,.F.);
#6951 = FACE_BOUND('',#6952,.F.);
#6952 = EDGE_LOOP('',(#6953,#6961,#6967,#6968));
#6953 = ORIENTED_EDGE('',*,*,#6954,.F.);
#6954 = EDGE_CURVE('',#6955,#5431,#6957,.T.);
#6955 = VERTEX_POINT('',#6956);
#6956 = CARTESIAN_POINT('',(-0.32,-13.02,-2.84));
#6957 = LINE('',#6958,#6959);
#6958 = CARTESIAN_POINT('',(-0.32,-13.02,-3.));
#6959 = VECTOR('',#6960,1.);
#6960 = DIRECTION('',(0.,0.,1.));
#6961 = ORIENTED_EDGE('',*,*,#6962,.T.);
#6962 = EDGE_CURVE('',#6955,#6932,#6963,.T.);
#6963 = LINE('',#6964,#6965);
#6964 = CARTESIAN_POINT('',(-0.32,-13.02,-2.84));
#6965 = VECTOR('',#6966,1.);
#6966 = DIRECTION('',(0.,1.,0.));
#6967 = ORIENTED_EDGE('',*,*,#6939,.T.);
#6968 = ORIENTED_EDGE('',*,*,#5438,.F.);
#6969 = PLANE('',#6970);
#6970 = AXIS2_PLACEMENT_3D('',#6971,#6972,#6973);
#6971 = CARTESIAN_POINT('',(-0.32,-13.02,-3.));
#6972 = DIRECTION('',(1.,0.,0.));
#6973 = DIRECTION('',(0.,0.,1.));
#6974 = ADVANCED_FACE('',(#6975),#6993,.F.);
#6975 = FACE_BOUND('',#6976,.F.);
#6976 = EDGE_LOOP('',(#6977,#6985,#6991,#6992));
#6977 = ORIENTED_EDGE('',*,*,#6978,.F.);
#6978 = EDGE_CURVE('',#6979,#5423,#6981,.T.);
#6979 = VERTEX_POINT('',#6980);
#6980 = CARTESIAN_POINT('',(0.32,-13.02,-2.84));
#6981 = LINE('',#6982,#6983);
#6982 = CARTESIAN_POINT('',(0.32,-13.02,-3.));
#6983 = VECTOR('',#6984,1.);
#6984 = DIRECTION('',(0.,0.,1.));
#6985 = ORIENTED_EDGE('',*,*,#6986,.F.);
#6986 = EDGE_CURVE('',#6955,#6979,#6987,.T.);
#6987 = LINE('',#6988,#6989);
#6988 = CARTESIAN_POINT('',(-0.32,-13.02,-2.84));
#6989 = VECTOR('',#6990,1.);
#6990 = DIRECTION('',(1.,0.,0.));
#6991 = ORIENTED_EDGE('',*,*,#6954,.T.);
#6992 = ORIENTED_EDGE('',*,*,#5430,.F.);
#6993 = PLANE('',#6994);
#6994 = AXIS2_PLACEMENT_3D('',#6995,#6996,#6997);
#6995 = CARTESIAN_POINT('',(-0.32,-13.02,-3.));
#6996 = DIRECTION('',(0.,1.,0.));
#6997 = DIRECTION('',(0.,-0.,1.));
#6998 = ADVANCED_FACE('',(#6999),#7010,.T.);
#6999 = FACE_BOUND('',#7000,.T.);
#7000 = EDGE_LOOP('',(#7001,#7002,#7008,#7009));
#7001 = ORIENTED_EDGE('',*,*,#6978,.F.);
#7002 = ORIENTED_EDGE('',*,*,#7003,.T.);
#7003 = EDGE_CURVE('',#6979,#6924,#7004,.T.);
#7004 = LINE('',#7005,#7006);
#7005 = CARTESIAN_POINT('',(0.32,-13.02,-2.84));
#7006 = VECTOR('',#7007,1.);
#7007 = DIRECTION('',(0.,1.,0.));
#7008 = ORIENTED_EDGE('',*,*,#6923,.T.);
#7009 = ORIENTED_EDGE('',*,*,#5422,.F.);
#7010 = PLANE('',#7011);
#7011 = AXIS2_PLACEMENT_3D('',#7012,#7013,#7014);
#7012 = CARTESIAN_POINT('',(0.32,-13.02,-3.));
#7013 = DIRECTION('',(1.,0.,0.));
#7014 = DIRECTION('',(0.,0.,1.));
#7015 = ADVANCED_FACE('',(#7016),#7041,.T.);
#7016 = FACE_BOUND('',#7017,.T.);
#7017 = EDGE_LOOP('',(#7018,#7026,#7034,#7040));
#7018 = ORIENTED_EDGE('',*,*,#7019,.F.);
#7019 = EDGE_CURVE('',#7020,#5447,#7022,.T.);
#7020 = VERTEX_POINT('',#7021);
#7021 = CARTESIAN_POINT('',(0.32,-15.56,-2.84));
#7022 = LINE('',#7023,#7024);
#7023 = CARTESIAN_POINT('',(0.32,-15.56,-3.));
#7024 = VECTOR('',#7025,1.);
#7025 = DIRECTION('',(0.,0.,1.));
#7026 = ORIENTED_EDGE('',*,*,#7027,.T.);
#7027 = EDGE_CURVE('',#7020,#7028,#7030,.T.);
#7028 = VERTEX_POINT('',#7029);
#7029 = CARTESIAN_POINT('',(0.32,-14.92,-2.84));
#7030 = LINE('',#7031,#7032);
#7031 = CARTESIAN_POINT('',(0.32,-15.56,-2.84));
#7032 = VECTOR('',#7033,1.);
#7033 = DIRECTION('',(0.,1.,0.));
#7034 = ORIENTED_EDGE('',*,*,#7035,.T.);
#7035 = EDGE_CURVE('',#7028,#5449,#7036,.T.);
#7036 = LINE('',#7037,#7038);
#7037 = CARTESIAN_POINT('',(0.32,-14.92,-3.));
#7038 = VECTOR('',#7039,1.);
#7039 = DIRECTION('',(0.,0.,1.));
#7040 = ORIENTED_EDGE('',*,*,#5446,.F.);
#7041 = PLANE('',#7042);
#7042 = AXIS2_PLACEMENT_3D('',#7043,#7044,#7045);
#7043 = CARTESIAN_POINT('',(0.32,-15.56,-3.));
#7044 = DIRECTION('',(1.,0.,0.));
#7045 = DIRECTION('',(0.,0.,1.));
#7046 = ADVANCED_FACE('',(#7047),#7065,.T.);
#7047 = FACE_BOUND('',#7048,.T.);
#7048 = EDGE_LOOP('',(#7049,#7050,#7058,#7064));
#7049 = ORIENTED_EDGE('',*,*,#7035,.F.);
#7050 = ORIENTED_EDGE('',*,*,#7051,.F.);
#7051 = EDGE_CURVE('',#7052,#7028,#7054,.T.);
#7052 = VERTEX_POINT('',#7053);
#7053 = CARTESIAN_POINT('',(-0.32,-14.92,-2.84));
#7054 = LINE('',#7055,#7056);
#7055 = CARTESIAN_POINT('',(-0.32,-14.92,-2.84));
#7056 = VECTOR('',#7057,1.);
#7057 = DIRECTION('',(1.,0.,0.));
#7058 = ORIENTED_EDGE('',*,*,#7059,.T.);
#7059 = EDGE_CURVE('',#7052,#5465,#7060,.T.);
#7060 = LINE('',#7061,#7062);
#7061 = CARTESIAN_POINT('',(-0.32,-14.92,-3.));
#7062 = VECTOR('',#7063,1.);
#7063 = DIRECTION('',(0.,0.,1.));
#7064 = ORIENTED_EDGE('',*,*,#5472,.F.);
#7065 = PLANE('',#7066);
#7066 = AXIS2_PLACEMENT_3D('',#7067,#7068,#7069);
#7067 = CARTESIAN_POINT('',(-0.32,-14.92,-3.));
#7068 = DIRECTION('',(0.,1.,0.));
#7069 = DIRECTION('',(0.,-0.,1.));
#7070 = ADVANCED_FACE('',(#7071),#7089,.F.);
#7071 = FACE_BOUND('',#7072,.F.);
#7072 = EDGE_LOOP('',(#7073,#7081,#7087,#7088));
#7073 = ORIENTED_EDGE('',*,*,#7074,.F.);
#7074 = EDGE_CURVE('',#7075,#5457,#7077,.T.);
#7075 = VERTEX_POINT('',#7076);
#7076 = CARTESIAN_POINT('',(-0.32,-15.56,-2.84));
#7077 = LINE('',#7078,#7079);
#7078 = CARTESIAN_POINT('',(-0.32,-15.56,-3.));
#7079 = VECTOR('',#7080,1.);
#7080 = DIRECTION('',(0.,0.,1.));
#7081 = ORIENTED_EDGE('',*,*,#7082,.T.);
#7082 = EDGE_CURVE('',#7075,#7052,#7083,.T.);
#7083 = LINE('',#7084,#7085);
#7084 = CARTESIAN_POINT('',(-0.32,-15.56,-2.84));
#7085 = VECTOR('',#7086,1.);
#7086 = DIRECTION('',(0.,1.,0.));
#7087 = ORIENTED_EDGE('',*,*,#7059,.T.);
#7088 = ORIENTED_EDGE('',*,*,#5464,.F.);
#7089 = PLANE('',#7090);
#7090 = AXIS2_PLACEMENT_3D('',#7091,#7092,#7093);
#7091 = CARTESIAN_POINT('',(-0.32,-15.56,-3.));
#7092 = DIRECTION('',(1.,0.,0.));
#7093 = DIRECTION('',(0.,0.,1.));
#7094 = ADVANCED_FACE('',(#7095),#7106,.F.);
#7095 = FACE_BOUND('',#7096,.F.);
#7096 = EDGE_LOOP('',(#7097,#7098,#7104,#7105));
#7097 = ORIENTED_EDGE('',*,*,#7019,.F.);
#7098 = ORIENTED_EDGE('',*,*,#7099,.F.);
#7099 = EDGE_CURVE('',#7075,#7020,#7100,.T.);
#7100 = LINE('',#7101,#7102);
#7101 = CARTESIAN_POINT('',(-0.32,-15.56,-2.84));
#7102 = VECTOR('',#7103,1.);
#7103 = DIRECTION('',(1.,0.,0.));
#7104 = ORIENTED_EDGE('',*,*,#7074,.T.);
#7105 = ORIENTED_EDGE('',*,*,#5456,.F.);
#7106 = PLANE('',#7107);
#7107 = AXIS2_PLACEMENT_3D('',#7108,#7109,#7110);
#7108 = CARTESIAN_POINT('',(-0.32,-15.56,-3.));
#7109 = DIRECTION('',(0.,1.,0.));
#7110 = DIRECTION('',(0.,-0.,1.));
#7111 = ADVANCED_FACE('',(#7112),#7137,.T.);
#7112 = FACE_BOUND('',#7113,.T.);
#7113 = EDGE_LOOP('',(#7114,#7122,#7130,#7136));
#7114 = ORIENTED_EDGE('',*,*,#7115,.F.);
#7115 = EDGE_CURVE('',#7116,#5481,#7118,.T.);
#7116 = VERTEX_POINT('',#7117);
#7117 = CARTESIAN_POINT('',(0.32,-9.84,-2.84));
#7118 = LINE('',#7119,#7120);
#7119 = CARTESIAN_POINT('',(0.32,-9.84,-3.));
#7120 = VECTOR('',#7121,1.);
#7121 = DIRECTION('',(0.,0.,1.));
#7122 = ORIENTED_EDGE('',*,*,#7123,.F.);
#7123 = EDGE_CURVE('',#7124,#7116,#7126,.T.);
#7124 = VERTEX_POINT('',#7125);
#7125 = CARTESIAN_POINT('',(-0.32,-9.84,-2.84));
#7126 = LINE('',#7127,#7128);
#7127 = CARTESIAN_POINT('',(-0.32,-9.84,-2.84));
#7128 = VECTOR('',#7129,1.);
#7129 = DIRECTION('',(1.,0.,0.));
#7130 = ORIENTED_EDGE('',*,*,#7131,.T.);
#7131 = EDGE_CURVE('',#7124,#5483,#7132,.T.);
#7132 = LINE('',#7133,#7134);
#7133 = CARTESIAN_POINT('',(-0.32,-9.84,-3.));
#7134 = VECTOR('',#7135,1.);
#7135 = DIRECTION('',(0.,0.,1.));
#7136 = ORIENTED_EDGE('',*,*,#5480,.F.);
#7137 = PLANE('',#7138);
#7138 = AXIS2_PLACEMENT_3D('',#7139,#7140,#7141);
#7139 = CARTESIAN_POINT('',(-0.32,-9.84,-3.));
#7140 = DIRECTION('',(0.,1.,0.));
#7141 = DIRECTION('',(0.,-0.,1.));
#7142 = ADVANCED_FACE('',(#7143),#7161,.F.);
#7143 = FACE_BOUND('',#7144,.F.);
#7144 = EDGE_LOOP('',(#7145,#7153,#7159,#7160));
#7145 = ORIENTED_EDGE('',*,*,#7146,.F.);
#7146 = EDGE_CURVE('',#7147,#5499,#7149,.T.);
#7147 = VERTEX_POINT('',#7148);
#7148 = CARTESIAN_POINT('',(-0.32,-10.48,-2.84));
#7149 = LINE('',#7150,#7151);
#7150 = CARTESIAN_POINT('',(-0.32,-10.48,-3.));
#7151 = VECTOR('',#7152,1.);
#7152 = DIRECTION('',(0.,0.,1.));
#7153 = ORIENTED_EDGE('',*,*,#7154,.T.);
#7154 = EDGE_CURVE('',#7147,#7124,#7155,.T.);
#7155 = LINE('',#7156,#7157);
#7156 = CARTESIAN_POINT('',(-0.32,-10.48,-2.84));
#7157 = VECTOR('',#7158,1.);
#7158 = DIRECTION('',(0.,1.,0.));
#7159 = ORIENTED_EDGE('',*,*,#7131,.T.);
#7160 = ORIENTED_EDGE('',*,*,#5506,.F.);
#7161 = PLANE('',#7162);
#7162 = AXIS2_PLACEMENT_3D('',#7163,#7164,#7165);
#7163 = CARTESIAN_POINT('',(-0.32,-10.48,-3.));
#7164 = DIRECTION('',(1.,0.,0.));
#7165 = DIRECTION('',(0.,0.,1.));
#7166 = ADVANCED_FACE('',(#7167),#7185,.F.);
#7167 = FACE_BOUND('',#7168,.F.);
#7168 = EDGE_LOOP('',(#7169,#7177,#7183,#7184));
#7169 = ORIENTED_EDGE('',*,*,#7170,.F.);
#7170 = EDGE_CURVE('',#7171,#5491,#7173,.T.);
#7171 = VERTEX_POINT('',#7172);
#7172 = CARTESIAN_POINT('',(0.32,-10.48,-2.84));
#7173 = LINE('',#7174,#7175);
#7174 = CARTESIAN_POINT('',(0.32,-10.48,-3.));
#7175 = VECTOR('',#7176,1.);
#7176 = DIRECTION('',(0.,0.,1.));
#7177 = ORIENTED_EDGE('',*,*,#7178,.F.);
#7178 = EDGE_CURVE('',#7147,#7171,#7179,.T.);
#7179 = LINE('',#7180,#7181);
#7180 = CARTESIAN_POINT('',(-0.32,-10.48,-2.84));
#7181 = VECTOR('',#7182,1.);
#7182 = DIRECTION('',(1.,0.,0.));
#7183 = ORIENTED_EDGE('',*,*,#7146,.T.);
#7184 = ORIENTED_EDGE('',*,*,#5498,.F.);
#7185 = PLANE('',#7186);
#7186 = AXIS2_PLACEMENT_3D('',#7187,#7188,#7189);
#7187 = CARTESIAN_POINT('',(-0.32,-10.48,-3.));
#7188 = DIRECTION('',(0.,1.,0.));
#7189 = DIRECTION('',(0.,-0.,1.));
#7190 = ADVANCED_FACE('',(#7191),#7202,.T.);
#7191 = FACE_BOUND('',#7192,.T.);
#7192 = EDGE_LOOP('',(#7193,#7194,#7200,#7201));
#7193 = ORIENTED_EDGE('',*,*,#7170,.F.);
#7194 = ORIENTED_EDGE('',*,*,#7195,.T.);
#7195 = EDGE_CURVE('',#7171,#7116,#7196,.T.);
#7196 = LINE('',#7197,#7198);
#7197 = CARTESIAN_POINT('',(0.32,-10.48,-2.84));
#7198 = VECTOR('',#7199,1.);
#7199 = DIRECTION('',(0.,1.,0.));
#7200 = ORIENTED_EDGE('',*,*,#7115,.T.);
#7201 = ORIENTED_EDGE('',*,*,#5490,.F.);
#7202 = PLANE('',#7203);
#7203 = AXIS2_PLACEMENT_3D('',#7204,#7205,#7206);
#7204 = CARTESIAN_POINT('',(0.32,-10.48,-3.));
#7205 = DIRECTION('',(1.,0.,0.));
#7206 = DIRECTION('',(0.,0.,1.));
#7207 = ADVANCED_FACE('',(#7208),#7233,.T.);
#7208 = FACE_BOUND('',#7209,.T.);
#7209 = EDGE_LOOP('',(#7210,#7218,#7226,#7232));
#7210 = ORIENTED_EDGE('',*,*,#7211,.F.);
#7211 = EDGE_CURVE('',#7212,#5515,#7214,.T.);
#7212 = VERTEX_POINT('',#7213);
#7213 = CARTESIAN_POINT('',(0.32,-2.86,-2.84));
#7214 = LINE('',#7215,#7216);
#7215 = CARTESIAN_POINT('',(0.32,-2.86,-3.));
#7216 = VECTOR('',#7217,1.);
#7217 = DIRECTION('',(0.,0.,1.));
#7218 = ORIENTED_EDGE('',*,*,#7219,.T.);
#7219 = EDGE_CURVE('',#7212,#7220,#7222,.T.);
#7220 = VERTEX_POINT('',#7221);
#7221 = CARTESIAN_POINT('',(0.32,-2.22,-2.84));
#7222 = LINE('',#7223,#7224);
#7223 = CARTESIAN_POINT('',(0.32,-2.86,-2.84));
#7224 = VECTOR('',#7225,1.);
#7225 = DIRECTION('',(0.,1.,0.));
#7226 = ORIENTED_EDGE('',*,*,#7227,.T.);
#7227 = EDGE_CURVE('',#7220,#5517,#7228,.T.);
#7228 = LINE('',#7229,#7230);
#7229 = CARTESIAN_POINT('',(0.32,-2.22,-3.));
#7230 = VECTOR('',#7231,1.);
#7231 = DIRECTION('',(0.,0.,1.));
#7232 = ORIENTED_EDGE('',*,*,#5514,.F.);
#7233 = PLANE('',#7234);
#7234 = AXIS2_PLACEMENT_3D('',#7235,#7236,#7237);
#7235 = CARTESIAN_POINT('',(0.32,-2.86,-3.));
#7236 = DIRECTION('',(1.,0.,0.));
#7237 = DIRECTION('',(0.,0.,1.));
#7238 = ADVANCED_FACE('',(#7239),#7257,.T.);
#7239 = FACE_BOUND('',#7240,.T.);
#7240 = EDGE_LOOP('',(#7241,#7242,#7250,#7256));
#7241 = ORIENTED_EDGE('',*,*,#7227,.F.);
#7242 = ORIENTED_EDGE('',*,*,#7243,.F.);
#7243 = EDGE_CURVE('',#7244,#7220,#7246,.T.);
#7244 = VERTEX_POINT('',#7245);
#7245 = CARTESIAN_POINT('',(-0.32,-2.22,-2.84));
#7246 = LINE('',#7247,#7248);
#7247 = CARTESIAN_POINT('',(-0.32,-2.22,-2.84));
#7248 = VECTOR('',#7249,1.);
#7249 = DIRECTION('',(1.,0.,0.));
#7250 = ORIENTED_EDGE('',*,*,#7251,.T.);
#7251 = EDGE_CURVE('',#7244,#5533,#7252,.T.);
#7252 = LINE('',#7253,#7254);
#7253 = CARTESIAN_POINT('',(-0.32,-2.22,-3.));
#7254 = VECTOR('',#7255,1.);
#7255 = DIRECTION('',(0.,0.,1.));
#7256 = ORIENTED_EDGE('',*,*,#5540,.F.);
#7257 = PLANE('',#7258);
#7258 = AXIS2_PLACEMENT_3D('',#7259,#7260,#7261);
#7259 = CARTESIAN_POINT('',(-0.32,-2.22,-3.));
#7260 = DIRECTION('',(0.,1.,0.));
#7261 = DIRECTION('',(0.,-0.,1.));
#7262 = ADVANCED_FACE('',(#7263),#7281,.F.);
#7263 = FACE_BOUND('',#7264,.F.);
#7264 = EDGE_LOOP('',(#7265,#7273,#7279,#7280));
#7265 = ORIENTED_EDGE('',*,*,#7266,.F.);
#7266 = EDGE_CURVE('',#7267,#5525,#7269,.T.);
#7267 = VERTEX_POINT('',#7268);
#7268 = CARTESIAN_POINT('',(-0.32,-2.86,-2.84));
#7269 = LINE('',#7270,#7271);
#7270 = CARTESIAN_POINT('',(-0.32,-2.86,-3.));
#7271 = VECTOR('',#7272,1.);
#7272 = DIRECTION('',(0.,0.,1.));
#7273 = ORIENTED_EDGE('',*,*,#7274,.T.);
#7274 = EDGE_CURVE('',#7267,#7244,#7275,.T.);
#7275 = LINE('',#7276,#7277);
#7276 = CARTESIAN_POINT('',(-0.32,-2.86,-2.84));
#7277 = VECTOR('',#7278,1.);
#7278 = DIRECTION('',(0.,1.,0.));
#7279 = ORIENTED_EDGE('',*,*,#7251,.T.);
#7280 = ORIENTED_EDGE('',*,*,#5532,.F.);
#7281 = PLANE('',#7282);
#7282 = AXIS2_PLACEMENT_3D('',#7283,#7284,#7285);
#7283 = CARTESIAN_POINT('',(-0.32,-2.86,-3.));
#7284 = DIRECTION('',(1.,0.,0.));
#7285 = DIRECTION('',(0.,0.,1.));
#7286 = ADVANCED_FACE('',(#7287),#7298,.F.);
#7287 = FACE_BOUND('',#7288,.F.);
#7288 = EDGE_LOOP('',(#7289,#7290,#7296,#7297));
#7289 = ORIENTED_EDGE('',*,*,#7211,.F.);
#7290 = ORIENTED_EDGE('',*,*,#7291,.F.);
#7291 = EDGE_CURVE('',#7267,#7212,#7292,.T.);
#7292 = LINE('',#7293,#7294);
#7293 = CARTESIAN_POINT('',(-0.32,-2.86,-2.84));
#7294 = VECTOR('',#7295,1.);
#7295 = DIRECTION('',(1.,0.,0.));
#7296 = ORIENTED_EDGE('',*,*,#7266,.T.);
#7297 = ORIENTED_EDGE('',*,*,#5524,.F.);
#7298 = PLANE('',#7299);
#7299 = AXIS2_PLACEMENT_3D('',#7300,#7301,#7302);
#7300 = CARTESIAN_POINT('',(-0.32,-2.86,-3.));
#7301 = DIRECTION('',(0.,1.,0.));
#7302 = DIRECTION('',(0.,-0.,1.));
#7303 = ADVANCED_FACE('',(#7304),#7329,.F.);
#7304 = FACE_BOUND('',#7305,.F.);
#7305 = EDGE_LOOP('',(#7306,#7314,#7322,#7328));
#7306 = ORIENTED_EDGE('',*,*,#7307,.F.);
#7307 = EDGE_CURVE('',#7308,#5549,#7310,.T.);
#7308 = VERTEX_POINT('',#7309);
#7309 = CARTESIAN_POINT('',(0.32,-5.4,-2.84));
#7310 = LINE('',#7311,#7312);
#7311 = CARTESIAN_POINT('',(0.32,-5.4,-3.));
#7312 = VECTOR('',#7313,1.);
#7313 = DIRECTION('',(0.,0.,1.));
#7314 = ORIENTED_EDGE('',*,*,#7315,.F.);
#7315 = EDGE_CURVE('',#7316,#7308,#7318,.T.);
#7316 = VERTEX_POINT('',#7317);
#7317 = CARTESIAN_POINT('',(-0.32,-5.4,-2.84));
#7318 = LINE('',#7319,#7320);
#7319 = CARTESIAN_POINT('',(-0.32,-5.4,-2.84));
#7320 = VECTOR('',#7321,1.);
#7321 = DIRECTION('',(1.,0.,0.));
#7322 = ORIENTED_EDGE('',*,*,#7323,.T.);
#7323 = EDGE_CURVE('',#7316,#5551,#7324,.T.);
#7324 = LINE('',#7325,#7326);
#7325 = CARTESIAN_POINT('',(-0.32,-5.4,-3.));
#7326 = VECTOR('',#7327,1.);
#7327 = DIRECTION('',(0.,0.,1.));
#7328 = ORIENTED_EDGE('',*,*,#5548,.F.);
#7329 = PLANE('',#7330);
#7330 = AXIS2_PLACEMENT_3D('',#7331,#7332,#7333);
#7331 = CARTESIAN_POINT('',(-0.32,-5.4,-3.));
#7332 = DIRECTION('',(0.,1.,0.));
#7333 = DIRECTION('',(0.,-0.,1.));
#7334 = ADVANCED_FACE('',(#7335),#7353,.T.);
#7335 = FACE_BOUND('',#7336,.T.);
#7336 = EDGE_LOOP('',(#7337,#7338,#7346,#7352));
#7337 = ORIENTED_EDGE('',*,*,#7307,.F.);
#7338 = ORIENTED_EDGE('',*,*,#7339,.T.);
#7339 = EDGE_CURVE('',#7308,#7340,#7342,.T.);
#7340 = VERTEX_POINT('',#7341);
#7341 = CARTESIAN_POINT('',(0.32,-4.76,-2.84));
#7342 = LINE('',#7343,#7344);
#7343 = CARTESIAN_POINT('',(0.32,-5.4,-2.84));
#7344 = VECTOR('',#7345,1.);
#7345 = DIRECTION('',(0.,1.,0.));
#7346 = ORIENTED_EDGE('',*,*,#7347,.T.);
#7347 = EDGE_CURVE('',#7340,#5567,#7348,.T.);
#7348 = LINE('',#7349,#7350);
#7349 = CARTESIAN_POINT('',(0.32,-4.76,-3.));
#7350 = VECTOR('',#7351,1.);
#7351 = DIRECTION('',(0.,0.,1.));
#7352 = ORIENTED_EDGE('',*,*,#5574,.F.);
#7353 = PLANE('',#7354);
#7354 = AXIS2_PLACEMENT_3D('',#7355,#7356,#7357);
#7355 = CARTESIAN_POINT('',(0.32,-5.4,-3.));
#7356 = DIRECTION('',(1.,0.,0.));
#7357 = DIRECTION('',(0.,0.,1.));
#7358 = ADVANCED_FACE('',(#7359),#7377,.T.);
#7359 = FACE_BOUND('',#7360,.T.);
#7360 = EDGE_LOOP('',(#7361,#7362,#7370,#7376));
#7361 = ORIENTED_EDGE('',*,*,#7347,.F.);
#7362 = ORIENTED_EDGE('',*,*,#7363,.F.);
#7363 = EDGE_CURVE('',#7364,#7340,#7366,.T.);
#7364 = VERTEX_POINT('',#7365);
#7365 = CARTESIAN_POINT('',(-0.32,-4.76,-2.84));
#7366 = LINE('',#7367,#7368);
#7367 = CARTESIAN_POINT('',(-0.32,-4.76,-2.84));
#7368 = VECTOR('',#7369,1.);
#7369 = DIRECTION('',(1.,0.,0.));
#7370 = ORIENTED_EDGE('',*,*,#7371,.T.);
#7371 = EDGE_CURVE('',#7364,#5559,#7372,.T.);
#7372 = LINE('',#7373,#7374);
#7373 = CARTESIAN_POINT('',(-0.32,-4.76,-3.));
#7374 = VECTOR('',#7375,1.);
#7375 = DIRECTION('',(0.,0.,1.));
#7376 = ORIENTED_EDGE('',*,*,#5566,.F.);
#7377 = PLANE('',#7378);
#7378 = AXIS2_PLACEMENT_3D('',#7379,#7380,#7381);
#7379 = CARTESIAN_POINT('',(-0.32,-4.76,-3.));
#7380 = DIRECTION('',(0.,1.,0.));
#7381 = DIRECTION('',(0.,-0.,1.));
#7382 = ADVANCED_FACE('',(#7383),#7394,.F.);
#7383 = FACE_BOUND('',#7384,.F.);
#7384 = EDGE_LOOP('',(#7385,#7386,#7392,#7393));
#7385 = ORIENTED_EDGE('',*,*,#7323,.F.);
#7386 = ORIENTED_EDGE('',*,*,#7387,.T.);
#7387 = EDGE_CURVE('',#7316,#7364,#7388,.T.);
#7388 = LINE('',#7389,#7390);
#7389 = CARTESIAN_POINT('',(-0.32,-5.4,-2.84));
#7390 = VECTOR('',#7391,1.);
#7391 = DIRECTION('',(0.,1.,0.));
#7392 = ORIENTED_EDGE('',*,*,#7371,.T.);
#7393 = ORIENTED_EDGE('',*,*,#5558,.F.);
#7394 = PLANE('',#7395);
#7395 = AXIS2_PLACEMENT_3D('',#7396,#7397,#7398);
#7396 = CARTESIAN_POINT('',(-0.32,-5.4,-3.));
#7397 = DIRECTION('',(1.,0.,0.));
#7398 = DIRECTION('',(0.,0.,1.));
#7399 = ADVANCED_FACE('',(#7400),#7425,.T.);
#7400 = FACE_BOUND('',#7401,.T.);
#7401 = EDGE_LOOP('',(#7402,#7410,#7418,#7424));
#7402 = ORIENTED_EDGE('',*,*,#7403,.F.);
#7403 = EDGE_CURVE('',#7404,#5583,#7406,.T.);
#7404 = VERTEX_POINT('',#7405);
#7405 = CARTESIAN_POINT('',(0.32,-7.94,-2.84));
#7406 = LINE('',#7407,#7408);
#7407 = CARTESIAN_POINT('',(0.32,-7.94,-3.));
#7408 = VECTOR('',#7409,1.);
#7409 = DIRECTION('',(0.,0.,1.));
#7410 = ORIENTED_EDGE('',*,*,#7411,.T.);
#7411 = EDGE_CURVE('',#7404,#7412,#7414,.T.);
#7412 = VERTEX_POINT('',#7413);
#7413 = CARTESIAN_POINT('',(0.32,-7.3,-2.84));
#7414 = LINE('',#7415,#7416);
#7415 = CARTESIAN_POINT('',(0.32,-7.94,-2.84));
#7416 = VECTOR('',#7417,1.);
#7417 = DIRECTION('',(0.,1.,0.));
#7418 = ORIENTED_EDGE('',*,*,#7419,.T.);
#7419 = EDGE_CURVE('',#7412,#5585,#7420,.T.);
#7420 = LINE('',#7421,#7422);
#7421 = CARTESIAN_POINT('',(0.32,-7.3,-3.));
#7422 = VECTOR('',#7423,1.);
#7423 = DIRECTION('',(0.,0.,1.));
#7424 = ORIENTED_EDGE('',*,*,#5582,.F.);
#7425 = PLANE('',#7426);
#7426 = AXIS2_PLACEMENT_3D('',#7427,#7428,#7429);
#7427 = CARTESIAN_POINT('',(0.32,-7.94,-3.));
#7428 = DIRECTION('',(1.,0.,0.));
#7429 = DIRECTION('',(0.,0.,1.));
#7430 = ADVANCED_FACE('',(#7431),#7449,.T.);
#7431 = FACE_BOUND('',#7432,.T.);
#7432 = EDGE_LOOP('',(#7433,#7434,#7442,#7448));
#7433 = ORIENTED_EDGE('',*,*,#7419,.F.);
#7434 = ORIENTED_EDGE('',*,*,#7435,.F.);
#7435 = EDGE_CURVE('',#7436,#7412,#7438,.T.);
#7436 = VERTEX_POINT('',#7437);
#7437 = CARTESIAN_POINT('',(-0.32,-7.3,-2.84));
#7438 = LINE('',#7439,#7440);
#7439 = CARTESIAN_POINT('',(-0.32,-7.3,-2.84));
#7440 = VECTOR('',#7441,1.);
#7441 = DIRECTION('',(1.,0.,0.));
#7442 = ORIENTED_EDGE('',*,*,#7443,.T.);
#7443 = EDGE_CURVE('',#7436,#5601,#7444,.T.);
#7444 = LINE('',#7445,#7446);
#7445 = CARTESIAN_POINT('',(-0.32,-7.3,-3.));
#7446 = VECTOR('',#7447,1.);
#7447 = DIRECTION('',(0.,0.,1.));
#7448 = ORIENTED_EDGE('',*,*,#5608,.F.);
#7449 = PLANE('',#7450);
#7450 = AXIS2_PLACEMENT_3D('',#7451,#7452,#7453);
#7451 = CARTESIAN_POINT('',(-0.32,-7.3,-3.));
#7452 = DIRECTION('',(0.,1.,0.));
#7453 = DIRECTION('',(0.,-0.,1.));
#7454 = ADVANCED_FACE('',(#7455),#7473,.F.);
#7455 = FACE_BOUND('',#7456,.F.);
#7456 = EDGE_LOOP('',(#7457,#7465,#7471,#7472));
#7457 = ORIENTED_EDGE('',*,*,#7458,.F.);
#7458 = EDGE_CURVE('',#7459,#5593,#7461,.T.);
#7459 = VERTEX_POINT('',#7460);
#7460 = CARTESIAN_POINT('',(-0.32,-7.94,-2.84));
#7461 = LINE('',#7462,#7463);
#7462 = CARTESIAN_POINT('',(-0.32,-7.94,-3.));
#7463 = VECTOR('',#7464,1.);
#7464 = DIRECTION('',(0.,0.,1.));
#7465 = ORIENTED_EDGE('',*,*,#7466,.T.);
#7466 = EDGE_CURVE('',#7459,#7436,#7467,.T.);
#7467 = LINE('',#7468,#7469);
#7468 = CARTESIAN_POINT('',(-0.32,-7.94,-2.84));
#7469 = VECTOR('',#7470,1.);
#7470 = DIRECTION('',(0.,1.,0.));
#7471 = ORIENTED_EDGE('',*,*,#7443,.T.);
#7472 = ORIENTED_EDGE('',*,*,#5600,.F.);
#7473 = PLANE('',#7474);
#7474 = AXIS2_PLACEMENT_3D('',#7475,#7476,#7477);
#7475 = CARTESIAN_POINT('',(-0.32,-7.94,-3.));
#7476 = DIRECTION('',(1.,0.,0.));
#7477 = DIRECTION('',(0.,0.,1.));
#7478 = ADVANCED_FACE('',(#7479),#7490,.F.);
#7479 = FACE_BOUND('',#7480,.F.);
#7480 = EDGE_LOOP('',(#7481,#7482,#7488,#7489));
#7481 = ORIENTED_EDGE('',*,*,#7403,.F.);
#7482 = ORIENTED_EDGE('',*,*,#7483,.F.);
#7483 = EDGE_CURVE('',#7459,#7404,#7484,.T.);
#7484 = LINE('',#7485,#7486);
#7485 = CARTESIAN_POINT('',(-0.32,-7.94,-2.84));
#7486 = VECTOR('',#7487,1.);
#7487 = DIRECTION('',(1.,0.,0.));
#7488 = ORIENTED_EDGE('',*,*,#7458,.T.);
#7489 = ORIENTED_EDGE('',*,*,#5592,.F.);
#7490 = PLANE('',#7491);
#7491 = AXIS2_PLACEMENT_3D('',#7492,#7493,#7494);
#7492 = CARTESIAN_POINT('',(-0.32,-7.94,-3.));
#7493 = DIRECTION('',(0.,1.,0.));
#7494 = DIRECTION('',(0.,-0.,1.));
#7495 = ADVANCED_FACE('',(#7496),#7521,.F.);
#7496 = FACE_BOUND('',#7497,.F.);
#7497 = EDGE_LOOP('',(#7498,#7506,#7514,#7520));
#7498 = ORIENTED_EDGE('',*,*,#7499,.F.);
#7499 = EDGE_CURVE('',#7500,#5617,#7502,.T.);
#7500 = VERTEX_POINT('',#7501);
#7501 = CARTESIAN_POINT('',(0.32,-0.32,-2.84));
#7502 = LINE('',#7503,#7504);
#7503 = CARTESIAN_POINT('',(0.32,-0.32,-3.));
#7504 = VECTOR('',#7505,1.);
#7505 = DIRECTION('',(0.,0.,1.));
#7506 = ORIENTED_EDGE('',*,*,#7507,.F.);
#7507 = EDGE_CURVE('',#7508,#7500,#7510,.T.);
#7508 = VERTEX_POINT('',#7509);
#7509 = CARTESIAN_POINT('',(-0.32,-0.32,-2.84));
#7510 = LINE('',#7511,#7512);
#7511 = CARTESIAN_POINT('',(-0.32,-0.32,-2.84));
#7512 = VECTOR('',#7513,1.);
#7513 = DIRECTION('',(1.,0.,0.));
#7514 = ORIENTED_EDGE('',*,*,#7515,.T.);
#7515 = EDGE_CURVE('',#7508,#5619,#7516,.T.);
#7516 = LINE('',#7517,#7518);
#7517 = CARTESIAN_POINT('',(-0.32,-0.32,-3.));
#7518 = VECTOR('',#7519,1.);
#7519 = DIRECTION('',(0.,0.,1.));
#7520 = ORIENTED_EDGE('',*,*,#5616,.F.);
#7521 = PLANE('',#7522);
#7522 = AXIS2_PLACEMENT_3D('',#7523,#7524,#7525);
#7523 = CARTESIAN_POINT('',(-0.32,-0.32,-3.));
#7524 = DIRECTION('',(0.,1.,0.));
#7525 = DIRECTION('',(0.,-0.,1.));
#7526 = ADVANCED_FACE('',(#7527),#7545,.T.);
#7527 = FACE_BOUND('',#7528,.T.);
#7528 = EDGE_LOOP('',(#7529,#7530,#7538,#7544));
#7529 = ORIENTED_EDGE('',*,*,#7499,.F.);
#7530 = ORIENTED_EDGE('',*,*,#7531,.T.);
#7531 = EDGE_CURVE('',#7500,#7532,#7534,.T.);
#7532 = VERTEX_POINT('',#7533);
#7533 = CARTESIAN_POINT('',(0.32,0.32,-2.84));
#7534 = LINE('',#7535,#7536);
#7535 = CARTESIAN_POINT('',(0.32,-0.32,-2.84));
#7536 = VECTOR('',#7537,1.);
#7537 = DIRECTION('',(0.,1.,0.));
#7538 = ORIENTED_EDGE('',*,*,#7539,.T.);
#7539 = EDGE_CURVE('',#7532,#5635,#7540,.T.);
#7540 = LINE('',#7541,#7542);
#7541 = CARTESIAN_POINT('',(0.32,0.32,-3.));
#7542 = VECTOR('',#7543,1.);
#7543 = DIRECTION('',(0.,0.,1.));
#7544 = ORIENTED_EDGE('',*,*,#5642,.F.);
#7545 = PLANE('',#7546);
#7546 = AXIS2_PLACEMENT_3D('',#7547,#7548,#7549);
#7547 = CARTESIAN_POINT('',(0.32,-0.32,-3.));
#7548 = DIRECTION('',(1.,0.,0.));
#7549 = DIRECTION('',(0.,0.,1.));
#7550 = ADVANCED_FACE('',(#7551),#7569,.T.);
#7551 = FACE_BOUND('',#7552,.T.);
#7552 = EDGE_LOOP('',(#7553,#7554,#7562,#7568));
#7553 = ORIENTED_EDGE('',*,*,#7539,.F.);
#7554 = ORIENTED_EDGE('',*,*,#7555,.F.);
#7555 = EDGE_CURVE('',#7556,#7532,#7558,.T.);
#7556 = VERTEX_POINT('',#7557);
#7557 = CARTESIAN_POINT('',(-0.32,0.32,-2.84));
#7558 = LINE('',#7559,#7560);
#7559 = CARTESIAN_POINT('',(-0.32,0.32,-2.84));
#7560 = VECTOR('',#7561,1.);
#7561 = DIRECTION('',(1.,0.,0.));
#7562 = ORIENTED_EDGE('',*,*,#7563,.T.);
#7563 = EDGE_CURVE('',#7556,#5627,#7564,.T.);
#7564 = LINE('',#7565,#7566);
#7565 = CARTESIAN_POINT('',(-0.32,0.32,-3.));
#7566 = VECTOR('',#7567,1.);
#7567 = DIRECTION('',(0.,0.,1.));
#7568 = ORIENTED_EDGE('',*,*,#5634,.F.);
#7569 = PLANE('',#7570);
#7570 = AXIS2_PLACEMENT_3D('',#7571,#7572,#7573);
#7571 = CARTESIAN_POINT('',(-0.32,0.32,-3.));
#7572 = DIRECTION('',(0.,1.,0.));
#7573 = DIRECTION('',(0.,-0.,1.));
#7574 = ADVANCED_FACE('',(#7575),#7586,.F.);
#7575 = FACE_BOUND('',#7576,.F.);
#7576 = EDGE_LOOP('',(#7577,#7578,#7584,#7585));
#7577 = ORIENTED_EDGE('',*,*,#7515,.F.);
#7578 = ORIENTED_EDGE('',*,*,#7579,.T.);
#7579 = EDGE_CURVE('',#7508,#7556,#7580,.T.);
#7580 = LINE('',#7581,#7582);
#7581 = CARTESIAN_POINT('',(-0.32,-0.32,-2.84));
#7582 = VECTOR('',#7583,1.);
#7583 = DIRECTION('',(0.,1.,0.));
#7584 = ORIENTED_EDGE('',*,*,#7563,.T.);
#7585 = ORIENTED_EDGE('',*,*,#5626,.F.);
#7586 = PLANE('',#7587);
#7587 = AXIS2_PLACEMENT_3D('',#7588,#7589,#7590);
#7588 = CARTESIAN_POINT('',(-0.32,-0.32,-3.));
#7589 = DIRECTION('',(1.,0.,0.));
#7590 = DIRECTION('',(0.,0.,1.));
#7591 = ADVANCED_FACE('',(#7592),#7617,.T.);
#7592 = FACE_BOUND('',#7593,.T.);
#7593 = EDGE_LOOP('',(#7594,#7602,#7603,#7611));
#7594 = ORIENTED_EDGE('',*,*,#7595,.F.);
#7595 = EDGE_CURVE('',#5988,#7596,#7598,.T.);
#7596 = VERTEX_POINT('',#7597);
#7597 = CARTESIAN_POINT('',(0.32,-12.38,8.38));
#7598 = LINE('',#7599,#7600);
#7599 = CARTESIAN_POINT('',(0.32,-12.38,-3.));
#7600 = VECTOR('',#7601,1.);
#7601 = DIRECTION('',(0.,0.,1.));
#7602 = ORIENTED_EDGE('',*,*,#5987,.T.);
#7603 = ORIENTED_EDGE('',*,*,#7604,.T.);
#7604 = EDGE_CURVE('',#5990,#7605,#7607,.T.);
#7605 = VERTEX_POINT('',#7606);
#7606 = CARTESIAN_POINT('',(-0.32,-12.38,8.38));
#7607 = LINE('',#7608,#7609);
#7608 = CARTESIAN_POINT('',(-0.32,-12.38,-3.));
#7609 = VECTOR('',#7610,1.);
#7610 = DIRECTION('',(0.,0.,1.));
#7611 = ORIENTED_EDGE('',*,*,#7612,.T.);
#7612 = EDGE_CURVE('',#7605,#7596,#7613,.T.);
#7613 = LINE('',#7614,#7615);
#7614 = CARTESIAN_POINT('',(-0.32,-12.38,8.38));
#7615 = VECTOR('',#7616,1.);
#7616 = DIRECTION('',(1.,0.,0.));
#7617 = PLANE('',#7618);
#7618 = AXIS2_PLACEMENT_3D('',#7619,#7620,#7621);
#7619 = CARTESIAN_POINT('',(-0.32,-12.38,-3.));
#7620 = DIRECTION('',(0.,1.,0.));
#7621 = DIRECTION('',(0.,-0.,1.));
#7622 = ADVANCED_FACE('',(#7623),#7641,.F.);
#7623 = FACE_BOUND('',#7624,.F.);
#7624 = EDGE_LOOP('',(#7625,#7633,#7634,#7635));
#7625 = ORIENTED_EDGE('',*,*,#7626,.F.);
#7626 = EDGE_CURVE('',#6006,#7627,#7629,.T.);
#7627 = VERTEX_POINT('',#7628);
#7628 = CARTESIAN_POINT('',(-0.32,-13.02,8.38));
#7629 = LINE('',#7630,#7631);
#7630 = CARTESIAN_POINT('',(-0.32,-13.02,-3.));
#7631 = VECTOR('',#7632,1.);
#7632 = DIRECTION('',(0.,0.,1.));
#7633 = ORIENTED_EDGE('',*,*,#6013,.T.);
#7634 = ORIENTED_EDGE('',*,*,#7604,.T.);
#7635 = ORIENTED_EDGE('',*,*,#7636,.F.);
#7636 = EDGE_CURVE('',#7627,#7605,#7637,.T.);
#7637 = LINE('',#7638,#7639);
#7638 = CARTESIAN_POINT('',(-0.32,-13.02,8.38));
#7639 = VECTOR('',#7640,1.);
#7640 = DIRECTION('',(0.,1.,0.));
#7641 = PLANE('',#7642);
#7642 = AXIS2_PLACEMENT_3D('',#7643,#7644,#7645);
#7643 = CARTESIAN_POINT('',(-0.32,-13.02,-3.));
#7644 = DIRECTION('',(1.,0.,0.));
#7645 = DIRECTION('',(0.,0.,1.));
#7646 = ADVANCED_FACE('',(#7647),#7665,.F.);
#7647 = FACE_BOUND('',#7648,.F.);
#7648 = EDGE_LOOP('',(#7649,#7657,#7658,#7659));
#7649 = ORIENTED_EDGE('',*,*,#7650,.F.);
#7650 = EDGE_CURVE('',#5998,#7651,#7653,.T.);
#7651 = VERTEX_POINT('',#7652);
#7652 = CARTESIAN_POINT('',(0.32,-13.02,8.38));
#7653 = LINE('',#7654,#7655);
#7654 = CARTESIAN_POINT('',(0.32,-13.02,-3.));
#7655 = VECTOR('',#7656,1.);
#7656 = DIRECTION('',(0.,0.,1.));
#7657 = ORIENTED_EDGE('',*,*,#6005,.T.);
#7658 = ORIENTED_EDGE('',*,*,#7626,.T.);
#7659 = ORIENTED_EDGE('',*,*,#7660,.T.);
#7660 = EDGE_CURVE('',#7627,#7651,#7661,.T.);
#7661 = LINE('',#7662,#7663);
#7662 = CARTESIAN_POINT('',(-0.32,-13.02,8.38));
#7663 = VECTOR('',#7664,1.);
#7664 = DIRECTION('',(1.,0.,0.));
#7665 = PLANE('',#7666);
#7666 = AXIS2_PLACEMENT_3D('',#7667,#7668,#7669);
#7667 = CARTESIAN_POINT('',(-0.32,-13.02,-3.));
#7668 = DIRECTION('',(0.,1.,0.));
#7669 = DIRECTION('',(0.,-0.,1.));
#7670 = ADVANCED_FACE('',(#7671),#7682,.T.);
#7671 = FACE_BOUND('',#7672,.T.);
#7672 = EDGE_LOOP('',(#7673,#7674,#7675,#7676));
#7673 = ORIENTED_EDGE('',*,*,#7650,.F.);
#7674 = ORIENTED_EDGE('',*,*,#5997,.T.);
#7675 = ORIENTED_EDGE('',*,*,#7595,.T.);
#7676 = ORIENTED_EDGE('',*,*,#7677,.F.);
#7677 = EDGE_CURVE('',#7651,#7596,#7678,.T.);
#7678 = LINE('',#7679,#7680);
#7679 = CARTESIAN_POINT('',(0.32,-13.02,8.38));
#7680 = VECTOR('',#7681,1.);
#7681 = DIRECTION('',(0.,1.,0.));
#7682 = PLANE('',#7683);
#7683 = AXIS2_PLACEMENT_3D('',#7684,#7685,#7686);
#7684 = CARTESIAN_POINT('',(0.32,-13.02,-3.));
#7685 = DIRECTION('',(1.,0.,0.));
#7686 = DIRECTION('',(0.,0.,1.));
#7687 = ADVANCED_FACE('',(#7688),#7713,.T.);
#7688 = FACE_BOUND('',#7689,.T.);
#7689 = EDGE_LOOP('',(#7690,#7698,#7699,#7707));
#7690 = ORIENTED_EDGE('',*,*,#7691,.F.);
#7691 = EDGE_CURVE('',#6022,#7692,#7694,.T.);
#7692 = VERTEX_POINT('',#7693);
#7693 = CARTESIAN_POINT('',(0.32,-15.56,8.38));
#7694 = LINE('',#7695,#7696);
#7695 = CARTESIAN_POINT('',(0.32,-15.56,-3.));
#7696 = VECTOR('',#7697,1.);
#7697 = DIRECTION('',(0.,0.,1.));
#7698 = ORIENTED_EDGE('',*,*,#6021,.T.);
#7699 = ORIENTED_EDGE('',*,*,#7700,.T.);
#7700 = EDGE_CURVE('',#6024,#7701,#7703,.T.);
#7701 = VERTEX_POINT('',#7702);
#7702 = CARTESIAN_POINT('',(0.32,-14.92,8.38));
#7703 = LINE('',#7704,#7705);
#7704 = CARTESIAN_POINT('',(0.32,-14.92,-3.));
#7705 = VECTOR('',#7706,1.);
#7706 = DIRECTION('',(0.,0.,1.));
#7707 = ORIENTED_EDGE('',*,*,#7708,.F.);
#7708 = EDGE_CURVE('',#7692,#7701,#7709,.T.);
#7709 = LINE('',#7710,#7711);
#7710 = CARTESIAN_POINT('',(0.32,-15.56,8.38));
#7711 = VECTOR('',#7712,1.);
#7712 = DIRECTION('',(0.,1.,0.));
#7713 = PLANE('',#7714);
#7714 = AXIS2_PLACEMENT_3D('',#7715,#7716,#7717);
#7715 = CARTESIAN_POINT('',(0.32,-15.56,-3.));
#7716 = DIRECTION('',(1.,0.,0.));
#7717 = DIRECTION('',(0.,0.,1.));
#7718 = ADVANCED_FACE('',(#7719),#7737,.T.);
#7719 = FACE_BOUND('',#7720,.T.);
#7720 = EDGE_LOOP('',(#7721,#7722,#7723,#7731));
#7721 = ORIENTED_EDGE('',*,*,#7700,.F.);
#7722 = ORIENTED_EDGE('',*,*,#6047,.T.);
#7723 = ORIENTED_EDGE('',*,*,#7724,.T.);
#7724 = EDGE_CURVE('',#6040,#7725,#7727,.T.);
#7725 = VERTEX_POINT('',#7726);
#7726 = CARTESIAN_POINT('',(-0.32,-14.92,8.38));
#7727 = LINE('',#7728,#7729);
#7728 = CARTESIAN_POINT('',(-0.32,-14.92,-3.));
#7729 = VECTOR('',#7730,1.);
#7730 = DIRECTION('',(0.,0.,1.));
#7731 = ORIENTED_EDGE('',*,*,#7732,.T.);
#7732 = EDGE_CURVE('',#7725,#7701,#7733,.T.);
#7733 = LINE('',#7734,#7735);
#7734 = CARTESIAN_POINT('',(-0.32,-14.92,8.38));
#7735 = VECTOR('',#7736,1.);
#7736 = DIRECTION('',(1.,0.,0.));
#7737 = PLANE('',#7738);
#7738 = AXIS2_PLACEMENT_3D('',#7739,#7740,#7741);
#7739 = CARTESIAN_POINT('',(-0.32,-14.92,-3.));
#7740 = DIRECTION('',(0.,1.,0.));
#7741 = DIRECTION('',(0.,-0.,1.));
#7742 = ADVANCED_FACE('',(#7743),#7761,.F.);
#7743 = FACE_BOUND('',#7744,.F.);
#7744 = EDGE_LOOP('',(#7745,#7753,#7754,#7755));
#7745 = ORIENTED_EDGE('',*,*,#7746,.F.);
#7746 = EDGE_CURVE('',#6032,#7747,#7749,.T.);
#7747 = VERTEX_POINT('',#7748);
#7748 = CARTESIAN_POINT('',(-0.32,-15.56,8.38));
#7749 = LINE('',#7750,#7751);
#7750 = CARTESIAN_POINT('',(-0.32,-15.56,-3.));
#7751 = VECTOR('',#7752,1.);
#7752 = DIRECTION('',(0.,0.,1.));
#7753 = ORIENTED_EDGE('',*,*,#6039,.T.);
#7754 = ORIENTED_EDGE('',*,*,#7724,.T.);
#7755 = ORIENTED_EDGE('',*,*,#7756,.F.);
#7756 = EDGE_CURVE('',#7747,#7725,#7757,.T.);
#7757 = LINE('',#7758,#7759);
#7758 = CARTESIAN_POINT('',(-0.32,-15.56,8.38));
#7759 = VECTOR('',#7760,1.);
#7760 = DIRECTION('',(0.,1.,0.));
#7761 = PLANE('',#7762);
#7762 = AXIS2_PLACEMENT_3D('',#7763,#7764,#7765);
#7763 = CARTESIAN_POINT('',(-0.32,-15.56,-3.));
#7764 = DIRECTION('',(1.,0.,0.));
#7765 = DIRECTION('',(0.,0.,1.));
#7766 = ADVANCED_FACE('',(#7767),#7778,.F.);
#7767 = FACE_BOUND('',#7768,.F.);
#7768 = EDGE_LOOP('',(#7769,#7770,#7771,#7772));
#7769 = ORIENTED_EDGE('',*,*,#7691,.F.);
#7770 = ORIENTED_EDGE('',*,*,#6031,.T.);
#7771 = ORIENTED_EDGE('',*,*,#7746,.T.);
#7772 = ORIENTED_EDGE('',*,*,#7773,.T.);
#7773 = EDGE_CURVE('',#7747,#7692,#7774,.T.);
#7774 = LINE('',#7775,#7776);
#7775 = CARTESIAN_POINT('',(-0.32,-15.56,8.38));
#7776 = VECTOR('',#7777,1.);
#7777 = DIRECTION('',(1.,0.,0.));
#7778 = PLANE('',#7779);
#7779 = AXIS2_PLACEMENT_3D('',#7780,#7781,#7782);
#7780 = CARTESIAN_POINT('',(-0.32,-15.56,-3.));
#7781 = DIRECTION('',(0.,1.,0.));
#7782 = DIRECTION('',(0.,-0.,1.));
#7783 = ADVANCED_FACE('',(#7784),#7809,.T.);
#7784 = FACE_BOUND('',#7785,.T.);
#7785 = EDGE_LOOP('',(#7786,#7794,#7795,#7803));
#7786 = ORIENTED_EDGE('',*,*,#7787,.F.);
#7787 = EDGE_CURVE('',#6056,#7788,#7790,.T.);
#7788 = VERTEX_POINT('',#7789);
#7789 = CARTESIAN_POINT('',(0.32,-9.84,8.38));
#7790 = LINE('',#7791,#7792);
#7791 = CARTESIAN_POINT('',(0.32,-9.84,-3.));
#7792 = VECTOR('',#7793,1.);
#7793 = DIRECTION('',(0.,0.,1.));
#7794 = ORIENTED_EDGE('',*,*,#6055,.T.);
#7795 = ORIENTED_EDGE('',*,*,#7796,.T.);
#7796 = EDGE_CURVE('',#6058,#7797,#7799,.T.);
#7797 = VERTEX_POINT('',#7798);
#7798 = CARTESIAN_POINT('',(-0.32,-9.84,8.38));
#7799 = LINE('',#7800,#7801);
#7800 = CARTESIAN_POINT('',(-0.32,-9.84,-3.));
#7801 = VECTOR('',#7802,1.);
#7802 = DIRECTION('',(0.,0.,1.));
#7803 = ORIENTED_EDGE('',*,*,#7804,.T.);
#7804 = EDGE_CURVE('',#7797,#7788,#7805,.T.);
#7805 = LINE('',#7806,#7807);
#7806 = CARTESIAN_POINT('',(-0.32,-9.84,8.38));
#7807 = VECTOR('',#7808,1.);
#7808 = DIRECTION('',(1.,0.,0.));
#7809 = PLANE('',#7810);
#7810 = AXIS2_PLACEMENT_3D('',#7811,#7812,#7813);
#7811 = CARTESIAN_POINT('',(-0.32,-9.84,-3.));
#7812 = DIRECTION('',(0.,1.,0.));
#7813 = DIRECTION('',(0.,-0.,1.));
#7814 = ADVANCED_FACE('',(#7815),#7833,.F.);
#7815 = FACE_BOUND('',#7816,.F.);
#7816 = EDGE_LOOP('',(#7817,#7825,#7826,#7827));
#7817 = ORIENTED_EDGE('',*,*,#7818,.F.);
#7818 = EDGE_CURVE('',#6074,#7819,#7821,.T.);
#7819 = VERTEX_POINT('',#7820);
#7820 = CARTESIAN_POINT('',(-0.32,-10.48,8.38));
#7821 = LINE('',#7822,#7823);
#7822 = CARTESIAN_POINT('',(-0.32,-10.48,-3.));
#7823 = VECTOR('',#7824,1.);
#7824 = DIRECTION('',(0.,0.,1.));
#7825 = ORIENTED_EDGE('',*,*,#6081,.T.);
#7826 = ORIENTED_EDGE('',*,*,#7796,.T.);
#7827 = ORIENTED_EDGE('',*,*,#7828,.F.);
#7828 = EDGE_CURVE('',#7819,#7797,#7829,.T.);
#7829 = LINE('',#7830,#7831);
#7830 = CARTESIAN_POINT('',(-0.32,-10.48,8.38));
#7831 = VECTOR('',#7832,1.);
#7832 = DIRECTION('',(0.,1.,0.));
#7833 = PLANE('',#7834);
#7834 = AXIS2_PLACEMENT_3D('',#7835,#7836,#7837);
#7835 = CARTESIAN_POINT('',(-0.32,-10.48,-3.));
#7836 = DIRECTION('',(1.,0.,0.));
#7837 = DIRECTION('',(0.,0.,1.));
#7838 = ADVANCED_FACE('',(#7839),#7857,.F.);
#7839 = FACE_BOUND('',#7840,.F.);
#7840 = EDGE_LOOP('',(#7841,#7849,#7850,#7851));
#7841 = ORIENTED_EDGE('',*,*,#7842,.F.);
#7842 = EDGE_CURVE('',#6066,#7843,#7845,.T.);
#7843 = VERTEX_POINT('',#7844);
#7844 = CARTESIAN_POINT('',(0.32,-10.48,8.38));
#7845 = LINE('',#7846,#7847);
#7846 = CARTESIAN_POINT('',(0.32,-10.48,-3.));
#7847 = VECTOR('',#7848,1.);
#7848 = DIRECTION('',(0.,0.,1.));
#7849 = ORIENTED_EDGE('',*,*,#6073,.T.);
#7850 = ORIENTED_EDGE('',*,*,#7818,.T.);
#7851 = ORIENTED_EDGE('',*,*,#7852,.T.);
#7852 = EDGE_CURVE('',#7819,#7843,#7853,.T.);
#7853 = LINE('',#7854,#7855);
#7854 = CARTESIAN_POINT('',(-0.32,-10.48,8.38));
#7855 = VECTOR('',#7856,1.);
#7856 = DIRECTION('',(1.,0.,0.));
#7857 = PLANE('',#7858);
#7858 = AXIS2_PLACEMENT_3D('',#7859,#7860,#7861);
#7859 = CARTESIAN_POINT('',(-0.32,-10.48,-3.));
#7860 = DIRECTION('',(0.,1.,0.));
#7861 = DIRECTION('',(0.,-0.,1.));
#7862 = ADVANCED_FACE('',(#7863),#7874,.T.);
#7863 = FACE_BOUND('',#7864,.T.);
#7864 = EDGE_LOOP('',(#7865,#7866,#7867,#7868));
#7865 = ORIENTED_EDGE('',*,*,#7842,.F.);
#7866 = ORIENTED_EDGE('',*,*,#6065,.T.);
#7867 = ORIENTED_EDGE('',*,*,#7787,.T.);
#7868 = ORIENTED_EDGE('',*,*,#7869,.F.);
#7869 = EDGE_CURVE('',#7843,#7788,#7870,.T.);
#7870 = LINE('',#7871,#7872);
#7871 = CARTESIAN_POINT('',(0.32,-10.48,8.38));
#7872 = VECTOR('',#7873,1.);
#7873 = DIRECTION('',(0.,1.,0.));
#7874 = PLANE('',#7875);
#7875 = AXIS2_PLACEMENT_3D('',#7876,#7877,#7878);
#7876 = CARTESIAN_POINT('',(0.32,-10.48,-3.));
#7877 = DIRECTION('',(1.,0.,0.));
#7878 = DIRECTION('',(0.,0.,1.));
#7879 = ADVANCED_FACE('',(#7880),#7905,.T.);
#7880 = FACE_BOUND('',#7881,.T.);
#7881 = EDGE_LOOP('',(#7882,#7890,#7891,#7899));
#7882 = ORIENTED_EDGE('',*,*,#7883,.F.);
#7883 = EDGE_CURVE('',#6090,#7884,#7886,.T.);
#7884 = VERTEX_POINT('',#7885);
#7885 = CARTESIAN_POINT('',(0.32,-2.86,8.38));
#7886 = LINE('',#7887,#7888);
#7887 = CARTESIAN_POINT('',(0.32,-2.86,-3.));
#7888 = VECTOR('',#7889,1.);
#7889 = DIRECTION('',(0.,0.,1.));
#7890 = ORIENTED_EDGE('',*,*,#6089,.T.);
#7891 = ORIENTED_EDGE('',*,*,#7892,.T.);
#7892 = EDGE_CURVE('',#6092,#7893,#7895,.T.);
#7893 = VERTEX_POINT('',#7894);
#7894 = CARTESIAN_POINT('',(0.32,-2.22,8.38));
#7895 = LINE('',#7896,#7897);
#7896 = CARTESIAN_POINT('',(0.32,-2.22,-3.));
#7897 = VECTOR('',#7898,1.);
#7898 = DIRECTION('',(0.,0.,1.));
#7899 = ORIENTED_EDGE('',*,*,#7900,.F.);
#7900 = EDGE_CURVE('',#7884,#7893,#7901,.T.);
#7901 = LINE('',#7902,#7903);
#7902 = CARTESIAN_POINT('',(0.32,-2.86,8.38));
#7903 = VECTOR('',#7904,1.);
#7904 = DIRECTION('',(0.,1.,0.));
#7905 = PLANE('',#7906);
#7906 = AXIS2_PLACEMENT_3D('',#7907,#7908,#7909);
#7907 = CARTESIAN_POINT('',(0.32,-2.86,-3.));
#7908 = DIRECTION('',(1.,0.,0.));
#7909 = DIRECTION('',(0.,0.,1.));
#7910 = ADVANCED_FACE('',(#7911),#7929,.T.);
#7911 = FACE_BOUND('',#7912,.T.);
#7912 = EDGE_LOOP('',(#7913,#7914,#7915,#7923));
#7913 = ORIENTED_EDGE('',*,*,#7892,.F.);
#7914 = ORIENTED_EDGE('',*,*,#6115,.T.);
#7915 = ORIENTED_EDGE('',*,*,#7916,.T.);
#7916 = EDGE_CURVE('',#6108,#7917,#7919,.T.);
#7917 = VERTEX_POINT('',#7918);
#7918 = CARTESIAN_POINT('',(-0.32,-2.22,8.38));
#7919 = LINE('',#7920,#7921);
#7920 = CARTESIAN_POINT('',(-0.32,-2.22,-3.));
#7921 = VECTOR('',#7922,1.);
#7922 = DIRECTION('',(0.,0.,1.));
#7923 = ORIENTED_EDGE('',*,*,#7924,.T.);
#7924 = EDGE_CURVE('',#7917,#7893,#7925,.T.);
#7925 = LINE('',#7926,#7927);
#7926 = CARTESIAN_POINT('',(-0.32,-2.22,8.38));
#7927 = VECTOR('',#7928,1.);
#7928 = DIRECTION('',(1.,0.,0.));
#7929 = PLANE('',#7930);
#7930 = AXIS2_PLACEMENT_3D('',#7931,#7932,#7933);
#7931 = CARTESIAN_POINT('',(-0.32,-2.22,-3.));
#7932 = DIRECTION('',(0.,1.,0.));
#7933 = DIRECTION('',(0.,-0.,1.));
#7934 = ADVANCED_FACE('',(#7935),#7953,.F.);
#7935 = FACE_BOUND('',#7936,.F.);
#7936 = EDGE_LOOP('',(#7937,#7945,#7946,#7947));
#7937 = ORIENTED_EDGE('',*,*,#7938,.F.);
#7938 = EDGE_CURVE('',#6100,#7939,#7941,.T.);
#7939 = VERTEX_POINT('',#7940);
#7940 = CARTESIAN_POINT('',(-0.32,-2.86,8.38));
#7941 = LINE('',#7942,#7943);
#7942 = CARTESIAN_POINT('',(-0.32,-2.86,-3.));
#7943 = VECTOR('',#7944,1.);
#7944 = DIRECTION('',(0.,0.,1.));
#7945 = ORIENTED_EDGE('',*,*,#6107,.T.);
#7946 = ORIENTED_EDGE('',*,*,#7916,.T.);
#7947 = ORIENTED_EDGE('',*,*,#7948,.F.);
#7948 = EDGE_CURVE('',#7939,#7917,#7949,.T.);
#7949 = LINE('',#7950,#7951);
#7950 = CARTESIAN_POINT('',(-0.32,-2.86,8.38));
#7951 = VECTOR('',#7952,1.);
#7952 = DIRECTION('',(0.,1.,0.));
#7953 = PLANE('',#7954);
#7954 = AXIS2_PLACEMENT_3D('',#7955,#7956,#7957);
#7955 = CARTESIAN_POINT('',(-0.32,-2.86,-3.));
#7956 = DIRECTION('',(1.,0.,0.));
#7957 = DIRECTION('',(0.,0.,1.));
#7958 = ADVANCED_FACE('',(#7959),#7970,.F.);
#7959 = FACE_BOUND('',#7960,.F.);
#7960 = EDGE_LOOP('',(#7961,#7962,#7963,#7964));
#7961 = ORIENTED_EDGE('',*,*,#7883,.F.);
#7962 = ORIENTED_EDGE('',*,*,#6099,.T.);
#7963 = ORIENTED_EDGE('',*,*,#7938,.T.);
#7964 = ORIENTED_EDGE('',*,*,#7965,.T.);
#7965 = EDGE_CURVE('',#7939,#7884,#7966,.T.);
#7966 = LINE('',#7967,#7968);
#7967 = CARTESIAN_POINT('',(-0.32,-2.86,8.38));
#7968 = VECTOR('',#7969,1.);
#7969 = DIRECTION('',(1.,0.,0.));
#7970 = PLANE('',#7971);
#7971 = AXIS2_PLACEMENT_3D('',#7972,#7973,#7974);
#7972 = CARTESIAN_POINT('',(-0.32,-2.86,-3.));
#7973 = DIRECTION('',(0.,1.,0.));
#7974 = DIRECTION('',(0.,-0.,1.));
#7975 = ADVANCED_FACE('',(#7976),#8001,.F.);
#7976 = FACE_BOUND('',#7977,.F.);
#7977 = EDGE_LOOP('',(#7978,#7986,#7987,#7995));
#7978 = ORIENTED_EDGE('',*,*,#7979,.F.);
#7979 = EDGE_CURVE('',#6124,#7980,#7982,.T.);
#7980 = VERTEX_POINT('',#7981);
#7981 = CARTESIAN_POINT('',(0.32,-5.4,8.38));
#7982 = LINE('',#7983,#7984);
#7983 = CARTESIAN_POINT('',(0.32,-5.4,-3.));
#7984 = VECTOR('',#7985,1.);
#7985 = DIRECTION('',(0.,0.,1.));
#7986 = ORIENTED_EDGE('',*,*,#6123,.T.);
#7987 = ORIENTED_EDGE('',*,*,#7988,.T.);
#7988 = EDGE_CURVE('',#6126,#7989,#7991,.T.);
#7989 = VERTEX_POINT('',#7990);
#7990 = CARTESIAN_POINT('',(-0.32,-5.4,8.38));
#7991 = LINE('',#7992,#7993);
#7992 = CARTESIAN_POINT('',(-0.32,-5.4,-3.));
#7993 = VECTOR('',#7994,1.);
#7994 = DIRECTION('',(0.,0.,1.));
#7995 = ORIENTED_EDGE('',*,*,#7996,.T.);
#7996 = EDGE_CURVE('',#7989,#7980,#7997,.T.);
#7997 = LINE('',#7998,#7999);
#7998 = CARTESIAN_POINT('',(-0.32,-5.4,8.38));
#7999 = VECTOR('',#8000,1.);
#8000 = DIRECTION('',(1.,0.,0.));
#8001 = PLANE('',#8002);
#8002 = AXIS2_PLACEMENT_3D('',#8003,#8004,#8005);
#8003 = CARTESIAN_POINT('',(-0.32,-5.4,-3.));
#8004 = DIRECTION('',(0.,1.,0.));
#8005 = DIRECTION('',(0.,-0.,1.));
#8006 = ADVANCED_FACE('',(#8007),#8025,.T.);
#8007 = FACE_BOUND('',#8008,.T.);
#8008 = EDGE_LOOP('',(#8009,#8010,#8011,#8019));
#8009 = ORIENTED_EDGE('',*,*,#7979,.F.);
#8010 = ORIENTED_EDGE('',*,*,#6149,.T.);
#8011 = ORIENTED_EDGE('',*,*,#8012,.T.);
#8012 = EDGE_CURVE('',#6142,#8013,#8015,.T.);
#8013 = VERTEX_POINT('',#8014);
#8014 = CARTESIAN_POINT('',(0.32,-4.76,8.38));
#8015 = LINE('',#8016,#8017);
#8016 = CARTESIAN_POINT('',(0.32,-4.76,-3.));
#8017 = VECTOR('',#8018,1.);
#8018 = DIRECTION('',(0.,0.,1.));
#8019 = ORIENTED_EDGE('',*,*,#8020,.F.);
#8020 = EDGE_CURVE('',#7980,#8013,#8021,.T.);
#8021 = LINE('',#8022,#8023);
#8022 = CARTESIAN_POINT('',(0.32,-5.4,8.38));
#8023 = VECTOR('',#8024,1.);
#8024 = DIRECTION('',(0.,1.,0.));
#8025 = PLANE('',#8026);
#8026 = AXIS2_PLACEMENT_3D('',#8027,#8028,#8029);
#8027 = CARTESIAN_POINT('',(0.32,-5.4,-3.));
#8028 = DIRECTION('',(1.,0.,0.));
#8029 = DIRECTION('',(0.,0.,1.));
#8030 = ADVANCED_FACE('',(#8031),#8049,.T.);
#8031 = FACE_BOUND('',#8032,.T.);
#8032 = EDGE_LOOP('',(#8033,#8034,#8035,#8043));
#8033 = ORIENTED_EDGE('',*,*,#8012,.F.);
#8034 = ORIENTED_EDGE('',*,*,#6141,.T.);
#8035 = ORIENTED_EDGE('',*,*,#8036,.T.);
#8036 = EDGE_CURVE('',#6134,#8037,#8039,.T.);
#8037 = VERTEX_POINT('',#8038);
#8038 = CARTESIAN_POINT('',(-0.32,-4.76,8.38));
#8039 = LINE('',#8040,#8041);
#8040 = CARTESIAN_POINT('',(-0.32,-4.76,-3.));
#8041 = VECTOR('',#8042,1.);
#8042 = DIRECTION('',(0.,0.,1.));
#8043 = ORIENTED_EDGE('',*,*,#8044,.T.);
#8044 = EDGE_CURVE('',#8037,#8013,#8045,.T.);
#8045 = LINE('',#8046,#8047);
#8046 = CARTESIAN_POINT('',(-0.32,-4.76,8.38));
#8047 = VECTOR('',#8048,1.);
#8048 = DIRECTION('',(1.,0.,0.));
#8049 = PLANE('',#8050);
#8050 = AXIS2_PLACEMENT_3D('',#8051,#8052,#8053);
#8051 = CARTESIAN_POINT('',(-0.32,-4.76,-3.));
#8052 = DIRECTION('',(0.,1.,0.));
#8053 = DIRECTION('',(0.,-0.,1.));
#8054 = ADVANCED_FACE('',(#8055),#8066,.F.);
#8055 = FACE_BOUND('',#8056,.F.);
#8056 = EDGE_LOOP('',(#8057,#8058,#8059,#8060));
#8057 = ORIENTED_EDGE('',*,*,#7988,.F.);
#8058 = ORIENTED_EDGE('',*,*,#6133,.T.);
#8059 = ORIENTED_EDGE('',*,*,#8036,.T.);
#8060 = ORIENTED_EDGE('',*,*,#8061,.F.);
#8061 = EDGE_CURVE('',#7989,#8037,#8062,.T.);
#8062 = LINE('',#8063,#8064);
#8063 = CARTESIAN_POINT('',(-0.32,-5.4,8.38));
#8064 = VECTOR('',#8065,1.);
#8065 = DIRECTION('',(0.,1.,0.));
#8066 = PLANE('',#8067);
#8067 = AXIS2_PLACEMENT_3D('',#8068,#8069,#8070);
#8068 = CARTESIAN_POINT('',(-0.32,-5.4,-3.));
#8069 = DIRECTION('',(1.,0.,0.));
#8070 = DIRECTION('',(0.,0.,1.));
#8071 = ADVANCED_FACE('',(#8072),#8097,.T.);
#8072 = FACE_BOUND('',#8073,.T.);
#8073 = EDGE_LOOP('',(#8074,#8082,#8083,#8091));
#8074 = ORIENTED_EDGE('',*,*,#8075,.F.);
#8075 = EDGE_CURVE('',#6158,#8076,#8078,.T.);
#8076 = VERTEX_POINT('',#8077);
#8077 = CARTESIAN_POINT('',(0.32,-7.94,8.38));
#8078 = LINE('',#8079,#8080);
#8079 = CARTESIAN_POINT('',(0.32,-7.94,-3.));
#8080 = VECTOR('',#8081,1.);
#8081 = DIRECTION('',(0.,0.,1.));
#8082 = ORIENTED_EDGE('',*,*,#6157,.T.);
#8083 = ORIENTED_EDGE('',*,*,#8084,.T.);
#8084 = EDGE_CURVE('',#6160,#8085,#8087,.T.);
#8085 = VERTEX_POINT('',#8086);
#8086 = CARTESIAN_POINT('',(0.32,-7.3,8.38));
#8087 = LINE('',#8088,#8089);
#8088 = CARTESIAN_POINT('',(0.32,-7.3,-3.));
#8089 = VECTOR('',#8090,1.);
#8090 = DIRECTION('',(0.,0.,1.));
#8091 = ORIENTED_EDGE('',*,*,#8092,.F.);
#8092 = EDGE_CURVE('',#8076,#8085,#8093,.T.);
#8093 = LINE('',#8094,#8095);
#8094 = CARTESIAN_POINT('',(0.32,-7.94,8.38));
#8095 = VECTOR('',#8096,1.);
#8096 = DIRECTION('',(0.,1.,0.));
#8097 = PLANE('',#8098);
#8098 = AXIS2_PLACEMENT_3D('',#8099,#8100,#8101);
#8099 = CARTESIAN_POINT('',(0.32,-7.94,-3.));
#8100 = DIRECTION('',(1.,0.,0.));
#8101 = DIRECTION('',(0.,0.,1.));
#8102 = ADVANCED_FACE('',(#8103),#8121,.T.);
#8103 = FACE_BOUND('',#8104,.T.);
#8104 = EDGE_LOOP('',(#8105,#8106,#8107,#8115));
#8105 = ORIENTED_EDGE('',*,*,#8084,.F.);
#8106 = ORIENTED_EDGE('',*,*,#6183,.T.);
#8107 = ORIENTED_EDGE('',*,*,#8108,.T.);
#8108 = EDGE_CURVE('',#6176,#8109,#8111,.T.);
#8109 = VERTEX_POINT('',#8110);
#8110 = CARTESIAN_POINT('',(-0.32,-7.3,8.38));
#8111 = LINE('',#8112,#8113);
#8112 = CARTESIAN_POINT('',(-0.32,-7.3,-3.));
#8113 = VECTOR('',#8114,1.);
#8114 = DIRECTION('',(0.,0.,1.));
#8115 = ORIENTED_EDGE('',*,*,#8116,.T.);
#8116 = EDGE_CURVE('',#8109,#8085,#8117,.T.);
#8117 = LINE('',#8118,#8119);
#8118 = CARTESIAN_POINT('',(-0.32,-7.3,8.38));
#8119 = VECTOR('',#8120,1.);
#8120 = DIRECTION('',(1.,0.,0.));
#8121 = PLANE('',#8122);
#8122 = AXIS2_PLACEMENT_3D('',#8123,#8124,#8125);
#8123 = CARTESIAN_POINT('',(-0.32,-7.3,-3.));
#8124 = DIRECTION('',(0.,1.,0.));
#8125 = DIRECTION('',(0.,-0.,1.));
#8126 = ADVANCED_FACE('',(#8127),#8145,.F.);
#8127 = FACE_BOUND('',#8128,.F.);
#8128 = EDGE_LOOP('',(#8129,#8137,#8138,#8139));
#8129 = ORIENTED_EDGE('',*,*,#8130,.F.);
#8130 = EDGE_CURVE('',#6168,#8131,#8133,.T.);
#8131 = VERTEX_POINT('',#8132);
#8132 = CARTESIAN_POINT('',(-0.32,-7.94,8.38));
#8133 = LINE('',#8134,#8135);
#8134 = CARTESIAN_POINT('',(-0.32,-7.94,-3.));
#8135 = VECTOR('',#8136,1.);
#8136 = DIRECTION('',(0.,0.,1.));
#8137 = ORIENTED_EDGE('',*,*,#6175,.T.);
#8138 = ORIENTED_EDGE('',*,*,#8108,.T.);
#8139 = ORIENTED_EDGE('',*,*,#8140,.F.);
#8140 = EDGE_CURVE('',#8131,#8109,#8141,.T.);
#8141 = LINE('',#8142,#8143);
#8142 = CARTESIAN_POINT('',(-0.32,-7.94,8.38));
#8143 = VECTOR('',#8144,1.);
#8144 = DIRECTION('',(0.,1.,0.));
#8145 = PLANE('',#8146);
#8146 = AXIS2_PLACEMENT_3D('',#8147,#8148,#8149);
#8147 = CARTESIAN_POINT('',(-0.32,-7.94,-3.));
#8148 = DIRECTION('',(1.,0.,0.));
#8149 = DIRECTION('',(0.,0.,1.));
#8150 = ADVANCED_FACE('',(#8151),#8162,.F.);
#8151 = FACE_BOUND('',#8152,.F.);
#8152 = EDGE_LOOP('',(#8153,#8154,#8155,#8156));
#8153 = ORIENTED_EDGE('',*,*,#8075,.F.);
#8154 = ORIENTED_EDGE('',*,*,#6167,.T.);
#8155 = ORIENTED_EDGE('',*,*,#8130,.T.);
#8156 = ORIENTED_EDGE('',*,*,#8157,.T.);
#8157 = EDGE_CURVE('',#8131,#8076,#8158,.T.);
#8158 = LINE('',#8159,#8160);
#8159 = CARTESIAN_POINT('',(-0.32,-7.94,8.38));
#8160 = VECTOR('',#8161,1.);
#8161 = DIRECTION('',(1.,0.,0.));
#8162 = PLANE('',#8163);
#8163 = AXIS2_PLACEMENT_3D('',#8164,#8165,#8166);
#8164 = CARTESIAN_POINT('',(-0.32,-7.94,-3.));
#8165 = DIRECTION('',(0.,1.,0.));
#8166 = DIRECTION('',(0.,-0.,1.));
#8167 = ADVANCED_FACE('',(#8168),#8193,.F.);
#8168 = FACE_BOUND('',#8169,.F.);
#8169 = EDGE_LOOP('',(#8170,#8178,#8179,#8187));
#8170 = ORIENTED_EDGE('',*,*,#8171,.F.);
#8171 = EDGE_CURVE('',#6192,#8172,#8174,.T.);
#8172 = VERTEX_POINT('',#8173);
#8173 = CARTESIAN_POINT('',(0.32,-0.32,8.38));
#8174 = LINE('',#8175,#8176);
#8175 = CARTESIAN_POINT('',(0.32,-0.32,-3.));
#8176 = VECTOR('',#8177,1.);
#8177 = DIRECTION('',(0.,0.,1.));
#8178 = ORIENTED_EDGE('',*,*,#6191,.T.);
#8179 = ORIENTED_EDGE('',*,*,#8180,.T.);
#8180 = EDGE_CURVE('',#6194,#8181,#8183,.T.);
#8181 = VERTEX_POINT('',#8182);
#8182 = CARTESIAN_POINT('',(-0.32,-0.32,8.38));
#8183 = LINE('',#8184,#8185);
#8184 = CARTESIAN_POINT('',(-0.32,-0.32,-3.));
#8185 = VECTOR('',#8186,1.);
#8186 = DIRECTION('',(0.,0.,1.));
#8187 = ORIENTED_EDGE('',*,*,#8188,.T.);
#8188 = EDGE_CURVE('',#8181,#8172,#8189,.T.);
#8189 = LINE('',#8190,#8191);
#8190 = CARTESIAN_POINT('',(-0.32,-0.32,8.38));
#8191 = VECTOR('',#8192,1.);
#8192 = DIRECTION('',(1.,0.,0.));
#8193 = PLANE('',#8194);
#8194 = AXIS2_PLACEMENT_3D('',#8195,#8196,#8197);
#8195 = CARTESIAN_POINT('',(-0.32,-0.32,-3.));
#8196 = DIRECTION('',(0.,1.,0.));
#8197 = DIRECTION('',(0.,-0.,1.));
#8198 = ADVANCED_FACE('',(#8199),#8217,.T.);
#8199 = FACE_BOUND('',#8200,.T.);
#8200 = EDGE_LOOP('',(#8201,#8202,#8203,#8211));
#8201 = ORIENTED_EDGE('',*,*,#8171,.F.);
#8202 = ORIENTED_EDGE('',*,*,#6217,.T.);
#8203 = ORIENTED_EDGE('',*,*,#8204,.T.);
#8204 = EDGE_CURVE('',#6210,#8205,#8207,.T.);
#8205 = VERTEX_POINT('',#8206);
#8206 = CARTESIAN_POINT('',(0.32,0.32,8.38));
#8207 = LINE('',#8208,#8209);
#8208 = CARTESIAN_POINT('',(0.32,0.32,-3.));
#8209 = VECTOR('',#8210,1.);
#8210 = DIRECTION('',(0.,0.,1.));
#8211 = ORIENTED_EDGE('',*,*,#8212,.F.);
#8212 = EDGE_CURVE('',#8172,#8205,#8213,.T.);
#8213 = LINE('',#8214,#8215);
#8214 = CARTESIAN_POINT('',(0.32,-0.32,8.38));
#8215 = VECTOR('',#8216,1.);
#8216 = DIRECTION('',(0.,1.,0.));
#8217 = PLANE('',#8218);
#8218 = AXIS2_PLACEMENT_3D('',#8219,#8220,#8221);
#8219 = CARTESIAN_POINT('',(0.32,-0.32,-3.));
#8220 = DIRECTION('',(1.,0.,0.));
#8221 = DIRECTION('',(0.,0.,1.));
#8222 = ADVANCED_FACE('',(#8223),#8241,.T.);
#8223 = FACE_BOUND('',#8224,.T.);
#8224 = EDGE_LOOP('',(#8225,#8226,#8227,#8235));
#8225 = ORIENTED_EDGE('',*,*,#8204,.F.);
#8226 = ORIENTED_EDGE('',*,*,#6209,.T.);
#8227 = ORIENTED_EDGE('',*,*,#8228,.T.);
#8228 = EDGE_CURVE('',#6202,#8229,#8231,.T.);
#8229 = VERTEX_POINT('',#8230);
#8230 = CARTESIAN_POINT('',(-0.32,0.32,8.38));
#8231 = LINE('',#8232,#8233);
#8232 = CARTESIAN_POINT('',(-0.32,0.32,-3.));
#8233 = VECTOR('',#8234,1.);
#8234 = DIRECTION('',(0.,0.,1.));
#8235 = ORIENTED_EDGE('',*,*,#8236,.T.);
#8236 = EDGE_CURVE('',#8229,#8205,#8237,.T.);
#8237 = LINE('',#8238,#8239);
#8238 = CARTESIAN_POINT('',(-0.32,0.32,8.38));
#8239 = VECTOR('',#8240,1.);
#8240 = DIRECTION('',(1.,0.,0.));
#8241 = PLANE('',#8242);
#8242 = AXIS2_PLACEMENT_3D('',#8243,#8244,#8245);
#8243 = CARTESIAN_POINT('',(-0.32,0.32,-3.));
#8244 = DIRECTION('',(0.,1.,0.));
#8245 = DIRECTION('',(0.,-0.,1.));
#8246 = ADVANCED_FACE('',(#8247),#8258,.F.);
#8247 = FACE_BOUND('',#8248,.F.);
#8248 = EDGE_LOOP('',(#8249,#8250,#8251,#8252));
#8249 = ORIENTED_EDGE('',*,*,#8180,.F.);
#8250 = ORIENTED_EDGE('',*,*,#6201,.T.);
#8251 = ORIENTED_EDGE('',*,*,#8228,.T.);
#8252 = ORIENTED_EDGE('',*,*,#8253,.F.);
#8253 = EDGE_CURVE('',#8181,#8229,#8254,.T.);
#8254 = LINE('',#8255,#8256);
#8255 = CARTESIAN_POINT('',(-0.32,-0.32,8.38));
#8256 = VECTOR('',#8257,1.);
#8257 = DIRECTION('',(0.,1.,0.));
#8258 = PLANE('',#8259);
#8259 = AXIS2_PLACEMENT_3D('',#8260,#8261,#8262);
#8260 = CARTESIAN_POINT('',(-0.32,-0.32,-3.));
#8261 = DIRECTION('',(1.,0.,0.));
#8262 = DIRECTION('',(0.,0.,1.));
#8263 = ADVANCED_FACE('',(#8264),#8289,.F.);
#8264 = FACE_BOUND('',#8265,.T.);
#8265 = EDGE_LOOP('',(#8266,#8274,#8275,#8283));
#8266 = ORIENTED_EDGE('',*,*,#8267,.F.);
#8267 = EDGE_CURVE('',#6932,#8268,#8270,.T.);
#8268 = VERTEX_POINT('',#8269);
#8269 = CARTESIAN_POINT('',(-0.16,-12.54,-3.));
#8270 = LINE('',#8271,#8272);
#8271 = CARTESIAN_POINT('',(-0.16,-12.54,-3.));
#8272 = VECTOR('',#8273,1.);
#8273 = DIRECTION('',(0.57735026919,-0.57735026919,-0.57735026919));
#8274 = ORIENTED_EDGE('',*,*,#6931,.T.);
#8275 = ORIENTED_EDGE('',*,*,#8276,.T.);
#8276 = EDGE_CURVE('',#6924,#8277,#8279,.T.);
#8277 = VERTEX_POINT('',#8278);
#8278 = CARTESIAN_POINT('',(0.16,-12.54,-3.));
#8279 = LINE('',#8280,#8281);
#8280 = CARTESIAN_POINT('',(5.333333333333E-02,-12.64666666666,
    -3.106666666667));
#8281 = VECTOR('',#8282,1.);
#8282 = DIRECTION('',(-0.57735026919,-0.57735026919,-0.57735026919));
#8283 = ORIENTED_EDGE('',*,*,#8284,.F.);
#8284 = EDGE_CURVE('',#8268,#8277,#8285,.T.);
#8285 = LINE('',#8286,#8287);
#8286 = CARTESIAN_POINT('',(-0.32,-12.54,-3.));
#8287 = VECTOR('',#8288,1.);
#8288 = DIRECTION('',(1.,0.,0.));
#8289 = PLANE('',#8290);
#8290 = AXIS2_PLACEMENT_3D('',#8291,#8292,#8293);
#8291 = CARTESIAN_POINT('',(-0.32,-12.46,-2.92));
#8292 = DIRECTION('',(-1.735167508357E-18,-0.707106781187,0.707106781187
    ));
#8293 = DIRECTION('',(-1.,1.226948711654E-18,-1.226948711654E-18));
#8294 = ADVANCED_FACE('',(#8295),#8313,.T.);
#8295 = FACE_BOUND('',#8296,.T.);
#8296 = EDGE_LOOP('',(#8297,#8305,#8306,#8307));
#8297 = ORIENTED_EDGE('',*,*,#8298,.F.);
#8298 = EDGE_CURVE('',#6955,#8299,#8301,.T.);
#8299 = VERTEX_POINT('',#8300);
#8300 = CARTESIAN_POINT('',(-0.16,-12.86,-3.));
#8301 = LINE('',#8302,#8303);
#8302 = CARTESIAN_POINT('',(-0.266666666667,-12.96666666666,
    -2.893333333333));
#8303 = VECTOR('',#8304,1.);
#8304 = DIRECTION('',(0.57735026919,0.57735026919,-0.57735026919));
#8305 = ORIENTED_EDGE('',*,*,#6962,.T.);
#8306 = ORIENTED_EDGE('',*,*,#8267,.T.);
#8307 = ORIENTED_EDGE('',*,*,#8308,.F.);
#8308 = EDGE_CURVE('',#8299,#8268,#8309,.T.);
#8309 = LINE('',#8310,#8311);
#8310 = CARTESIAN_POINT('',(-0.16,-13.02,-3.));
#8311 = VECTOR('',#8312,1.);
#8312 = DIRECTION('',(0.,1.,0.));
#8313 = PLANE('',#8314);
#8314 = AXIS2_PLACEMENT_3D('',#8315,#8316,#8317);
#8315 = CARTESIAN_POINT('',(-0.24,-13.02,-2.92));
#8316 = DIRECTION('',(-0.707106781187,-1.735167508357E-18,
    -0.707106781187));
#8317 = DIRECTION('',(-1.226948711654E-18,1.,-1.226948711654E-18));
#8318 = ADVANCED_FACE('',(#8319),#8337,.T.);
#8319 = FACE_BOUND('',#8320,.F.);
#8320 = EDGE_LOOP('',(#8321,#8322,#8323,#8331));
#8321 = ORIENTED_EDGE('',*,*,#8298,.F.);
#8322 = ORIENTED_EDGE('',*,*,#6986,.T.);
#8323 = ORIENTED_EDGE('',*,*,#8324,.T.);
#8324 = EDGE_CURVE('',#6979,#8325,#8327,.T.);
#8325 = VERTEX_POINT('',#8326);
#8326 = CARTESIAN_POINT('',(0.16,-12.86,-3.));
#8327 = LINE('',#8328,#8329);
#8328 = CARTESIAN_POINT('',(0.16,-12.86,-3.));
#8329 = VECTOR('',#8330,1.);
#8330 = DIRECTION('',(-0.57735026919,0.57735026919,-0.57735026919));
#8331 = ORIENTED_EDGE('',*,*,#8332,.F.);
#8332 = EDGE_CURVE('',#8299,#8325,#8333,.T.);
#8333 = LINE('',#8334,#8335);
#8334 = CARTESIAN_POINT('',(-0.32,-12.86,-3.));
#8335 = VECTOR('',#8336,1.);
#8336 = DIRECTION('',(1.,0.,0.));
#8337 = PLANE('',#8338);
#8338 = AXIS2_PLACEMENT_3D('',#8339,#8340,#8341);
#8339 = CARTESIAN_POINT('',(-0.32,-12.94,-2.92));
#8340 = DIRECTION('',(1.735167508357E-18,-0.707106781187,-0.707106781187
    ));
#8341 = DIRECTION('',(-1.,-1.226948711654E-18,-1.226948711654E-18));
#8342 = ADVANCED_FACE('',(#8343),#8354,.F.);
#8343 = FACE_BOUND('',#8344,.F.);
#8344 = EDGE_LOOP('',(#8345,#8346,#8347,#8348));
#8345 = ORIENTED_EDGE('',*,*,#8324,.F.);
#8346 = ORIENTED_EDGE('',*,*,#7003,.T.);
#8347 = ORIENTED_EDGE('',*,*,#8276,.T.);
#8348 = ORIENTED_EDGE('',*,*,#8349,.F.);
#8349 = EDGE_CURVE('',#8325,#8277,#8350,.T.);
#8350 = LINE('',#8351,#8352);
#8351 = CARTESIAN_POINT('',(0.16,-13.02,-3.));
#8352 = VECTOR('',#8353,1.);
#8353 = DIRECTION('',(0.,1.,0.));
#8354 = PLANE('',#8355);
#8355 = AXIS2_PLACEMENT_3D('',#8356,#8357,#8358);
#8356 = CARTESIAN_POINT('',(0.24,-13.02,-2.92));
#8357 = DIRECTION('',(-0.707106781187,1.735167508357E-18,0.707106781187)
  );
#8358 = DIRECTION('',(1.226948711654E-18,1.,-1.226948711654E-18));
#8359 = ADVANCED_FACE('',(#8360),#8385,.F.);
#8360 = FACE_BOUND('',#8361,.F.);
#8361 = EDGE_LOOP('',(#8362,#8370,#8371,#8379));
#8362 = ORIENTED_EDGE('',*,*,#8363,.F.);
#8363 = EDGE_CURVE('',#7020,#8364,#8366,.T.);
#8364 = VERTEX_POINT('',#8365);
#8365 = CARTESIAN_POINT('',(0.16,-15.4,-3.));
#8366 = LINE('',#8367,#8368);
#8367 = CARTESIAN_POINT('',(0.16,-15.4,-3.));
#8368 = VECTOR('',#8369,1.);
#8369 = DIRECTION('',(-0.57735026919,0.57735026919,-0.57735026919));
#8370 = ORIENTED_EDGE('',*,*,#7027,.T.);
#8371 = ORIENTED_EDGE('',*,*,#8372,.T.);
#8372 = EDGE_CURVE('',#7028,#8373,#8375,.T.);
#8373 = VERTEX_POINT('',#8374);
#8374 = CARTESIAN_POINT('',(0.16,-15.08,-3.));
#8375 = LINE('',#8376,#8377);
#8376 = CARTESIAN_POINT('',(5.333333333333E-02,-15.18666666666,
    -3.106666666667));
#8377 = VECTOR('',#8378,1.);
#8378 = DIRECTION('',(-0.57735026919,-0.57735026919,-0.57735026919));
#8379 = ORIENTED_EDGE('',*,*,#8380,.F.);
#8380 = EDGE_CURVE('',#8364,#8373,#8381,.T.);
#8381 = LINE('',#8382,#8383);
#8382 = CARTESIAN_POINT('',(0.16,-15.56,-3.));
#8383 = VECTOR('',#8384,1.);
#8384 = DIRECTION('',(0.,1.,0.));
#8385 = PLANE('',#8386);
#8386 = AXIS2_PLACEMENT_3D('',#8387,#8388,#8389);
#8387 = CARTESIAN_POINT('',(0.24,-15.56,-2.92));
#8388 = DIRECTION('',(-0.707106781187,1.735167508357E-18,0.707106781187)
  );
#8389 = DIRECTION('',(1.226948711654E-18,1.,-1.226948711654E-18));
#8390 = ADVANCED_FACE('',(#8391),#8409,.F.);
#8391 = FACE_BOUND('',#8392,.T.);
#8392 = EDGE_LOOP('',(#8393,#8401,#8402,#8403));
#8393 = ORIENTED_EDGE('',*,*,#8394,.F.);
#8394 = EDGE_CURVE('',#7052,#8395,#8397,.T.);
#8395 = VERTEX_POINT('',#8396);
#8396 = CARTESIAN_POINT('',(-0.16,-15.08,-3.));
#8397 = LINE('',#8398,#8399);
#8398 = CARTESIAN_POINT('',(-0.16,-15.08,-3.));
#8399 = VECTOR('',#8400,1.);
#8400 = DIRECTION('',(0.57735026919,-0.57735026919,-0.57735026919));
#8401 = ORIENTED_EDGE('',*,*,#7051,.T.);
#8402 = ORIENTED_EDGE('',*,*,#8372,.T.);
#8403 = ORIENTED_EDGE('',*,*,#8404,.F.);
#8404 = EDGE_CURVE('',#8395,#8373,#8405,.T.);
#8405 = LINE('',#8406,#8407);
#8406 = CARTESIAN_POINT('',(-0.32,-15.08,-3.));
#8407 = VECTOR('',#8408,1.);
#8408 = DIRECTION('',(1.,0.,0.));
#8409 = PLANE('',#8410);
#8410 = AXIS2_PLACEMENT_3D('',#8411,#8412,#8413);
#8411 = CARTESIAN_POINT('',(-0.32,-15.,-2.92));
#8412 = DIRECTION('',(-1.735167508357E-18,-0.707106781187,0.707106781187
    ));
#8413 = DIRECTION('',(-1.,1.226948711654E-18,-1.226948711654E-18));
#8414 = ADVANCED_FACE('',(#8415),#8433,.T.);
#8415 = FACE_BOUND('',#8416,.T.);
#8416 = EDGE_LOOP('',(#8417,#8425,#8426,#8427));
#8417 = ORIENTED_EDGE('',*,*,#8418,.F.);
#8418 = EDGE_CURVE('',#7075,#8419,#8421,.T.);
#8419 = VERTEX_POINT('',#8420);
#8420 = CARTESIAN_POINT('',(-0.16,-15.4,-3.));
#8421 = LINE('',#8422,#8423);
#8422 = CARTESIAN_POINT('',(-0.266666666667,-15.50666666666,
    -2.893333333333));
#8423 = VECTOR('',#8424,1.);
#8424 = DIRECTION('',(0.57735026919,0.57735026919,-0.57735026919));
#8425 = ORIENTED_EDGE('',*,*,#7082,.T.);
#8426 = ORIENTED_EDGE('',*,*,#8394,.T.);
#8427 = ORIENTED_EDGE('',*,*,#8428,.F.);
#8428 = EDGE_CURVE('',#8419,#8395,#8429,.T.);
#8429 = LINE('',#8430,#8431);
#8430 = CARTESIAN_POINT('',(-0.16,-15.56,-3.));
#8431 = VECTOR('',#8432,1.);
#8432 = DIRECTION('',(0.,1.,0.));
#8433 = PLANE('',#8434);
#8434 = AXIS2_PLACEMENT_3D('',#8435,#8436,#8437);
#8435 = CARTESIAN_POINT('',(-0.24,-15.56,-2.92));
#8436 = DIRECTION('',(-0.707106781187,-1.735167508357E-18,
    -0.707106781187));
#8437 = DIRECTION('',(-1.226948711654E-18,1.,-1.226948711654E-18));
#8438 = ADVANCED_FACE('',(#8439),#8450,.T.);
#8439 = FACE_BOUND('',#8440,.F.);
#8440 = EDGE_LOOP('',(#8441,#8442,#8443,#8444));
#8441 = ORIENTED_EDGE('',*,*,#8418,.F.);
#8442 = ORIENTED_EDGE('',*,*,#7099,.T.);
#8443 = ORIENTED_EDGE('',*,*,#8363,.T.);
#8444 = ORIENTED_EDGE('',*,*,#8445,.F.);
#8445 = EDGE_CURVE('',#8419,#8364,#8446,.T.);
#8446 = LINE('',#8447,#8448);
#8447 = CARTESIAN_POINT('',(-0.32,-15.4,-3.));
#8448 = VECTOR('',#8449,1.);
#8449 = DIRECTION('',(1.,0.,0.));
#8450 = PLANE('',#8451);
#8451 = AXIS2_PLACEMENT_3D('',#8452,#8453,#8454);
#8452 = CARTESIAN_POINT('',(-0.32,-15.48,-2.92));
#8453 = DIRECTION('',(1.735167508357E-18,-0.707106781187,-0.707106781187
    ));
#8454 = DIRECTION('',(-1.,-1.226948711654E-18,-1.226948711654E-18));
#8455 = ADVANCED_FACE('',(#8456),#8481,.F.);
#8456 = FACE_BOUND('',#8457,.T.);
#8457 = EDGE_LOOP('',(#8458,#8466,#8467,#8475));
#8458 = ORIENTED_EDGE('',*,*,#8459,.F.);
#8459 = EDGE_CURVE('',#7124,#8460,#8462,.T.);
#8460 = VERTEX_POINT('',#8461);
#8461 = CARTESIAN_POINT('',(-0.16,-10.,-3.));
#8462 = LINE('',#8463,#8464);
#8463 = CARTESIAN_POINT('',(-0.16,-10.,-3.));
#8464 = VECTOR('',#8465,1.);
#8465 = DIRECTION('',(0.57735026919,-0.57735026919,-0.57735026919));
#8466 = ORIENTED_EDGE('',*,*,#7123,.T.);
#8467 = ORIENTED_EDGE('',*,*,#8468,.T.);
#8468 = EDGE_CURVE('',#7116,#8469,#8471,.T.);
#8469 = VERTEX_POINT('',#8470);
#8470 = CARTESIAN_POINT('',(0.16,-10.,-3.));
#8471 = LINE('',#8472,#8473);
#8472 = CARTESIAN_POINT('',(5.333333333333E-02,-10.10666666666,
    -3.106666666667));
#8473 = VECTOR('',#8474,1.);
#8474 = DIRECTION('',(-0.57735026919,-0.57735026919,-0.57735026919));
#8475 = ORIENTED_EDGE('',*,*,#8476,.F.);
#8476 = EDGE_CURVE('',#8460,#8469,#8477,.T.);
#8477 = LINE('',#8478,#8479);
#8478 = CARTESIAN_POINT('',(-0.32,-10.,-3.));
#8479 = VECTOR('',#8480,1.);
#8480 = DIRECTION('',(1.,0.,0.));
#8481 = PLANE('',#8482);
#8482 = AXIS2_PLACEMENT_3D('',#8483,#8484,#8485);
#8483 = CARTESIAN_POINT('',(-0.32,-9.92,-2.92));
#8484 = DIRECTION('',(-1.735167508357E-18,-0.707106781187,0.707106781187
    ));
#8485 = DIRECTION('',(-1.,1.226948711654E-18,-1.226948711654E-18));
#8486 = ADVANCED_FACE('',(#8487),#8505,.T.);
#8487 = FACE_BOUND('',#8488,.T.);
#8488 = EDGE_LOOP('',(#8489,#8497,#8498,#8499));
#8489 = ORIENTED_EDGE('',*,*,#8490,.F.);
#8490 = EDGE_CURVE('',#7147,#8491,#8493,.T.);
#8491 = VERTEX_POINT('',#8492);
#8492 = CARTESIAN_POINT('',(-0.16,-10.32,-3.));
#8493 = LINE('',#8494,#8495);
#8494 = CARTESIAN_POINT('',(-0.266666666667,-10.42666666666,
    -2.893333333333));
#8495 = VECTOR('',#8496,1.);
#8496 = DIRECTION('',(0.57735026919,0.57735026919,-0.57735026919));
#8497 = ORIENTED_EDGE('',*,*,#7154,.T.);
#8498 = ORIENTED_EDGE('',*,*,#8459,.T.);
#8499 = ORIENTED_EDGE('',*,*,#8500,.F.);
#8500 = EDGE_CURVE('',#8491,#8460,#8501,.T.);
#8501 = LINE('',#8502,#8503);
#8502 = CARTESIAN_POINT('',(-0.16,-10.48,-3.));
#8503 = VECTOR('',#8504,1.);
#8504 = DIRECTION('',(0.,1.,0.));
#8505 = PLANE('',#8506);
#8506 = AXIS2_PLACEMENT_3D('',#8507,#8508,#8509);
#8507 = CARTESIAN_POINT('',(-0.24,-10.48,-2.92));
#8508 = DIRECTION('',(-0.707106781187,-1.735167508357E-18,
    -0.707106781187));
#8509 = DIRECTION('',(-1.226948711654E-18,1.,-1.226948711654E-18));
#8510 = ADVANCED_FACE('',(#8511),#8529,.T.);
#8511 = FACE_BOUND('',#8512,.F.);
#8512 = EDGE_LOOP('',(#8513,#8514,#8515,#8523));
#8513 = ORIENTED_EDGE('',*,*,#8490,.F.);
#8514 = ORIENTED_EDGE('',*,*,#7178,.T.);
#8515 = ORIENTED_EDGE('',*,*,#8516,.T.);
#8516 = EDGE_CURVE('',#7171,#8517,#8519,.T.);
#8517 = VERTEX_POINT('',#8518);
#8518 = CARTESIAN_POINT('',(0.16,-10.32,-3.));
#8519 = LINE('',#8520,#8521);
#8520 = CARTESIAN_POINT('',(0.16,-10.32,-3.));
#8521 = VECTOR('',#8522,1.);
#8522 = DIRECTION('',(-0.57735026919,0.57735026919,-0.57735026919));
#8523 = ORIENTED_EDGE('',*,*,#8524,.F.);
#8524 = EDGE_CURVE('',#8491,#8517,#8525,.T.);
#8525 = LINE('',#8526,#8527);
#8526 = CARTESIAN_POINT('',(-0.32,-10.32,-3.));
#8527 = VECTOR('',#8528,1.);
#8528 = DIRECTION('',(1.,0.,0.));
#8529 = PLANE('',#8530);
#8530 = AXIS2_PLACEMENT_3D('',#8531,#8532,#8533);
#8531 = CARTESIAN_POINT('',(-0.32,-10.4,-2.92));
#8532 = DIRECTION('',(1.735167508357E-18,-0.707106781187,-0.707106781187
    ));
#8533 = DIRECTION('',(-1.,-1.226948711654E-18,-1.226948711654E-18));
#8534 = ADVANCED_FACE('',(#8535),#8546,.F.);
#8535 = FACE_BOUND('',#8536,.F.);
#8536 = EDGE_LOOP('',(#8537,#8538,#8539,#8540));
#8537 = ORIENTED_EDGE('',*,*,#8516,.F.);
#8538 = ORIENTED_EDGE('',*,*,#7195,.T.);
#8539 = ORIENTED_EDGE('',*,*,#8468,.T.);
#8540 = ORIENTED_EDGE('',*,*,#8541,.F.);
#8541 = EDGE_CURVE('',#8517,#8469,#8542,.T.);
#8542 = LINE('',#8543,#8544);
#8543 = CARTESIAN_POINT('',(0.16,-10.48,-3.));
#8544 = VECTOR('',#8545,1.);
#8545 = DIRECTION('',(0.,1.,0.));
#8546 = PLANE('',#8547);
#8547 = AXIS2_PLACEMENT_3D('',#8548,#8549,#8550);
#8548 = CARTESIAN_POINT('',(0.24,-10.48,-2.92));
#8549 = DIRECTION('',(-0.707106781187,1.735167508357E-18,0.707106781187)
  );
#8550 = DIRECTION('',(1.226948711654E-18,1.,-1.226948711654E-18));
#8551 = ADVANCED_FACE('',(#8552),#8577,.F.);
#8552 = FACE_BOUND('',#8553,.F.);
#8553 = EDGE_LOOP('',(#8554,#8562,#8563,#8571));
#8554 = ORIENTED_EDGE('',*,*,#8555,.F.);
#8555 = EDGE_CURVE('',#7212,#8556,#8558,.T.);
#8556 = VERTEX_POINT('',#8557);
#8557 = CARTESIAN_POINT('',(0.16,-2.7,-3.));
#8558 = LINE('',#8559,#8560);
#8559 = CARTESIAN_POINT('',(0.16,-2.7,-3.));
#8560 = VECTOR('',#8561,1.);
#8561 = DIRECTION('',(-0.57735026919,0.57735026919,-0.57735026919));
#8562 = ORIENTED_EDGE('',*,*,#7219,.T.);
#8563 = ORIENTED_EDGE('',*,*,#8564,.T.);
#8564 = EDGE_CURVE('',#7220,#8565,#8567,.T.);
#8565 = VERTEX_POINT('',#8566);
#8566 = CARTESIAN_POINT('',(0.16,-2.38,-3.));
#8567 = LINE('',#8568,#8569);
#8568 = CARTESIAN_POINT('',(5.333333333333E-02,-2.486666666667,
    -3.106666666667));
#8569 = VECTOR('',#8570,1.);
#8570 = DIRECTION('',(-0.57735026919,-0.57735026919,-0.57735026919));
#8571 = ORIENTED_EDGE('',*,*,#8572,.F.);
#8572 = EDGE_CURVE('',#8556,#8565,#8573,.T.);
#8573 = LINE('',#8574,#8575);
#8574 = CARTESIAN_POINT('',(0.16,-2.86,-3.));
#8575 = VECTOR('',#8576,1.);
#8576 = DIRECTION('',(0.,1.,0.));
#8577 = PLANE('',#8578);
#8578 = AXIS2_PLACEMENT_3D('',#8579,#8580,#8581);
#8579 = CARTESIAN_POINT('',(0.24,-2.86,-2.92));
#8580 = DIRECTION('',(-0.707106781187,1.735167508357E-18,0.707106781187)
  );
#8581 = DIRECTION('',(1.226948711654E-18,1.,-1.226948711654E-18));
#8582 = ADVANCED_FACE('',(#8583),#8601,.F.);
#8583 = FACE_BOUND('',#8584,.T.);
#8584 = EDGE_LOOP('',(#8585,#8593,#8594,#8595));
#8585 = ORIENTED_EDGE('',*,*,#8586,.F.);
#8586 = EDGE_CURVE('',#7244,#8587,#8589,.T.);
#8587 = VERTEX_POINT('',#8588);
#8588 = CARTESIAN_POINT('',(-0.16,-2.38,-3.));
#8589 = LINE('',#8590,#8591);
#8590 = CARTESIAN_POINT('',(-0.16,-2.38,-3.));
#8591 = VECTOR('',#8592,1.);
#8592 = DIRECTION('',(0.57735026919,-0.57735026919,-0.57735026919));
#8593 = ORIENTED_EDGE('',*,*,#7243,.T.);
#8594 = ORIENTED_EDGE('',*,*,#8564,.T.);
#8595 = ORIENTED_EDGE('',*,*,#8596,.F.);
#8596 = EDGE_CURVE('',#8587,#8565,#8597,.T.);
#8597 = LINE('',#8598,#8599);
#8598 = CARTESIAN_POINT('',(-0.32,-2.38,-3.));
#8599 = VECTOR('',#8600,1.);
#8600 = DIRECTION('',(1.,0.,0.));
#8601 = PLANE('',#8602);
#8602 = AXIS2_PLACEMENT_3D('',#8603,#8604,#8605);
#8603 = CARTESIAN_POINT('',(-0.32,-2.3,-2.92));
#8604 = DIRECTION('',(-1.735167508357E-18,-0.707106781187,0.707106781187
    ));
#8605 = DIRECTION('',(-1.,1.226948711654E-18,-1.226948711654E-18));
#8606 = ADVANCED_FACE('',(#8607),#8625,.T.);
#8607 = FACE_BOUND('',#8608,.T.);
#8608 = EDGE_LOOP('',(#8609,#8617,#8618,#8619));
#8609 = ORIENTED_EDGE('',*,*,#8610,.F.);
#8610 = EDGE_CURVE('',#7267,#8611,#8613,.T.);
#8611 = VERTEX_POINT('',#8612);
#8612 = CARTESIAN_POINT('',(-0.16,-2.7,-3.));
#8613 = LINE('',#8614,#8615);
#8614 = CARTESIAN_POINT('',(-0.266666666667,-2.806666666667,
    -2.893333333333));
#8615 = VECTOR('',#8616,1.);
#8616 = DIRECTION('',(0.57735026919,0.57735026919,-0.57735026919));
#8617 = ORIENTED_EDGE('',*,*,#7274,.T.);
#8618 = ORIENTED_EDGE('',*,*,#8586,.T.);
#8619 = ORIENTED_EDGE('',*,*,#8620,.F.);
#8620 = EDGE_CURVE('',#8611,#8587,#8621,.T.);
#8621 = LINE('',#8622,#8623);
#8622 = CARTESIAN_POINT('',(-0.16,-2.86,-3.));
#8623 = VECTOR('',#8624,1.);
#8624 = DIRECTION('',(0.,1.,0.));
#8625 = PLANE('',#8626);
#8626 = AXIS2_PLACEMENT_3D('',#8627,#8628,#8629);
#8627 = CARTESIAN_POINT('',(-0.24,-2.86,-2.92));
#8628 = DIRECTION('',(-0.707106781187,-1.735167508357E-18,
    -0.707106781187));
#8629 = DIRECTION('',(-1.226948711654E-18,1.,-1.226948711654E-18));
#8630 = ADVANCED_FACE('',(#8631),#8642,.T.);
#8631 = FACE_BOUND('',#8632,.F.);
#8632 = EDGE_LOOP('',(#8633,#8634,#8635,#8636));
#8633 = ORIENTED_EDGE('',*,*,#8610,.F.);
#8634 = ORIENTED_EDGE('',*,*,#7291,.T.);
#8635 = ORIENTED_EDGE('',*,*,#8555,.T.);
#8636 = ORIENTED_EDGE('',*,*,#8637,.F.);
#8637 = EDGE_CURVE('',#8611,#8556,#8638,.T.);
#8638 = LINE('',#8639,#8640);
#8639 = CARTESIAN_POINT('',(-0.32,-2.7,-3.));
#8640 = VECTOR('',#8641,1.);
#8641 = DIRECTION('',(1.,0.,0.));
#8642 = PLANE('',#8643);
#8643 = AXIS2_PLACEMENT_3D('',#8644,#8645,#8646);
#8644 = CARTESIAN_POINT('',(-0.32,-2.78,-2.92));
#8645 = DIRECTION('',(1.735167508357E-18,-0.707106781187,-0.707106781187
    ));
#8646 = DIRECTION('',(-1.,-1.226948711654E-18,-1.226948711654E-18));
#8647 = ADVANCED_FACE('',(#8648),#8673,.T.);
#8648 = FACE_BOUND('',#8649,.F.);
#8649 = EDGE_LOOP('',(#8650,#8658,#8659,#8667));
#8650 = ORIENTED_EDGE('',*,*,#8651,.F.);
#8651 = EDGE_CURVE('',#7316,#8652,#8654,.T.);
#8652 = VERTEX_POINT('',#8653);
#8653 = CARTESIAN_POINT('',(-0.16,-5.24,-3.));
#8654 = LINE('',#8655,#8656);
#8655 = CARTESIAN_POINT('',(-0.266666666667,-5.346666666667,
    -2.893333333333));
#8656 = VECTOR('',#8657,1.);
#8657 = DIRECTION('',(0.57735026919,0.57735026919,-0.57735026919));
#8658 = ORIENTED_EDGE('',*,*,#7315,.T.);
#8659 = ORIENTED_EDGE('',*,*,#8660,.T.);
#8660 = EDGE_CURVE('',#7308,#8661,#8663,.T.);
#8661 = VERTEX_POINT('',#8662);
#8662 = CARTESIAN_POINT('',(0.16,-5.24,-3.));
#8663 = LINE('',#8664,#8665);
#8664 = CARTESIAN_POINT('',(0.16,-5.24,-3.));
#8665 = VECTOR('',#8666,1.);
#8666 = DIRECTION('',(-0.57735026919,0.57735026919,-0.57735026919));
#8667 = ORIENTED_EDGE('',*,*,#8668,.F.);
#8668 = EDGE_CURVE('',#8652,#8661,#8669,.T.);
#8669 = LINE('',#8670,#8671);
#8670 = CARTESIAN_POINT('',(-0.32,-5.24,-3.));
#8671 = VECTOR('',#8672,1.);
#8672 = DIRECTION('',(1.,0.,0.));
#8673 = PLANE('',#8674);
#8674 = AXIS2_PLACEMENT_3D('',#8675,#8676,#8677);
#8675 = CARTESIAN_POINT('',(-0.32,-5.32,-2.92));
#8676 = DIRECTION('',(1.735167508357E-18,-0.707106781187,-0.707106781187
    ));
#8677 = DIRECTION('',(-1.,-1.226948711654E-18,-1.226948711654E-18));
#8678 = ADVANCED_FACE('',(#8679),#8697,.F.);
#8679 = FACE_BOUND('',#8680,.F.);
#8680 = EDGE_LOOP('',(#8681,#8682,#8683,#8691));
#8681 = ORIENTED_EDGE('',*,*,#8660,.F.);
#8682 = ORIENTED_EDGE('',*,*,#7339,.T.);
#8683 = ORIENTED_EDGE('',*,*,#8684,.T.);
#8684 = EDGE_CURVE('',#7340,#8685,#8687,.T.);
#8685 = VERTEX_POINT('',#8686);
#8686 = CARTESIAN_POINT('',(0.16,-4.92,-3.));
#8687 = LINE('',#8688,#8689);
#8688 = CARTESIAN_POINT('',(5.333333333333E-02,-5.026666666667,
    -3.106666666667));
#8689 = VECTOR('',#8690,1.);
#8690 = DIRECTION('',(-0.57735026919,-0.57735026919,-0.57735026919));
#8691 = ORIENTED_EDGE('',*,*,#8692,.F.);
#8692 = EDGE_CURVE('',#8661,#8685,#8693,.T.);
#8693 = LINE('',#8694,#8695);
#8694 = CARTESIAN_POINT('',(0.16,-5.4,-3.));
#8695 = VECTOR('',#8696,1.);
#8696 = DIRECTION('',(0.,1.,0.));
#8697 = PLANE('',#8698);
#8698 = AXIS2_PLACEMENT_3D('',#8699,#8700,#8701);
#8699 = CARTESIAN_POINT('',(0.24,-5.4,-2.92));
#8700 = DIRECTION('',(-0.707106781187,1.735167508357E-18,0.707106781187)
  );
#8701 = DIRECTION('',(1.226948711654E-18,1.,-1.226948711654E-18));
#8702 = ADVANCED_FACE('',(#8703),#8721,.F.);
#8703 = FACE_BOUND('',#8704,.T.);
#8704 = EDGE_LOOP('',(#8705,#8713,#8714,#8715));
#8705 = ORIENTED_EDGE('',*,*,#8706,.F.);
#8706 = EDGE_CURVE('',#7364,#8707,#8709,.T.);
#8707 = VERTEX_POINT('',#8708);
#8708 = CARTESIAN_POINT('',(-0.16,-4.92,-3.));
#8709 = LINE('',#8710,#8711);
#8710 = CARTESIAN_POINT('',(-0.16,-4.92,-3.));
#8711 = VECTOR('',#8712,1.);
#8712 = DIRECTION('',(0.57735026919,-0.57735026919,-0.57735026919));
#8713 = ORIENTED_EDGE('',*,*,#7363,.T.);
#8714 = ORIENTED_EDGE('',*,*,#8684,.T.);
#8715 = ORIENTED_EDGE('',*,*,#8716,.F.);
#8716 = EDGE_CURVE('',#8707,#8685,#8717,.T.);
#8717 = LINE('',#8718,#8719);
#8718 = CARTESIAN_POINT('',(-0.32,-4.92,-3.));
#8719 = VECTOR('',#8720,1.);
#8720 = DIRECTION('',(1.,0.,0.));
#8721 = PLANE('',#8722);
#8722 = AXIS2_PLACEMENT_3D('',#8723,#8724,#8725);
#8723 = CARTESIAN_POINT('',(-0.32,-4.84,-2.92));
#8724 = DIRECTION('',(-1.735167508357E-18,-0.707106781187,0.707106781187
    ));
#8725 = DIRECTION('',(-1.,1.226948711654E-18,-1.226948711654E-18));
#8726 = ADVANCED_FACE('',(#8727),#8738,.T.);
#8727 = FACE_BOUND('',#8728,.T.);
#8728 = EDGE_LOOP('',(#8729,#8730,#8731,#8732));
#8729 = ORIENTED_EDGE('',*,*,#8651,.F.);
#8730 = ORIENTED_EDGE('',*,*,#7387,.T.);
#8731 = ORIENTED_EDGE('',*,*,#8706,.T.);
#8732 = ORIENTED_EDGE('',*,*,#8733,.F.);
#8733 = EDGE_CURVE('',#8652,#8707,#8734,.T.);
#8734 = LINE('',#8735,#8736);
#8735 = CARTESIAN_POINT('',(-0.16,-5.4,-3.));
#8736 = VECTOR('',#8737,1.);
#8737 = DIRECTION('',(0.,1.,0.));
#8738 = PLANE('',#8739);
#8739 = AXIS2_PLACEMENT_3D('',#8740,#8741,#8742);
#8740 = CARTESIAN_POINT('',(-0.24,-5.4,-2.92));
#8741 = DIRECTION('',(-0.707106781187,-1.735167508357E-18,
    -0.707106781187));
#8742 = DIRECTION('',(-1.226948711654E-18,1.,-1.226948711654E-18));
#8743 = ADVANCED_FACE('',(#8744),#8769,.F.);
#8744 = FACE_BOUND('',#8745,.F.);
#8745 = EDGE_LOOP('',(#8746,#8754,#8755,#8763));
#8746 = ORIENTED_EDGE('',*,*,#8747,.F.);
#8747 = EDGE_CURVE('',#7404,#8748,#8750,.T.);
#8748 = VERTEX_POINT('',#8749);
#8749 = CARTESIAN_POINT('',(0.16,-7.78,-3.));
#8750 = LINE('',#8751,#8752);
#8751 = CARTESIAN_POINT('',(0.16,-7.78,-3.));
#8752 = VECTOR('',#8753,1.);
#8753 = DIRECTION('',(-0.57735026919,0.57735026919,-0.57735026919));
#8754 = ORIENTED_EDGE('',*,*,#7411,.T.);
#8755 = ORIENTED_EDGE('',*,*,#8756,.T.);
#8756 = EDGE_CURVE('',#7412,#8757,#8759,.T.);
#8757 = VERTEX_POINT('',#8758);
#8758 = CARTESIAN_POINT('',(0.16,-7.46,-3.));
#8759 = LINE('',#8760,#8761);
#8760 = CARTESIAN_POINT('',(5.333333333333E-02,-7.566666666667,
    -3.106666666667));
#8761 = VECTOR('',#8762,1.);
#8762 = DIRECTION('',(-0.57735026919,-0.57735026919,-0.57735026919));
#8763 = ORIENTED_EDGE('',*,*,#8764,.F.);
#8764 = EDGE_CURVE('',#8748,#8757,#8765,.T.);
#8765 = LINE('',#8766,#8767);
#8766 = CARTESIAN_POINT('',(0.16,-7.94,-3.));
#8767 = VECTOR('',#8768,1.);
#8768 = DIRECTION('',(0.,1.,0.));
#8769 = PLANE('',#8770);
#8770 = AXIS2_PLACEMENT_3D('',#8771,#8772,#8773);
#8771 = CARTESIAN_POINT('',(0.24,-7.94,-2.92));
#8772 = DIRECTION('',(-0.707106781187,1.735167508357E-18,0.707106781187)
  );
#8773 = DIRECTION('',(1.226948711654E-18,1.,-1.226948711654E-18));
#8774 = ADVANCED_FACE('',(#8775),#8793,.F.);
#8775 = FACE_BOUND('',#8776,.T.);
#8776 = EDGE_LOOP('',(#8777,#8785,#8786,#8787));
#8777 = ORIENTED_EDGE('',*,*,#8778,.F.);
#8778 = EDGE_CURVE('',#7436,#8779,#8781,.T.);
#8779 = VERTEX_POINT('',#8780);
#8780 = CARTESIAN_POINT('',(-0.16,-7.46,-3.));
#8781 = LINE('',#8782,#8783);
#8782 = CARTESIAN_POINT('',(-0.16,-7.46,-3.));
#8783 = VECTOR('',#8784,1.);
#8784 = DIRECTION('',(0.57735026919,-0.57735026919,-0.57735026919));
#8785 = ORIENTED_EDGE('',*,*,#7435,.T.);
#8786 = ORIENTED_EDGE('',*,*,#8756,.T.);
#8787 = ORIENTED_EDGE('',*,*,#8788,.F.);
#8788 = EDGE_CURVE('',#8779,#8757,#8789,.T.);
#8789 = LINE('',#8790,#8791);
#8790 = CARTESIAN_POINT('',(-0.32,-7.46,-3.));
#8791 = VECTOR('',#8792,1.);
#8792 = DIRECTION('',(1.,0.,0.));
#8793 = PLANE('',#8794);
#8794 = AXIS2_PLACEMENT_3D('',#8795,#8796,#8797);
#8795 = CARTESIAN_POINT('',(-0.32,-7.38,-2.92));
#8796 = DIRECTION('',(-1.735167508357E-18,-0.707106781187,0.707106781187
    ));
#8797 = DIRECTION('',(-1.,1.226948711654E-18,-1.226948711654E-18));
#8798 = ADVANCED_FACE('',(#8799),#8817,.T.);
#8799 = FACE_BOUND('',#8800,.T.);
#8800 = EDGE_LOOP('',(#8801,#8809,#8810,#8811));
#8801 = ORIENTED_EDGE('',*,*,#8802,.F.);
#8802 = EDGE_CURVE('',#7459,#8803,#8805,.T.);
#8803 = VERTEX_POINT('',#8804);
#8804 = CARTESIAN_POINT('',(-0.16,-7.78,-3.));
#8805 = LINE('',#8806,#8807);
#8806 = CARTESIAN_POINT('',(-0.266666666667,-7.886666666667,
    -2.893333333333));
#8807 = VECTOR('',#8808,1.);
#8808 = DIRECTION('',(0.57735026919,0.57735026919,-0.57735026919));
#8809 = ORIENTED_EDGE('',*,*,#7466,.T.);
#8810 = ORIENTED_EDGE('',*,*,#8778,.T.);
#8811 = ORIENTED_EDGE('',*,*,#8812,.F.);
#8812 = EDGE_CURVE('',#8803,#8779,#8813,.T.);
#8813 = LINE('',#8814,#8815);
#8814 = CARTESIAN_POINT('',(-0.16,-7.94,-3.));
#8815 = VECTOR('',#8816,1.);
#8816 = DIRECTION('',(0.,1.,0.));
#8817 = PLANE('',#8818);
#8818 = AXIS2_PLACEMENT_3D('',#8819,#8820,#8821);
#8819 = CARTESIAN_POINT('',(-0.24,-7.94,-2.92));
#8820 = DIRECTION('',(-0.707106781187,-1.735167508357E-18,
    -0.707106781187));
#8821 = DIRECTION('',(-1.226948711654E-18,1.,-1.226948711654E-18));
#8822 = ADVANCED_FACE('',(#8823),#8834,.T.);
#8823 = FACE_BOUND('',#8824,.F.);
#8824 = EDGE_LOOP('',(#8825,#8826,#8827,#8828));
#8825 = ORIENTED_EDGE('',*,*,#8802,.F.);
#8826 = ORIENTED_EDGE('',*,*,#7483,.T.);
#8827 = ORIENTED_EDGE('',*,*,#8747,.T.);
#8828 = ORIENTED_EDGE('',*,*,#8829,.F.);
#8829 = EDGE_CURVE('',#8803,#8748,#8830,.T.);
#8830 = LINE('',#8831,#8832);
#8831 = CARTESIAN_POINT('',(-0.32,-7.78,-3.));
#8832 = VECTOR('',#8833,1.);
#8833 = DIRECTION('',(1.,0.,0.));
#8834 = PLANE('',#8835);
#8835 = AXIS2_PLACEMENT_3D('',#8836,#8837,#8838);
#8836 = CARTESIAN_POINT('',(-0.32,-7.86,-2.92));
#8837 = DIRECTION('',(1.735167508357E-18,-0.707106781187,-0.707106781187
    ));
#8838 = DIRECTION('',(-1.,-1.226948711654E-18,-1.226948711654E-18));
#8839 = ADVANCED_FACE('',(#8840),#8865,.T.);
#8840 = FACE_BOUND('',#8841,.F.);
#8841 = EDGE_LOOP('',(#8842,#8850,#8851,#8859));
#8842 = ORIENTED_EDGE('',*,*,#8843,.F.);
#8843 = EDGE_CURVE('',#7508,#8844,#8846,.T.);
#8844 = VERTEX_POINT('',#8845);
#8845 = CARTESIAN_POINT('',(-0.16,-0.16,-3.));
#8846 = LINE('',#8847,#8848);
#8847 = CARTESIAN_POINT('',(-0.266666666667,-0.266666666667,
    -2.893333333333));
#8848 = VECTOR('',#8849,1.);
#8849 = DIRECTION('',(0.57735026919,0.57735026919,-0.57735026919));
#8850 = ORIENTED_EDGE('',*,*,#7507,.T.);
#8851 = ORIENTED_EDGE('',*,*,#8852,.T.);
#8852 = EDGE_CURVE('',#7500,#8853,#8855,.T.);
#8853 = VERTEX_POINT('',#8854);
#8854 = CARTESIAN_POINT('',(0.16,-0.16,-3.));
#8855 = LINE('',#8856,#8857);
#8856 = CARTESIAN_POINT('',(0.16,-0.16,-3.));
#8857 = VECTOR('',#8858,1.);
#8858 = DIRECTION('',(-0.57735026919,0.57735026919,-0.57735026919));
#8859 = ORIENTED_EDGE('',*,*,#8860,.F.);
#8860 = EDGE_CURVE('',#8844,#8853,#8861,.T.);
#8861 = LINE('',#8862,#8863);
#8862 = CARTESIAN_POINT('',(-0.32,-0.16,-3.));
#8863 = VECTOR('',#8864,1.);
#8864 = DIRECTION('',(1.,0.,0.));
#8865 = PLANE('',#8866);
#8866 = AXIS2_PLACEMENT_3D('',#8867,#8868,#8869);
#8867 = CARTESIAN_POINT('',(-0.32,-0.24,-2.92));
#8868 = DIRECTION('',(1.735167508357E-18,-0.707106781187,-0.707106781187
    ));
#8869 = DIRECTION('',(-1.,-1.226948711654E-18,-1.226948711654E-18));
#8870 = ADVANCED_FACE('',(#8871),#8889,.F.);
#8871 = FACE_BOUND('',#8872,.F.);
#8872 = EDGE_LOOP('',(#8873,#8874,#8875,#8883));
#8873 = ORIENTED_EDGE('',*,*,#8852,.F.);
#8874 = ORIENTED_EDGE('',*,*,#7531,.T.);
#8875 = ORIENTED_EDGE('',*,*,#8876,.T.);
#8876 = EDGE_CURVE('',#7532,#8877,#8879,.T.);
#8877 = VERTEX_POINT('',#8878);
#8878 = CARTESIAN_POINT('',(0.16,0.16,-3.));
#8879 = LINE('',#8880,#8881);
#8880 = CARTESIAN_POINT('',(5.333333333333E-02,5.333333333333E-02,
    -3.106666666667));
#8881 = VECTOR('',#8882,1.);
#8882 = DIRECTION('',(-0.57735026919,-0.57735026919,-0.57735026919));
#8883 = ORIENTED_EDGE('',*,*,#8884,.F.);
#8884 = EDGE_CURVE('',#8853,#8877,#8885,.T.);
#8885 = LINE('',#8886,#8887);
#8886 = CARTESIAN_POINT('',(0.16,-0.32,-3.));
#8887 = VECTOR('',#8888,1.);
#8888 = DIRECTION('',(0.,1.,0.));
#8889 = PLANE('',#8890);
#8890 = AXIS2_PLACEMENT_3D('',#8891,#8892,#8893);
#8891 = CARTESIAN_POINT('',(0.24,-0.32,-2.92));
#8892 = DIRECTION('',(-0.707106781187,1.735167508357E-18,0.707106781187)
  );
#8893 = DIRECTION('',(1.226948711654E-18,1.,-1.226948711654E-18));
#8894 = ADVANCED_FACE('',(#8895),#8913,.F.);
#8895 = FACE_BOUND('',#8896,.T.);
#8896 = EDGE_LOOP('',(#8897,#8905,#8906,#8907));
#8897 = ORIENTED_EDGE('',*,*,#8898,.F.);
#8898 = EDGE_CURVE('',#7556,#8899,#8901,.T.);
#8899 = VERTEX_POINT('',#8900);
#8900 = CARTESIAN_POINT('',(-0.16,0.16,-3.));
#8901 = LINE('',#8902,#8903);
#8902 = CARTESIAN_POINT('',(-0.16,0.16,-3.));
#8903 = VECTOR('',#8904,1.);
#8904 = DIRECTION('',(0.57735026919,-0.57735026919,-0.57735026919));
#8905 = ORIENTED_EDGE('',*,*,#7555,.T.);
#8906 = ORIENTED_EDGE('',*,*,#8876,.T.);
#8907 = ORIENTED_EDGE('',*,*,#8908,.F.);
#8908 = EDGE_CURVE('',#8899,#8877,#8909,.T.);
#8909 = LINE('',#8910,#8911);
#8910 = CARTESIAN_POINT('',(-0.32,0.16,-3.));
#8911 = VECTOR('',#8912,1.);
#8912 = DIRECTION('',(1.,0.,0.));
#8913 = PLANE('',#8914);
#8914 = AXIS2_PLACEMENT_3D('',#8915,#8916,#8917);
#8915 = CARTESIAN_POINT('',(-0.32,0.24,-2.92));
#8916 = DIRECTION('',(-1.735167508357E-18,-0.707106781187,0.707106781187
    ));
#8917 = DIRECTION('',(-1.,1.226948711654E-18,-1.226948711654E-18));
#8918 = ADVANCED_FACE('',(#8919),#8930,.T.);
#8919 = FACE_BOUND('',#8920,.T.);
#8920 = EDGE_LOOP('',(#8921,#8922,#8923,#8924));
#8921 = ORIENTED_EDGE('',*,*,#8843,.F.);
#8922 = ORIENTED_EDGE('',*,*,#7579,.T.);
#8923 = ORIENTED_EDGE('',*,*,#8898,.T.);
#8924 = ORIENTED_EDGE('',*,*,#8925,.F.);
#8925 = EDGE_CURVE('',#8844,#8899,#8926,.T.);
#8926 = LINE('',#8927,#8928);
#8927 = CARTESIAN_POINT('',(-0.16,-0.32,-3.));
#8928 = VECTOR('',#8929,1.);
#8929 = DIRECTION('',(0.,1.,0.));
#8930 = PLANE('',#8931);
#8931 = AXIS2_PLACEMENT_3D('',#8932,#8933,#8934);
#8932 = CARTESIAN_POINT('',(-0.24,-0.32,-2.92));
#8933 = DIRECTION('',(-0.707106781187,-1.735167508357E-18,
    -0.707106781187));
#8934 = DIRECTION('',(-1.226948711654E-18,1.,-1.226948711654E-18));
#8935 = ADVANCED_FACE('',(#8936),#8961,.T.);
#8936 = FACE_BOUND('',#8937,.F.);
#8937 = EDGE_LOOP('',(#8938,#8946,#8947,#8955));
#8938 = ORIENTED_EDGE('',*,*,#8939,.F.);
#8939 = EDGE_CURVE('',#7605,#8940,#8942,.T.);
#8940 = VERTEX_POINT('',#8941);
#8941 = CARTESIAN_POINT('',(-0.16,-12.54,8.54));
#8942 = LINE('',#8943,#8944);
#8943 = CARTESIAN_POINT('',(-0.16,-12.54,8.54));
#8944 = VECTOR('',#8945,1.);
#8945 = DIRECTION('',(0.57735026919,-0.57735026919,0.57735026919));
#8946 = ORIENTED_EDGE('',*,*,#7612,.T.);
#8947 = ORIENTED_EDGE('',*,*,#8948,.T.);
#8948 = EDGE_CURVE('',#7596,#8949,#8951,.T.);
#8949 = VERTEX_POINT('',#8950);
#8950 = CARTESIAN_POINT('',(0.16,-12.54,8.54));
#8951 = LINE('',#8952,#8953);
#8952 = CARTESIAN_POINT('',(5.333333333333E-02,-12.64666666666,
    8.646666666667));
#8953 = VECTOR('',#8954,1.);
#8954 = DIRECTION('',(-0.57735026919,-0.57735026919,0.57735026919));
#8955 = ORIENTED_EDGE('',*,*,#8956,.F.);
#8956 = EDGE_CURVE('',#8940,#8949,#8957,.T.);
#8957 = LINE('',#8958,#8959);
#8958 = CARTESIAN_POINT('',(-0.32,-12.54,8.54));
#8959 = VECTOR('',#8960,1.);
#8960 = DIRECTION('',(1.,0.,0.));
#8961 = PLANE('',#8962);
#8962 = AXIS2_PLACEMENT_3D('',#8963,#8964,#8965);
#8963 = CARTESIAN_POINT('',(-0.32,-12.46,8.46));
#8964 = DIRECTION('',(1.735167508357E-18,0.707106781187,0.707106781187)
  );
#8965 = DIRECTION('',(-1.,1.226948711654E-18,1.226948711654E-18));
#8966 = ADVANCED_FACE('',(#8967),#8985,.F.);
#8967 = FACE_BOUND('',#8968,.F.);
#8968 = EDGE_LOOP('',(#8969,#8977,#8978,#8979));
#8969 = ORIENTED_EDGE('',*,*,#8970,.F.);
#8970 = EDGE_CURVE('',#7627,#8971,#8973,.T.);
#8971 = VERTEX_POINT('',#8972);
#8972 = CARTESIAN_POINT('',(-0.16,-12.86,8.54));
#8973 = LINE('',#8974,#8975);
#8974 = CARTESIAN_POINT('',(-0.266666666667,-12.96666666666,
    8.433333333333));
#8975 = VECTOR('',#8976,1.);
#8976 = DIRECTION('',(0.57735026919,0.57735026919,0.57735026919));
#8977 = ORIENTED_EDGE('',*,*,#7636,.T.);
#8978 = ORIENTED_EDGE('',*,*,#8939,.T.);
#8979 = ORIENTED_EDGE('',*,*,#8980,.F.);
#8980 = EDGE_CURVE('',#8971,#8940,#8981,.T.);
#8981 = LINE('',#8982,#8983);
#8982 = CARTESIAN_POINT('',(-0.16,-13.02,8.54));
#8983 = VECTOR('',#8984,1.);
#8984 = DIRECTION('',(0.,1.,0.));
#8985 = PLANE('',#8986);
#8986 = AXIS2_PLACEMENT_3D('',#8987,#8988,#8989);
#8987 = CARTESIAN_POINT('',(-0.24,-13.02,8.46));
#8988 = DIRECTION('',(0.707106781187,1.735167508357E-18,-0.707106781187)
  );
#8989 = DIRECTION('',(-1.226948711654E-18,1.,1.226948711654E-18));
#8990 = ADVANCED_FACE('',(#8991),#9009,.F.);
#8991 = FACE_BOUND('',#8992,.T.);
#8992 = EDGE_LOOP('',(#8993,#8994,#8995,#9003));
#8993 = ORIENTED_EDGE('',*,*,#8970,.F.);
#8994 = ORIENTED_EDGE('',*,*,#7660,.T.);
#8995 = ORIENTED_EDGE('',*,*,#8996,.T.);
#8996 = EDGE_CURVE('',#7651,#8997,#8999,.T.);
#8997 = VERTEX_POINT('',#8998);
#8998 = CARTESIAN_POINT('',(0.16,-12.86,8.54));
#8999 = LINE('',#9000,#9001);
#9000 = CARTESIAN_POINT('',(0.16,-12.86,8.54));
#9001 = VECTOR('',#9002,1.);
#9002 = DIRECTION('',(-0.57735026919,0.57735026919,0.57735026919));
#9003 = ORIENTED_EDGE('',*,*,#9004,.F.);
#9004 = EDGE_CURVE('',#8971,#8997,#9005,.T.);
#9005 = LINE('',#9006,#9007);
#9006 = CARTESIAN_POINT('',(-0.32,-12.86,8.54));
#9007 = VECTOR('',#9008,1.);
#9008 = DIRECTION('',(1.,0.,0.));
#9009 = PLANE('',#9010);
#9010 = AXIS2_PLACEMENT_3D('',#9011,#9012,#9013);
#9011 = CARTESIAN_POINT('',(-0.32,-12.94,8.46));
#9012 = DIRECTION('',(-1.735167508357E-18,0.707106781187,-0.707106781187
    ));
#9013 = DIRECTION('',(-1.,-1.226948711654E-18,1.226948711654E-18));
#9014 = ADVANCED_FACE('',(#9015),#9026,.T.);
#9015 = FACE_BOUND('',#9016,.T.);
#9016 = EDGE_LOOP('',(#9017,#9018,#9019,#9020));
#9017 = ORIENTED_EDGE('',*,*,#8996,.F.);
#9018 = ORIENTED_EDGE('',*,*,#7677,.T.);
#9019 = ORIENTED_EDGE('',*,*,#8948,.T.);
#9020 = ORIENTED_EDGE('',*,*,#9021,.F.);
#9021 = EDGE_CURVE('',#8997,#8949,#9022,.T.);
#9022 = LINE('',#9023,#9024);
#9023 = CARTESIAN_POINT('',(0.16,-13.02,8.54));
#9024 = VECTOR('',#9025,1.);
#9025 = DIRECTION('',(0.,1.,0.));
#9026 = PLANE('',#9027);
#9027 = AXIS2_PLACEMENT_3D('',#9028,#9029,#9030);
#9028 = CARTESIAN_POINT('',(0.24,-13.02,8.46));
#9029 = DIRECTION('',(0.707106781187,-1.735167508357E-18,0.707106781187)
  );
#9030 = DIRECTION('',(1.226948711654E-18,1.,1.226948711654E-18));
#9031 = ADVANCED_FACE('',(#9032),#9057,.T.);
#9032 = FACE_BOUND('',#9033,.T.);
#9033 = EDGE_LOOP('',(#9034,#9042,#9043,#9051));
#9034 = ORIENTED_EDGE('',*,*,#9035,.F.);
#9035 = EDGE_CURVE('',#7692,#9036,#9038,.T.);
#9036 = VERTEX_POINT('',#9037);
#9037 = CARTESIAN_POINT('',(0.16,-15.4,8.54));
#9038 = LINE('',#9039,#9040);
#9039 = CARTESIAN_POINT('',(0.16,-15.4,8.54));
#9040 = VECTOR('',#9041,1.);
#9041 = DIRECTION('',(-0.57735026919,0.57735026919,0.57735026919));
#9042 = ORIENTED_EDGE('',*,*,#7708,.T.);
#9043 = ORIENTED_EDGE('',*,*,#9044,.T.);
#9044 = EDGE_CURVE('',#7701,#9045,#9047,.T.);
#9045 = VERTEX_POINT('',#9046);
#9046 = CARTESIAN_POINT('',(0.16,-15.08,8.54));
#9047 = LINE('',#9048,#9049);
#9048 = CARTESIAN_POINT('',(5.333333333333E-02,-15.18666666666,
    8.646666666667));
#9049 = VECTOR('',#9050,1.);
#9050 = DIRECTION('',(-0.57735026919,-0.57735026919,0.57735026919));
#9051 = ORIENTED_EDGE('',*,*,#9052,.F.);
#9052 = EDGE_CURVE('',#9036,#9045,#9053,.T.);
#9053 = LINE('',#9054,#9055);
#9054 = CARTESIAN_POINT('',(0.16,-15.56,8.54));
#9055 = VECTOR('',#9056,1.);
#9056 = DIRECTION('',(0.,1.,0.));
#9057 = PLANE('',#9058);
#9058 = AXIS2_PLACEMENT_3D('',#9059,#9060,#9061);
#9059 = CARTESIAN_POINT('',(0.24,-15.56,8.46));
#9060 = DIRECTION('',(0.707106781187,-1.735167508357E-18,0.707106781187)
  );
#9061 = DIRECTION('',(1.226948711654E-18,1.,1.226948711654E-18));
#9062 = ADVANCED_FACE('',(#9063),#9081,.T.);
#9063 = FACE_BOUND('',#9064,.F.);
#9064 = EDGE_LOOP('',(#9065,#9073,#9074,#9075));
#9065 = ORIENTED_EDGE('',*,*,#9066,.F.);
#9066 = EDGE_CURVE('',#7725,#9067,#9069,.T.);
#9067 = VERTEX_POINT('',#9068);
#9068 = CARTESIAN_POINT('',(-0.16,-15.08,8.54));
#9069 = LINE('',#9070,#9071);
#9070 = CARTESIAN_POINT('',(-0.16,-15.08,8.54));
#9071 = VECTOR('',#9072,1.);
#9072 = DIRECTION('',(0.57735026919,-0.57735026919,0.57735026919));
#9073 = ORIENTED_EDGE('',*,*,#7732,.T.);
#9074 = ORIENTED_EDGE('',*,*,#9044,.T.);
#9075 = ORIENTED_EDGE('',*,*,#9076,.F.);
#9076 = EDGE_CURVE('',#9067,#9045,#9077,.T.);
#9077 = LINE('',#9078,#9079);
#9078 = CARTESIAN_POINT('',(-0.32,-15.08,8.54));
#9079 = VECTOR('',#9080,1.);
#9080 = DIRECTION('',(1.,0.,0.));
#9081 = PLANE('',#9082);
#9082 = AXIS2_PLACEMENT_3D('',#9083,#9084,#9085);
#9083 = CARTESIAN_POINT('',(-0.32,-15.,8.46));
#9084 = DIRECTION('',(1.735167508357E-18,0.707106781187,0.707106781187)
  );
#9085 = DIRECTION('',(-1.,1.226948711654E-18,1.226948711654E-18));
#9086 = ADVANCED_FACE('',(#9087),#9105,.F.);
#9087 = FACE_BOUND('',#9088,.F.);
#9088 = EDGE_LOOP('',(#9089,#9097,#9098,#9099));
#9089 = ORIENTED_EDGE('',*,*,#9090,.F.);
#9090 = EDGE_CURVE('',#7747,#9091,#9093,.T.);
#9091 = VERTEX_POINT('',#9092);
#9092 = CARTESIAN_POINT('',(-0.16,-15.4,8.54));
#9093 = LINE('',#9094,#9095);
#9094 = CARTESIAN_POINT('',(-0.266666666667,-15.50666666666,
    8.433333333333));
#9095 = VECTOR('',#9096,1.);
#9096 = DIRECTION('',(0.57735026919,0.57735026919,0.57735026919));
#9097 = ORIENTED_EDGE('',*,*,#7756,.T.);
#9098 = ORIENTED_EDGE('',*,*,#9066,.T.);
#9099 = ORIENTED_EDGE('',*,*,#9100,.F.);
#9100 = EDGE_CURVE('',#9091,#9067,#9101,.T.);
#9101 = LINE('',#9102,#9103);
#9102 = CARTESIAN_POINT('',(-0.16,-15.56,8.54));
#9103 = VECTOR('',#9104,1.);
#9104 = DIRECTION('',(0.,1.,0.));
#9105 = PLANE('',#9106);
#9106 = AXIS2_PLACEMENT_3D('',#9107,#9108,#9109);
#9107 = CARTESIAN_POINT('',(-0.24,-15.56,8.46));
#9108 = DIRECTION('',(0.707106781187,1.735167508357E-18,-0.707106781187)
  );
#9109 = DIRECTION('',(-1.226948711654E-18,1.,1.226948711654E-18));
#9110 = ADVANCED_FACE('',(#9111),#9122,.F.);
#9111 = FACE_BOUND('',#9112,.T.);
#9112 = EDGE_LOOP('',(#9113,#9114,#9115,#9116));
#9113 = ORIENTED_EDGE('',*,*,#9090,.F.);
#9114 = ORIENTED_EDGE('',*,*,#7773,.T.);
#9115 = ORIENTED_EDGE('',*,*,#9035,.T.);
#9116 = ORIENTED_EDGE('',*,*,#9117,.F.);
#9117 = EDGE_CURVE('',#9091,#9036,#9118,.T.);
#9118 = LINE('',#9119,#9120);
#9119 = CARTESIAN_POINT('',(-0.32,-15.4,8.54));
#9120 = VECTOR('',#9121,1.);
#9121 = DIRECTION('',(1.,0.,0.));
#9122 = PLANE('',#9123);
#9123 = AXIS2_PLACEMENT_3D('',#9124,#9125,#9126);
#9124 = CARTESIAN_POINT('',(-0.32,-15.48,8.46));
#9125 = DIRECTION('',(-1.735167508357E-18,0.707106781187,-0.707106781187
    ));
#9126 = DIRECTION('',(-1.,-1.226948711654E-18,1.226948711654E-18));
#9127 = ADVANCED_FACE('',(#9128),#9153,.T.);
#9128 = FACE_BOUND('',#9129,.F.);
#9129 = EDGE_LOOP('',(#9130,#9138,#9139,#9147));
#9130 = ORIENTED_EDGE('',*,*,#9131,.F.);
#9131 = EDGE_CURVE('',#7797,#9132,#9134,.T.);
#9132 = VERTEX_POINT('',#9133);
#9133 = CARTESIAN_POINT('',(-0.16,-10.,8.54));
#9134 = LINE('',#9135,#9136);
#9135 = CARTESIAN_POINT('',(-0.16,-10.,8.54));
#9136 = VECTOR('',#9137,1.);
#9137 = DIRECTION('',(0.57735026919,-0.57735026919,0.57735026919));
#9138 = ORIENTED_EDGE('',*,*,#7804,.T.);
#9139 = ORIENTED_EDGE('',*,*,#9140,.T.);
#9140 = EDGE_CURVE('',#7788,#9141,#9143,.T.);
#9141 = VERTEX_POINT('',#9142);
#9142 = CARTESIAN_POINT('',(0.16,-10.,8.54));
#9143 = LINE('',#9144,#9145);
#9144 = CARTESIAN_POINT('',(5.333333333333E-02,-10.10666666666,
    8.646666666667));
#9145 = VECTOR('',#9146,1.);
#9146 = DIRECTION('',(-0.57735026919,-0.57735026919,0.57735026919));
#9147 = ORIENTED_EDGE('',*,*,#9148,.F.);
#9148 = EDGE_CURVE('',#9132,#9141,#9149,.T.);
#9149 = LINE('',#9150,#9151);
#9150 = CARTESIAN_POINT('',(-0.32,-10.,8.54));
#9151 = VECTOR('',#9152,1.);
#9152 = DIRECTION('',(1.,0.,0.));
#9153 = PLANE('',#9154);
#9154 = AXIS2_PLACEMENT_3D('',#9155,#9156,#9157);
#9155 = CARTESIAN_POINT('',(-0.32,-9.92,8.46));
#9156 = DIRECTION('',(1.735167508357E-18,0.707106781187,0.707106781187)
  );
#9157 = DIRECTION('',(-1.,1.226948711654E-18,1.226948711654E-18));
#9158 = ADVANCED_FACE('',(#9159),#9177,.F.);
#9159 = FACE_BOUND('',#9160,.F.);
#9160 = EDGE_LOOP('',(#9161,#9169,#9170,#9171));
#9161 = ORIENTED_EDGE('',*,*,#9162,.F.);
#9162 = EDGE_CURVE('',#7819,#9163,#9165,.T.);
#9163 = VERTEX_POINT('',#9164);
#9164 = CARTESIAN_POINT('',(-0.16,-10.32,8.54));
#9165 = LINE('',#9166,#9167);
#9166 = CARTESIAN_POINT('',(-0.266666666667,-10.42666666666,
    8.433333333333));
#9167 = VECTOR('',#9168,1.);
#9168 = DIRECTION('',(0.57735026919,0.57735026919,0.57735026919));
#9169 = ORIENTED_EDGE('',*,*,#7828,.T.);
#9170 = ORIENTED_EDGE('',*,*,#9131,.T.);
#9171 = ORIENTED_EDGE('',*,*,#9172,.F.);
#9172 = EDGE_CURVE('',#9163,#9132,#9173,.T.);
#9173 = LINE('',#9174,#9175);
#9174 = CARTESIAN_POINT('',(-0.16,-10.48,8.54));
#9175 = VECTOR('',#9176,1.);
#9176 = DIRECTION('',(0.,1.,0.));
#9177 = PLANE('',#9178);
#9178 = AXIS2_PLACEMENT_3D('',#9179,#9180,#9181);
#9179 = CARTESIAN_POINT('',(-0.24,-10.48,8.46));
#9180 = DIRECTION('',(0.707106781187,1.735167508357E-18,-0.707106781187)
  );
#9181 = DIRECTION('',(-1.226948711654E-18,1.,1.226948711654E-18));
#9182 = ADVANCED_FACE('',(#9183),#9201,.F.);
#9183 = FACE_BOUND('',#9184,.T.);
#9184 = EDGE_LOOP('',(#9185,#9186,#9187,#9195));
#9185 = ORIENTED_EDGE('',*,*,#9162,.F.);
#9186 = ORIENTED_EDGE('',*,*,#7852,.T.);
#9187 = ORIENTED_EDGE('',*,*,#9188,.T.);
#9188 = EDGE_CURVE('',#7843,#9189,#9191,.T.);
#9189 = VERTEX_POINT('',#9190);
#9190 = CARTESIAN_POINT('',(0.16,-10.32,8.54));
#9191 = LINE('',#9192,#9193);
#9192 = CARTESIAN_POINT('',(0.16,-10.32,8.54));
#9193 = VECTOR('',#9194,1.);
#9194 = DIRECTION('',(-0.57735026919,0.57735026919,0.57735026919));
#9195 = ORIENTED_EDGE('',*,*,#9196,.F.);
#9196 = EDGE_CURVE('',#9163,#9189,#9197,.T.);
#9197 = LINE('',#9198,#9199);
#9198 = CARTESIAN_POINT('',(-0.32,-10.32,8.54));
#9199 = VECTOR('',#9200,1.);
#9200 = DIRECTION('',(1.,0.,0.));
#9201 = PLANE('',#9202);
#9202 = AXIS2_PLACEMENT_3D('',#9203,#9204,#9205);
#9203 = CARTESIAN_POINT('',(-0.32,-10.4,8.46));
#9204 = DIRECTION('',(-1.735167508357E-18,0.707106781187,-0.707106781187
    ));
#9205 = DIRECTION('',(-1.,-1.226948711654E-18,1.226948711654E-18));
#9206 = ADVANCED_FACE('',(#9207),#9218,.T.);
#9207 = FACE_BOUND('',#9208,.T.);
#9208 = EDGE_LOOP('',(#9209,#9210,#9211,#9212));
#9209 = ORIENTED_EDGE('',*,*,#9188,.F.);
#9210 = ORIENTED_EDGE('',*,*,#7869,.T.);
#9211 = ORIENTED_EDGE('',*,*,#9140,.T.);
#9212 = ORIENTED_EDGE('',*,*,#9213,.F.);
#9213 = EDGE_CURVE('',#9189,#9141,#9214,.T.);
#9214 = LINE('',#9215,#9216);
#9215 = CARTESIAN_POINT('',(0.16,-10.48,8.54));
#9216 = VECTOR('',#9217,1.);
#9217 = DIRECTION('',(0.,1.,0.));
#9218 = PLANE('',#9219);
#9219 = AXIS2_PLACEMENT_3D('',#9220,#9221,#9222);
#9220 = CARTESIAN_POINT('',(0.24,-10.48,8.46));
#9221 = DIRECTION('',(0.707106781187,-1.735167508357E-18,0.707106781187)
  );
#9222 = DIRECTION('',(1.226948711654E-18,1.,1.226948711654E-18));
#9223 = ADVANCED_FACE('',(#9224),#9249,.T.);
#9224 = FACE_BOUND('',#9225,.T.);
#9225 = EDGE_LOOP('',(#9226,#9234,#9235,#9243));
#9226 = ORIENTED_EDGE('',*,*,#9227,.F.);
#9227 = EDGE_CURVE('',#7884,#9228,#9230,.T.);
#9228 = VERTEX_POINT('',#9229);
#9229 = CARTESIAN_POINT('',(0.16,-2.7,8.54));
#9230 = LINE('',#9231,#9232);
#9231 = CARTESIAN_POINT('',(0.16,-2.7,8.54));
#9232 = VECTOR('',#9233,1.);
#9233 = DIRECTION('',(-0.57735026919,0.57735026919,0.57735026919));
#9234 = ORIENTED_EDGE('',*,*,#7900,.T.);
#9235 = ORIENTED_EDGE('',*,*,#9236,.T.);
#9236 = EDGE_CURVE('',#7893,#9237,#9239,.T.);
#9237 = VERTEX_POINT('',#9238);
#9238 = CARTESIAN_POINT('',(0.16,-2.38,8.54));
#9239 = LINE('',#9240,#9241);
#9240 = CARTESIAN_POINT('',(5.333333333333E-02,-2.486666666667,
    8.646666666667));
#9241 = VECTOR('',#9242,1.);
#9242 = DIRECTION('',(-0.57735026919,-0.57735026919,0.57735026919));
#9243 = ORIENTED_EDGE('',*,*,#9244,.F.);
#9244 = EDGE_CURVE('',#9228,#9237,#9245,.T.);
#9245 = LINE('',#9246,#9247);
#9246 = CARTESIAN_POINT('',(0.16,-2.86,8.54));
#9247 = VECTOR('',#9248,1.);
#9248 = DIRECTION('',(0.,1.,0.));
#9249 = PLANE('',#9250);
#9250 = AXIS2_PLACEMENT_3D('',#9251,#9252,#9253);
#9251 = CARTESIAN_POINT('',(0.24,-2.86,8.46));
#9252 = DIRECTION('',(0.707106781187,-1.735167508357E-18,0.707106781187)
  );
#9253 = DIRECTION('',(1.226948711654E-18,1.,1.226948711654E-18));
#9254 = ADVANCED_FACE('',(#9255),#9273,.T.);
#9255 = FACE_BOUND('',#9256,.F.);
#9256 = EDGE_LOOP('',(#9257,#9265,#9266,#9267));
#9257 = ORIENTED_EDGE('',*,*,#9258,.F.);
#9258 = EDGE_CURVE('',#7917,#9259,#9261,.T.);
#9259 = VERTEX_POINT('',#9260);
#9260 = CARTESIAN_POINT('',(-0.16,-2.38,8.54));
#9261 = LINE('',#9262,#9263);
#9262 = CARTESIAN_POINT('',(-0.16,-2.38,8.54));
#9263 = VECTOR('',#9264,1.);
#9264 = DIRECTION('',(0.57735026919,-0.57735026919,0.57735026919));
#9265 = ORIENTED_EDGE('',*,*,#7924,.T.);
#9266 = ORIENTED_EDGE('',*,*,#9236,.T.);
#9267 = ORIENTED_EDGE('',*,*,#9268,.F.);
#9268 = EDGE_CURVE('',#9259,#9237,#9269,.T.);
#9269 = LINE('',#9270,#9271);
#9270 = CARTESIAN_POINT('',(-0.32,-2.38,8.54));
#9271 = VECTOR('',#9272,1.);
#9272 = DIRECTION('',(1.,0.,0.));
#9273 = PLANE('',#9274);
#9274 = AXIS2_PLACEMENT_3D('',#9275,#9276,#9277);
#9275 = CARTESIAN_POINT('',(-0.32,-2.3,8.46));
#9276 = DIRECTION('',(1.735167508357E-18,0.707106781187,0.707106781187)
  );
#9277 = DIRECTION('',(-1.,1.226948711654E-18,1.226948711654E-18));
#9278 = ADVANCED_FACE('',(#9279),#9297,.F.);
#9279 = FACE_BOUND('',#9280,.F.);
#9280 = EDGE_LOOP('',(#9281,#9289,#9290,#9291));
#9281 = ORIENTED_EDGE('',*,*,#9282,.F.);
#9282 = EDGE_CURVE('',#7939,#9283,#9285,.T.);
#9283 = VERTEX_POINT('',#9284);
#9284 = CARTESIAN_POINT('',(-0.16,-2.7,8.54));
#9285 = LINE('',#9286,#9287);
#9286 = CARTESIAN_POINT('',(-0.266666666667,-2.806666666667,
    8.433333333333));
#9287 = VECTOR('',#9288,1.);
#9288 = DIRECTION('',(0.57735026919,0.57735026919,0.57735026919));
#9289 = ORIENTED_EDGE('',*,*,#7948,.T.);
#9290 = ORIENTED_EDGE('',*,*,#9258,.T.);
#9291 = ORIENTED_EDGE('',*,*,#9292,.F.);
#9292 = EDGE_CURVE('',#9283,#9259,#9293,.T.);
#9293 = LINE('',#9294,#9295);
#9294 = CARTESIAN_POINT('',(-0.16,-2.86,8.54));
#9295 = VECTOR('',#9296,1.);
#9296 = DIRECTION('',(0.,1.,0.));
#9297 = PLANE('',#9298);
#9298 = AXIS2_PLACEMENT_3D('',#9299,#9300,#9301);
#9299 = CARTESIAN_POINT('',(-0.24,-2.86,8.46));
#9300 = DIRECTION('',(0.707106781187,1.735167508357E-18,-0.707106781187)
  );
#9301 = DIRECTION('',(-1.226948711654E-18,1.,1.226948711654E-18));
#9302 = ADVANCED_FACE('',(#9303),#9314,.F.);
#9303 = FACE_BOUND('',#9304,.T.);
#9304 = EDGE_LOOP('',(#9305,#9306,#9307,#9308));
#9305 = ORIENTED_EDGE('',*,*,#9282,.F.);
#9306 = ORIENTED_EDGE('',*,*,#7965,.T.);
#9307 = ORIENTED_EDGE('',*,*,#9227,.T.);
#9308 = ORIENTED_EDGE('',*,*,#9309,.F.);
#9309 = EDGE_CURVE('',#9283,#9228,#9310,.T.);
#9310 = LINE('',#9311,#9312);
#9311 = CARTESIAN_POINT('',(-0.32,-2.7,8.54));
#9312 = VECTOR('',#9313,1.);
#9313 = DIRECTION('',(1.,0.,0.));
#9314 = PLANE('',#9315);
#9315 = AXIS2_PLACEMENT_3D('',#9316,#9317,#9318);
#9316 = CARTESIAN_POINT('',(-0.32,-2.78,8.46));
#9317 = DIRECTION('',(-1.735167508357E-18,0.707106781187,-0.707106781187
    ));
#9318 = DIRECTION('',(-1.,-1.226948711654E-18,1.226948711654E-18));
#9319 = ADVANCED_FACE('',(#9320),#9345,.F.);
#9320 = FACE_BOUND('',#9321,.T.);
#9321 = EDGE_LOOP('',(#9322,#9330,#9331,#9339));
#9322 = ORIENTED_EDGE('',*,*,#9323,.F.);
#9323 = EDGE_CURVE('',#7989,#9324,#9326,.T.);
#9324 = VERTEX_POINT('',#9325);
#9325 = CARTESIAN_POINT('',(-0.16,-5.24,8.54));
#9326 = LINE('',#9327,#9328);
#9327 = CARTESIAN_POINT('',(-0.266666666667,-5.346666666667,
    8.433333333333));
#9328 = VECTOR('',#9329,1.);
#9329 = DIRECTION('',(0.57735026919,0.57735026919,0.57735026919));
#9330 = ORIENTED_EDGE('',*,*,#7996,.T.);
#9331 = ORIENTED_EDGE('',*,*,#9332,.T.);
#9332 = EDGE_CURVE('',#7980,#9333,#9335,.T.);
#9333 = VERTEX_POINT('',#9334);
#9334 = CARTESIAN_POINT('',(0.16,-5.24,8.54));
#9335 = LINE('',#9336,#9337);
#9336 = CARTESIAN_POINT('',(0.16,-5.24,8.54));
#9337 = VECTOR('',#9338,1.);
#9338 = DIRECTION('',(-0.57735026919,0.57735026919,0.57735026919));
#9339 = ORIENTED_EDGE('',*,*,#9340,.F.);
#9340 = EDGE_CURVE('',#9324,#9333,#9341,.T.);
#9341 = LINE('',#9342,#9343);
#9342 = CARTESIAN_POINT('',(-0.32,-5.24,8.54));
#9343 = VECTOR('',#9344,1.);
#9344 = DIRECTION('',(1.,0.,0.));
#9345 = PLANE('',#9346);
#9346 = AXIS2_PLACEMENT_3D('',#9347,#9348,#9349);
#9347 = CARTESIAN_POINT('',(-0.32,-5.32,8.46));
#9348 = DIRECTION('',(-1.735167508357E-18,0.707106781187,-0.707106781187
    ));
#9349 = DIRECTION('',(-1.,-1.226948711654E-18,1.226948711654E-18));
#9350 = ADVANCED_FACE('',(#9351),#9369,.T.);
#9351 = FACE_BOUND('',#9352,.T.);
#9352 = EDGE_LOOP('',(#9353,#9354,#9355,#9363));
#9353 = ORIENTED_EDGE('',*,*,#9332,.F.);
#9354 = ORIENTED_EDGE('',*,*,#8020,.T.);
#9355 = ORIENTED_EDGE('',*,*,#9356,.T.);
#9356 = EDGE_CURVE('',#8013,#9357,#9359,.T.);
#9357 = VERTEX_POINT('',#9358);
#9358 = CARTESIAN_POINT('',(0.16,-4.92,8.54));
#9359 = LINE('',#9360,#9361);
#9360 = CARTESIAN_POINT('',(5.333333333333E-02,-5.026666666667,
    8.646666666667));
#9361 = VECTOR('',#9362,1.);
#9362 = DIRECTION('',(-0.57735026919,-0.57735026919,0.57735026919));
#9363 = ORIENTED_EDGE('',*,*,#9364,.F.);
#9364 = EDGE_CURVE('',#9333,#9357,#9365,.T.);
#9365 = LINE('',#9366,#9367);
#9366 = CARTESIAN_POINT('',(0.16,-5.4,8.54));
#9367 = VECTOR('',#9368,1.);
#9368 = DIRECTION('',(0.,1.,0.));
#9369 = PLANE('',#9370);
#9370 = AXIS2_PLACEMENT_3D('',#9371,#9372,#9373);
#9371 = CARTESIAN_POINT('',(0.24,-5.4,8.46));
#9372 = DIRECTION('',(0.707106781187,-1.735167508357E-18,0.707106781187)
  );
#9373 = DIRECTION('',(1.226948711654E-18,1.,1.226948711654E-18));
#9374 = ADVANCED_FACE('',(#9375),#9393,.T.);
#9375 = FACE_BOUND('',#9376,.F.);
#9376 = EDGE_LOOP('',(#9377,#9385,#9386,#9387));
#9377 = ORIENTED_EDGE('',*,*,#9378,.F.);
#9378 = EDGE_CURVE('',#8037,#9379,#9381,.T.);
#9379 = VERTEX_POINT('',#9380);
#9380 = CARTESIAN_POINT('',(-0.16,-4.92,8.54));
#9381 = LINE('',#9382,#9383);
#9382 = CARTESIAN_POINT('',(-0.16,-4.92,8.54));
#9383 = VECTOR('',#9384,1.);
#9384 = DIRECTION('',(0.57735026919,-0.57735026919,0.57735026919));
#9385 = ORIENTED_EDGE('',*,*,#8044,.T.);
#9386 = ORIENTED_EDGE('',*,*,#9356,.T.);
#9387 = ORIENTED_EDGE('',*,*,#9388,.F.);
#9388 = EDGE_CURVE('',#9379,#9357,#9389,.T.);
#9389 = LINE('',#9390,#9391);
#9390 = CARTESIAN_POINT('',(-0.32,-4.92,8.54));
#9391 = VECTOR('',#9392,1.);
#9392 = DIRECTION('',(1.,0.,0.));
#9393 = PLANE('',#9394);
#9394 = AXIS2_PLACEMENT_3D('',#9395,#9396,#9397);
#9395 = CARTESIAN_POINT('',(-0.32,-4.84,8.46));
#9396 = DIRECTION('',(1.735167508357E-18,0.707106781187,0.707106781187)
  );
#9397 = DIRECTION('',(-1.,1.226948711654E-18,1.226948711654E-18));
#9398 = ADVANCED_FACE('',(#9399),#9410,.F.);
#9399 = FACE_BOUND('',#9400,.F.);
#9400 = EDGE_LOOP('',(#9401,#9402,#9403,#9404));
#9401 = ORIENTED_EDGE('',*,*,#9323,.F.);
#9402 = ORIENTED_EDGE('',*,*,#8061,.T.);
#9403 = ORIENTED_EDGE('',*,*,#9378,.T.);
#9404 = ORIENTED_EDGE('',*,*,#9405,.F.);
#9405 = EDGE_CURVE('',#9324,#9379,#9406,.T.);
#9406 = LINE('',#9407,#9408);
#9407 = CARTESIAN_POINT('',(-0.16,-5.4,8.54));
#9408 = VECTOR('',#9409,1.);
#9409 = DIRECTION('',(0.,1.,0.));
#9410 = PLANE('',#9411);
#9411 = AXIS2_PLACEMENT_3D('',#9412,#9413,#9414);
#9412 = CARTESIAN_POINT('',(-0.24,-5.4,8.46));
#9413 = DIRECTION('',(0.707106781187,1.735167508357E-18,-0.707106781187)
  );
#9414 = DIRECTION('',(-1.226948711654E-18,1.,1.226948711654E-18));
#9415 = ADVANCED_FACE('',(#9416),#9441,.T.);
#9416 = FACE_BOUND('',#9417,.T.);
#9417 = EDGE_LOOP('',(#9418,#9426,#9427,#9435));
#9418 = ORIENTED_EDGE('',*,*,#9419,.F.);
#9419 = EDGE_CURVE('',#8076,#9420,#9422,.T.);
#9420 = VERTEX_POINT('',#9421);
#9421 = CARTESIAN_POINT('',(0.16,-7.78,8.54));
#9422 = LINE('',#9423,#9424);
#9423 = CARTESIAN_POINT('',(0.16,-7.78,8.54));
#9424 = VECTOR('',#9425,1.);
#9425 = DIRECTION('',(-0.57735026919,0.57735026919,0.57735026919));
#9426 = ORIENTED_EDGE('',*,*,#8092,.T.);
#9427 = ORIENTED_EDGE('',*,*,#9428,.T.);
#9428 = EDGE_CURVE('',#8085,#9429,#9431,.T.);
#9429 = VERTEX_POINT('',#9430);
#9430 = CARTESIAN_POINT('',(0.16,-7.46,8.54));
#9431 = LINE('',#9432,#9433);
#9432 = CARTESIAN_POINT('',(5.333333333333E-02,-7.566666666667,
    8.646666666667));
#9433 = VECTOR('',#9434,1.);
#9434 = DIRECTION('',(-0.57735026919,-0.57735026919,0.57735026919));
#9435 = ORIENTED_EDGE('',*,*,#9436,.F.);
#9436 = EDGE_CURVE('',#9420,#9429,#9437,.T.);
#9437 = LINE('',#9438,#9439);
#9438 = CARTESIAN_POINT('',(0.16,-7.94,8.54));
#9439 = VECTOR('',#9440,1.);
#9440 = DIRECTION('',(0.,1.,0.));
#9441 = PLANE('',#9442);
#9442 = AXIS2_PLACEMENT_3D('',#9443,#9444,#9445);
#9443 = CARTESIAN_POINT('',(0.24,-7.94,8.46));
#9444 = DIRECTION('',(0.707106781187,-1.735167508357E-18,0.707106781187)
  );
#9445 = DIRECTION('',(1.226948711654E-18,1.,1.226948711654E-18));
#9446 = ADVANCED_FACE('',(#9447),#9465,.T.);
#9447 = FACE_BOUND('',#9448,.F.);
#9448 = EDGE_LOOP('',(#9449,#9457,#9458,#9459));
#9449 = ORIENTED_EDGE('',*,*,#9450,.F.);
#9450 = EDGE_CURVE('',#8109,#9451,#9453,.T.);
#9451 = VERTEX_POINT('',#9452);
#9452 = CARTESIAN_POINT('',(-0.16,-7.46,8.54));
#9453 = LINE('',#9454,#9455);
#9454 = CARTESIAN_POINT('',(-0.16,-7.46,8.54));
#9455 = VECTOR('',#9456,1.);
#9456 = DIRECTION('',(0.57735026919,-0.57735026919,0.57735026919));
#9457 = ORIENTED_EDGE('',*,*,#8116,.T.);
#9458 = ORIENTED_EDGE('',*,*,#9428,.T.);
#9459 = ORIENTED_EDGE('',*,*,#9460,.F.);
#9460 = EDGE_CURVE('',#9451,#9429,#9461,.T.);
#9461 = LINE('',#9462,#9463);
#9462 = CARTESIAN_POINT('',(-0.32,-7.46,8.54));
#9463 = VECTOR('',#9464,1.);
#9464 = DIRECTION('',(1.,0.,0.));
#9465 = PLANE('',#9466);
#9466 = AXIS2_PLACEMENT_3D('',#9467,#9468,#9469);
#9467 = CARTESIAN_POINT('',(-0.32,-7.38,8.46));
#9468 = DIRECTION('',(1.735167508357E-18,0.707106781187,0.707106781187)
  );
#9469 = DIRECTION('',(-1.,1.226948711654E-18,1.226948711654E-18));
#9470 = ADVANCED_FACE('',(#9471),#9489,.F.);
#9471 = FACE_BOUND('',#9472,.F.);
#9472 = EDGE_LOOP('',(#9473,#9481,#9482,#9483));
#9473 = ORIENTED_EDGE('',*,*,#9474,.F.);
#9474 = EDGE_CURVE('',#8131,#9475,#9477,.T.);
#9475 = VERTEX_POINT('',#9476);
#9476 = CARTESIAN_POINT('',(-0.16,-7.78,8.54));
#9477 = LINE('',#9478,#9479);
#9478 = CARTESIAN_POINT('',(-0.266666666667,-7.886666666667,
    8.433333333333));
#9479 = VECTOR('',#9480,1.);
#9480 = DIRECTION('',(0.57735026919,0.57735026919,0.57735026919));
#9481 = ORIENTED_EDGE('',*,*,#8140,.T.);
#9482 = ORIENTED_EDGE('',*,*,#9450,.T.);
#9483 = ORIENTED_EDGE('',*,*,#9484,.F.);
#9484 = EDGE_CURVE('',#9475,#9451,#9485,.T.);
#9485 = LINE('',#9486,#9487);
#9486 = CARTESIAN_POINT('',(-0.16,-7.94,8.54));
#9487 = VECTOR('',#9488,1.);
#9488 = DIRECTION('',(0.,1.,0.));
#9489 = PLANE('',#9490);
#9490 = AXIS2_PLACEMENT_3D('',#9491,#9492,#9493);
#9491 = CARTESIAN_POINT('',(-0.24,-7.94,8.46));
#9492 = DIRECTION('',(0.707106781187,1.735167508357E-18,-0.707106781187)
  );
#9493 = DIRECTION('',(-1.226948711654E-18,1.,1.226948711654E-18));
#9494 = ADVANCED_FACE('',(#9495),#9506,.F.);
#9495 = FACE_BOUND('',#9496,.T.);
#9496 = EDGE_LOOP('',(#9497,#9498,#9499,#9500));
#9497 = ORIENTED_EDGE('',*,*,#9474,.F.);
#9498 = ORIENTED_EDGE('',*,*,#8157,.T.);
#9499 = ORIENTED_EDGE('',*,*,#9419,.T.);
#9500 = ORIENTED_EDGE('',*,*,#9501,.F.);
#9501 = EDGE_CURVE('',#9475,#9420,#9502,.T.);
#9502 = LINE('',#9503,#9504);
#9503 = CARTESIAN_POINT('',(-0.32,-7.78,8.54));
#9504 = VECTOR('',#9505,1.);
#9505 = DIRECTION('',(1.,0.,0.));
#9506 = PLANE('',#9507);
#9507 = AXIS2_PLACEMENT_3D('',#9508,#9509,#9510);
#9508 = CARTESIAN_POINT('',(-0.32,-7.86,8.46));
#9509 = DIRECTION('',(-1.735167508357E-18,0.707106781187,-0.707106781187
    ));
#9510 = DIRECTION('',(-1.,-1.226948711654E-18,1.226948711654E-18));
#9511 = ADVANCED_FACE('',(#9512),#9537,.F.);
#9512 = FACE_BOUND('',#9513,.T.);
#9513 = EDGE_LOOP('',(#9514,#9522,#9523,#9531));
#9514 = ORIENTED_EDGE('',*,*,#9515,.F.);
#9515 = EDGE_CURVE('',#8181,#9516,#9518,.T.);
#9516 = VERTEX_POINT('',#9517);
#9517 = CARTESIAN_POINT('',(-0.16,-0.16,8.54));
#9518 = LINE('',#9519,#9520);
#9519 = CARTESIAN_POINT('',(-0.266666666667,-0.266666666667,
    8.433333333333));
#9520 = VECTOR('',#9521,1.);
#9521 = DIRECTION('',(0.57735026919,0.57735026919,0.57735026919));
#9522 = ORIENTED_EDGE('',*,*,#8188,.T.);
#9523 = ORIENTED_EDGE('',*,*,#9524,.T.);
#9524 = EDGE_CURVE('',#8172,#9525,#9527,.T.);
#9525 = VERTEX_POINT('',#9526);
#9526 = CARTESIAN_POINT('',(0.16,-0.16,8.54));
#9527 = LINE('',#9528,#9529);
#9528 = CARTESIAN_POINT('',(0.16,-0.16,8.54));
#9529 = VECTOR('',#9530,1.);
#9530 = DIRECTION('',(-0.57735026919,0.57735026919,0.57735026919));
#9531 = ORIENTED_EDGE('',*,*,#9532,.F.);
#9532 = EDGE_CURVE('',#9516,#9525,#9533,.T.);
#9533 = LINE('',#9534,#9535);
#9534 = CARTESIAN_POINT('',(-0.32,-0.16,8.54));
#9535 = VECTOR('',#9536,1.);
#9536 = DIRECTION('',(1.,0.,0.));
#9537 = PLANE('',#9538);
#9538 = AXIS2_PLACEMENT_3D('',#9539,#9540,#9541);
#9539 = CARTESIAN_POINT('',(-0.32,-0.24,8.46));
#9540 = DIRECTION('',(-1.735167508357E-18,0.707106781187,-0.707106781187
    ));
#9541 = DIRECTION('',(-1.,-1.226948711654E-18,1.226948711654E-18));
#9542 = ADVANCED_FACE('',(#9543),#9561,.T.);
#9543 = FACE_BOUND('',#9544,.T.);
#9544 = EDGE_LOOP('',(#9545,#9546,#9547,#9555));
#9545 = ORIENTED_EDGE('',*,*,#9524,.F.);
#9546 = ORIENTED_EDGE('',*,*,#8212,.T.);
#9547 = ORIENTED_EDGE('',*,*,#9548,.T.);
#9548 = EDGE_CURVE('',#8205,#9549,#9551,.T.);
#9549 = VERTEX_POINT('',#9550);
#9550 = CARTESIAN_POINT('',(0.16,0.16,8.54));
#9551 = LINE('',#9552,#9553);
#9552 = CARTESIAN_POINT('',(5.333333333333E-02,5.333333333333E-02,
    8.646666666667));
#9553 = VECTOR('',#9554,1.);
#9554 = DIRECTION('',(-0.57735026919,-0.57735026919,0.57735026919));
#9555 = ORIENTED_EDGE('',*,*,#9556,.F.);
#9556 = EDGE_CURVE('',#9525,#9549,#9557,.T.);
#9557 = LINE('',#9558,#9559);
#9558 = CARTESIAN_POINT('',(0.16,-0.32,8.54));
#9559 = VECTOR('',#9560,1.);
#9560 = DIRECTION('',(0.,1.,0.));
#9561 = PLANE('',#9562);
#9562 = AXIS2_PLACEMENT_3D('',#9563,#9564,#9565);
#9563 = CARTESIAN_POINT('',(0.24,-0.32,8.46));
#9564 = DIRECTION('',(0.707106781187,-1.735167508357E-18,0.707106781187)
  );
#9565 = DIRECTION('',(1.226948711654E-18,1.,1.226948711654E-18));
#9566 = ADVANCED_FACE('',(#9567),#9585,.T.);
#9567 = FACE_BOUND('',#9568,.F.);
#9568 = EDGE_LOOP('',(#9569,#9577,#9578,#9579));
#9569 = ORIENTED_EDGE('',*,*,#9570,.F.);
#9570 = EDGE_CURVE('',#8229,#9571,#9573,.T.);
#9571 = VERTEX_POINT('',#9572);
#9572 = CARTESIAN_POINT('',(-0.16,0.16,8.54));
#9573 = LINE('',#9574,#9575);
#9574 = CARTESIAN_POINT('',(-0.16,0.16,8.54));
#9575 = VECTOR('',#9576,1.);
#9576 = DIRECTION('',(0.57735026919,-0.57735026919,0.57735026919));
#9577 = ORIENTED_EDGE('',*,*,#8236,.T.);
#9578 = ORIENTED_EDGE('',*,*,#9548,.T.);
#9579 = ORIENTED_EDGE('',*,*,#9580,.F.);
#9580 = EDGE_CURVE('',#9571,#9549,#9581,.T.);
#9581 = LINE('',#9582,#9583);
#9582 = CARTESIAN_POINT('',(-0.32,0.16,8.54));
#9583 = VECTOR('',#9584,1.);
#9584 = DIRECTION('',(1.,0.,0.));
#9585 = PLANE('',#9586);
#9586 = AXIS2_PLACEMENT_3D('',#9587,#9588,#9589);
#9587 = CARTESIAN_POINT('',(-0.32,0.24,8.46));
#9588 = DIRECTION('',(1.735167508357E-18,0.707106781187,0.707106781187)
  );
#9589 = DIRECTION('',(-1.,1.226948711654E-18,1.226948711654E-18));
#9590 = ADVANCED_FACE('',(#9591),#9602,.F.);
#9591 = FACE_BOUND('',#9592,.F.);
#9592 = EDGE_LOOP('',(#9593,#9594,#9595,#9596));
#9593 = ORIENTED_EDGE('',*,*,#9515,.F.);
#9594 = ORIENTED_EDGE('',*,*,#8253,.T.);
#9595 = ORIENTED_EDGE('',*,*,#9570,.T.);
#9596 = ORIENTED_EDGE('',*,*,#9597,.F.);
#9597 = EDGE_CURVE('',#9516,#9571,#9598,.T.);
#9598 = LINE('',#9599,#9600);
#9599 = CARTESIAN_POINT('',(-0.16,-0.32,8.54));
#9600 = VECTOR('',#9601,1.);
#9601 = DIRECTION('',(0.,1.,0.));
#9602 = PLANE('',#9603);
#9603 = AXIS2_PLACEMENT_3D('',#9604,#9605,#9606);
#9604 = CARTESIAN_POINT('',(-0.24,-0.32,8.46));
#9605 = DIRECTION('',(0.707106781187,1.735167508357E-18,-0.707106781187)
  );
#9606 = DIRECTION('',(-1.226948711654E-18,1.,1.226948711654E-18));
#9607 = ADVANCED_FACE('',(#9608),#9614,.F.);
#9608 = FACE_BOUND('',#9609,.F.);
#9609 = EDGE_LOOP('',(#9610,#9611,#9612,#9613));
#9610 = ORIENTED_EDGE('',*,*,#8308,.F.);
#9611 = ORIENTED_EDGE('',*,*,#8332,.T.);
#9612 = ORIENTED_EDGE('',*,*,#8349,.T.);
#9613 = ORIENTED_EDGE('',*,*,#8284,.F.);
#9614 = PLANE('',#9615);
#9615 = AXIS2_PLACEMENT_3D('',#9616,#9617,#9618);
#9616 = CARTESIAN_POINT('',(-0.32,-13.02,-3.));
#9617 = DIRECTION('',(0.,0.,1.));
#9618 = DIRECTION('',(1.,0.,-0.));
#9619 = ADVANCED_FACE('',(#9620),#9626,.F.);
#9620 = FACE_BOUND('',#9621,.F.);
#9621 = EDGE_LOOP('',(#9622,#9623,#9624,#9625));
#9622 = ORIENTED_EDGE('',*,*,#8428,.F.);
#9623 = ORIENTED_EDGE('',*,*,#8445,.T.);
#9624 = ORIENTED_EDGE('',*,*,#8380,.T.);
#9625 = ORIENTED_EDGE('',*,*,#8404,.F.);
#9626 = PLANE('',#9627);
#9627 = AXIS2_PLACEMENT_3D('',#9628,#9629,#9630);
#9628 = CARTESIAN_POINT('',(-0.32,-15.56,-3.));
#9629 = DIRECTION('',(0.,0.,1.));
#9630 = DIRECTION('',(1.,0.,-0.));
#9631 = ADVANCED_FACE('',(#9632),#9638,.F.);
#9632 = FACE_BOUND('',#9633,.F.);
#9633 = EDGE_LOOP('',(#9634,#9635,#9636,#9637));
#9634 = ORIENTED_EDGE('',*,*,#8500,.F.);
#9635 = ORIENTED_EDGE('',*,*,#8524,.T.);
#9636 = ORIENTED_EDGE('',*,*,#8541,.T.);
#9637 = ORIENTED_EDGE('',*,*,#8476,.F.);
#9638 = PLANE('',#9639);
#9639 = AXIS2_PLACEMENT_3D('',#9640,#9641,#9642);
#9640 = CARTESIAN_POINT('',(-0.32,-10.48,-3.));
#9641 = DIRECTION('',(0.,0.,1.));
#9642 = DIRECTION('',(1.,0.,-0.));
#9643 = ADVANCED_FACE('',(#9644),#9650,.F.);
#9644 = FACE_BOUND('',#9645,.F.);
#9645 = EDGE_LOOP('',(#9646,#9647,#9648,#9649));
#9646 = ORIENTED_EDGE('',*,*,#8620,.F.);
#9647 = ORIENTED_EDGE('',*,*,#8637,.T.);
#9648 = ORIENTED_EDGE('',*,*,#8572,.T.);
#9649 = ORIENTED_EDGE('',*,*,#8596,.F.);
#9650 = PLANE('',#9651);
#9651 = AXIS2_PLACEMENT_3D('',#9652,#9653,#9654);
#9652 = CARTESIAN_POINT('',(-0.32,-2.86,-3.));
#9653 = DIRECTION('',(0.,0.,1.));
#9654 = DIRECTION('',(1.,0.,-0.));
#9655 = ADVANCED_FACE('',(#9656),#9662,.F.);
#9656 = FACE_BOUND('',#9657,.F.);
#9657 = EDGE_LOOP('',(#9658,#9659,#9660,#9661));
#9658 = ORIENTED_EDGE('',*,*,#8733,.F.);
#9659 = ORIENTED_EDGE('',*,*,#8668,.T.);
#9660 = ORIENTED_EDGE('',*,*,#8692,.T.);
#9661 = ORIENTED_EDGE('',*,*,#8716,.F.);
#9662 = PLANE('',#9663);
#9663 = AXIS2_PLACEMENT_3D('',#9664,#9665,#9666);
#9664 = CARTESIAN_POINT('',(-0.32,-5.4,-3.));
#9665 = DIRECTION('',(0.,0.,1.));
#9666 = DIRECTION('',(1.,0.,-0.));
#9667 = ADVANCED_FACE('',(#9668),#9674,.F.);
#9668 = FACE_BOUND('',#9669,.F.);
#9669 = EDGE_LOOP('',(#9670,#9671,#9672,#9673));
#9670 = ORIENTED_EDGE('',*,*,#8812,.F.);
#9671 = ORIENTED_EDGE('',*,*,#8829,.T.);
#9672 = ORIENTED_EDGE('',*,*,#8764,.T.);
#9673 = ORIENTED_EDGE('',*,*,#8788,.F.);
#9674 = PLANE('',#9675);
#9675 = AXIS2_PLACEMENT_3D('',#9676,#9677,#9678);
#9676 = CARTESIAN_POINT('',(-0.32,-7.94,-3.));
#9677 = DIRECTION('',(0.,0.,1.));
#9678 = DIRECTION('',(1.,0.,-0.));
#9679 = ADVANCED_FACE('',(#9680),#9686,.F.);
#9680 = FACE_BOUND('',#9681,.F.);
#9681 = EDGE_LOOP('',(#9682,#9683,#9684,#9685));
#9682 = ORIENTED_EDGE('',*,*,#8925,.F.);
#9683 = ORIENTED_EDGE('',*,*,#8860,.T.);
#9684 = ORIENTED_EDGE('',*,*,#8884,.T.);
#9685 = ORIENTED_EDGE('',*,*,#8908,.F.);
#9686 = PLANE('',#9687);
#9687 = AXIS2_PLACEMENT_3D('',#9688,#9689,#9690);
#9688 = CARTESIAN_POINT('',(-0.32,-0.32,-3.));
#9689 = DIRECTION('',(0.,0.,1.));
#9690 = DIRECTION('',(1.,0.,-0.));
#9691 = ADVANCED_FACE('',(#9692),#9698,.T.);
#9692 = FACE_BOUND('',#9693,.T.);
#9693 = EDGE_LOOP('',(#9694,#9695,#9696,#9697));
#9694 = ORIENTED_EDGE('',*,*,#8956,.F.);
#9695 = ORIENTED_EDGE('',*,*,#8980,.F.);
#9696 = ORIENTED_EDGE('',*,*,#9004,.T.);
#9697 = ORIENTED_EDGE('',*,*,#9021,.T.);
#9698 = PLANE('',#9699);
#9699 = AXIS2_PLACEMENT_3D('',#9700,#9701,#9702);
#9700 = CARTESIAN_POINT('',(-0.32,-13.02,8.54));
#9701 = DIRECTION('',(0.,0.,1.));
#9702 = DIRECTION('',(1.,0.,-0.));
#9703 = ADVANCED_FACE('',(#9704),#9710,.T.);
#9704 = FACE_BOUND('',#9705,.T.);
#9705 = EDGE_LOOP('',(#9706,#9707,#9708,#9709));
#9706 = ORIENTED_EDGE('',*,*,#9076,.F.);
#9707 = ORIENTED_EDGE('',*,*,#9100,.F.);
#9708 = ORIENTED_EDGE('',*,*,#9117,.T.);
#9709 = ORIENTED_EDGE('',*,*,#9052,.T.);
#9710 = PLANE('',#9711);
#9711 = AXIS2_PLACEMENT_3D('',#9712,#9713,#9714);
#9712 = CARTESIAN_POINT('',(-0.32,-15.56,8.54));
#9713 = DIRECTION('',(0.,0.,1.));
#9714 = DIRECTION('',(1.,0.,-0.));
#9715 = ADVANCED_FACE('',(#9716),#9722,.T.);
#9716 = FACE_BOUND('',#9717,.T.);
#9717 = EDGE_LOOP('',(#9718,#9719,#9720,#9721));
#9718 = ORIENTED_EDGE('',*,*,#9148,.F.);
#9719 = ORIENTED_EDGE('',*,*,#9172,.F.);
#9720 = ORIENTED_EDGE('',*,*,#9196,.T.);
#9721 = ORIENTED_EDGE('',*,*,#9213,.T.);
#9722 = PLANE('',#9723);
#9723 = AXIS2_PLACEMENT_3D('',#9724,#9725,#9726);
#9724 = CARTESIAN_POINT('',(-0.32,-10.48,8.54));
#9725 = DIRECTION('',(0.,0.,1.));
#9726 = DIRECTION('',(1.,0.,-0.));
#9727 = ADVANCED_FACE('',(#9728),#9734,.T.);
#9728 = FACE_BOUND('',#9729,.T.);
#9729 = EDGE_LOOP('',(#9730,#9731,#9732,#9733));
#9730 = ORIENTED_EDGE('',*,*,#9268,.F.);
#9731 = ORIENTED_EDGE('',*,*,#9292,.F.);
#9732 = ORIENTED_EDGE('',*,*,#9309,.T.);
#9733 = ORIENTED_EDGE('',*,*,#9244,.T.);
#9734 = PLANE('',#9735);
#9735 = AXIS2_PLACEMENT_3D('',#9736,#9737,#9738);
#9736 = CARTESIAN_POINT('',(-0.32,-2.86,8.54));
#9737 = DIRECTION('',(0.,0.,1.));
#9738 = DIRECTION('',(1.,0.,-0.));
#9739 = ADVANCED_FACE('',(#9740),#9746,.T.);
#9740 = FACE_BOUND('',#9741,.T.);
#9741 = EDGE_LOOP('',(#9742,#9743,#9744,#9745));
#9742 = ORIENTED_EDGE('',*,*,#9388,.F.);
#9743 = ORIENTED_EDGE('',*,*,#9405,.F.);
#9744 = ORIENTED_EDGE('',*,*,#9340,.T.);
#9745 = ORIENTED_EDGE('',*,*,#9364,.T.);
#9746 = PLANE('',#9747);
#9747 = AXIS2_PLACEMENT_3D('',#9748,#9749,#9750);
#9748 = CARTESIAN_POINT('',(-0.32,-5.4,8.54));
#9749 = DIRECTION('',(0.,0.,1.));
#9750 = DIRECTION('',(1.,0.,-0.));
#9751 = ADVANCED_FACE('',(#9752),#9758,.T.);
#9752 = FACE_BOUND('',#9753,.T.);
#9753 = EDGE_LOOP('',(#9754,#9755,#9756,#9757));
#9754 = ORIENTED_EDGE('',*,*,#9460,.F.);
#9755 = ORIENTED_EDGE('',*,*,#9484,.F.);
#9756 = ORIENTED_EDGE('',*,*,#9501,.T.);
#9757 = ORIENTED_EDGE('',*,*,#9436,.T.);
#9758 = PLANE('',#9759);
#9759 = AXIS2_PLACEMENT_3D('',#9760,#9761,#9762);
#9760 = CARTESIAN_POINT('',(-0.32,-7.94,8.54));
#9761 = DIRECTION('',(0.,0.,1.));
#9762 = DIRECTION('',(1.,0.,-0.));
#9763 = ADVANCED_FACE('',(#9764),#9770,.T.);
#9764 = FACE_BOUND('',#9765,.T.);
#9765 = EDGE_LOOP('',(#9766,#9767,#9768,#9769));
#9766 = ORIENTED_EDGE('',*,*,#9580,.F.);
#9767 = ORIENTED_EDGE('',*,*,#9597,.F.);
#9768 = ORIENTED_EDGE('',*,*,#9532,.T.);
#9769 = ORIENTED_EDGE('',*,*,#9556,.T.);
#9770 = PLANE('',#9771);
#9771 = AXIS2_PLACEMENT_3D('',#9772,#9773,#9774);
#9772 = CARTESIAN_POINT('',(-0.32,-0.32,8.54));
#9773 = DIRECTION('',(0.,0.,1.));
#9774 = DIRECTION('',(1.,0.,-0.));
#9775 = ( GEOMETRIC_REPRESENTATION_CONTEXT(3) 
GLOBAL_UNCERTAINTY_ASSIGNED_CONTEXT((#9779)) 
GLOBAL_UNIT_ASSIGNED_CONTEXT((#9776,#9777,#9778)) REPRESENTATION_CONTEXT
('Context #1','3D Context with UNIT and UNCERTAINTY') );
#9776 = ( LENGTH_UNIT() NAMED_UNIT(*) SI_UNIT(.MILLI.,.METRE.) );
#9777 = ( NAMED_UNIT(*) PLANE_ANGLE_UNIT() SI_UNIT($,.RADIAN.) );
#9778 = ( NAMED_UNIT(*) SI_UNIT($,.STERADIAN.) SOLID_ANGLE_UNIT() );
#9779 = UNCERTAINTY_MEASURE_WITH_UNIT(LENGTH_MEASURE(1.E-07),#9776,
  'distance_accuracy_value','confusion accuracy');
#9780 = CONTEXT_DEPENDENT_SHAPE_REPRESENTATION(#9781,#9783);
#9781 = ( REPRESENTATION_RELATIONSHIP('','',#4972,#10) 
REPRESENTATION_RELATIONSHIP_WITH_TRANSFORMATION(#9782) 
SHAPE_REPRESENTATION_RELATIONSHIP() );
#9782 = ITEM_DEFINED_TRANSFORMATION('','',#11,#23);
#9783 = PRODUCT_DEFINITION_SHAPE('Placement','Placement of an item',
  #9784);
#9784 = NEXT_ASSEMBLY_USAGE_OCCURRENCE('3','J1','',#5,#4967,$);
#9785 = PRODUCT_RELATED_PRODUCT_CATEGORY('part',$,(#4969));
#9786 = SHAPE_DEFINITION_REPRESENTATION(#9787,#9793);
#9787 = PRODUCT_DEFINITION_SHAPE('','',#9788);
#9788 = PRODUCT_DEFINITION('design','',#9789,#9792);
#9789 = PRODUCT_DEFINITION_FORMATION('','',#9790);
#9790 = PRODUCT('JST_SH_SM02B-SRSS-TB_1x02-1MP_P1.00mm_Horizontal',
  'JST_SH_SM02B-SRSS-TB_1x02-1MP_P1.00mm_Horizontal','',(#9791));
#9791 = PRODUCT_CONTEXT('',#2,'mechanical');
#9792 = PRODUCT_DEFINITION_CONTEXT('part definition',#2,'design');
#9793 = ADVANCED_BREP_SHAPE_REPRESENTATION('',(#11,#9794),#11918);
#9794 = MANIFOLD_SOLID_BREP('',#9795);
#9795 = CLOSED_SHELL('',(#9796,#9900,#10043,#10067,#10091,#10115,#10139,
    #10300,#10356,#10380,#10404,#10428,#10452,#10538,#10610,#10634,
    #10665,#10689,#10720,#10744,#10784,#10808,#10841,#10881,#10905,
    #10938,#10965,#10983,#11008,#11032,#11086,#11110,#11134,#11151,
    #11175,#11222,#11246,#11270,#11287,#11304,#11344,#11361,#11375,
    #11392,#11409,#11426,#11450,#11467,#11484,#11496,#11516,#11528,
    #11540,#11557,#11569,#11586,#11598,#11610,#11690,#11702,#11733,
    #11757,#11781,#11798,#11829,#11853,#11877,#11894,#11906));
#9796 = ADVANCED_FACE('',(#9797),#9895,.F.);
#9797 = FACE_BOUND('',#9798,.F.);
#9798 = EDGE_LOOP('',(#9799,#9809,#9817,#9825,#9833,#9841,#9849,#9857,
    #9865,#9873,#9881,#9889));
#9799 = ORIENTED_EDGE('',*,*,#9800,.F.);
#9800 = EDGE_CURVE('',#9801,#9803,#9805,.T.);
#9801 = VERTEX_POINT('',#9802);
#9802 = CARTESIAN_POINT('',(-2.,1.775,6.E-02));
#9803 = VERTEX_POINT('',#9804);
#9804 = CARTESIAN_POINT('',(-2.,-0.975,6.E-02));
#9805 = LINE('',#9806,#9807);
#9806 = CARTESIAN_POINT('',(-2.,1.775,6.E-02));
#9807 = VECTOR('',#9808,1.);
#9808 = DIRECTION('',(0.,-1.,1.110223024625E-16));
#9809 = ORIENTED_EDGE('',*,*,#9810,.T.);
#9810 = EDGE_CURVE('',#9801,#9811,#9813,.T.);
#9811 = VERTEX_POINT('',#9812);
#9812 = CARTESIAN_POINT('',(-2.,1.775,1.46));
#9813 = LINE('',#9814,#9815);
#9814 = CARTESIAN_POINT('',(-2.,1.775,6.E-02));
#9815 = VECTOR('',#9816,1.);
#9816 = DIRECTION('',(0.,1.110223024625E-16,1.));
#9817 = ORIENTED_EDGE('',*,*,#9818,.T.);
#9818 = EDGE_CURVE('',#9811,#9819,#9821,.T.);
#9819 = VERTEX_POINT('',#9820);
#9820 = CARTESIAN_POINT('',(-2.,1.225,1.46));
#9821 = LINE('',#9822,#9823);
#9822 = CARTESIAN_POINT('',(-2.,1.775,1.46));
#9823 = VECTOR('',#9824,1.);
#9824 = DIRECTION('',(0.,-1.,1.110223024625E-16));
#9825 = ORIENTED_EDGE('',*,*,#9826,.T.);
#9826 = EDGE_CURVE('',#9819,#9827,#9829,.T.);
#9827 = VERTEX_POINT('',#9828);
#9828 = CARTESIAN_POINT('',(-2.,1.225,2.46));
#9829 = LINE('',#9830,#9831);
#9830 = CARTESIAN_POINT('',(-2.,1.225,1.46));
#9831 = VECTOR('',#9832,1.);
#9832 = DIRECTION('',(0.,1.110223024625E-16,1.));
#9833 = ORIENTED_EDGE('',*,*,#9834,.T.);
#9834 = EDGE_CURVE('',#9827,#9835,#9837,.T.);
#9835 = VERTEX_POINT('',#9836);
#9836 = CARTESIAN_POINT('',(-2.,0.575,2.46));
#9837 = LINE('',#9838,#9839);
#9838 = CARTESIAN_POINT('',(-2.,1.225,2.46));
#9839 = VECTOR('',#9840,1.);
#9840 = DIRECTION('',(0.,-1.,1.110223024625E-16));
#9841 = ORIENTED_EDGE('',*,*,#9842,.T.);
#9842 = EDGE_CURVE('',#9835,#9843,#9845,.T.);
#9843 = VERTEX_POINT('',#9844);
#9844 = CARTESIAN_POINT('',(-2.,0.286,2.96));
#9845 = LINE('',#9846,#9847);
#9846 = CARTESIAN_POINT('',(-2.,0.575,2.46));
#9847 = VECTOR('',#9848,1.);
#9848 = DIRECTION('',(0.,-0.500421834463,0.865781720524));
#9849 = ORIENTED_EDGE('',*,*,#9850,.T.);
#9850 = EDGE_CURVE('',#9843,#9851,#9853,.T.);
#9851 = VERTEX_POINT('',#9852);
#9852 = CARTESIAN_POINT('',(-2.,-2.475,2.96));
#9853 = LINE('',#9854,#9855);
#9854 = CARTESIAN_POINT('',(-2.,1.775,2.96));
#9855 = VECTOR('',#9856,1.);
#9856 = DIRECTION('',(0.,-1.,1.110223024625E-16));
#9857 = ORIENTED_EDGE('',*,*,#9858,.F.);
#9858 = EDGE_CURVE('',#9859,#9851,#9861,.T.);
#9859 = VERTEX_POINT('',#9860);
#9860 = CARTESIAN_POINT('',(-2.,-2.475,1.26));
#9861 = LINE('',#9862,#9863);
#9862 = CARTESIAN_POINT('',(-2.,-2.475,6.E-02));
#9863 = VECTOR('',#9864,1.);
#9864 = DIRECTION('',(0.,1.110223024625E-16,1.));
#9865 = ORIENTED_EDGE('',*,*,#9866,.T.);
#9866 = EDGE_CURVE('',#9859,#9867,#9869,.T.);
#9867 = VERTEX_POINT('',#9868);
#9868 = CARTESIAN_POINT('',(-2.,-1.975,1.26));
#9869 = LINE('',#9870,#9871);
#9870 = CARTESIAN_POINT('',(-2.,-2.475,1.26));
#9871 = VECTOR('',#9872,1.);
#9872 = DIRECTION('',(0.,1.,-1.110223024625E-16));
#9873 = ORIENTED_EDGE('',*,*,#9874,.T.);
#9874 = EDGE_CURVE('',#9867,#9875,#9877,.T.);
#9875 = VERTEX_POINT('',#9876);
#9876 = CARTESIAN_POINT('',(-2.,-1.975,0.61));
#9877 = LINE('',#9878,#9879);
#9878 = CARTESIAN_POINT('',(-2.,-1.975,1.26));
#9879 = VECTOR('',#9880,1.);
#9880 = DIRECTION('',(0.,-1.110223024625E-16,-1.));
#9881 = ORIENTED_EDGE('',*,*,#9882,.T.);
#9882 = EDGE_CURVE('',#9875,#9883,#9885,.T.);
#9883 = VERTEX_POINT('',#9884);
#9884 = CARTESIAN_POINT('',(-2.,-0.975,0.61));
#9885 = LINE('',#9886,#9887);
#9886 = CARTESIAN_POINT('',(-2.,-1.975,0.61));
#9887 = VECTOR('',#9888,1.);
#9888 = DIRECTION('',(0.,1.,-1.110223024625E-16));
#9889 = ORIENTED_EDGE('',*,*,#9890,.T.);
#9890 = EDGE_CURVE('',#9883,#9803,#9891,.T.);
#9891 = LINE('',#9892,#9893);
#9892 = CARTESIAN_POINT('',(-2.,-0.975,0.61));
#9893 = VECTOR('',#9894,1.);
#9894 = DIRECTION('',(0.,-1.110223024625E-16,-1.));
#9895 = PLANE('',#9896);
#9896 = AXIS2_PLACEMENT_3D('',#9897,#9898,#9899);
#9897 = CARTESIAN_POINT('',(-2.,1.775,6.E-02));
#9898 = DIRECTION('',(1.,0.,0.));
#9899 = DIRECTION('',(0.,-1.,1.110223024625E-16));
#9900 = ADVANCED_FACE('',(#9901),#10038,.F.);
#9901 = FACE_BOUND('',#9902,.F.);
#9902 = EDGE_LOOP('',(#9903,#9913,#9921,#9929,#9937,#9945,#9953,#9961,
    #9969,#9977,#9983,#9984,#9992,#10000,#10008,#10016,#10024,#10032));
#9903 = ORIENTED_EDGE('',*,*,#9904,.F.);
#9904 = EDGE_CURVE('',#9905,#9907,#9909,.T.);
#9905 = VERTEX_POINT('',#9906);
#9906 = CARTESIAN_POINT('',(2.,1.775,6.E-02));
#9907 = VERTEX_POINT('',#9908);
#9908 = CARTESIAN_POINT('',(2.,-0.975,6.E-02));
#9909 = LINE('',#9910,#9911);
#9910 = CARTESIAN_POINT('',(2.,1.775,6.E-02));
#9911 = VECTOR('',#9912,1.);
#9912 = DIRECTION('',(0.,-1.,1.110223024625E-16));
#9913 = ORIENTED_EDGE('',*,*,#9914,.F.);
#9914 = EDGE_CURVE('',#9915,#9905,#9917,.T.);
#9915 = VERTEX_POINT('',#9916);
#9916 = CARTESIAN_POINT('',(0.6,1.775,6.E-02));
#9917 = LINE('',#9918,#9919);
#9918 = CARTESIAN_POINT('',(-2.,1.775,6.E-02));
#9919 = VECTOR('',#9920,1.);
#9920 = DIRECTION('',(1.,0.,0.));
#9921 = ORIENTED_EDGE('',*,*,#9922,.F.);
#9922 = EDGE_CURVE('',#9923,#9915,#9925,.T.);
#9923 = VERTEX_POINT('',#9924);
#9924 = CARTESIAN_POINT('',(0.6,1.675,6.E-02));
#9925 = LINE('',#9926,#9927);
#9926 = CARTESIAN_POINT('',(0.6,1.675,6.E-02));
#9927 = VECTOR('',#9928,1.);
#9928 = DIRECTION('',(0.,1.,0.));
#9929 = ORIENTED_EDGE('',*,*,#9930,.F.);
#9930 = EDGE_CURVE('',#9931,#9923,#9933,.T.);
#9931 = VERTEX_POINT('',#9932);
#9932 = CARTESIAN_POINT('',(0.4,1.675,6.E-02));
#9933 = LINE('',#9934,#9935);
#9934 = CARTESIAN_POINT('',(0.4,1.675,6.E-02));
#9935 = VECTOR('',#9936,1.);
#9936 = DIRECTION('',(1.,0.,0.));
#9937 = ORIENTED_EDGE('',*,*,#9938,.T.);
#9938 = EDGE_CURVE('',#9931,#9939,#9941,.T.);
#9939 = VERTEX_POINT('',#9940);
#9940 = CARTESIAN_POINT('',(0.4,1.775,6.E-02));
#9941 = LINE('',#9942,#9943);
#9942 = CARTESIAN_POINT('',(0.4,1.675,6.E-02));
#9943 = VECTOR('',#9944,1.);
#9944 = DIRECTION('',(0.,1.,0.));
#9945 = ORIENTED_EDGE('',*,*,#9946,.F.);
#9946 = EDGE_CURVE('',#9947,#9939,#9949,.T.);
#9947 = VERTEX_POINT('',#9948);
#9948 = CARTESIAN_POINT('',(-0.4,1.775,6.E-02));
#9949 = LINE('',#9950,#9951);
#9950 = CARTESIAN_POINT('',(-2.,1.775,6.E-02));
#9951 = VECTOR('',#9952,1.);
#9952 = DIRECTION('',(1.,0.,0.));
#9953 = ORIENTED_EDGE('',*,*,#9954,.F.);
#9954 = EDGE_CURVE('',#9955,#9947,#9957,.T.);
#9955 = VERTEX_POINT('',#9956);
#9956 = CARTESIAN_POINT('',(-0.4,1.675,6.E-02));
#9957 = LINE('',#9958,#9959);
#9958 = CARTESIAN_POINT('',(-0.4,1.675,6.E-02));
#9959 = VECTOR('',#9960,1.);
#9960 = DIRECTION('',(0.,1.,0.));
#9961 = ORIENTED_EDGE('',*,*,#9962,.F.);
#9962 = EDGE_CURVE('',#9963,#9955,#9965,.T.);
#9963 = VERTEX_POINT('',#9964);
#9964 = CARTESIAN_POINT('',(-0.6,1.675,6.E-02));
#9965 = LINE('',#9966,#9967);
#9966 = CARTESIAN_POINT('',(-0.6,1.675,6.E-02));
#9967 = VECTOR('',#9968,1.);
#9968 = DIRECTION('',(1.,0.,0.));
#9969 = ORIENTED_EDGE('',*,*,#9970,.T.);
#9970 = EDGE_CURVE('',#9963,#9971,#9973,.T.);
#9971 = VERTEX_POINT('',#9972);
#9972 = CARTESIAN_POINT('',(-0.6,1.775,6.E-02));
#9973 = LINE('',#9974,#9975);
#9974 = CARTESIAN_POINT('',(-0.6,1.675,6.E-02));
#9975 = VECTOR('',#9976,1.);
#9976 = DIRECTION('',(0.,1.,0.));
#9977 = ORIENTED_EDGE('',*,*,#9978,.F.);
#9978 = EDGE_CURVE('',#9801,#9971,#9979,.T.);
#9979 = LINE('',#9980,#9981);
#9980 = CARTESIAN_POINT('',(-2.,1.775,6.E-02));
#9981 = VECTOR('',#9982,1.);
#9982 = DIRECTION('',(1.,0.,0.));
#9983 = ORIENTED_EDGE('',*,*,#9800,.T.);
#9984 = ORIENTED_EDGE('',*,*,#9985,.T.);
#9985 = EDGE_CURVE('',#9803,#9986,#9988,.T.);
#9986 = VERTEX_POINT('',#9987);
#9987 = CARTESIAN_POINT('',(-1.7,-0.975,6.E-02));
#9988 = LINE('',#9989,#9990);
#9989 = CARTESIAN_POINT('',(-2.,-0.975,6.E-02));
#9990 = VECTOR('',#9991,1.);
#9991 = DIRECTION('',(1.,0.,0.));
#9992 = ORIENTED_EDGE('',*,*,#9993,.T.);
#9993 = EDGE_CURVE('',#9986,#9994,#9996,.T.);
#9994 = VERTEX_POINT('',#9995);
#9995 = CARTESIAN_POINT('',(-1.5,-0.975,6.E-02));
#9996 = LINE('',#9997,#9998);
#9997 = CARTESIAN_POINT('',(-2.,-0.975,6.E-02));
#9998 = VECTOR('',#9999,1.);
#9999 = DIRECTION('',(1.,0.,0.));
#10000 = ORIENTED_EDGE('',*,*,#10001,.T.);
#10001 = EDGE_CURVE('',#9994,#10002,#10004,.T.);
#10002 = VERTEX_POINT('',#10003);
#10003 = CARTESIAN_POINT('',(-1.5,-2.475,6.E-02));
#10004 = LINE('',#10005,#10006);
#10005 = CARTESIAN_POINT('',(-1.5,-0.975,6.E-02));
#10006 = VECTOR('',#10007,1.);
#10007 = DIRECTION('',(0.,-1.,2.590520390792E-16));
#10008 = ORIENTED_EDGE('',*,*,#10009,.T.);
#10009 = EDGE_CURVE('',#10002,#10010,#10012,.T.);
#10010 = VERTEX_POINT('',#10011);
#10011 = CARTESIAN_POINT('',(1.5,-2.475,6.E-02));
#10012 = LINE('',#10013,#10014);
#10013 = CARTESIAN_POINT('',(-2.,-2.475,6.E-02));
#10014 = VECTOR('',#10015,1.);
#10015 = DIRECTION('',(1.,0.,0.));
#10016 = ORIENTED_EDGE('',*,*,#10017,.F.);
#10017 = EDGE_CURVE('',#10018,#10010,#10020,.T.);
#10018 = VERTEX_POINT('',#10019);
#10019 = CARTESIAN_POINT('',(1.5,-0.975,6.E-02));
#10020 = LINE('',#10021,#10022);
#10021 = CARTESIAN_POINT('',(1.5,-0.975,6.E-02));
#10022 = VECTOR('',#10023,1.);
#10023 = DIRECTION('',(0.,-1.,2.590520390792E-16));
#10024 = ORIENTED_EDGE('',*,*,#10025,.T.);
#10025 = EDGE_CURVE('',#10018,#10026,#10028,.T.);
#10026 = VERTEX_POINT('',#10027);
#10027 = CARTESIAN_POINT('',(1.7,-0.975,6.E-02));
#10028 = LINE('',#10029,#10030);
#10029 = CARTESIAN_POINT('',(1.5,-0.975,6.E-02));
#10030 = VECTOR('',#10031,1.);
#10031 = DIRECTION('',(1.,0.,0.));
#10032 = ORIENTED_EDGE('',*,*,#10033,.T.);
#10033 = EDGE_CURVE('',#10026,#9907,#10034,.T.);
#10034 = LINE('',#10035,#10036);
#10035 = CARTESIAN_POINT('',(1.5,-0.975,6.E-02));
#10036 = VECTOR('',#10037,1.);
#10037 = DIRECTION('',(1.,0.,0.));
#10038 = PLANE('',#10039);
#10039 = AXIS2_PLACEMENT_3D('',#10040,#10041,#10042);
#10040 = CARTESIAN_POINT('',(-2.,1.775,6.E-02));
#10041 = DIRECTION('',(0.,1.110223024625E-16,1.));
#10042 = DIRECTION('',(0.,-1.,1.110223024625E-16));
#10043 = ADVANCED_FACE('',(#10044),#10062,.F.);
#10044 = FACE_BOUND('',#10045,.F.);
#10045 = EDGE_LOOP('',(#10046,#10047,#10055,#10061));
#10046 = ORIENTED_EDGE('',*,*,#9890,.F.);
#10047 = ORIENTED_EDGE('',*,*,#10048,.T.);
#10048 = EDGE_CURVE('',#9883,#10049,#10051,.T.);
#10049 = VERTEX_POINT('',#10050);
#10050 = CARTESIAN_POINT('',(-1.7,-0.975,0.61));
#10051 = LINE('',#10052,#10053);
#10052 = CARTESIAN_POINT('',(-2.,-0.975,0.61));
#10053 = VECTOR('',#10054,1.);
#10054 = DIRECTION('',(1.,0.,0.));
#10055 = ORIENTED_EDGE('',*,*,#10056,.T.);
#10056 = EDGE_CURVE('',#10049,#9986,#10057,.T.);
#10057 = LINE('',#10058,#10059);
#10058 = CARTESIAN_POINT('',(-1.7,-0.975,0.61));
#10059 = VECTOR('',#10060,1.);
#10060 = DIRECTION('',(0.,0.,-1.));
#10061 = ORIENTED_EDGE('',*,*,#9985,.F.);
#10062 = PLANE('',#10063);
#10063 = AXIS2_PLACEMENT_3D('',#10064,#10065,#10066);
#10064 = CARTESIAN_POINT('',(-2.,-0.975,0.61));
#10065 = DIRECTION('',(0.,1.,-1.110223024625E-16));
#10066 = DIRECTION('',(0.,-1.110223024625E-16,-1.));
#10067 = ADVANCED_FACE('',(#10068),#10086,.F.);
#10068 = FACE_BOUND('',#10069,.F.);
#10069 = EDGE_LOOP('',(#10070,#10071,#10079,#10085));
#10070 = ORIENTED_EDGE('',*,*,#9882,.F.);
#10071 = ORIENTED_EDGE('',*,*,#10072,.T.);
#10072 = EDGE_CURVE('',#9875,#10073,#10075,.T.);
#10073 = VERTEX_POINT('',#10074);
#10074 = CARTESIAN_POINT('',(-1.7,-1.975,0.61));
#10075 = LINE('',#10076,#10077);
#10076 = CARTESIAN_POINT('',(-2.,-1.975,0.61));
#10077 = VECTOR('',#10078,1.);
#10078 = DIRECTION('',(1.,0.,0.));
#10079 = ORIENTED_EDGE('',*,*,#10080,.T.);
#10080 = EDGE_CURVE('',#10073,#10049,#10081,.T.);
#10081 = LINE('',#10082,#10083);
#10082 = CARTESIAN_POINT('',(-1.7,-1.975,0.61));
#10083 = VECTOR('',#10084,1.);
#10084 = DIRECTION('',(0.,1.,0.));
#10085 = ORIENTED_EDGE('',*,*,#10048,.F.);
#10086 = PLANE('',#10087);
#10087 = AXIS2_PLACEMENT_3D('',#10088,#10089,#10090);
#10088 = CARTESIAN_POINT('',(-2.,-1.975,0.61));
#10089 = DIRECTION('',(0.,1.110223024625E-16,1.));
#10090 = DIRECTION('',(0.,1.,-1.110223024625E-16));
#10091 = ADVANCED_FACE('',(#10092),#10110,.F.);
#10092 = FACE_BOUND('',#10093,.F.);
#10093 = EDGE_LOOP('',(#10094,#10095,#10103,#10109));
#10094 = ORIENTED_EDGE('',*,*,#9874,.F.);
#10095 = ORIENTED_EDGE('',*,*,#10096,.T.);
#10096 = EDGE_CURVE('',#9867,#10097,#10099,.T.);
#10097 = VERTEX_POINT('',#10098);
#10098 = CARTESIAN_POINT('',(-1.7,-1.975,1.26));
#10099 = LINE('',#10100,#10101);
#10100 = CARTESIAN_POINT('',(-2.,-1.975,1.26));
#10101 = VECTOR('',#10102,1.);
#10102 = DIRECTION('',(1.,0.,0.));
#10103 = ORIENTED_EDGE('',*,*,#10104,.T.);
#10104 = EDGE_CURVE('',#10097,#10073,#10105,.T.);
#10105 = LINE('',#10106,#10107);
#10106 = CARTESIAN_POINT('',(-1.7,-1.975,1.26));
#10107 = VECTOR('',#10108,1.);
#10108 = DIRECTION('',(0.,0.,-1.));
#10109 = ORIENTED_EDGE('',*,*,#10072,.F.);
#10110 = PLANE('',#10111);
#10111 = AXIS2_PLACEMENT_3D('',#10112,#10113,#10114);
#10112 = CARTESIAN_POINT('',(-2.,-1.975,1.26));
#10113 = DIRECTION('',(0.,1.,-1.110223024625E-16));
#10114 = DIRECTION('',(0.,-1.110223024625E-16,-1.));
#10115 = ADVANCED_FACE('',(#10116),#10134,.F.);
#10116 = FACE_BOUND('',#10117,.F.);
#10117 = EDGE_LOOP('',(#10118,#10119,#10127,#10133));
#10118 = ORIENTED_EDGE('',*,*,#9866,.F.);
#10119 = ORIENTED_EDGE('',*,*,#10120,.T.);
#10120 = EDGE_CURVE('',#9859,#10121,#10123,.T.);
#10121 = VERTEX_POINT('',#10122);
#10122 = CARTESIAN_POINT('',(-1.7,-2.475,1.26));
#10123 = LINE('',#10124,#10125);
#10124 = CARTESIAN_POINT('',(-2.,-2.475,1.26));
#10125 = VECTOR('',#10126,1.);
#10126 = DIRECTION('',(1.,0.,0.));
#10127 = ORIENTED_EDGE('',*,*,#10128,.T.);
#10128 = EDGE_CURVE('',#10121,#10097,#10129,.T.);
#10129 = LINE('',#10130,#10131);
#10130 = CARTESIAN_POINT('',(-1.7,-2.475,1.26));
#10131 = VECTOR('',#10132,1.);
#10132 = DIRECTION('',(0.,1.,0.));
#10133 = ORIENTED_EDGE('',*,*,#10096,.F.);
#10134 = PLANE('',#10135);
#10135 = AXIS2_PLACEMENT_3D('',#10136,#10137,#10138);
#10136 = CARTESIAN_POINT('',(-2.,-2.475,1.26));
#10137 = DIRECTION('',(0.,1.110223024625E-16,1.));
#10138 = DIRECTION('',(0.,1.,-1.110223024625E-16));
#10139 = ADVANCED_FACE('',(#10140,#10197),#10295,.T.);
#10140 = FACE_BOUND('',#10141,.T.);
#10141 = EDGE_LOOP('',(#10142,#10143,#10144,#10152,#10158,#10159,#10167,
    #10175,#10183,#10191));
#10142 = ORIENTED_EDGE('',*,*,#9858,.F.);
#10143 = ORIENTED_EDGE('',*,*,#10120,.T.);
#10144 = ORIENTED_EDGE('',*,*,#10145,.T.);
#10145 = EDGE_CURVE('',#10121,#10146,#10148,.T.);
#10146 = VERTEX_POINT('',#10147);
#10147 = CARTESIAN_POINT('',(-1.5,-2.475,1.26));
#10148 = LINE('',#10149,#10150);
#10149 = CARTESIAN_POINT('',(-2.,-2.475,1.26));
#10150 = VECTOR('',#10151,1.);
#10151 = DIRECTION('',(1.,0.,0.));
#10152 = ORIENTED_EDGE('',*,*,#10153,.F.);
#10153 = EDGE_CURVE('',#10002,#10146,#10154,.T.);
#10154 = LINE('',#10155,#10156);
#10155 = CARTESIAN_POINT('',(-1.5,-2.475,6.E-02));
#10156 = VECTOR('',#10157,1.);
#10157 = DIRECTION('',(0.,1.110223024625E-16,1.));
#10158 = ORIENTED_EDGE('',*,*,#10009,.T.);
#10159 = ORIENTED_EDGE('',*,*,#10160,.T.);
#10160 = EDGE_CURVE('',#10010,#10161,#10163,.T.);
#10161 = VERTEX_POINT('',#10162);
#10162 = CARTESIAN_POINT('',(1.5,-2.475,1.26));
#10163 = LINE('',#10164,#10165);
#10164 = CARTESIAN_POINT('',(1.5,-2.475,6.E-02));
#10165 = VECTOR('',#10166,1.);
#10166 = DIRECTION('',(0.,1.110223024625E-16,1.));
#10167 = ORIENTED_EDGE('',*,*,#10168,.T.);
#10168 = EDGE_CURVE('',#10161,#10169,#10171,.T.);
#10169 = VERTEX_POINT('',#10170);
#10170 = CARTESIAN_POINT('',(1.7,-2.475,1.26));
#10171 = LINE('',#10172,#10173);
#10172 = CARTESIAN_POINT('',(1.5,-2.475,1.26));
#10173 = VECTOR('',#10174,1.);
#10174 = DIRECTION('',(1.,0.,0.));
#10175 = ORIENTED_EDGE('',*,*,#10176,.T.);
#10176 = EDGE_CURVE('',#10169,#10177,#10179,.T.);
#10177 = VERTEX_POINT('',#10178);
#10178 = CARTESIAN_POINT('',(2.,-2.475,1.26));
#10179 = LINE('',#10180,#10181);
#10180 = CARTESIAN_POINT('',(1.5,-2.475,1.26));
#10181 = VECTOR('',#10182,1.);
#10182 = DIRECTION('',(1.,0.,0.));
#10183 = ORIENTED_EDGE('',*,*,#10184,.T.);
#10184 = EDGE_CURVE('',#10177,#10185,#10187,.T.);
#10185 = VERTEX_POINT('',#10186);
#10186 = CARTESIAN_POINT('',(2.,-2.475,2.96));
#10187 = LINE('',#10188,#10189);
#10188 = CARTESIAN_POINT('',(2.,-2.475,6.E-02));
#10189 = VECTOR('',#10190,1.);
#10190 = DIRECTION('',(0.,1.110223024625E-16,1.));
#10191 = ORIENTED_EDGE('',*,*,#10192,.F.);
#10192 = EDGE_CURVE('',#9851,#10185,#10193,.T.);
#10193 = LINE('',#10194,#10195);
#10194 = CARTESIAN_POINT('',(-2.,-2.475,2.96));
#10195 = VECTOR('',#10196,1.);
#10196 = DIRECTION('',(1.,0.,0.));
#10197 = FACE_BOUND('',#10198,.T.);
#10198 = EDGE_LOOP('',(#10199,#10209,#10217,#10225,#10233,#10241,#10249,
    #10257,#10265,#10273,#10281,#10289));
#10199 = ORIENTED_EDGE('',*,*,#10200,.F.);
#10200 = EDGE_CURVE('',#10201,#10203,#10205,.T.);
#10201 = VERTEX_POINT('',#10202);
#10202 = CARTESIAN_POINT('',(1.2,-2.475,0.46));
#10203 = VERTEX_POINT('',#10204);
#10204 = CARTESIAN_POINT('',(1.2,-2.475,1.46));
#10205 = LINE('',#10206,#10207);
#10206 = CARTESIAN_POINT('',(1.2,-2.475,0.46));
#10207 = VECTOR('',#10208,1.);
#10208 = DIRECTION('',(0.,1.110223024625E-16,1.));
#10209 = ORIENTED_EDGE('',*,*,#10210,.F.);
#10210 = EDGE_CURVE('',#10211,#10201,#10213,.T.);
#10211 = VERTEX_POINT('',#10212);
#10212 = CARTESIAN_POINT('',(-1.2,-2.475,0.46));
#10213 = LINE('',#10214,#10215);
#10214 = CARTESIAN_POINT('',(-1.2,-2.475,0.46));
#10215 = VECTOR('',#10216,1.);
#10216 = DIRECTION('',(1.,0.,0.));
#10217 = ORIENTED_EDGE('',*,*,#10218,.F.);
#10218 = EDGE_CURVE('',#10219,#10211,#10221,.T.);
#10219 = VERTEX_POINT('',#10220);
#10220 = CARTESIAN_POINT('',(-1.2,-2.475,1.46));
#10221 = LINE('',#10222,#10223);
#10222 = CARTESIAN_POINT('',(-1.2,-2.475,2.56));
#10223 = VECTOR('',#10224,1.);
#10224 = DIRECTION('',(0.,-1.110223024625E-16,-1.));
#10225 = ORIENTED_EDGE('',*,*,#10226,.F.);
#10226 = EDGE_CURVE('',#10227,#10219,#10229,.T.);
#10227 = VERTEX_POINT('',#10228);
#10228 = CARTESIAN_POINT('',(-1.55,-2.475,1.46));
#10229 = LINE('',#10230,#10231);
#10230 = CARTESIAN_POINT('',(-1.55,-2.475,1.46));
#10231 = VECTOR('',#10232,1.);
#10232 = DIRECTION('',(1.,0.,0.));
#10233 = ORIENTED_EDGE('',*,*,#10234,.F.);
#10234 = EDGE_CURVE('',#10235,#10227,#10237,.T.);
#10235 = VERTEX_POINT('',#10236);
#10236 = CARTESIAN_POINT('',(-1.55,-2.475,2.06));
#10237 = LINE('',#10238,#10239);
#10238 = CARTESIAN_POINT('',(-1.55,-2.475,2.06));
#10239 = VECTOR('',#10240,1.);
#10240 = DIRECTION('',(0.,-1.110223024625E-16,-1.));
#10241 = ORIENTED_EDGE('',*,*,#10242,.F.);
#10242 = EDGE_CURVE('',#10243,#10235,#10245,.T.);
#10243 = VERTEX_POINT('',#10244);
#10244 = CARTESIAN_POINT('',(-1.2,-2.475,2.06));
#10245 = LINE('',#10246,#10247);
#10246 = CARTESIAN_POINT('',(1.55,-2.475,2.06));
#10247 = VECTOR('',#10248,1.);
#10248 = DIRECTION('',(-1.,0.,0.));
#10249 = ORIENTED_EDGE('',*,*,#10250,.F.);
#10250 = EDGE_CURVE('',#10251,#10243,#10253,.T.);
#10251 = VERTEX_POINT('',#10252);
#10252 = CARTESIAN_POINT('',(-1.2,-2.475,2.56));
#10253 = LINE('',#10254,#10255);
#10254 = CARTESIAN_POINT('',(-1.2,-2.475,2.56));
#10255 = VECTOR('',#10256,1.);
#10256 = DIRECTION('',(0.,-1.110223024625E-16,-1.));
#10257 = ORIENTED_EDGE('',*,*,#10258,.F.);
#10258 = EDGE_CURVE('',#10259,#10251,#10261,.T.);
#10259 = VERTEX_POINT('',#10260);
#10260 = CARTESIAN_POINT('',(1.2,-2.475,2.56));
#10261 = LINE('',#10262,#10263);
#10262 = CARTESIAN_POINT('',(1.2,-2.475,2.56));
#10263 = VECTOR('',#10264,1.);
#10264 = DIRECTION('',(-1.,0.,0.));
#10265 = ORIENTED_EDGE('',*,*,#10266,.F.);
#10266 = EDGE_CURVE('',#10267,#10259,#10269,.T.);
#10267 = VERTEX_POINT('',#10268);
#10268 = CARTESIAN_POINT('',(1.2,-2.475,2.06));
#10269 = LINE('',#10270,#10271);
#10270 = CARTESIAN_POINT('',(1.2,-2.475,0.46));
#10271 = VECTOR('',#10272,1.);
#10272 = DIRECTION('',(0.,1.110223024625E-16,1.));
#10273 = ORIENTED_EDGE('',*,*,#10274,.F.);
#10274 = EDGE_CURVE('',#10275,#10267,#10277,.T.);
#10275 = VERTEX_POINT('',#10276);
#10276 = CARTESIAN_POINT('',(1.55,-2.475,2.06));
#10277 = LINE('',#10278,#10279);
#10278 = CARTESIAN_POINT('',(1.55,-2.475,2.06));
#10279 = VECTOR('',#10280,1.);
#10280 = DIRECTION('',(-1.,0.,0.));
#10281 = ORIENTED_EDGE('',*,*,#10282,.F.);
#10282 = EDGE_CURVE('',#10283,#10275,#10285,.T.);
#10283 = VERTEX_POINT('',#10284);
#10284 = CARTESIAN_POINT('',(1.55,-2.475,1.46));
#10285 = LINE('',#10286,#10287);
#10286 = CARTESIAN_POINT('',(1.55,-2.475,1.46));
#10287 = VECTOR('',#10288,1.);
#10288 = DIRECTION('',(0.,1.110223024625E-16,1.));
#10289 = ORIENTED_EDGE('',*,*,#10290,.F.);
#10290 = EDGE_CURVE('',#10203,#10283,#10291,.T.);
#10291 = LINE('',#10292,#10293);
#10292 = CARTESIAN_POINT('',(-1.55,-2.475,1.46));
#10293 = VECTOR('',#10294,1.);
#10294 = DIRECTION('',(1.,0.,0.));
#10295 = PLANE('',#10296);
#10296 = AXIS2_PLACEMENT_3D('',#10297,#10298,#10299);
#10297 = CARTESIAN_POINT('',(-2.,-2.475,6.E-02));
#10298 = DIRECTION('',(0.,-1.,1.110223024625E-16));
#10299 = DIRECTION('',(1.,0.,0.));
#10300 = ADVANCED_FACE('',(#10301),#10351,.T.);
#10301 = FACE_BOUND('',#10302,.T.);
#10302 = EDGE_LOOP('',(#10303,#10313,#10321,#10327,#10328,#10329,#10337,
    #10345));
#10303 = ORIENTED_EDGE('',*,*,#10304,.F.);
#10304 = EDGE_CURVE('',#10305,#10307,#10309,.T.);
#10305 = VERTEX_POINT('',#10306);
#10306 = CARTESIAN_POINT('',(-1.5,1.775,2.96));
#10307 = VERTEX_POINT('',#10308);
#10308 = CARTESIAN_POINT('',(1.5,1.775,2.96));
#10309 = LINE('',#10310,#10311);
#10310 = CARTESIAN_POINT('',(-2.,1.775,2.96));
#10311 = VECTOR('',#10312,1.);
#10312 = DIRECTION('',(1.,0.,0.));
#10313 = ORIENTED_EDGE('',*,*,#10314,.F.);
#10314 = EDGE_CURVE('',#10315,#10305,#10317,.T.);
#10315 = VERTEX_POINT('',#10316);
#10316 = CARTESIAN_POINT('',(-1.5,0.286,2.96));
#10317 = LINE('',#10318,#10319);
#10318 = CARTESIAN_POINT('',(-1.5,0.286,2.96));
#10319 = VECTOR('',#10320,1.);
#10320 = DIRECTION('',(0.,1.,-1.110223024625E-16));
#10321 = ORIENTED_EDGE('',*,*,#10322,.F.);
#10322 = EDGE_CURVE('',#9843,#10315,#10323,.T.);
#10323 = LINE('',#10324,#10325);
#10324 = CARTESIAN_POINT('',(-2.,0.286,2.96));
#10325 = VECTOR('',#10326,1.);
#10326 = DIRECTION('',(1.,0.,0.));
#10327 = ORIENTED_EDGE('',*,*,#9850,.T.);
#10328 = ORIENTED_EDGE('',*,*,#10192,.T.);
#10329 = ORIENTED_EDGE('',*,*,#10330,.F.);
#10330 = EDGE_CURVE('',#10331,#10185,#10333,.T.);
#10331 = VERTEX_POINT('',#10332);
#10332 = CARTESIAN_POINT('',(2.,0.286,2.96));
#10333 = LINE('',#10334,#10335);
#10334 = CARTESIAN_POINT('',(2.,1.775,2.96));
#10335 = VECTOR('',#10336,1.);
#10336 = DIRECTION('',(0.,-1.,1.110223024625E-16));
#10337 = ORIENTED_EDGE('',*,*,#10338,.F.);
#10338 = EDGE_CURVE('',#10339,#10331,#10341,.T.);
#10339 = VERTEX_POINT('',#10340);
#10340 = CARTESIAN_POINT('',(1.5,0.286,2.96));
#10341 = LINE('',#10342,#10343);
#10342 = CARTESIAN_POINT('',(1.5,0.286,2.96));
#10343 = VECTOR('',#10344,1.);
#10344 = DIRECTION('',(1.,0.,0.));
#10345 = ORIENTED_EDGE('',*,*,#10346,.T.);
#10346 = EDGE_CURVE('',#10339,#10307,#10347,.T.);
#10347 = LINE('',#10348,#10349);
#10348 = CARTESIAN_POINT('',(1.5,0.286,2.96));
#10349 = VECTOR('',#10350,1.);
#10350 = DIRECTION('',(0.,1.,-1.110223024625E-16));
#10351 = PLANE('',#10352);
#10352 = AXIS2_PLACEMENT_3D('',#10353,#10354,#10355);
#10353 = CARTESIAN_POINT('',(-2.,1.775,2.96));
#10354 = DIRECTION('',(0.,1.110223024625E-16,1.));
#10355 = DIRECTION('',(0.,-1.,1.110223024625E-16));
#10356 = ADVANCED_FACE('',(#10357),#10375,.F.);
#10357 = FACE_BOUND('',#10358,.F.);
#10358 = EDGE_LOOP('',(#10359,#10367,#10373,#10374));
#10359 = ORIENTED_EDGE('',*,*,#10360,.T.);
#10360 = EDGE_CURVE('',#9835,#10361,#10363,.T.);
#10361 = VERTEX_POINT('',#10362);
#10362 = CARTESIAN_POINT('',(-1.5,0.575,2.46));
#10363 = LINE('',#10364,#10365);
#10364 = CARTESIAN_POINT('',(-2.,0.575,2.46));
#10365 = VECTOR('',#10366,1.);
#10366 = DIRECTION('',(1.,0.,0.));
#10367 = ORIENTED_EDGE('',*,*,#10368,.T.);
#10368 = EDGE_CURVE('',#10361,#10315,#10369,.T.);
#10369 = LINE('',#10370,#10371);
#10370 = CARTESIAN_POINT('',(-1.5,0.575,2.46));
#10371 = VECTOR('',#10372,1.);
#10372 = DIRECTION('',(0.,-0.500421834463,0.865781720524));
#10373 = ORIENTED_EDGE('',*,*,#10322,.F.);
#10374 = ORIENTED_EDGE('',*,*,#9842,.F.);
#10375 = PLANE('',#10376);
#10376 = AXIS2_PLACEMENT_3D('',#10377,#10378,#10379);
#10377 = CARTESIAN_POINT('',(-2.,0.575,2.46));
#10378 = DIRECTION('',(0.,-0.865781720524,-0.500421834463));
#10379 = DIRECTION('',(0.,-0.500421834463,0.865781720524));
#10380 = ADVANCED_FACE('',(#10381),#10399,.F.);
#10381 = FACE_BOUND('',#10382,.F.);
#10382 = EDGE_LOOP('',(#10383,#10391,#10397,#10398));
#10383 = ORIENTED_EDGE('',*,*,#10384,.T.);
#10384 = EDGE_CURVE('',#9827,#10385,#10387,.T.);
#10385 = VERTEX_POINT('',#10386);
#10386 = CARTESIAN_POINT('',(-1.5,1.225,2.46));
#10387 = LINE('',#10388,#10389);
#10388 = CARTESIAN_POINT('',(-2.,1.225,2.46));
#10389 = VECTOR('',#10390,1.);
#10390 = DIRECTION('',(1.,0.,0.));
#10391 = ORIENTED_EDGE('',*,*,#10392,.T.);
#10392 = EDGE_CURVE('',#10385,#10361,#10393,.T.);
#10393 = LINE('',#10394,#10395);
#10394 = CARTESIAN_POINT('',(-1.5,1.225,2.46));
#10395 = VECTOR('',#10396,1.);
#10396 = DIRECTION('',(0.,-1.,1.110223024625E-16));
#10397 = ORIENTED_EDGE('',*,*,#10360,.F.);
#10398 = ORIENTED_EDGE('',*,*,#9834,.F.);
#10399 = PLANE('',#10400);
#10400 = AXIS2_PLACEMENT_3D('',#10401,#10402,#10403);
#10401 = CARTESIAN_POINT('',(-2.,1.225,2.46));
#10402 = DIRECTION('',(0.,-1.110223024625E-16,-1.));
#10403 = DIRECTION('',(0.,-1.,1.110223024625E-16));
#10404 = ADVANCED_FACE('',(#10405),#10423,.F.);
#10405 = FACE_BOUND('',#10406,.F.);
#10406 = EDGE_LOOP('',(#10407,#10415,#10421,#10422));
#10407 = ORIENTED_EDGE('',*,*,#10408,.T.);
#10408 = EDGE_CURVE('',#9819,#10409,#10411,.T.);
#10409 = VERTEX_POINT('',#10410);
#10410 = CARTESIAN_POINT('',(-1.5,1.225,1.46));
#10411 = LINE('',#10412,#10413);
#10412 = CARTESIAN_POINT('',(-2.,1.225,1.46));
#10413 = VECTOR('',#10414,1.);
#10414 = DIRECTION('',(1.,0.,0.));
#10415 = ORIENTED_EDGE('',*,*,#10416,.T.);
#10416 = EDGE_CURVE('',#10409,#10385,#10417,.T.);
#10417 = LINE('',#10418,#10419);
#10418 = CARTESIAN_POINT('',(-1.5,1.225,1.46));
#10419 = VECTOR('',#10420,1.);
#10420 = DIRECTION('',(0.,1.110223024625E-16,1.));
#10421 = ORIENTED_EDGE('',*,*,#10384,.F.);
#10422 = ORIENTED_EDGE('',*,*,#9826,.F.);
#10423 = PLANE('',#10424);
#10424 = AXIS2_PLACEMENT_3D('',#10425,#10426,#10427);
#10425 = CARTESIAN_POINT('',(-2.,1.225,1.46));
#10426 = DIRECTION('',(0.,-1.,1.110223024625E-16));
#10427 = DIRECTION('',(0.,1.110223024625E-16,1.));
#10428 = ADVANCED_FACE('',(#10429),#10447,.F.);
#10429 = FACE_BOUND('',#10430,.F.);
#10430 = EDGE_LOOP('',(#10431,#10439,#10445,#10446));
#10431 = ORIENTED_EDGE('',*,*,#10432,.T.);
#10432 = EDGE_CURVE('',#9811,#10433,#10435,.T.);
#10433 = VERTEX_POINT('',#10434);
#10434 = CARTESIAN_POINT('',(-1.5,1.775,1.46));
#10435 = LINE('',#10436,#10437);
#10436 = CARTESIAN_POINT('',(-2.,1.775,1.46));
#10437 = VECTOR('',#10438,1.);
#10438 = DIRECTION('',(1.,0.,0.));
#10439 = ORIENTED_EDGE('',*,*,#10440,.T.);
#10440 = EDGE_CURVE('',#10433,#10409,#10441,.T.);
#10441 = LINE('',#10442,#10443);
#10442 = CARTESIAN_POINT('',(-1.5,1.775,1.46));
#10443 = VECTOR('',#10444,1.);
#10444 = DIRECTION('',(0.,-1.,1.110223024625E-16));
#10445 = ORIENTED_EDGE('',*,*,#10408,.F.);
#10446 = ORIENTED_EDGE('',*,*,#9818,.F.);
#10447 = PLANE('',#10448);
#10448 = AXIS2_PLACEMENT_3D('',#10449,#10450,#10451);
#10449 = CARTESIAN_POINT('',(-2.,1.775,1.46));
#10450 = DIRECTION('',(0.,-1.110223024625E-16,-1.));
#10451 = DIRECTION('',(0.,-1.,1.110223024625E-16));
#10452 = ADVANCED_FACE('',(#10453),#10533,.F.);
#10453 = FACE_BOUND('',#10454,.F.);
#10454 = EDGE_LOOP('',(#10455,#10456,#10457,#10465,#10473,#10479,#10480,
    #10488,#10496,#10502,#10503,#10511,#10519,#10525,#10526,#10532));
#10455 = ORIENTED_EDGE('',*,*,#9810,.F.);
#10456 = ORIENTED_EDGE('',*,*,#9978,.T.);
#10457 = ORIENTED_EDGE('',*,*,#10458,.T.);
#10458 = EDGE_CURVE('',#9971,#10459,#10461,.T.);
#10459 = VERTEX_POINT('',#10460);
#10460 = CARTESIAN_POINT('',(-0.6,1.775,0.2));
#10461 = LINE('',#10462,#10463);
#10462 = CARTESIAN_POINT('',(-0.6,1.775,6.E-02));
#10463 = VECTOR('',#10464,1.);
#10464 = DIRECTION('',(0.,0.,1.));
#10465 = ORIENTED_EDGE('',*,*,#10466,.T.);
#10466 = EDGE_CURVE('',#10459,#10467,#10469,.T.);
#10467 = VERTEX_POINT('',#10468);
#10468 = CARTESIAN_POINT('',(-0.4,1.775,0.2));
#10469 = LINE('',#10470,#10471);
#10470 = CARTESIAN_POINT('',(-0.6,1.775,0.2));
#10471 = VECTOR('',#10472,1.);
#10472 = DIRECTION('',(1.,0.,0.));
#10473 = ORIENTED_EDGE('',*,*,#10474,.F.);
#10474 = EDGE_CURVE('',#9947,#10467,#10475,.T.);
#10475 = LINE('',#10476,#10477);
#10476 = CARTESIAN_POINT('',(-0.4,1.775,6.E-02));
#10477 = VECTOR('',#10478,1.);
#10478 = DIRECTION('',(0.,0.,1.));
#10479 = ORIENTED_EDGE('',*,*,#9946,.T.);
#10480 = ORIENTED_EDGE('',*,*,#10481,.T.);
#10481 = EDGE_CURVE('',#9939,#10482,#10484,.T.);
#10482 = VERTEX_POINT('',#10483);
#10483 = CARTESIAN_POINT('',(0.4,1.775,0.2));
#10484 = LINE('',#10485,#10486);
#10485 = CARTESIAN_POINT('',(0.4,1.775,6.E-02));
#10486 = VECTOR('',#10487,1.);
#10487 = DIRECTION('',(0.,0.,1.));
#10488 = ORIENTED_EDGE('',*,*,#10489,.T.);
#10489 = EDGE_CURVE('',#10482,#10490,#10492,.T.);
#10490 = VERTEX_POINT('',#10491);
#10491 = CARTESIAN_POINT('',(0.6,1.775,0.2));
#10492 = LINE('',#10493,#10494);
#10493 = CARTESIAN_POINT('',(0.4,1.775,0.2));
#10494 = VECTOR('',#10495,1.);
#10495 = DIRECTION('',(1.,0.,0.));
#10496 = ORIENTED_EDGE('',*,*,#10497,.F.);
#10497 = EDGE_CURVE('',#9915,#10490,#10498,.T.);
#10498 = LINE('',#10499,#10500);
#10499 = CARTESIAN_POINT('',(0.6,1.775,6.E-02));
#10500 = VECTOR('',#10501,1.);
#10501 = DIRECTION('',(0.,0.,1.));
#10502 = ORIENTED_EDGE('',*,*,#9914,.T.);
#10503 = ORIENTED_EDGE('',*,*,#10504,.T.);
#10504 = EDGE_CURVE('',#9905,#10505,#10507,.T.);
#10505 = VERTEX_POINT('',#10506);
#10506 = CARTESIAN_POINT('',(2.,1.775,1.46));
#10507 = LINE('',#10508,#10509);
#10508 = CARTESIAN_POINT('',(2.,1.775,6.E-02));
#10509 = VECTOR('',#10510,1.);
#10510 = DIRECTION('',(0.,1.110223024625E-16,1.));
#10511 = ORIENTED_EDGE('',*,*,#10512,.F.);
#10512 = EDGE_CURVE('',#10513,#10505,#10515,.T.);
#10513 = VERTEX_POINT('',#10514);
#10514 = CARTESIAN_POINT('',(1.5,1.775,1.46));
#10515 = LINE('',#10516,#10517);
#10516 = CARTESIAN_POINT('',(1.5,1.775,1.46));
#10517 = VECTOR('',#10518,1.);
#10518 = DIRECTION('',(1.,0.,0.));
#10519 = ORIENTED_EDGE('',*,*,#10520,.F.);
#10520 = EDGE_CURVE('',#10307,#10513,#10521,.T.);
#10521 = LINE('',#10522,#10523);
#10522 = CARTESIAN_POINT('',(1.5,1.775,2.96));
#10523 = VECTOR('',#10524,1.);
#10524 = DIRECTION('',(0.,-1.110223024625E-16,-1.));
#10525 = ORIENTED_EDGE('',*,*,#10304,.F.);
#10526 = ORIENTED_EDGE('',*,*,#10527,.T.);
#10527 = EDGE_CURVE('',#10305,#10433,#10528,.T.);
#10528 = LINE('',#10529,#10530);
#10529 = CARTESIAN_POINT('',(-1.5,1.775,2.96));
#10530 = VECTOR('',#10531,1.);
#10531 = DIRECTION('',(0.,-1.110223024625E-16,-1.));
#10532 = ORIENTED_EDGE('',*,*,#10432,.F.);
#10533 = PLANE('',#10534);
#10534 = AXIS2_PLACEMENT_3D('',#10535,#10536,#10537);
#10535 = CARTESIAN_POINT('',(-2.,1.775,6.E-02));
#10536 = DIRECTION('',(0.,-1.,1.110223024625E-16));
#10537 = DIRECTION('',(1.,0.,0.));
#10538 = ADVANCED_FACE('',(#10539),#10605,.T.);
#10539 = FACE_BOUND('',#10540,.T.);
#10540 = EDGE_LOOP('',(#10541,#10542,#10543,#10551,#10559,#10567,#10573,
    #10574,#10575,#10583,#10591,#10599));
#10541 = ORIENTED_EDGE('',*,*,#9904,.F.);
#10542 = ORIENTED_EDGE('',*,*,#10504,.T.);
#10543 = ORIENTED_EDGE('',*,*,#10544,.T.);
#10544 = EDGE_CURVE('',#10505,#10545,#10547,.T.);
#10545 = VERTEX_POINT('',#10546);
#10546 = CARTESIAN_POINT('',(2.,1.225,1.46));
#10547 = LINE('',#10548,#10549);
#10548 = CARTESIAN_POINT('',(2.,1.775,1.46));
#10549 = VECTOR('',#10550,1.);
#10550 = DIRECTION('',(0.,-1.,1.110223024625E-16));
#10551 = ORIENTED_EDGE('',*,*,#10552,.T.);
#10552 = EDGE_CURVE('',#10545,#10553,#10555,.T.);
#10553 = VERTEX_POINT('',#10554);
#10554 = CARTESIAN_POINT('',(2.,1.225,2.46));
#10555 = LINE('',#10556,#10557);
#10556 = CARTESIAN_POINT('',(2.,1.225,1.46));
#10557 = VECTOR('',#10558,1.);
#10558 = DIRECTION('',(0.,1.110223024625E-16,1.));
#10559 = ORIENTED_EDGE('',*,*,#10560,.T.);
#10560 = EDGE_CURVE('',#10553,#10561,#10563,.T.);
#10561 = VERTEX_POINT('',#10562);
#10562 = CARTESIAN_POINT('',(2.,0.575,2.46));
#10563 = LINE('',#10564,#10565);
#10564 = CARTESIAN_POINT('',(2.,1.225,2.46));
#10565 = VECTOR('',#10566,1.);
#10566 = DIRECTION('',(0.,-1.,1.110223024625E-16));
#10567 = ORIENTED_EDGE('',*,*,#10568,.T.);
#10568 = EDGE_CURVE('',#10561,#10331,#10569,.T.);
#10569 = LINE('',#10570,#10571);
#10570 = CARTESIAN_POINT('',(2.,0.575,2.46));
#10571 = VECTOR('',#10572,1.);
#10572 = DIRECTION('',(0.,-0.500421834463,0.865781720524));
#10573 = ORIENTED_EDGE('',*,*,#10330,.T.);
#10574 = ORIENTED_EDGE('',*,*,#10184,.F.);
#10575 = ORIENTED_EDGE('',*,*,#10576,.T.);
#10576 = EDGE_CURVE('',#10177,#10577,#10579,.T.);
#10577 = VERTEX_POINT('',#10578);
#10578 = CARTESIAN_POINT('',(2.,-1.975,1.26));
#10579 = LINE('',#10580,#10581);
#10580 = CARTESIAN_POINT('',(2.,-2.475,1.26));
#10581 = VECTOR('',#10582,1.);
#10582 = DIRECTION('',(0.,1.,-1.110223024625E-16));
#10583 = ORIENTED_EDGE('',*,*,#10584,.T.);
#10584 = EDGE_CURVE('',#10577,#10585,#10587,.T.);
#10585 = VERTEX_POINT('',#10586);
#10586 = CARTESIAN_POINT('',(2.,-1.975,0.61));
#10587 = LINE('',#10588,#10589);
#10588 = CARTESIAN_POINT('',(2.,-1.975,1.26));
#10589 = VECTOR('',#10590,1.);
#10590 = DIRECTION('',(0.,-1.110223024625E-16,-1.));
#10591 = ORIENTED_EDGE('',*,*,#10592,.T.);
#10592 = EDGE_CURVE('',#10585,#10593,#10595,.T.);
#10593 = VERTEX_POINT('',#10594);
#10594 = CARTESIAN_POINT('',(2.,-0.975,0.61));
#10595 = LINE('',#10596,#10597);
#10596 = CARTESIAN_POINT('',(2.,-1.975,0.61));
#10597 = VECTOR('',#10598,1.);
#10598 = DIRECTION('',(0.,1.,-1.110223024625E-16));
#10599 = ORIENTED_EDGE('',*,*,#10600,.T.);
#10600 = EDGE_CURVE('',#10593,#9907,#10601,.T.);
#10601 = LINE('',#10602,#10603);
#10602 = CARTESIAN_POINT('',(2.,-0.975,0.61));
#10603 = VECTOR('',#10604,1.);
#10604 = DIRECTION('',(0.,-1.110223024625E-16,-1.));
#10605 = PLANE('',#10606);
#10606 = AXIS2_PLACEMENT_3D('',#10607,#10608,#10609);
#10607 = CARTESIAN_POINT('',(2.,1.775,6.E-02));
#10608 = DIRECTION('',(1.,0.,0.));
#10609 = DIRECTION('',(0.,-1.,1.110223024625E-16));
#10610 = ADVANCED_FACE('',(#10611),#10629,.F.);
#10611 = FACE_BOUND('',#10612,.F.);
#10612 = EDGE_LOOP('',(#10613,#10621,#10627,#10628));
#10613 = ORIENTED_EDGE('',*,*,#10614,.F.);
#10614 = EDGE_CURVE('',#10615,#10026,#10617,.T.);
#10615 = VERTEX_POINT('',#10616);
#10616 = CARTESIAN_POINT('',(1.7,-0.975,0.61));
#10617 = LINE('',#10618,#10619);
#10618 = CARTESIAN_POINT('',(1.7,-0.975,0.61));
#10619 = VECTOR('',#10620,1.);
#10620 = DIRECTION('',(0.,0.,-1.));
#10621 = ORIENTED_EDGE('',*,*,#10622,.T.);
#10622 = EDGE_CURVE('',#10615,#10593,#10623,.T.);
#10623 = LINE('',#10624,#10625);
#10624 = CARTESIAN_POINT('',(1.5,-0.975,0.61));
#10625 = VECTOR('',#10626,1.);
#10626 = DIRECTION('',(1.,0.,0.));
#10627 = ORIENTED_EDGE('',*,*,#10600,.T.);
#10628 = ORIENTED_EDGE('',*,*,#10033,.F.);
#10629 = PLANE('',#10630);
#10630 = AXIS2_PLACEMENT_3D('',#10631,#10632,#10633);
#10631 = CARTESIAN_POINT('',(1.5,-0.975,0.61));
#10632 = DIRECTION('',(0.,1.,-1.110223024625E-16));
#10633 = DIRECTION('',(0.,-1.110223024625E-16,-1.));
#10634 = ADVANCED_FACE('',(#10635),#10660,.T.);
#10635 = FACE_BOUND('',#10636,.T.);
#10636 = EDGE_LOOP('',(#10637,#10645,#10646,#10654));
#10637 = ORIENTED_EDGE('',*,*,#10638,.F.);
#10638 = EDGE_CURVE('',#10018,#10639,#10641,.T.);
#10639 = VERTEX_POINT('',#10640);
#10640 = CARTESIAN_POINT('',(1.5,-0.975,1.E-02));
#10641 = LINE('',#10642,#10643);
#10642 = CARTESIAN_POINT('',(1.5,-0.975,0.61));
#10643 = VECTOR('',#10644,1.);
#10644 = DIRECTION('',(0.,0.,-1.));
#10645 = ORIENTED_EDGE('',*,*,#10025,.T.);
#10646 = ORIENTED_EDGE('',*,*,#10647,.T.);
#10647 = EDGE_CURVE('',#10026,#10648,#10650,.T.);
#10648 = VERTEX_POINT('',#10649);
#10649 = CARTESIAN_POINT('',(1.7,-0.975,1.E-02));
#10650 = LINE('',#10651,#10652);
#10651 = CARTESIAN_POINT('',(1.7,-0.975,0.61));
#10652 = VECTOR('',#10653,1.);
#10653 = DIRECTION('',(0.,0.,-1.));
#10654 = ORIENTED_EDGE('',*,*,#10655,.F.);
#10655 = EDGE_CURVE('',#10639,#10648,#10656,.T.);
#10656 = LINE('',#10657,#10658);
#10657 = CARTESIAN_POINT('',(1.5,-0.975,1.E-02));
#10658 = VECTOR('',#10659,1.);
#10659 = DIRECTION('',(1.,0.,0.));
#10660 = PLANE('',#10661);
#10661 = AXIS2_PLACEMENT_3D('',#10662,#10663,#10664);
#10662 = CARTESIAN_POINT('',(1.5,-0.975,0.61));
#10663 = DIRECTION('',(0.,1.,0.));
#10664 = DIRECTION('',(0.,0.,-1.));
#10665 = ADVANCED_FACE('',(#10666),#10684,.T.);
#10666 = FACE_BOUND('',#10667,.T.);
#10667 = EDGE_LOOP('',(#10668,#10676,#10682,#10683));
#10668 = ORIENTED_EDGE('',*,*,#10669,.T.);
#10669 = EDGE_CURVE('',#10639,#10670,#10672,.T.);
#10670 = VERTEX_POINT('',#10671);
#10671 = CARTESIAN_POINT('',(1.5,-2.475,1.E-02));
#10672 = LINE('',#10673,#10674);
#10673 = CARTESIAN_POINT('',(1.5,-0.975,1.E-02));
#10674 = VECTOR('',#10675,1.);
#10675 = DIRECTION('',(0.,-1.,-5.782411586589E-18));
#10676 = ORIENTED_EDGE('',*,*,#10677,.T.);
#10677 = EDGE_CURVE('',#10670,#10010,#10678,.T.);
#10678 = LINE('',#10679,#10680);
#10679 = CARTESIAN_POINT('',(1.5,-2.475,1.E-02));
#10680 = VECTOR('',#10681,1.);
#10681 = DIRECTION('',(0.,0.,1.));
#10682 = ORIENTED_EDGE('',*,*,#10017,.F.);
#10683 = ORIENTED_EDGE('',*,*,#10638,.T.);
#10684 = PLANE('',#10685);
#10685 = AXIS2_PLACEMENT_3D('',#10686,#10687,#10688);
#10686 = CARTESIAN_POINT('',(1.5,-1.843181818182,0.516818181818));
#10687 = DIRECTION('',(-1.,-0.,-0.));
#10688 = DIRECTION('',(0.,0.,-1.));
#10689 = ADVANCED_FACE('',(#10690),#10715,.F.);
#10690 = FACE_BOUND('',#10691,.F.);
#10691 = EDGE_LOOP('',(#10692,#10702,#10708,#10709));
#10692 = ORIENTED_EDGE('',*,*,#10693,.T.);
#10693 = EDGE_CURVE('',#10694,#10696,#10698,.T.);
#10694 = VERTEX_POINT('',#10695);
#10695 = CARTESIAN_POINT('',(-1.5,-0.975,1.E-02));
#10696 = VERTEX_POINT('',#10697);
#10697 = CARTESIAN_POINT('',(-1.5,-2.475,1.E-02));
#10698 = LINE('',#10699,#10700);
#10699 = CARTESIAN_POINT('',(-1.5,-0.975,1.E-02));
#10700 = VECTOR('',#10701,1.);
#10701 = DIRECTION('',(0.,-1.,-5.782411586589E-18));
#10702 = ORIENTED_EDGE('',*,*,#10703,.T.);
#10703 = EDGE_CURVE('',#10696,#10002,#10704,.T.);
#10704 = LINE('',#10705,#10706);
#10705 = CARTESIAN_POINT('',(-1.5,-2.475,1.E-02));
#10706 = VECTOR('',#10707,1.);
#10707 = DIRECTION('',(0.,0.,1.));
#10708 = ORIENTED_EDGE('',*,*,#10001,.F.);
#10709 = ORIENTED_EDGE('',*,*,#10710,.T.);
#10710 = EDGE_CURVE('',#9994,#10694,#10711,.T.);
#10711 = LINE('',#10712,#10713);
#10712 = CARTESIAN_POINT('',(-1.5,-0.975,0.61));
#10713 = VECTOR('',#10714,1.);
#10714 = DIRECTION('',(0.,0.,-1.));
#10715 = PLANE('',#10716);
#10716 = AXIS2_PLACEMENT_3D('',#10717,#10718,#10719);
#10717 = CARTESIAN_POINT('',(-1.5,-1.843181818182,0.516818181818));
#10718 = DIRECTION('',(-1.,-0.,-0.));
#10719 = DIRECTION('',(0.,0.,-1.));
#10720 = ADVANCED_FACE('',(#10721),#10739,.T.);
#10721 = FACE_BOUND('',#10722,.T.);
#10722 = EDGE_LOOP('',(#10723,#10731,#10732,#10733));
#10723 = ORIENTED_EDGE('',*,*,#10724,.F.);
#10724 = EDGE_CURVE('',#9986,#10725,#10727,.T.);
#10725 = VERTEX_POINT('',#10726);
#10726 = CARTESIAN_POINT('',(-1.7,-0.975,1.E-02));
#10727 = LINE('',#10728,#10729);
#10728 = CARTESIAN_POINT('',(-1.7,-0.975,0.61));
#10729 = VECTOR('',#10730,1.);
#10730 = DIRECTION('',(0.,0.,-1.));
#10731 = ORIENTED_EDGE('',*,*,#9993,.T.);
#10732 = ORIENTED_EDGE('',*,*,#10710,.T.);
#10733 = ORIENTED_EDGE('',*,*,#10734,.F.);
#10734 = EDGE_CURVE('',#10725,#10694,#10735,.T.);
#10735 = LINE('',#10736,#10737);
#10736 = CARTESIAN_POINT('',(-1.7,-0.975,1.E-02));
#10737 = VECTOR('',#10738,1.);
#10738 = DIRECTION('',(1.,0.,0.));
#10739 = PLANE('',#10740);
#10740 = AXIS2_PLACEMENT_3D('',#10741,#10742,#10743);
#10741 = CARTESIAN_POINT('',(-1.7,-0.975,0.61));
#10742 = DIRECTION('',(0.,1.,0.));
#10743 = DIRECTION('',(0.,0.,-1.));
#10744 = ADVANCED_FACE('',(#10745),#10779,.T.);
#10745 = FACE_BOUND('',#10746,.T.);
#10746 = EDGE_LOOP('',(#10747,#10755,#10756,#10757,#10765,#10773));
#10747 = ORIENTED_EDGE('',*,*,#10748,.T.);
#10748 = EDGE_CURVE('',#10749,#9963,#10751,.T.);
#10749 = VERTEX_POINT('',#10750);
#10750 = CARTESIAN_POINT('',(-0.6,1.675,0.));
#10751 = LINE('',#10752,#10753);
#10752 = CARTESIAN_POINT('',(-0.6,1.675,0.));
#10753 = VECTOR('',#10754,1.);
#10754 = DIRECTION('',(0.,0.,1.));
#10755 = ORIENTED_EDGE('',*,*,#9970,.T.);
#10756 = ORIENTED_EDGE('',*,*,#10458,.T.);
#10757 = ORIENTED_EDGE('',*,*,#10758,.T.);
#10758 = EDGE_CURVE('',#10459,#10759,#10761,.T.);
#10759 = VERTEX_POINT('',#10760);
#10760 = CARTESIAN_POINT('',(-0.6,2.475,0.2));
#10761 = LINE('',#10762,#10763);
#10762 = CARTESIAN_POINT('',(-0.6,1.775,0.2));
#10763 = VECTOR('',#10764,1.);
#10764 = DIRECTION('',(0.,1.,0.));
#10765 = ORIENTED_EDGE('',*,*,#10766,.T.);
#10766 = EDGE_CURVE('',#10759,#10767,#10769,.T.);
#10767 = VERTEX_POINT('',#10768);
#10768 = CARTESIAN_POINT('',(-0.6,2.475,0.));
#10769 = LINE('',#10770,#10771);
#10770 = CARTESIAN_POINT('',(-0.6,2.475,0.2));
#10771 = VECTOR('',#10772,1.);
#10772 = DIRECTION('',(0.,0.,-1.));
#10773 = ORIENTED_EDGE('',*,*,#10774,.T.);
#10774 = EDGE_CURVE('',#10767,#10749,#10775,.T.);
#10775 = LINE('',#10776,#10777);
#10776 = CARTESIAN_POINT('',(-0.6,2.475,0.));
#10777 = VECTOR('',#10778,1.);
#10778 = DIRECTION('',(0.,-1.,0.));
#10779 = PLANE('',#10780);
#10780 = AXIS2_PLACEMENT_3D('',#10781,#10782,#10783);
#10781 = CARTESIAN_POINT('',(-0.6,2.082,9.3E-02));
#10782 = DIRECTION('',(-1.,-0.,-0.));
#10783 = DIRECTION('',(0.,0.,-1.));
#10784 = ADVANCED_FACE('',(#10785),#10803,.T.);
#10785 = FACE_BOUND('',#10786,.T.);
#10786 = EDGE_LOOP('',(#10787,#10795,#10801,#10802));
#10787 = ORIENTED_EDGE('',*,*,#10788,.T.);
#10788 = EDGE_CURVE('',#10749,#10789,#10791,.T.);
#10789 = VERTEX_POINT('',#10790);
#10790 = CARTESIAN_POINT('',(-0.4,1.675,0.));
#10791 = LINE('',#10792,#10793);
#10792 = CARTESIAN_POINT('',(-0.6,1.675,0.));
#10793 = VECTOR('',#10794,1.);
#10794 = DIRECTION('',(1.,0.,0.));
#10795 = ORIENTED_EDGE('',*,*,#10796,.T.);
#10796 = EDGE_CURVE('',#10789,#9955,#10797,.T.);
#10797 = LINE('',#10798,#10799);
#10798 = CARTESIAN_POINT('',(-0.4,1.675,0.));
#10799 = VECTOR('',#10800,1.);
#10800 = DIRECTION('',(0.,0.,1.));
#10801 = ORIENTED_EDGE('',*,*,#9962,.F.);
#10802 = ORIENTED_EDGE('',*,*,#10748,.F.);
#10803 = PLANE('',#10804);
#10804 = AXIS2_PLACEMENT_3D('',#10805,#10806,#10807);
#10805 = CARTESIAN_POINT('',(-0.6,1.675,0.));
#10806 = DIRECTION('',(0.,-1.,0.));
#10807 = DIRECTION('',(0.,0.,1.));
#10808 = ADVANCED_FACE('',(#10809),#10836,.F.);
#10809 = FACE_BOUND('',#10810,.F.);
#10810 = EDGE_LOOP('',(#10811,#10812,#10813,#10814,#10822,#10830));
#10811 = ORIENTED_EDGE('',*,*,#10796,.T.);
#10812 = ORIENTED_EDGE('',*,*,#9954,.T.);
#10813 = ORIENTED_EDGE('',*,*,#10474,.T.);
#10814 = ORIENTED_EDGE('',*,*,#10815,.T.);
#10815 = EDGE_CURVE('',#10467,#10816,#10818,.T.);
#10816 = VERTEX_POINT('',#10817);
#10817 = CARTESIAN_POINT('',(-0.4,2.475,0.2));
#10818 = LINE('',#10819,#10820);
#10819 = CARTESIAN_POINT('',(-0.4,1.775,0.2));
#10820 = VECTOR('',#10821,1.);
#10821 = DIRECTION('',(0.,1.,0.));
#10822 = ORIENTED_EDGE('',*,*,#10823,.T.);
#10823 = EDGE_CURVE('',#10816,#10824,#10826,.T.);
#10824 = VERTEX_POINT('',#10825);
#10825 = CARTESIAN_POINT('',(-0.4,2.475,0.));
#10826 = LINE('',#10827,#10828);
#10827 = CARTESIAN_POINT('',(-0.4,2.475,0.2));
#10828 = VECTOR('',#10829,1.);
#10829 = DIRECTION('',(0.,0.,-1.));
#10830 = ORIENTED_EDGE('',*,*,#10831,.T.);
#10831 = EDGE_CURVE('',#10824,#10789,#10832,.T.);
#10832 = LINE('',#10833,#10834);
#10833 = CARTESIAN_POINT('',(-0.4,2.475,0.));
#10834 = VECTOR('',#10835,1.);
#10835 = DIRECTION('',(0.,-1.,0.));
#10836 = PLANE('',#10837);
#10837 = AXIS2_PLACEMENT_3D('',#10838,#10839,#10840);
#10838 = CARTESIAN_POINT('',(-0.4,2.082,9.3E-02));
#10839 = DIRECTION('',(-1.,-0.,-0.));
#10840 = DIRECTION('',(0.,0.,-1.));
#10841 = ADVANCED_FACE('',(#10842),#10876,.T.);
#10842 = FACE_BOUND('',#10843,.T.);
#10843 = EDGE_LOOP('',(#10844,#10852,#10853,#10854,#10862,#10870));
#10844 = ORIENTED_EDGE('',*,*,#10845,.T.);
#10845 = EDGE_CURVE('',#10846,#9931,#10848,.T.);
#10846 = VERTEX_POINT('',#10847);
#10847 = CARTESIAN_POINT('',(0.4,1.675,0.));
#10848 = LINE('',#10849,#10850);
#10849 = CARTESIAN_POINT('',(0.4,1.675,0.));
#10850 = VECTOR('',#10851,1.);
#10851 = DIRECTION('',(0.,0.,1.));
#10852 = ORIENTED_EDGE('',*,*,#9938,.T.);
#10853 = ORIENTED_EDGE('',*,*,#10481,.T.);
#10854 = ORIENTED_EDGE('',*,*,#10855,.T.);
#10855 = EDGE_CURVE('',#10482,#10856,#10858,.T.);
#10856 = VERTEX_POINT('',#10857);
#10857 = CARTESIAN_POINT('',(0.4,2.475,0.2));
#10858 = LINE('',#10859,#10860);
#10859 = CARTESIAN_POINT('',(0.4,1.775,0.2));
#10860 = VECTOR('',#10861,1.);
#10861 = DIRECTION('',(0.,1.,0.));
#10862 = ORIENTED_EDGE('',*,*,#10863,.T.);
#10863 = EDGE_CURVE('',#10856,#10864,#10866,.T.);
#10864 = VERTEX_POINT('',#10865);
#10865 = CARTESIAN_POINT('',(0.4,2.475,0.));
#10866 = LINE('',#10867,#10868);
#10867 = CARTESIAN_POINT('',(0.4,2.475,0.2));
#10868 = VECTOR('',#10869,1.);
#10869 = DIRECTION('',(0.,0.,-1.));
#10870 = ORIENTED_EDGE('',*,*,#10871,.T.);
#10871 = EDGE_CURVE('',#10864,#10846,#10872,.T.);
#10872 = LINE('',#10873,#10874);
#10873 = CARTESIAN_POINT('',(0.4,2.475,0.));
#10874 = VECTOR('',#10875,1.);
#10875 = DIRECTION('',(0.,-1.,0.));
#10876 = PLANE('',#10877);
#10877 = AXIS2_PLACEMENT_3D('',#10878,#10879,#10880);
#10878 = CARTESIAN_POINT('',(0.4,2.082,9.3E-02));
#10879 = DIRECTION('',(-1.,-0.,-0.));
#10880 = DIRECTION('',(0.,0.,-1.));
#10881 = ADVANCED_FACE('',(#10882),#10900,.T.);
#10882 = FACE_BOUND('',#10883,.T.);
#10883 = EDGE_LOOP('',(#10884,#10892,#10898,#10899));
#10884 = ORIENTED_EDGE('',*,*,#10885,.T.);
#10885 = EDGE_CURVE('',#10846,#10886,#10888,.T.);
#10886 = VERTEX_POINT('',#10887);
#10887 = CARTESIAN_POINT('',(0.6,1.675,0.));
#10888 = LINE('',#10889,#10890);
#10889 = CARTESIAN_POINT('',(0.4,1.675,0.));
#10890 = VECTOR('',#10891,1.);
#10891 = DIRECTION('',(1.,0.,0.));
#10892 = ORIENTED_EDGE('',*,*,#10893,.T.);
#10893 = EDGE_CURVE('',#10886,#9923,#10894,.T.);
#10894 = LINE('',#10895,#10896);
#10895 = CARTESIAN_POINT('',(0.6,1.675,0.));
#10896 = VECTOR('',#10897,1.);
#10897 = DIRECTION('',(0.,0.,1.));
#10898 = ORIENTED_EDGE('',*,*,#9930,.F.);
#10899 = ORIENTED_EDGE('',*,*,#10845,.F.);
#10900 = PLANE('',#10901);
#10901 = AXIS2_PLACEMENT_3D('',#10902,#10903,#10904);
#10902 = CARTESIAN_POINT('',(0.4,1.675,0.));
#10903 = DIRECTION('',(0.,-1.,0.));
#10904 = DIRECTION('',(0.,0.,1.));
#10905 = ADVANCED_FACE('',(#10906),#10933,.F.);
#10906 = FACE_BOUND('',#10907,.F.);
#10907 = EDGE_LOOP('',(#10908,#10909,#10910,#10911,#10919,#10927));
#10908 = ORIENTED_EDGE('',*,*,#10893,.T.);
#10909 = ORIENTED_EDGE('',*,*,#9922,.T.);
#10910 = ORIENTED_EDGE('',*,*,#10497,.T.);
#10911 = ORIENTED_EDGE('',*,*,#10912,.T.);
#10912 = EDGE_CURVE('',#10490,#10913,#10915,.T.);
#10913 = VERTEX_POINT('',#10914);
#10914 = CARTESIAN_POINT('',(0.6,2.475,0.2));
#10915 = LINE('',#10916,#10917);
#10916 = CARTESIAN_POINT('',(0.6,1.775,0.2));
#10917 = VECTOR('',#10918,1.);
#10918 = DIRECTION('',(0.,1.,0.));
#10919 = ORIENTED_EDGE('',*,*,#10920,.T.);
#10920 = EDGE_CURVE('',#10913,#10921,#10923,.T.);
#10921 = VERTEX_POINT('',#10922);
#10922 = CARTESIAN_POINT('',(0.6,2.475,0.));
#10923 = LINE('',#10924,#10925);
#10924 = CARTESIAN_POINT('',(0.6,2.475,0.2));
#10925 = VECTOR('',#10926,1.);
#10926 = DIRECTION('',(0.,0.,-1.));
#10927 = ORIENTED_EDGE('',*,*,#10928,.T.);
#10928 = EDGE_CURVE('',#10921,#10886,#10929,.T.);
#10929 = LINE('',#10930,#10931);
#10930 = CARTESIAN_POINT('',(0.6,2.475,0.));
#10931 = VECTOR('',#10932,1.);
#10932 = DIRECTION('',(0.,-1.,0.));
#10933 = PLANE('',#10934);
#10934 = AXIS2_PLACEMENT_3D('',#10935,#10936,#10937);
#10935 = CARTESIAN_POINT('',(0.6,2.082,9.3E-02));
#10936 = DIRECTION('',(-1.,-0.,-0.));
#10937 = DIRECTION('',(0.,0.,-1.));
#10938 = ADVANCED_FACE('',(#10939),#10960,.T.);
#10939 = FACE_BOUND('',#10940,.T.);
#10940 = EDGE_LOOP('',(#10941,#10949,#10950,#10951,#10952,#10953,#10954)
  );
#10941 = ORIENTED_EDGE('',*,*,#10942,.T.);
#10942 = EDGE_CURVE('',#10943,#10121,#10945,.T.);
#10943 = VERTEX_POINT('',#10944);
#10944 = CARTESIAN_POINT('',(-1.7,-2.475,1.E-02));
#10945 = LINE('',#10946,#10947);
#10946 = CARTESIAN_POINT('',(-1.7,-2.475,1.E-02));
#10947 = VECTOR('',#10948,1.);
#10948 = DIRECTION('',(0.,0.,1.));
#10949 = ORIENTED_EDGE('',*,*,#10128,.T.);
#10950 = ORIENTED_EDGE('',*,*,#10104,.T.);
#10951 = ORIENTED_EDGE('',*,*,#10080,.T.);
#10952 = ORIENTED_EDGE('',*,*,#10056,.T.);
#10953 = ORIENTED_EDGE('',*,*,#10724,.T.);
#10954 = ORIENTED_EDGE('',*,*,#10955,.T.);
#10955 = EDGE_CURVE('',#10725,#10943,#10956,.T.);
#10956 = LINE('',#10957,#10958);
#10957 = CARTESIAN_POINT('',(-1.7,-0.975,1.E-02));
#10958 = VECTOR('',#10959,1.);
#10959 = DIRECTION('',(0.,-1.,-5.782411586589E-18));
#10960 = PLANE('',#10961);
#10961 = AXIS2_PLACEMENT_3D('',#10962,#10963,#10964);
#10962 = CARTESIAN_POINT('',(-1.7,-1.843181818182,0.516818181818));
#10963 = DIRECTION('',(-1.,-0.,-0.));
#10964 = DIRECTION('',(0.,0.,-1.));
#10965 = ADVANCED_FACE('',(#10966),#10978,.T.);
#10966 = FACE_BOUND('',#10967,.T.);
#10967 = EDGE_LOOP('',(#10968,#10974,#10975,#10976,#10977));
#10968 = ORIENTED_EDGE('',*,*,#10969,.T.);
#10969 = EDGE_CURVE('',#10943,#10696,#10970,.T.);
#10970 = LINE('',#10971,#10972);
#10971 = CARTESIAN_POINT('',(-1.7,-2.475,1.E-02));
#10972 = VECTOR('',#10973,1.);
#10973 = DIRECTION('',(1.,0.,0.));
#10974 = ORIENTED_EDGE('',*,*,#10703,.T.);
#10975 = ORIENTED_EDGE('',*,*,#10153,.T.);
#10976 = ORIENTED_EDGE('',*,*,#10145,.F.);
#10977 = ORIENTED_EDGE('',*,*,#10942,.F.);
#10978 = PLANE('',#10979);
#10979 = AXIS2_PLACEMENT_3D('',#10980,#10981,#10982);
#10980 = CARTESIAN_POINT('',(-1.7,-2.475,1.E-02));
#10981 = DIRECTION('',(0.,-1.,0.));
#10982 = DIRECTION('',(0.,0.,1.));
#10983 = ADVANCED_FACE('',(#10984),#11003,.T.);
#10984 = FACE_BOUND('',#10985,.T.);
#10985 = EDGE_LOOP('',(#10986,#10994,#11000,#11001,#11002));
#10986 = ORIENTED_EDGE('',*,*,#10987,.T.);
#10987 = EDGE_CURVE('',#10670,#10988,#10990,.T.);
#10988 = VERTEX_POINT('',#10989);
#10989 = CARTESIAN_POINT('',(1.7,-2.475,1.E-02));
#10990 = LINE('',#10991,#10992);
#10991 = CARTESIAN_POINT('',(1.5,-2.475,1.E-02));
#10992 = VECTOR('',#10993,1.);
#10993 = DIRECTION('',(1.,0.,0.));
#10994 = ORIENTED_EDGE('',*,*,#10995,.T.);
#10995 = EDGE_CURVE('',#10988,#10169,#10996,.T.);
#10996 = LINE('',#10997,#10998);
#10997 = CARTESIAN_POINT('',(1.7,-2.475,1.E-02));
#10998 = VECTOR('',#10999,1.);
#10999 = DIRECTION('',(0.,0.,1.));
#11000 = ORIENTED_EDGE('',*,*,#10168,.F.);
#11001 = ORIENTED_EDGE('',*,*,#10160,.F.);
#11002 = ORIENTED_EDGE('',*,*,#10677,.F.);
#11003 = PLANE('',#11004);
#11004 = AXIS2_PLACEMENT_3D('',#11005,#11006,#11007);
#11005 = CARTESIAN_POINT('',(1.5,-2.475,1.E-02));
#11006 = DIRECTION('',(0.,-1.,0.));
#11007 = DIRECTION('',(0.,0.,1.));
#11008 = ADVANCED_FACE('',(#11009),#11027,.F.);
#11009 = FACE_BOUND('',#11010,.F.);
#11010 = EDGE_LOOP('',(#11011,#11019,#11020,#11021));
#11011 = ORIENTED_EDGE('',*,*,#11012,.F.);
#11012 = EDGE_CURVE('',#10169,#11013,#11015,.T.);
#11013 = VERTEX_POINT('',#11014);
#11014 = CARTESIAN_POINT('',(1.7,-1.975,1.26));
#11015 = LINE('',#11016,#11017);
#11016 = CARTESIAN_POINT('',(1.7,-2.475,1.26));
#11017 = VECTOR('',#11018,1.);
#11018 = DIRECTION('',(0.,1.,0.));
#11019 = ORIENTED_EDGE('',*,*,#10176,.T.);
#11020 = ORIENTED_EDGE('',*,*,#10576,.T.);
#11021 = ORIENTED_EDGE('',*,*,#11022,.F.);
#11022 = EDGE_CURVE('',#11013,#10577,#11023,.T.);
#11023 = LINE('',#11024,#11025);
#11024 = CARTESIAN_POINT('',(1.5,-1.975,1.26));
#11025 = VECTOR('',#11026,1.);
#11026 = DIRECTION('',(1.,0.,0.));
#11027 = PLANE('',#11028);
#11028 = AXIS2_PLACEMENT_3D('',#11029,#11030,#11031);
#11029 = CARTESIAN_POINT('',(1.5,-2.475,1.26));
#11030 = DIRECTION('',(0.,1.110223024625E-16,1.));
#11031 = DIRECTION('',(0.,1.,-1.110223024625E-16));
#11032 = ADVANCED_FACE('',(#11033),#11081,.F.);
#11033 = FACE_BOUND('',#11034,.F.);
#11034 = EDGE_LOOP('',(#11035,#11036,#11044,#11052,#11058,#11059,#11067,
    #11075));
#11035 = ORIENTED_EDGE('',*,*,#10200,.F.);
#11036 = ORIENTED_EDGE('',*,*,#11037,.T.);
#11037 = EDGE_CURVE('',#10201,#11038,#11040,.T.);
#11038 = VERTEX_POINT('',#11039);
#11039 = CARTESIAN_POINT('',(1.2,0.525,0.46));
#11040 = LINE('',#11041,#11042);
#11041 = CARTESIAN_POINT('',(1.2,-2.475,0.46));
#11042 = VECTOR('',#11043,1.);
#11043 = DIRECTION('',(0.,1.,-1.110223024625E-16));
#11044 = ORIENTED_EDGE('',*,*,#11045,.T.);
#11045 = EDGE_CURVE('',#11038,#11046,#11048,.T.);
#11046 = VERTEX_POINT('',#11047);
#11047 = CARTESIAN_POINT('',(1.2,0.525,2.56));
#11048 = LINE('',#11049,#11050);
#11049 = CARTESIAN_POINT('',(1.2,0.525,0.46));
#11050 = VECTOR('',#11051,1.);
#11051 = DIRECTION('',(0.,1.110223024625E-16,1.));
#11052 = ORIENTED_EDGE('',*,*,#11053,.F.);
#11053 = EDGE_CURVE('',#10259,#11046,#11054,.T.);
#11054 = LINE('',#11055,#11056);
#11055 = CARTESIAN_POINT('',(1.2,-2.475,2.56));
#11056 = VECTOR('',#11057,1.);
#11057 = DIRECTION('',(0.,1.,-1.110223024625E-16));
#11058 = ORIENTED_EDGE('',*,*,#10266,.F.);
#11059 = ORIENTED_EDGE('',*,*,#11060,.F.);
#11060 = EDGE_CURVE('',#11061,#10267,#11063,.T.);
#11061 = VERTEX_POINT('',#11062);
#11062 = CARTESIAN_POINT('',(1.2,-7.5E-02,2.06));
#11063 = LINE('',#11064,#11065);
#11064 = CARTESIAN_POINT('',(1.2,-2.475,2.06));
#11065 = VECTOR('',#11066,1.);
#11066 = DIRECTION('',(0.,-1.,1.110223024625E-16));
#11067 = ORIENTED_EDGE('',*,*,#11068,.T.);
#11068 = EDGE_CURVE('',#11061,#11069,#11071,.T.);
#11069 = VERTEX_POINT('',#11070);
#11070 = CARTESIAN_POINT('',(1.2,-7.5E-02,1.46));
#11071 = LINE('',#11072,#11073);
#11072 = CARTESIAN_POINT('',(1.2,-7.5E-02,1.11));
#11073 = VECTOR('',#11074,1.);
#11074 = DIRECTION('',(0.,-1.110223024625E-16,-1.));
#11075 = ORIENTED_EDGE('',*,*,#11076,.F.);
#11076 = EDGE_CURVE('',#10203,#11069,#11077,.T.);
#11077 = LINE('',#11078,#11079);
#11078 = CARTESIAN_POINT('',(1.2,-2.475,1.46));
#11079 = VECTOR('',#11080,1.);
#11080 = DIRECTION('',(0.,1.,-1.110223024625E-16));
#11081 = PLANE('',#11082);
#11082 = AXIS2_PLACEMENT_3D('',#11083,#11084,#11085);
#11083 = CARTESIAN_POINT('',(1.2,-2.475,0.46));
#11084 = DIRECTION('',(1.,0.,0.));
#11085 = DIRECTION('',(-0.,1.110223024625E-16,1.));
#11086 = ADVANCED_FACE('',(#11087),#11105,.F.);
#11087 = FACE_BOUND('',#11088,.F.);
#11088 = EDGE_LOOP('',(#11089,#11090,#11091,#11099));
#11089 = ORIENTED_EDGE('',*,*,#10290,.F.);
#11090 = ORIENTED_EDGE('',*,*,#11076,.T.);
#11091 = ORIENTED_EDGE('',*,*,#11092,.T.);
#11092 = EDGE_CURVE('',#11069,#11093,#11095,.T.);
#11093 = VERTEX_POINT('',#11094);
#11094 = CARTESIAN_POINT('',(1.55,-7.5E-02,1.46));
#11095 = LINE('',#11096,#11097);
#11096 = CARTESIAN_POINT('',(-1.55,-7.5E-02,1.46));
#11097 = VECTOR('',#11098,1.);
#11098 = DIRECTION('',(1.,0.,0.));
#11099 = ORIENTED_EDGE('',*,*,#11100,.F.);
#11100 = EDGE_CURVE('',#10283,#11093,#11101,.T.);
#11101 = LINE('',#11102,#11103);
#11102 = CARTESIAN_POINT('',(1.55,-2.475,1.46));
#11103 = VECTOR('',#11104,1.);
#11104 = DIRECTION('',(0.,1.,-1.110223024625E-16));
#11105 = PLANE('',#11106);
#11106 = AXIS2_PLACEMENT_3D('',#11107,#11108,#11109);
#11107 = CARTESIAN_POINT('',(-1.55,-2.475,1.46));
#11108 = DIRECTION('',(0.,-1.110223024625E-16,-1.));
#11109 = DIRECTION('',(1.,0.,0.));
#11110 = ADVANCED_FACE('',(#11111),#11129,.F.);
#11111 = FACE_BOUND('',#11112,.F.);
#11112 = EDGE_LOOP('',(#11113,#11114,#11122,#11128));
#11113 = ORIENTED_EDGE('',*,*,#11100,.T.);
#11114 = ORIENTED_EDGE('',*,*,#11115,.T.);
#11115 = EDGE_CURVE('',#11093,#11116,#11118,.T.);
#11116 = VERTEX_POINT('',#11117);
#11117 = CARTESIAN_POINT('',(1.55,-7.5E-02,2.06));
#11118 = LINE('',#11119,#11120);
#11119 = CARTESIAN_POINT('',(1.55,-7.5E-02,1.46));
#11120 = VECTOR('',#11121,1.);
#11121 = DIRECTION('',(0.,1.110223024625E-16,1.));
#11122 = ORIENTED_EDGE('',*,*,#11123,.F.);
#11123 = EDGE_CURVE('',#10275,#11116,#11124,.T.);
#11124 = LINE('',#11125,#11126);
#11125 = CARTESIAN_POINT('',(1.55,-2.475,2.06));
#11126 = VECTOR('',#11127,1.);
#11127 = DIRECTION('',(0.,1.,-1.110223024625E-16));
#11128 = ORIENTED_EDGE('',*,*,#10282,.F.);
#11129 = PLANE('',#11130);
#11130 = AXIS2_PLACEMENT_3D('',#11131,#11132,#11133);
#11131 = CARTESIAN_POINT('',(1.55,-2.475,1.46));
#11132 = DIRECTION('',(1.,0.,0.));
#11133 = DIRECTION('',(-0.,1.110223024625E-16,1.));
#11134 = ADVANCED_FACE('',(#11135),#11146,.F.);
#11135 = FACE_BOUND('',#11136,.F.);
#11136 = EDGE_LOOP('',(#11137,#11138,#11139,#11145));
#11137 = ORIENTED_EDGE('',*,*,#10274,.F.);
#11138 = ORIENTED_EDGE('',*,*,#11123,.T.);
#11139 = ORIENTED_EDGE('',*,*,#11140,.T.);
#11140 = EDGE_CURVE('',#11116,#11061,#11141,.T.);
#11141 = LINE('',#11142,#11143);
#11142 = CARTESIAN_POINT('',(1.55,-7.5E-02,2.06));
#11143 = VECTOR('',#11144,1.);
#11144 = DIRECTION('',(-1.,0.,0.));
#11145 = ORIENTED_EDGE('',*,*,#11060,.T.);
#11146 = PLANE('',#11147);
#11147 = AXIS2_PLACEMENT_3D('',#11148,#11149,#11150);
#11148 = CARTESIAN_POINT('',(1.55,-2.475,2.06));
#11149 = DIRECTION('',(0.,1.110223024625E-16,1.));
#11150 = DIRECTION('',(-1.,0.,0.));
#11151 = ADVANCED_FACE('',(#11152),#11170,.F.);
#11152 = FACE_BOUND('',#11153,.F.);
#11153 = EDGE_LOOP('',(#11154,#11155,#11163,#11169));
#11154 = ORIENTED_EDGE('',*,*,#11053,.T.);
#11155 = ORIENTED_EDGE('',*,*,#11156,.T.);
#11156 = EDGE_CURVE('',#11046,#11157,#11159,.T.);
#11157 = VERTEX_POINT('',#11158);
#11158 = CARTESIAN_POINT('',(-1.2,0.525,2.56));
#11159 = LINE('',#11160,#11161);
#11160 = CARTESIAN_POINT('',(1.2,0.525,2.56));
#11161 = VECTOR('',#11162,1.);
#11162 = DIRECTION('',(-1.,0.,0.));
#11163 = ORIENTED_EDGE('',*,*,#11164,.F.);
#11164 = EDGE_CURVE('',#10251,#11157,#11165,.T.);
#11165 = LINE('',#11166,#11167);
#11166 = CARTESIAN_POINT('',(-1.2,-2.475,2.56));
#11167 = VECTOR('',#11168,1.);
#11168 = DIRECTION('',(0.,1.,-1.110223024625E-16));
#11169 = ORIENTED_EDGE('',*,*,#10258,.F.);
#11170 = PLANE('',#11171);
#11171 = AXIS2_PLACEMENT_3D('',#11172,#11173,#11174);
#11172 = CARTESIAN_POINT('',(1.2,-2.475,2.56));
#11173 = DIRECTION('',(0.,1.110223024625E-16,1.));
#11174 = DIRECTION('',(-1.,0.,0.));
#11175 = ADVANCED_FACE('',(#11176),#11217,.F.);
#11176 = FACE_BOUND('',#11177,.F.);
#11177 = EDGE_LOOP('',(#11178,#11179,#11180,#11188,#11194,#11195,#11203,
    #11211));
#11178 = ORIENTED_EDGE('',*,*,#10250,.F.);
#11179 = ORIENTED_EDGE('',*,*,#11164,.T.);
#11180 = ORIENTED_EDGE('',*,*,#11181,.T.);
#11181 = EDGE_CURVE('',#11157,#11182,#11184,.T.);
#11182 = VERTEX_POINT('',#11183);
#11183 = CARTESIAN_POINT('',(-1.2,0.525,0.46));
#11184 = LINE('',#11185,#11186);
#11185 = CARTESIAN_POINT('',(-1.2,0.525,2.56));
#11186 = VECTOR('',#11187,1.);
#11187 = DIRECTION('',(0.,-1.110223024625E-16,-1.));
#11188 = ORIENTED_EDGE('',*,*,#11189,.F.);
#11189 = EDGE_CURVE('',#10211,#11182,#11190,.T.);
#11190 = LINE('',#11191,#11192);
#11191 = CARTESIAN_POINT('',(-1.2,-2.475,0.46));
#11192 = VECTOR('',#11193,1.);
#11193 = DIRECTION('',(0.,1.,-1.110223024625E-16));
#11194 = ORIENTED_EDGE('',*,*,#10218,.F.);
#11195 = ORIENTED_EDGE('',*,*,#11196,.F.);
#11196 = EDGE_CURVE('',#11197,#10219,#11199,.T.);
#11197 = VERTEX_POINT('',#11198);
#11198 = CARTESIAN_POINT('',(-1.2,-7.5E-02,1.46));
#11199 = LINE('',#11200,#11201);
#11200 = CARTESIAN_POINT('',(-1.2,-2.475,1.46));
#11201 = VECTOR('',#11202,1.);
#11202 = DIRECTION('',(0.,-1.,1.110223024625E-16));
#11203 = ORIENTED_EDGE('',*,*,#11204,.T.);
#11204 = EDGE_CURVE('',#11197,#11205,#11207,.T.);
#11205 = VERTEX_POINT('',#11206);
#11206 = CARTESIAN_POINT('',(-1.2,-7.5E-02,2.06));
#11207 = LINE('',#11208,#11209);
#11208 = CARTESIAN_POINT('',(-1.2,-7.5E-02,2.16));
#11209 = VECTOR('',#11210,1.);
#11210 = DIRECTION('',(0.,1.110223024625E-16,1.));
#11211 = ORIENTED_EDGE('',*,*,#11212,.F.);
#11212 = EDGE_CURVE('',#10243,#11205,#11213,.T.);
#11213 = LINE('',#11214,#11215);
#11214 = CARTESIAN_POINT('',(-1.2,-2.475,2.06));
#11215 = VECTOR('',#11216,1.);
#11216 = DIRECTION('',(0.,1.,-1.110223024625E-16));
#11217 = PLANE('',#11218);
#11218 = AXIS2_PLACEMENT_3D('',#11219,#11220,#11221);
#11219 = CARTESIAN_POINT('',(-1.2,-2.475,2.56));
#11220 = DIRECTION('',(-1.,0.,0.));
#11221 = DIRECTION('',(-0.,-1.110223024625E-16,-1.));
#11222 = ADVANCED_FACE('',(#11223),#11241,.F.);
#11223 = FACE_BOUND('',#11224,.F.);
#11224 = EDGE_LOOP('',(#11225,#11226,#11227,#11235));
#11225 = ORIENTED_EDGE('',*,*,#10242,.F.);
#11226 = ORIENTED_EDGE('',*,*,#11212,.T.);
#11227 = ORIENTED_EDGE('',*,*,#11228,.T.);
#11228 = EDGE_CURVE('',#11205,#11229,#11231,.T.);
#11229 = VERTEX_POINT('',#11230);
#11230 = CARTESIAN_POINT('',(-1.55,-7.5E-02,2.06));
#11231 = LINE('',#11232,#11233);
#11232 = CARTESIAN_POINT('',(1.55,-7.5E-02,2.06));
#11233 = VECTOR('',#11234,1.);
#11234 = DIRECTION('',(-1.,0.,0.));
#11235 = ORIENTED_EDGE('',*,*,#11236,.F.);
#11236 = EDGE_CURVE('',#10235,#11229,#11237,.T.);
#11237 = LINE('',#11238,#11239);
#11238 = CARTESIAN_POINT('',(-1.55,-2.475,2.06));
#11239 = VECTOR('',#11240,1.);
#11240 = DIRECTION('',(0.,1.,-1.110223024625E-16));
#11241 = PLANE('',#11242);
#11242 = AXIS2_PLACEMENT_3D('',#11243,#11244,#11245);
#11243 = CARTESIAN_POINT('',(1.55,-2.475,2.06));
#11244 = DIRECTION('',(0.,1.110223024625E-16,1.));
#11245 = DIRECTION('',(-1.,0.,0.));
#11246 = ADVANCED_FACE('',(#11247),#11265,.F.);
#11247 = FACE_BOUND('',#11248,.F.);
#11248 = EDGE_LOOP('',(#11249,#11250,#11258,#11264));
#11249 = ORIENTED_EDGE('',*,*,#11236,.T.);
#11250 = ORIENTED_EDGE('',*,*,#11251,.T.);
#11251 = EDGE_CURVE('',#11229,#11252,#11254,.T.);
#11252 = VERTEX_POINT('',#11253);
#11253 = CARTESIAN_POINT('',(-1.55,-7.5E-02,1.46));
#11254 = LINE('',#11255,#11256);
#11255 = CARTESIAN_POINT('',(-1.55,-7.5E-02,2.06));
#11256 = VECTOR('',#11257,1.);
#11257 = DIRECTION('',(0.,-1.110223024625E-16,-1.));
#11258 = ORIENTED_EDGE('',*,*,#11259,.F.);
#11259 = EDGE_CURVE('',#10227,#11252,#11260,.T.);
#11260 = LINE('',#11261,#11262);
#11261 = CARTESIAN_POINT('',(-1.55,-2.475,1.46));
#11262 = VECTOR('',#11263,1.);
#11263 = DIRECTION('',(0.,1.,-1.110223024625E-16));
#11264 = ORIENTED_EDGE('',*,*,#10234,.F.);
#11265 = PLANE('',#11266);
#11266 = AXIS2_PLACEMENT_3D('',#11267,#11268,#11269);
#11267 = CARTESIAN_POINT('',(-1.55,-2.475,2.06));
#11268 = DIRECTION('',(-1.,0.,0.));
#11269 = DIRECTION('',(-0.,-1.110223024625E-16,-1.));
#11270 = ADVANCED_FACE('',(#11271),#11282,.F.);
#11271 = FACE_BOUND('',#11272,.F.);
#11272 = EDGE_LOOP('',(#11273,#11274,#11275,#11281));
#11273 = ORIENTED_EDGE('',*,*,#10226,.F.);
#11274 = ORIENTED_EDGE('',*,*,#11259,.T.);
#11275 = ORIENTED_EDGE('',*,*,#11276,.T.);
#11276 = EDGE_CURVE('',#11252,#11197,#11277,.T.);
#11277 = LINE('',#11278,#11279);
#11278 = CARTESIAN_POINT('',(-1.55,-7.5E-02,1.46));
#11279 = VECTOR('',#11280,1.);
#11280 = DIRECTION('',(1.,0.,0.));
#11281 = ORIENTED_EDGE('',*,*,#11196,.T.);
#11282 = PLANE('',#11283);
#11283 = AXIS2_PLACEMENT_3D('',#11284,#11285,#11286);
#11284 = CARTESIAN_POINT('',(-1.55,-2.475,1.46));
#11285 = DIRECTION('',(0.,-1.110223024625E-16,-1.));
#11286 = DIRECTION('',(1.,0.,0.));
#11287 = ADVANCED_FACE('',(#11288),#11299,.F.);
#11288 = FACE_BOUND('',#11289,.F.);
#11289 = EDGE_LOOP('',(#11290,#11291,#11297,#11298));
#11290 = ORIENTED_EDGE('',*,*,#11189,.T.);
#11291 = ORIENTED_EDGE('',*,*,#11292,.T.);
#11292 = EDGE_CURVE('',#11182,#11038,#11293,.T.);
#11293 = LINE('',#11294,#11295);
#11294 = CARTESIAN_POINT('',(-1.2,0.525,0.46));
#11295 = VECTOR('',#11296,1.);
#11296 = DIRECTION('',(1.,0.,0.));
#11297 = ORIENTED_EDGE('',*,*,#11037,.F.);
#11298 = ORIENTED_EDGE('',*,*,#10210,.F.);
#11299 = PLANE('',#11300);
#11300 = AXIS2_PLACEMENT_3D('',#11301,#11302,#11303);
#11301 = CARTESIAN_POINT('',(-1.2,-2.475,0.46));
#11302 = DIRECTION('',(0.,-1.110223024625E-16,-1.));
#11303 = DIRECTION('',(1.,0.,0.));
#11304 = ADVANCED_FACE('',(#11305),#11339,.F.);
#11305 = FACE_BOUND('',#11306,.F.);
#11306 = EDGE_LOOP('',(#11307,#11308,#11316,#11324,#11332,#11338));
#11307 = ORIENTED_EDGE('',*,*,#10520,.T.);
#11308 = ORIENTED_EDGE('',*,*,#11309,.T.);
#11309 = EDGE_CURVE('',#10513,#11310,#11312,.T.);
#11310 = VERTEX_POINT('',#11311);
#11311 = CARTESIAN_POINT('',(1.5,1.225,1.46));
#11312 = LINE('',#11313,#11314);
#11313 = CARTESIAN_POINT('',(1.5,1.775,1.46));
#11314 = VECTOR('',#11315,1.);
#11315 = DIRECTION('',(0.,-1.,1.110223024625E-16));
#11316 = ORIENTED_EDGE('',*,*,#11317,.T.);
#11317 = EDGE_CURVE('',#11310,#11318,#11320,.T.);
#11318 = VERTEX_POINT('',#11319);
#11319 = CARTESIAN_POINT('',(1.5,1.225,2.46));
#11320 = LINE('',#11321,#11322);
#11321 = CARTESIAN_POINT('',(1.5,1.225,1.46));
#11322 = VECTOR('',#11323,1.);
#11323 = DIRECTION('',(0.,1.110223024625E-16,1.));
#11324 = ORIENTED_EDGE('',*,*,#11325,.T.);
#11325 = EDGE_CURVE('',#11318,#11326,#11328,.T.);
#11326 = VERTEX_POINT('',#11327);
#11327 = CARTESIAN_POINT('',(1.5,0.575,2.46));
#11328 = LINE('',#11329,#11330);
#11329 = CARTESIAN_POINT('',(1.5,1.225,2.46));
#11330 = VECTOR('',#11331,1.);
#11331 = DIRECTION('',(0.,-1.,1.110223024625E-16));
#11332 = ORIENTED_EDGE('',*,*,#11333,.T.);
#11333 = EDGE_CURVE('',#11326,#10339,#11334,.T.);
#11334 = LINE('',#11335,#11336);
#11335 = CARTESIAN_POINT('',(1.5,0.575,2.46));
#11336 = VECTOR('',#11337,1.);
#11337 = DIRECTION('',(0.,-0.500421834463,0.865781720524));
#11338 = ORIENTED_EDGE('',*,*,#10346,.T.);
#11339 = PLANE('',#11340);
#11340 = AXIS2_PLACEMENT_3D('',#11341,#11342,#11343);
#11341 = CARTESIAN_POINT('',(1.5,1.22787099059,2.3670284193));
#11342 = DIRECTION('',(-1.,0.,0.));
#11343 = DIRECTION('',(0.,1.,-1.110223024625E-16));
#11344 = ADVANCED_FACE('',(#11345),#11356,.F.);
#11345 = FACE_BOUND('',#11346,.F.);
#11346 = EDGE_LOOP('',(#11347,#11353,#11354,#11355));
#11347 = ORIENTED_EDGE('',*,*,#11348,.T.);
#11348 = EDGE_CURVE('',#11326,#10561,#11349,.T.);
#11349 = LINE('',#11350,#11351);
#11350 = CARTESIAN_POINT('',(1.5,0.575,2.46));
#11351 = VECTOR('',#11352,1.);
#11352 = DIRECTION('',(1.,0.,0.));
#11353 = ORIENTED_EDGE('',*,*,#10568,.T.);
#11354 = ORIENTED_EDGE('',*,*,#10338,.F.);
#11355 = ORIENTED_EDGE('',*,*,#11333,.F.);
#11356 = PLANE('',#11357);
#11357 = AXIS2_PLACEMENT_3D('',#11358,#11359,#11360);
#11358 = CARTESIAN_POINT('',(1.5,0.575,2.46));
#11359 = DIRECTION('',(0.,-0.865781720524,-0.500421834463));
#11360 = DIRECTION('',(0.,-0.500421834463,0.865781720524));
#11361 = ADVANCED_FACE('',(#11362),#11370,.T.);
#11362 = FACE_BOUND('',#11363,.T.);
#11363 = EDGE_LOOP('',(#11364,#11365,#11366,#11367,#11368,#11369));
#11364 = ORIENTED_EDGE('',*,*,#10527,.T.);
#11365 = ORIENTED_EDGE('',*,*,#10440,.T.);
#11366 = ORIENTED_EDGE('',*,*,#10416,.T.);
#11367 = ORIENTED_EDGE('',*,*,#10392,.T.);
#11368 = ORIENTED_EDGE('',*,*,#10368,.T.);
#11369 = ORIENTED_EDGE('',*,*,#10314,.T.);
#11370 = PLANE('',#11371);
#11371 = AXIS2_PLACEMENT_3D('',#11372,#11373,#11374);
#11372 = CARTESIAN_POINT('',(-1.5,1.22787099059,2.3670284193));
#11373 = DIRECTION('',(-1.,0.,0.));
#11374 = DIRECTION('',(0.,1.,-1.110223024625E-16));
#11375 = ADVANCED_FACE('',(#11376),#11387,.F.);
#11376 = FACE_BOUND('',#11377,.F.);
#11377 = EDGE_LOOP('',(#11378,#11379,#11380,#11386));
#11378 = ORIENTED_EDGE('',*,*,#10512,.T.);
#11379 = ORIENTED_EDGE('',*,*,#10544,.T.);
#11380 = ORIENTED_EDGE('',*,*,#11381,.F.);
#11381 = EDGE_CURVE('',#11310,#10545,#11382,.T.);
#11382 = LINE('',#11383,#11384);
#11383 = CARTESIAN_POINT('',(1.5,1.225,1.46));
#11384 = VECTOR('',#11385,1.);
#11385 = DIRECTION('',(1.,0.,0.));
#11386 = ORIENTED_EDGE('',*,*,#11309,.F.);
#11387 = PLANE('',#11388);
#11388 = AXIS2_PLACEMENT_3D('',#11389,#11390,#11391);
#11389 = CARTESIAN_POINT('',(1.5,1.775,1.46));
#11390 = DIRECTION('',(0.,-1.110223024625E-16,-1.));
#11391 = DIRECTION('',(0.,-1.,1.110223024625E-16));
#11392 = ADVANCED_FACE('',(#11393),#11404,.T.);
#11393 = FACE_BOUND('',#11394,.T.);
#11394 = EDGE_LOOP('',(#11395,#11396,#11397,#11403));
#11395 = ORIENTED_EDGE('',*,*,#10489,.T.);
#11396 = ORIENTED_EDGE('',*,*,#10912,.T.);
#11397 = ORIENTED_EDGE('',*,*,#11398,.F.);
#11398 = EDGE_CURVE('',#10856,#10913,#11399,.T.);
#11399 = LINE('',#11400,#11401);
#11400 = CARTESIAN_POINT('',(0.4,2.475,0.2));
#11401 = VECTOR('',#11402,1.);
#11402 = DIRECTION('',(1.,0.,0.));
#11403 = ORIENTED_EDGE('',*,*,#10855,.F.);
#11404 = PLANE('',#11405);
#11405 = AXIS2_PLACEMENT_3D('',#11406,#11407,#11408);
#11406 = CARTESIAN_POINT('',(0.4,1.775,0.2));
#11407 = DIRECTION('',(0.,0.,1.));
#11408 = DIRECTION('',(0.,1.,0.));
#11409 = ADVANCED_FACE('',(#11410),#11421,.T.);
#11410 = FACE_BOUND('',#11411,.T.);
#11411 = EDGE_LOOP('',(#11412,#11413,#11414,#11420));
#11412 = ORIENTED_EDGE('',*,*,#10466,.T.);
#11413 = ORIENTED_EDGE('',*,*,#10815,.T.);
#11414 = ORIENTED_EDGE('',*,*,#11415,.F.);
#11415 = EDGE_CURVE('',#10759,#10816,#11416,.T.);
#11416 = LINE('',#11417,#11418);
#11417 = CARTESIAN_POINT('',(-0.6,2.475,0.2));
#11418 = VECTOR('',#11419,1.);
#11419 = DIRECTION('',(1.,0.,0.));
#11420 = ORIENTED_EDGE('',*,*,#10758,.F.);
#11421 = PLANE('',#11422);
#11422 = AXIS2_PLACEMENT_3D('',#11423,#11424,#11425);
#11423 = CARTESIAN_POINT('',(-0.6,1.775,0.2));
#11424 = DIRECTION('',(0.,0.,1.));
#11425 = DIRECTION('',(0.,1.,0.));
#11426 = ADVANCED_FACE('',(#11427),#11445,.F.);
#11427 = FACE_BOUND('',#11428,.F.);
#11428 = EDGE_LOOP('',(#11429,#11437,#11443,#11444));
#11429 = ORIENTED_EDGE('',*,*,#11430,.F.);
#11430 = EDGE_CURVE('',#11431,#10615,#11433,.T.);
#11431 = VERTEX_POINT('',#11432);
#11432 = CARTESIAN_POINT('',(1.7,-1.975,0.61));
#11433 = LINE('',#11434,#11435);
#11434 = CARTESIAN_POINT('',(1.7,-1.975,0.61));
#11435 = VECTOR('',#11436,1.);
#11436 = DIRECTION('',(0.,1.,0.));
#11437 = ORIENTED_EDGE('',*,*,#11438,.T.);
#11438 = EDGE_CURVE('',#11431,#10585,#11439,.T.);
#11439 = LINE('',#11440,#11441);
#11440 = CARTESIAN_POINT('',(1.5,-1.975,0.61));
#11441 = VECTOR('',#11442,1.);
#11442 = DIRECTION('',(1.,0.,0.));
#11443 = ORIENTED_EDGE('',*,*,#10592,.T.);
#11444 = ORIENTED_EDGE('',*,*,#10622,.F.);
#11445 = PLANE('',#11446);
#11446 = AXIS2_PLACEMENT_3D('',#11447,#11448,#11449);
#11447 = CARTESIAN_POINT('',(1.5,-1.975,0.61));
#11448 = DIRECTION('',(0.,1.110223024625E-16,1.));
#11449 = DIRECTION('',(0.,1.,-1.110223024625E-16));
#11450 = ADVANCED_FACE('',(#11451),#11462,.F.);
#11451 = FACE_BOUND('',#11452,.F.);
#11452 = EDGE_LOOP('',(#11453,#11459,#11460,#11461));
#11453 = ORIENTED_EDGE('',*,*,#11454,.F.);
#11454 = EDGE_CURVE('',#11013,#11431,#11455,.T.);
#11455 = LINE('',#11456,#11457);
#11456 = CARTESIAN_POINT('',(1.7,-1.975,1.26));
#11457 = VECTOR('',#11458,1.);
#11458 = DIRECTION('',(0.,0.,-1.));
#11459 = ORIENTED_EDGE('',*,*,#11022,.T.);
#11460 = ORIENTED_EDGE('',*,*,#10584,.T.);
#11461 = ORIENTED_EDGE('',*,*,#11438,.F.);
#11462 = PLANE('',#11463);
#11463 = AXIS2_PLACEMENT_3D('',#11464,#11465,#11466);
#11464 = CARTESIAN_POINT('',(1.5,-1.975,1.26));
#11465 = DIRECTION('',(0.,1.,-1.110223024625E-16));
#11466 = DIRECTION('',(0.,-1.110223024625E-16,-1.));
#11467 = ADVANCED_FACE('',(#11468),#11479,.F.);
#11468 = FACE_BOUND('',#11469,.F.);
#11469 = EDGE_LOOP('',(#11470,#11476,#11477,#11478));
#11470 = ORIENTED_EDGE('',*,*,#11471,.T.);
#11471 = EDGE_CURVE('',#11318,#10553,#11472,.T.);
#11472 = LINE('',#11473,#11474);
#11473 = CARTESIAN_POINT('',(1.5,1.225,2.46));
#11474 = VECTOR('',#11475,1.);
#11475 = DIRECTION('',(1.,0.,0.));
#11476 = ORIENTED_EDGE('',*,*,#10560,.T.);
#11477 = ORIENTED_EDGE('',*,*,#11348,.F.);
#11478 = ORIENTED_EDGE('',*,*,#11325,.F.);
#11479 = PLANE('',#11480);
#11480 = AXIS2_PLACEMENT_3D('',#11481,#11482,#11483);
#11481 = CARTESIAN_POINT('',(1.5,1.225,2.46));
#11482 = DIRECTION('',(0.,-1.110223024625E-16,-1.));
#11483 = DIRECTION('',(0.,-1.,1.110223024625E-16));
#11484 = ADVANCED_FACE('',(#11485),#11491,.F.);
#11485 = FACE_BOUND('',#11486,.F.);
#11486 = EDGE_LOOP('',(#11487,#11488,#11489,#11490));
#11487 = ORIENTED_EDGE('',*,*,#11381,.T.);
#11488 = ORIENTED_EDGE('',*,*,#10552,.T.);
#11489 = ORIENTED_EDGE('',*,*,#11471,.F.);
#11490 = ORIENTED_EDGE('',*,*,#11317,.F.);
#11491 = PLANE('',#11492);
#11492 = AXIS2_PLACEMENT_3D('',#11493,#11494,#11495);
#11493 = CARTESIAN_POINT('',(1.5,1.225,1.46));
#11494 = DIRECTION('',(0.,-1.,1.110223024625E-16));
#11495 = DIRECTION('',(0.,1.110223024625E-16,1.));
#11496 = ADVANCED_FACE('',(#11497),#11511,.F.);
#11497 = FACE_BOUND('',#11498,.F.);
#11498 = EDGE_LOOP('',(#11499,#11500,#11501,#11502,#11503,#11504,#11505)
  );
#11499 = ORIENTED_EDGE('',*,*,#10995,.T.);
#11500 = ORIENTED_EDGE('',*,*,#11012,.T.);
#11501 = ORIENTED_EDGE('',*,*,#11454,.T.);
#11502 = ORIENTED_EDGE('',*,*,#11430,.T.);
#11503 = ORIENTED_EDGE('',*,*,#10614,.T.);
#11504 = ORIENTED_EDGE('',*,*,#10647,.T.);
#11505 = ORIENTED_EDGE('',*,*,#11506,.T.);
#11506 = EDGE_CURVE('',#10648,#10988,#11507,.T.);
#11507 = LINE('',#11508,#11509);
#11508 = CARTESIAN_POINT('',(1.7,-0.975,1.E-02));
#11509 = VECTOR('',#11510,1.);
#11510 = DIRECTION('',(0.,-1.,-5.782411586589E-18));
#11511 = PLANE('',#11512);
#11512 = AXIS2_PLACEMENT_3D('',#11513,#11514,#11515);
#11513 = CARTESIAN_POINT('',(1.7,-1.843181818182,0.516818181818));
#11514 = DIRECTION('',(-1.,-0.,-0.));
#11515 = DIRECTION('',(0.,0.,-1.));
#11516 = ADVANCED_FACE('',(#11517),#11523,.T.);
#11517 = FACE_BOUND('',#11518,.T.);
#11518 = EDGE_LOOP('',(#11519,#11520,#11521,#11522));
#11519 = ORIENTED_EDGE('',*,*,#10655,.T.);
#11520 = ORIENTED_EDGE('',*,*,#11506,.T.);
#11521 = ORIENTED_EDGE('',*,*,#10987,.F.);
#11522 = ORIENTED_EDGE('',*,*,#10669,.F.);
#11523 = PLANE('',#11524);
#11524 = AXIS2_PLACEMENT_3D('',#11525,#11526,#11527);
#11525 = CARTESIAN_POINT('',(1.5,-0.975,1.E-02));
#11526 = DIRECTION('',(0.,5.782411586589E-18,-1.));
#11527 = DIRECTION('',(0.,-1.,-5.782411586589E-18));
#11528 = ADVANCED_FACE('',(#11529),#11535,.T.);
#11529 = FACE_BOUND('',#11530,.T.);
#11530 = EDGE_LOOP('',(#11531,#11532,#11533,#11534));
#11531 = ORIENTED_EDGE('',*,*,#10734,.T.);
#11532 = ORIENTED_EDGE('',*,*,#10693,.T.);
#11533 = ORIENTED_EDGE('',*,*,#10969,.F.);
#11534 = ORIENTED_EDGE('',*,*,#10955,.F.);
#11535 = PLANE('',#11536);
#11536 = AXIS2_PLACEMENT_3D('',#11537,#11538,#11539);
#11537 = CARTESIAN_POINT('',(-1.7,-0.975,1.E-02));
#11538 = DIRECTION('',(0.,5.782411586589E-18,-1.));
#11539 = DIRECTION('',(0.,-1.,-5.782411586589E-18));
#11540 = ADVANCED_FACE('',(#11541),#11552,.T.);
#11541 = FACE_BOUND('',#11542,.T.);
#11542 = EDGE_LOOP('',(#11543,#11544,#11545,#11551));
#11543 = ORIENTED_EDGE('',*,*,#11415,.T.);
#11544 = ORIENTED_EDGE('',*,*,#10823,.T.);
#11545 = ORIENTED_EDGE('',*,*,#11546,.F.);
#11546 = EDGE_CURVE('',#10767,#10824,#11547,.T.);
#11547 = LINE('',#11548,#11549);
#11548 = CARTESIAN_POINT('',(-0.6,2.475,0.));
#11549 = VECTOR('',#11550,1.);
#11550 = DIRECTION('',(1.,0.,0.));
#11551 = ORIENTED_EDGE('',*,*,#10766,.F.);
#11552 = PLANE('',#11553);
#11553 = AXIS2_PLACEMENT_3D('',#11554,#11555,#11556);
#11554 = CARTESIAN_POINT('',(-0.6,2.475,0.2));
#11555 = DIRECTION('',(0.,1.,0.));
#11556 = DIRECTION('',(0.,0.,-1.));
#11557 = ADVANCED_FACE('',(#11558),#11564,.T.);
#11558 = FACE_BOUND('',#11559,.T.);
#11559 = EDGE_LOOP('',(#11560,#11561,#11562,#11563));
#11560 = ORIENTED_EDGE('',*,*,#11546,.T.);
#11561 = ORIENTED_EDGE('',*,*,#10831,.T.);
#11562 = ORIENTED_EDGE('',*,*,#10788,.F.);
#11563 = ORIENTED_EDGE('',*,*,#10774,.F.);
#11564 = PLANE('',#11565);
#11565 = AXIS2_PLACEMENT_3D('',#11566,#11567,#11568);
#11566 = CARTESIAN_POINT('',(-0.6,2.475,0.));
#11567 = DIRECTION('',(0.,0.,-1.));
#11568 = DIRECTION('',(0.,-1.,0.));
#11569 = ADVANCED_FACE('',(#11570),#11581,.T.);
#11570 = FACE_BOUND('',#11571,.T.);
#11571 = EDGE_LOOP('',(#11572,#11573,#11574,#11580));
#11572 = ORIENTED_EDGE('',*,*,#11398,.T.);
#11573 = ORIENTED_EDGE('',*,*,#10920,.T.);
#11574 = ORIENTED_EDGE('',*,*,#11575,.F.);
#11575 = EDGE_CURVE('',#10864,#10921,#11576,.T.);
#11576 = LINE('',#11577,#11578);
#11577 = CARTESIAN_POINT('',(0.4,2.475,0.));
#11578 = VECTOR('',#11579,1.);
#11579 = DIRECTION('',(1.,0.,0.));
#11580 = ORIENTED_EDGE('',*,*,#10863,.F.);
#11581 = PLANE('',#11582);
#11582 = AXIS2_PLACEMENT_3D('',#11583,#11584,#11585);
#11583 = CARTESIAN_POINT('',(0.4,2.475,0.2));
#11584 = DIRECTION('',(0.,1.,0.));
#11585 = DIRECTION('',(0.,0.,-1.));
#11586 = ADVANCED_FACE('',(#11587),#11593,.T.);
#11587 = FACE_BOUND('',#11588,.T.);
#11588 = EDGE_LOOP('',(#11589,#11590,#11591,#11592));
#11589 = ORIENTED_EDGE('',*,*,#11575,.T.);
#11590 = ORIENTED_EDGE('',*,*,#10928,.T.);
#11591 = ORIENTED_EDGE('',*,*,#10885,.F.);
#11592 = ORIENTED_EDGE('',*,*,#10871,.F.);
#11593 = PLANE('',#11594);
#11594 = AXIS2_PLACEMENT_3D('',#11595,#11596,#11597);
#11595 = CARTESIAN_POINT('',(0.4,2.475,0.));
#11596 = DIRECTION('',(0.,0.,-1.));
#11597 = DIRECTION('',(0.,-1.,0.));
#11598 = ADVANCED_FACE('',(#11599),#11605,.T.);
#11599 = FACE_BOUND('',#11600,.T.);
#11600 = EDGE_LOOP('',(#11601,#11602,#11603,#11604));
#11601 = ORIENTED_EDGE('',*,*,#11092,.T.);
#11602 = ORIENTED_EDGE('',*,*,#11115,.T.);
#11603 = ORIENTED_EDGE('',*,*,#11140,.T.);
#11604 = ORIENTED_EDGE('',*,*,#11068,.T.);
#11605 = PLANE('',#11606);
#11606 = AXIS2_PLACEMENT_3D('',#11607,#11608,#11609);
#11607 = CARTESIAN_POINT('',(-1.800361661554E-16,-7.5E-02,1.76));
#11608 = DIRECTION('',(0.,-1.,1.110223024625E-16));
#11609 = DIRECTION('',(1.,0.,0.));
#11610 = ADVANCED_FACE('',(#11611,#11617,#11651),#11685,.T.);
#11611 = FACE_BOUND('',#11612,.T.);
#11612 = EDGE_LOOP('',(#11613,#11614,#11615,#11616));
#11613 = ORIENTED_EDGE('',*,*,#11045,.T.);
#11614 = ORIENTED_EDGE('',*,*,#11156,.T.);
#11615 = ORIENTED_EDGE('',*,*,#11181,.T.);
#11616 = ORIENTED_EDGE('',*,*,#11292,.T.);
#11617 = FACE_BOUND('',#11618,.T.);
#11618 = EDGE_LOOP('',(#11619,#11629,#11637,#11645));
#11619 = ORIENTED_EDGE('',*,*,#11620,.F.);
#11620 = EDGE_CURVE('',#11621,#11623,#11625,.T.);
#11621 = VERTEX_POINT('',#11622);
#11622 = CARTESIAN_POINT('',(-0.6,0.525,1.66));
#11623 = VERTEX_POINT('',#11624);
#11624 = CARTESIAN_POINT('',(-0.4,0.525,1.66));
#11625 = LINE('',#11626,#11627);
#11626 = CARTESIAN_POINT('',(-0.6,0.525,1.66));
#11627 = VECTOR('',#11628,1.);
#11628 = DIRECTION('',(1.,0.,0.));
#11629 = ORIENTED_EDGE('',*,*,#11630,.F.);
#11630 = EDGE_CURVE('',#11631,#11621,#11633,.T.);
#11631 = VERTEX_POINT('',#11632);
#11632 = CARTESIAN_POINT('',(-0.6,0.525,2.14));
#11633 = LINE('',#11634,#11635);
#11634 = CARTESIAN_POINT('',(-0.6,0.525,2.14));
#11635 = VECTOR('',#11636,1.);
#11636 = DIRECTION('',(0.,0.,-1.));
#11637 = ORIENTED_EDGE('',*,*,#11638,.T.);
#11638 = EDGE_CURVE('',#11631,#11639,#11641,.T.);
#11639 = VERTEX_POINT('',#11640);
#11640 = CARTESIAN_POINT('',(-0.4,0.525,2.14));
#11641 = LINE('',#11642,#11643);
#11642 = CARTESIAN_POINT('',(-0.6,0.525,2.14));
#11643 = VECTOR('',#11644,1.);
#11644 = DIRECTION('',(1.,0.,0.));
#11645 = ORIENTED_EDGE('',*,*,#11646,.T.);
#11646 = EDGE_CURVE('',#11639,#11623,#11647,.T.);
#11647 = LINE('',#11648,#11649);
#11648 = CARTESIAN_POINT('',(-0.4,0.525,2.14));
#11649 = VECTOR('',#11650,1.);
#11650 = DIRECTION('',(0.,0.,-1.));
#11651 = FACE_BOUND('',#11652,.T.);
#11652 = EDGE_LOOP('',(#11653,#11663,#11671,#11679));
#11653 = ORIENTED_EDGE('',*,*,#11654,.F.);
#11654 = EDGE_CURVE('',#11655,#11657,#11659,.T.);
#11655 = VERTEX_POINT('',#11656);
#11656 = CARTESIAN_POINT('',(0.4,0.525,2.14));
#11657 = VERTEX_POINT('',#11658);
#11658 = CARTESIAN_POINT('',(0.4,0.525,1.66));
#11659 = LINE('',#11660,#11661);
#11660 = CARTESIAN_POINT('',(0.4,0.525,2.14));
#11661 = VECTOR('',#11662,1.);
#11662 = DIRECTION('',(0.,0.,-1.));
#11663 = ORIENTED_EDGE('',*,*,#11664,.T.);
#11664 = EDGE_CURVE('',#11655,#11665,#11667,.T.);
#11665 = VERTEX_POINT('',#11666);
#11666 = CARTESIAN_POINT('',(0.6,0.525,2.14));
#11667 = LINE('',#11668,#11669);
#11668 = CARTESIAN_POINT('',(0.4,0.525,2.14));
#11669 = VECTOR('',#11670,1.);
#11670 = DIRECTION('',(1.,0.,0.));
#11671 = ORIENTED_EDGE('',*,*,#11672,.T.);
#11672 = EDGE_CURVE('',#11665,#11673,#11675,.T.);
#11673 = VERTEX_POINT('',#11674);
#11674 = CARTESIAN_POINT('',(0.6,0.525,1.66));
#11675 = LINE('',#11676,#11677);
#11676 = CARTESIAN_POINT('',(0.6,0.525,2.14));
#11677 = VECTOR('',#11678,1.);
#11678 = DIRECTION('',(0.,0.,-1.));
#11679 = ORIENTED_EDGE('',*,*,#11680,.F.);
#11680 = EDGE_CURVE('',#11657,#11673,#11681,.T.);
#11681 = LINE('',#11682,#11683);
#11682 = CARTESIAN_POINT('',(0.4,0.525,1.66));
#11683 = VECTOR('',#11684,1.);
#11684 = DIRECTION('',(1.,0.,0.));
#11685 = PLANE('',#11686);
#11686 = AXIS2_PLACEMENT_3D('',#11687,#11688,#11689);
#11687 = CARTESIAN_POINT('',(0.,0.525,1.51));
#11688 = DIRECTION('',(0.,-1.,1.110223024625E-16));
#11689 = DIRECTION('',(1.,0.,0.));
#11690 = ADVANCED_FACE('',(#11691),#11697,.T.);
#11691 = FACE_BOUND('',#11692,.T.);
#11692 = EDGE_LOOP('',(#11693,#11694,#11695,#11696));
#11693 = ORIENTED_EDGE('',*,*,#11276,.T.);
#11694 = ORIENTED_EDGE('',*,*,#11204,.T.);
#11695 = ORIENTED_EDGE('',*,*,#11228,.T.);
#11696 = ORIENTED_EDGE('',*,*,#11251,.T.);
#11697 = PLANE('',#11698);
#11698 = AXIS2_PLACEMENT_3D('',#11699,#11700,#11701);
#11699 = CARTESIAN_POINT('',(-1.800361661554E-16,-7.5E-02,1.76));
#11700 = DIRECTION('',(0.,-1.,1.110223024625E-16));
#11701 = DIRECTION('',(1.,0.,0.));
#11702 = ADVANCED_FACE('',(#11703),#11728,.T.);
#11703 = FACE_BOUND('',#11704,.T.);
#11704 = EDGE_LOOP('',(#11705,#11706,#11714,#11722));
#11705 = ORIENTED_EDGE('',*,*,#11620,.T.);
#11706 = ORIENTED_EDGE('',*,*,#11707,.T.);
#11707 = EDGE_CURVE('',#11623,#11708,#11710,.T.);
#11708 = VERTEX_POINT('',#11709);
#11709 = CARTESIAN_POINT('',(-0.4,-1.225,1.79));
#11710 = LINE('',#11711,#11712);
#11711 = CARTESIAN_POINT('',(-0.4,0.525,1.66));
#11712 = VECTOR('',#11713,1.);
#11713 = DIRECTION('',(0.,-0.997252183706,7.408159078957E-02));
#11714 = ORIENTED_EDGE('',*,*,#11715,.F.);
#11715 = EDGE_CURVE('',#11716,#11708,#11718,.T.);
#11716 = VERTEX_POINT('',#11717);
#11717 = CARTESIAN_POINT('',(-0.6,-1.225,1.79));
#11718 = LINE('',#11719,#11720);
#11719 = CARTESIAN_POINT('',(-0.6,-1.225,1.79));
#11720 = VECTOR('',#11721,1.);
#11721 = DIRECTION('',(1.,0.,0.));
#11722 = ORIENTED_EDGE('',*,*,#11723,.F.);
#11723 = EDGE_CURVE('',#11621,#11716,#11724,.T.);
#11724 = LINE('',#11725,#11726);
#11725 = CARTESIAN_POINT('',(-0.6,0.525,1.66));
#11726 = VECTOR('',#11727,1.);
#11727 = DIRECTION('',(0.,-0.997252183706,7.408159078957E-02));
#11728 = PLANE('',#11729);
#11729 = AXIS2_PLACEMENT_3D('',#11730,#11731,#11732);
#11730 = CARTESIAN_POINT('',(-0.6,0.525,1.66));
#11731 = DIRECTION('',(0.,-7.408159078957E-02,-0.997252183706));
#11732 = DIRECTION('',(0.,-0.997252183706,7.408159078957E-02));
#11733 = ADVANCED_FACE('',(#11734),#11752,.F.);
#11734 = FACE_BOUND('',#11735,.F.);
#11735 = EDGE_LOOP('',(#11736,#11744,#11750,#11751));
#11736 = ORIENTED_EDGE('',*,*,#11737,.T.);
#11737 = EDGE_CURVE('',#11708,#11738,#11740,.T.);
#11738 = VERTEX_POINT('',#11739);
#11739 = CARTESIAN_POINT('',(-0.4,-1.225,2.14));
#11740 = LINE('',#11741,#11742);
#11741 = CARTESIAN_POINT('',(-0.4,-1.225,1.79));
#11742 = VECTOR('',#11743,1.);
#11743 = DIRECTION('',(0.,0.,1.));
#11744 = ORIENTED_EDGE('',*,*,#11745,.T.);
#11745 = EDGE_CURVE('',#11738,#11639,#11746,.T.);
#11746 = LINE('',#11747,#11748);
#11747 = CARTESIAN_POINT('',(-0.4,-1.225,2.14));
#11748 = VECTOR('',#11749,1.);
#11749 = DIRECTION('',(0.,1.,0.));
#11750 = ORIENTED_EDGE('',*,*,#11646,.T.);
#11751 = ORIENTED_EDGE('',*,*,#11707,.T.);
#11752 = PLANE('',#11753);
#11753 = AXIS2_PLACEMENT_3D('',#11754,#11755,#11756);
#11754 = CARTESIAN_POINT('',(-0.4,-0.323759014354,1.931294517928));
#11755 = DIRECTION('',(-1.,-0.,-0.));
#11756 = DIRECTION('',(0.,0.,-1.));
#11757 = ADVANCED_FACE('',(#11758),#11776,.T.);
#11758 = FACE_BOUND('',#11759,.T.);
#11759 = EDGE_LOOP('',(#11760,#11768,#11769,#11770));
#11760 = ORIENTED_EDGE('',*,*,#11761,.T.);
#11761 = EDGE_CURVE('',#11762,#11738,#11764,.T.);
#11762 = VERTEX_POINT('',#11763);
#11763 = CARTESIAN_POINT('',(-0.6,-1.225,2.14));
#11764 = LINE('',#11765,#11766);
#11765 = CARTESIAN_POINT('',(-0.6,-1.225,2.14));
#11766 = VECTOR('',#11767,1.);
#11767 = DIRECTION('',(1.,0.,0.));
#11768 = ORIENTED_EDGE('',*,*,#11745,.T.);
#11769 = ORIENTED_EDGE('',*,*,#11638,.F.);
#11770 = ORIENTED_EDGE('',*,*,#11771,.F.);
#11771 = EDGE_CURVE('',#11762,#11631,#11772,.T.);
#11772 = LINE('',#11773,#11774);
#11773 = CARTESIAN_POINT('',(-0.6,-1.225,2.14));
#11774 = VECTOR('',#11775,1.);
#11775 = DIRECTION('',(0.,1.,0.));
#11776 = PLANE('',#11777);
#11777 = AXIS2_PLACEMENT_3D('',#11778,#11779,#11780);
#11778 = CARTESIAN_POINT('',(-0.6,-1.225,2.14));
#11779 = DIRECTION('',(0.,0.,1.));
#11780 = DIRECTION('',(0.,1.,0.));
#11781 = ADVANCED_FACE('',(#11782),#11793,.T.);
#11782 = FACE_BOUND('',#11783,.T.);
#11783 = EDGE_LOOP('',(#11784,#11790,#11791,#11792));
#11784 = ORIENTED_EDGE('',*,*,#11785,.T.);
#11785 = EDGE_CURVE('',#11716,#11762,#11786,.T.);
#11786 = LINE('',#11787,#11788);
#11787 = CARTESIAN_POINT('',(-0.6,-1.225,1.79));
#11788 = VECTOR('',#11789,1.);
#11789 = DIRECTION('',(0.,0.,1.));
#11790 = ORIENTED_EDGE('',*,*,#11771,.T.);
#11791 = ORIENTED_EDGE('',*,*,#11630,.T.);
#11792 = ORIENTED_EDGE('',*,*,#11723,.T.);
#11793 = PLANE('',#11794);
#11794 = AXIS2_PLACEMENT_3D('',#11795,#11796,#11797);
#11795 = CARTESIAN_POINT('',(-0.6,-0.323759014354,1.931294517928));
#11796 = DIRECTION('',(-1.,-0.,-0.));
#11797 = DIRECTION('',(0.,0.,-1.));
#11798 = ADVANCED_FACE('',(#11799),#11824,.T.);
#11799 = FACE_BOUND('',#11800,.T.);
#11800 = EDGE_LOOP('',(#11801,#11811,#11817,#11818));
#11801 = ORIENTED_EDGE('',*,*,#11802,.T.);
#11802 = EDGE_CURVE('',#11803,#11805,#11807,.T.);
#11803 = VERTEX_POINT('',#11804);
#11804 = CARTESIAN_POINT('',(0.4,-1.225,1.79));
#11805 = VERTEX_POINT('',#11806);
#11806 = CARTESIAN_POINT('',(0.4,-1.225,2.14));
#11807 = LINE('',#11808,#11809);
#11808 = CARTESIAN_POINT('',(0.4,-1.225,1.79));
#11809 = VECTOR('',#11810,1.);
#11810 = DIRECTION('',(0.,0.,1.));
#11811 = ORIENTED_EDGE('',*,*,#11812,.T.);
#11812 = EDGE_CURVE('',#11805,#11655,#11813,.T.);
#11813 = LINE('',#11814,#11815);
#11814 = CARTESIAN_POINT('',(0.4,-1.225,2.14));
#11815 = VECTOR('',#11816,1.);
#11816 = DIRECTION('',(0.,1.,0.));
#11817 = ORIENTED_EDGE('',*,*,#11654,.T.);
#11818 = ORIENTED_EDGE('',*,*,#11819,.T.);
#11819 = EDGE_CURVE('',#11657,#11803,#11820,.T.);
#11820 = LINE('',#11821,#11822);
#11821 = CARTESIAN_POINT('',(0.4,0.525,1.66));
#11822 = VECTOR('',#11823,1.);
#11823 = DIRECTION('',(0.,-0.997252183706,7.408159078957E-02));
#11824 = PLANE('',#11825);
#11825 = AXIS2_PLACEMENT_3D('',#11826,#11827,#11828);
#11826 = CARTESIAN_POINT('',(0.4,-0.323759014354,1.931294517928));
#11827 = DIRECTION('',(-1.,-0.,-0.));
#11828 = DIRECTION('',(0.,0.,-1.));
#11829 = ADVANCED_FACE('',(#11830),#11848,.T.);
#11830 = FACE_BOUND('',#11831,.T.);
#11831 = EDGE_LOOP('',(#11832,#11833,#11841,#11847));
#11832 = ORIENTED_EDGE('',*,*,#11680,.T.);
#11833 = ORIENTED_EDGE('',*,*,#11834,.T.);
#11834 = EDGE_CURVE('',#11673,#11835,#11837,.T.);
#11835 = VERTEX_POINT('',#11836);
#11836 = CARTESIAN_POINT('',(0.6,-1.225,1.79));
#11837 = LINE('',#11838,#11839);
#11838 = CARTESIAN_POINT('',(0.6,0.525,1.66));
#11839 = VECTOR('',#11840,1.);
#11840 = DIRECTION('',(0.,-0.997252183706,7.408159078957E-02));
#11841 = ORIENTED_EDGE('',*,*,#11842,.F.);
#11842 = EDGE_CURVE('',#11803,#11835,#11843,.T.);
#11843 = LINE('',#11844,#11845);
#11844 = CARTESIAN_POINT('',(0.4,-1.225,1.79));
#11845 = VECTOR('',#11846,1.);
#11846 = DIRECTION('',(1.,0.,0.));
#11847 = ORIENTED_EDGE('',*,*,#11819,.F.);
#11848 = PLANE('',#11849);
#11849 = AXIS2_PLACEMENT_3D('',#11850,#11851,#11852);
#11850 = CARTESIAN_POINT('',(0.4,0.525,1.66));
#11851 = DIRECTION('',(0.,-7.408159078957E-02,-0.997252183706));
#11852 = DIRECTION('',(0.,-0.997252183706,7.408159078957E-02));
#11853 = ADVANCED_FACE('',(#11854),#11872,.F.);
#11854 = FACE_BOUND('',#11855,.F.);
#11855 = EDGE_LOOP('',(#11856,#11864,#11870,#11871));
#11856 = ORIENTED_EDGE('',*,*,#11857,.T.);
#11857 = EDGE_CURVE('',#11835,#11858,#11860,.T.);
#11858 = VERTEX_POINT('',#11859);
#11859 = CARTESIAN_POINT('',(0.6,-1.225,2.14));
#11860 = LINE('',#11861,#11862);
#11861 = CARTESIAN_POINT('',(0.6,-1.225,1.79));
#11862 = VECTOR('',#11863,1.);
#11863 = DIRECTION('',(0.,0.,1.));
#11864 = ORIENTED_EDGE('',*,*,#11865,.T.);
#11865 = EDGE_CURVE('',#11858,#11665,#11866,.T.);
#11866 = LINE('',#11867,#11868);
#11867 = CARTESIAN_POINT('',(0.6,-1.225,2.14));
#11868 = VECTOR('',#11869,1.);
#11869 = DIRECTION('',(0.,1.,0.));
#11870 = ORIENTED_EDGE('',*,*,#11672,.T.);
#11871 = ORIENTED_EDGE('',*,*,#11834,.T.);
#11872 = PLANE('',#11873);
#11873 = AXIS2_PLACEMENT_3D('',#11874,#11875,#11876);
#11874 = CARTESIAN_POINT('',(0.6,-0.323759014354,1.931294517928));
#11875 = DIRECTION('',(-1.,-0.,-0.));
#11876 = DIRECTION('',(0.,0.,-1.));
#11877 = ADVANCED_FACE('',(#11878),#11889,.T.);
#11878 = FACE_BOUND('',#11879,.T.);
#11879 = EDGE_LOOP('',(#11880,#11886,#11887,#11888));
#11880 = ORIENTED_EDGE('',*,*,#11881,.T.);
#11881 = EDGE_CURVE('',#11805,#11858,#11882,.T.);
#11882 = LINE('',#11883,#11884);
#11883 = CARTESIAN_POINT('',(0.4,-1.225,2.14));
#11884 = VECTOR('',#11885,1.);
#11885 = DIRECTION('',(1.,0.,0.));
#11886 = ORIENTED_EDGE('',*,*,#11865,.T.);
#11887 = ORIENTED_EDGE('',*,*,#11664,.F.);
#11888 = ORIENTED_EDGE('',*,*,#11812,.F.);
#11889 = PLANE('',#11890);
#11890 = AXIS2_PLACEMENT_3D('',#11891,#11892,#11893);
#11891 = CARTESIAN_POINT('',(0.4,-1.225,2.14));
#11892 = DIRECTION('',(0.,0.,1.));
#11893 = DIRECTION('',(0.,1.,0.));
#11894 = ADVANCED_FACE('',(#11895),#11901,.T.);
#11895 = FACE_BOUND('',#11896,.T.);
#11896 = EDGE_LOOP('',(#11897,#11898,#11899,#11900));
#11897 = ORIENTED_EDGE('',*,*,#11715,.T.);
#11898 = ORIENTED_EDGE('',*,*,#11737,.T.);
#11899 = ORIENTED_EDGE('',*,*,#11761,.F.);
#11900 = ORIENTED_EDGE('',*,*,#11785,.F.);
#11901 = PLANE('',#11902);
#11902 = AXIS2_PLACEMENT_3D('',#11903,#11904,#11905);
#11903 = CARTESIAN_POINT('',(-0.6,-1.225,1.79));
#11904 = DIRECTION('',(0.,-1.,0.));
#11905 = DIRECTION('',(0.,0.,1.));
#11906 = ADVANCED_FACE('',(#11907),#11913,.T.);
#11907 = FACE_BOUND('',#11908,.T.);
#11908 = EDGE_LOOP('',(#11909,#11910,#11911,#11912));
#11909 = ORIENTED_EDGE('',*,*,#11842,.T.);
#11910 = ORIENTED_EDGE('',*,*,#11857,.T.);
#11911 = ORIENTED_EDGE('',*,*,#11881,.F.);
#11912 = ORIENTED_EDGE('',*,*,#11802,.F.);
#11913 = PLANE('',#11914);
#11914 = AXIS2_PLACEMENT_3D('',#11915,#11916,#11917);
#11915 = CARTESIAN_POINT('',(0.4,-1.225,1.79));
#11916 = DIRECTION('',(0.,-1.,0.));
#11917 = DIRECTION('',(0.,0.,1.));
#11918 = ( GEOMETRIC_REPRESENTATION_CONTEXT(3) 
GLOBAL_UNCERTAINTY_ASSIGNED_CONTEXT((#11922)) 
GLOBAL_UNIT_ASSIGNED_CONTEXT((#11919,#11920,#11921)) 
REPRESENTATION_CONTEXT('Context #1',
  '3D Context with UNIT and UNCERTAINTY') );
#11919 = ( LENGTH_UNIT() NAMED_UNIT(*) SI_UNIT(.MILLI.,.METRE.) );
#11920 = ( NAMED_UNIT(*) PLANE_ANGLE_UNIT() SI_UNIT($,.RADIAN.) );
#11921 = ( NAMED_UNIT(*) SI_UNIT($,.STERADIAN.) SOLID_ANGLE_UNIT() );
#11922 = UNCERTAINTY_MEASURE_WITH_UNIT(LENGTH_MEASURE(1.E-07),#11919,
  'distance_accuracy_value','confusion accuracy');
#11923 = CONTEXT_DEPENDENT_SHAPE_REPRESENTATION(#11924,#11926);
#11924 = ( REPRESENTATION_RELATIONSHIP('','',#9793,#10) 
REPRESENTATION_RELATIONSHIP_WITH_TRANSFORMATION(#11925) 
SHAPE_REPRESENTATION_RELATIONSHIP() );
#11925 = ITEM_DEFINED_TRANSFORMATION('','',#11,#27);
#11926 = PRODUCT_DEFINITION_SHAPE('Placement','Placement of an item',
  #11927);
#11927 = NEXT_ASSEMBLY_USAGE_OCCURRENCE('4','J3','',#5,#9788,$);
#11928 = PRODUCT_RELATED_PRODUCT_CATEGORY('part',$,(#9790));
#11929 = SHAPE_DEFINITION_REPRESENTATION(#11930,#11936);
#11930 = PRODUCT_DEFINITION_SHAPE('','',#11931);
#11931 = PRODUCT_DEFINITION('design','',#11932,#11935);
#11932 = PRODUCT_DEFINITION_FORMATION('','',#11933);
#11933 = PRODUCT('player device_PCB','player device_PCB','',(#11934));
#11934 = PRODUCT_CONTEXT('',#2,'mechanical');
#11935 = PRODUCT_DEFINITION_CONTEXT('part definition',#2,'design');
#11936 = ADVANCED_BREP_SHAPE_REPRESENTATION('',(#11,#11937),#13475);
#11937 = MANIFOLD_SOLID_BREP('',#11938);
#11938 = CLOSED_SHELL('',(#11939,#11981,#12012,#12043,#12447,#12851,
    #12868,#12885,#12902,#12919,#12931,#12948,#12965,#12982,#12999,
    #13016,#13033,#13050,#13067,#13084,#13101,#13118,#13135,#13152,
    #13169,#13186,#13203,#13220,#13237,#13254,#13271,#13288,#13305,
    #13322,#13339,#13356,#13373,#13390,#13407,#13424,#13441,#13458));
#11939 = ADVANCED_FACE('',(#11940),#11976,.T.);
#11940 = FACE_BOUND('',#11941,.T.);
#11941 = EDGE_LOOP('',(#11942,#11952,#11961,#11969));
#11942 = ORIENTED_EDGE('',*,*,#11943,.T.);
#11943 = EDGE_CURVE('',#11944,#11946,#11948,.T.);
#11944 = VERTEX_POINT('',#11945);
#11945 = CARTESIAN_POINT('',(112.,-41.5,0.));
#11946 = VERTEX_POINT('',#11947);
#11947 = CARTESIAN_POINT('',(112.,-41.5,1.51));
#11948 = LINE('',#11949,#11950);
#11949 = CARTESIAN_POINT('',(112.,-41.5,0.));
#11950 = VECTOR('',#11951,1.);
#11951 = DIRECTION('',(0.,0.,1.));
#11952 = ORIENTED_EDGE('',*,*,#11953,.T.);
#11953 = EDGE_CURVE('',#11946,#11954,#11956,.T.);
#11954 = VERTEX_POINT('',#11955);
#11955 = CARTESIAN_POINT('',(117.,-46.5,1.51));
#11956 = CIRCLE('',#11957,4.999999678834);
#11957 = AXIS2_PLACEMENT_3D('',#11958,#11959,#11960);
#11958 = CARTESIAN_POINT('',(112.00000032116,-46.49999967883,1.51));
#11959 = DIRECTION('',(0.,0.,-1.));
#11960 = DIRECTION('',(-6.423314133505E-08,1.,0.));
#11961 = ORIENTED_EDGE('',*,*,#11962,.F.);
#11962 = EDGE_CURVE('',#11963,#11954,#11965,.T.);
#11963 = VERTEX_POINT('',#11964);
#11964 = CARTESIAN_POINT('',(117.,-46.5,0.));
#11965 = LINE('',#11966,#11967);
#11966 = CARTESIAN_POINT('',(117.,-46.5,0.));
#11967 = VECTOR('',#11968,1.);
#11968 = DIRECTION('',(0.,0.,1.));
#11969 = ORIENTED_EDGE('',*,*,#11970,.F.);
#11970 = EDGE_CURVE('',#11944,#11963,#11971,.T.);
#11971 = CIRCLE('',#11972,4.999999678834);
#11972 = AXIS2_PLACEMENT_3D('',#11973,#11974,#11975);
#11973 = CARTESIAN_POINT('',(112.00000032116,-46.49999967883,0.));
#11974 = DIRECTION('',(0.,0.,-1.));
#11975 = DIRECTION('',(-6.423314133505E-08,1.,0.));
#11976 = CYLINDRICAL_SURFACE('',#11977,4.999999678834);
#11977 = AXIS2_PLACEMENT_3D('',#11978,#11979,#11980);
#11978 = CARTESIAN_POINT('',(112.00000032116,-46.49999967883,0.));
#11979 = DIRECTION('',(0.,0.,-1.));
#11980 = DIRECTION('',(-6.423314133505E-08,1.,0.));
#11981 = ADVANCED_FACE('',(#11982),#12007,.T.);
#11982 = FACE_BOUND('',#11983,.T.);
#11983 = EDGE_LOOP('',(#11984,#11994,#12000,#12001));
#11984 = ORIENTED_EDGE('',*,*,#11985,.T.);
#11985 = EDGE_CURVE('',#11986,#11988,#11990,.T.);
#11986 = VERTEX_POINT('',#11987);
#11987 = CARTESIAN_POINT('',(57.,-41.5,0.));
#11988 = VERTEX_POINT('',#11989);
#11989 = CARTESIAN_POINT('',(57.,-41.5,1.51));
#11990 = LINE('',#11991,#11992);
#11991 = CARTESIAN_POINT('',(57.,-41.5,0.));
#11992 = VECTOR('',#11993,1.);
#11993 = DIRECTION('',(0.,0.,1.));
#11994 = ORIENTED_EDGE('',*,*,#11995,.T.);
#11995 = EDGE_CURVE('',#11988,#11946,#11996,.T.);
#11996 = LINE('',#11997,#11998);
#11997 = CARTESIAN_POINT('',(57.,-41.5,1.51));
#11998 = VECTOR('',#11999,1.);
#11999 = DIRECTION('',(1.,0.,0.));
#12000 = ORIENTED_EDGE('',*,*,#11943,.F.);
#12001 = ORIENTED_EDGE('',*,*,#12002,.F.);
#12002 = EDGE_CURVE('',#11986,#11944,#12003,.T.);
#12003 = LINE('',#12004,#12005);
#12004 = CARTESIAN_POINT('',(57.,-41.5,0.));
#12005 = VECTOR('',#12006,1.);
#12006 = DIRECTION('',(1.,0.,0.));
#12007 = PLANE('',#12008);
#12008 = AXIS2_PLACEMENT_3D('',#12009,#12010,#12011);
#12009 = CARTESIAN_POINT('',(57.,-41.5,0.));
#12010 = DIRECTION('',(0.,1.,0.));
#12011 = DIRECTION('',(1.,0.,0.));
#12012 = ADVANCED_FACE('',(#12013),#12038,.T.);
#12013 = FACE_BOUND('',#12014,.T.);
#12014 = EDGE_LOOP('',(#12015,#12016,#12024,#12032));
#12015 = ORIENTED_EDGE('',*,*,#11962,.T.);
#12016 = ORIENTED_EDGE('',*,*,#12017,.T.);
#12017 = EDGE_CURVE('',#11954,#12018,#12020,.T.);
#12018 = VERTEX_POINT('',#12019);
#12019 = CARTESIAN_POINT('',(117.,-151.5,1.51));
#12020 = LINE('',#12021,#12022);
#12021 = CARTESIAN_POINT('',(117.,-46.5,1.51));
#12022 = VECTOR('',#12023,1.);
#12023 = DIRECTION('',(0.,-1.,0.));
#12024 = ORIENTED_EDGE('',*,*,#12025,.F.);
#12025 = EDGE_CURVE('',#12026,#12018,#12028,.T.);
#12026 = VERTEX_POINT('',#12027);
#12027 = CARTESIAN_POINT('',(117.,-151.5,0.));
#12028 = LINE('',#12029,#12030);
#12029 = CARTESIAN_POINT('',(117.,-151.5,0.));
#12030 = VECTOR('',#12031,1.);
#12031 = DIRECTION('',(0.,0.,1.));
#12032 = ORIENTED_EDGE('',*,*,#12033,.F.);
#12033 = EDGE_CURVE('',#11963,#12026,#12034,.T.);
#12034 = LINE('',#12035,#12036);
#12035 = CARTESIAN_POINT('',(117.,-46.5,0.));
#12036 = VECTOR('',#12037,1.);
#12037 = DIRECTION('',(0.,-1.,0.));
#12038 = PLANE('',#12039);
#12039 = AXIS2_PLACEMENT_3D('',#12040,#12041,#12042);
#12040 = CARTESIAN_POINT('',(117.,-46.5,0.));
#12041 = DIRECTION('',(1.,0.,-0.));
#12042 = DIRECTION('',(0.,-1.,0.));
#12043 = ADVANCED_FACE('',(#12044,#12090,#12101,#12112,#12123,#12134,
    #12145,#12156,#12167,#12178,#12189,#12200,#12211,#12222,#12233,
    #12244,#12255,#12266,#12277,#12288,#12299,#12310,#12321,#12332,
    #12343,#12354,#12365,#12376,#12387,#12398,#12409,#12420,#12431),
  #12442,.F.);
#12044 = FACE_BOUND('',#12045,.F.);
#12045 = EDGE_LOOP('',(#12046,#12047,#12048,#12057,#12065,#12074,#12082,
    #12089));
#12046 = ORIENTED_EDGE('',*,*,#11970,.F.);
#12047 = ORIENTED_EDGE('',*,*,#12002,.F.);
#12048 = ORIENTED_EDGE('',*,*,#12049,.F.);
#12049 = EDGE_CURVE('',#12050,#11986,#12052,.T.);
#12050 = VERTEX_POINT('',#12051);
#12051 = CARTESIAN_POINT('',(52.,-46.5,0.));
#12052 = CIRCLE('',#12053,4.999999678834);
#12053 = AXIS2_PLACEMENT_3D('',#12054,#12055,#12056);
#12054 = CARTESIAN_POINT('',(56.999999678834,-46.49999967883,0.));
#12055 = DIRECTION('',(0.,0.,-1.));
#12056 = DIRECTION('',(-1.,-6.423314275614E-08,-0.));
#12057 = ORIENTED_EDGE('',*,*,#12058,.F.);
#12058 = EDGE_CURVE('',#12059,#12050,#12061,.T.);
#12059 = VERTEX_POINT('',#12060);
#12060 = CARTESIAN_POINT('',(52.,-151.5,0.));
#12061 = LINE('',#12062,#12063);
#12062 = CARTESIAN_POINT('',(52.,-151.5,0.));
#12063 = VECTOR('',#12064,1.);
#12064 = DIRECTION('',(0.,1.,0.));
#12065 = ORIENTED_EDGE('',*,*,#12066,.F.);
#12066 = EDGE_CURVE('',#12067,#12059,#12069,.T.);
#12067 = VERTEX_POINT('',#12068);
#12068 = CARTESIAN_POINT('',(57.,-156.5,0.));
#12069 = CIRCLE('',#12070,4.999999678834);
#12070 = AXIS2_PLACEMENT_3D('',#12071,#12072,#12073);
#12071 = CARTESIAN_POINT('',(56.999999678834,-151.5000003211,0.));
#12072 = DIRECTION('',(0.,0.,-1.));
#12073 = DIRECTION('',(6.42331470194E-08,-1.,0.));
#12074 = ORIENTED_EDGE('',*,*,#12075,.F.);
#12075 = EDGE_CURVE('',#12076,#12067,#12078,.T.);
#12076 = VERTEX_POINT('',#12077);
#12077 = CARTESIAN_POINT('',(112.,-156.5,0.));
#12078 = LINE('',#12079,#12080);
#12079 = CARTESIAN_POINT('',(112.,-156.5,0.));
#12080 = VECTOR('',#12081,1.);
#12081 = DIRECTION('',(-1.,0.,0.));
#12082 = ORIENTED_EDGE('',*,*,#12083,.F.);
#12083 = EDGE_CURVE('',#12026,#12076,#12084,.T.);
#12084 = CIRCLE('',#12085,4.999999678834);
#12085 = AXIS2_PLACEMENT_3D('',#12086,#12087,#12088);
#12086 = CARTESIAN_POINT('',(112.00000032116,-151.5000003211,0.));
#12087 = DIRECTION('',(0.,0.,-1.));
#12088 = DIRECTION('',(1.,6.42331470194E-08,0.));
#12089 = ORIENTED_EDGE('',*,*,#12033,.F.);
#12090 = FACE_BOUND('',#12091,.F.);
#12091 = EDGE_LOOP('',(#12092));
#12092 = ORIENTED_EDGE('',*,*,#12093,.T.);
#12093 = EDGE_CURVE('',#12094,#12094,#12096,.T.);
#12094 = VERTEX_POINT('',#12095);
#12095 = CARTESIAN_POINT('',(57.,-139.58,0.));
#12096 = CIRCLE('',#12097,0.5);
#12097 = AXIS2_PLACEMENT_3D('',#12098,#12099,#12100);
#12098 = CARTESIAN_POINT('',(57.,-139.08,0.));
#12099 = DIRECTION('',(-0.,0.,-1.));
#12100 = DIRECTION('',(-0.,-1.,0.));
#12101 = FACE_BOUND('',#12102,.F.);
#12102 = EDGE_LOOP('',(#12103));
#12103 = ORIENTED_EDGE('',*,*,#12104,.T.);
#12104 = EDGE_CURVE('',#12105,#12105,#12107,.T.);
#12105 = VERTEX_POINT('',#12106);
#12106 = CARTESIAN_POINT('',(57.,-137.04,0.));
#12107 = CIRCLE('',#12108,0.5);
#12108 = AXIS2_PLACEMENT_3D('',#12109,#12110,#12111);
#12109 = CARTESIAN_POINT('',(57.,-136.54,0.));
#12110 = DIRECTION('',(-0.,0.,-1.));
#12111 = DIRECTION('',(-0.,-1.,0.));
#12112 = FACE_BOUND('',#12113,.F.);
#12113 = EDGE_LOOP('',(#12114));
#12114 = ORIENTED_EDGE('',*,*,#12115,.T.);
#12115 = EDGE_CURVE('',#12116,#12116,#12118,.T.);
#12116 = VERTEX_POINT('',#12117);
#12117 = CARTESIAN_POINT('',(57.,-134.5,0.));
#12118 = CIRCLE('',#12119,0.5);
#12119 = AXIS2_PLACEMENT_3D('',#12120,#12121,#12122);
#12120 = CARTESIAN_POINT('',(57.,-134.,0.));
#12121 = DIRECTION('',(-0.,0.,-1.));
#12122 = DIRECTION('',(-0.,-1.,0.));
#12123 = FACE_BOUND('',#12124,.F.);
#12124 = EDGE_LOOP('',(#12125));
#12125 = ORIENTED_EDGE('',*,*,#12126,.T.);
#12126 = EDGE_CURVE('',#12127,#12127,#12129,.T.);
#12127 = VERTEX_POINT('',#12128);
#12128 = CARTESIAN_POINT('',(112.,-153.1,0.));
#12129 = CIRCLE('',#12130,1.1);
#12130 = AXIS2_PLACEMENT_3D('',#12131,#12132,#12133);
#12131 = CARTESIAN_POINT('',(112.,-152.,0.));
#12132 = DIRECTION('',(-0.,0.,-1.));
#12133 = DIRECTION('',(-0.,-1.,0.));
#12134 = FACE_BOUND('',#12135,.F.);
#12135 = EDGE_LOOP('',(#12136));
#12136 = ORIENTED_EDGE('',*,*,#12137,.T.);
#12137 = EDGE_CURVE('',#12138,#12138,#12140,.T.);
#12138 = VERTEX_POINT('',#12139);
#12139 = CARTESIAN_POINT('',(65.,-97.81,0.));
#12140 = CIRCLE('',#12141,0.5);
#12141 = AXIS2_PLACEMENT_3D('',#12142,#12143,#12144);
#12142 = CARTESIAN_POINT('',(65.,-97.31,0.));
#12143 = DIRECTION('',(-0.,0.,-1.));
#12144 = DIRECTION('',(-0.,-1.,0.));
#12145 = FACE_BOUND('',#12146,.F.);
#12146 = EDGE_LOOP('',(#12147));
#12147 = ORIENTED_EDGE('',*,*,#12148,.T.);
#12148 = EDGE_CURVE('',#12149,#12149,#12151,.T.);
#12149 = VERTEX_POINT('',#12150);
#12150 = CARTESIAN_POINT('',(65.,-95.27,0.));
#12151 = CIRCLE('',#12152,0.5);
#12152 = AXIS2_PLACEMENT_3D('',#12153,#12154,#12155);
#12153 = CARTESIAN_POINT('',(65.,-94.77,0.));
#12154 = DIRECTION('',(-0.,0.,-1.));
#12155 = DIRECTION('',(-0.,-1.,0.));
#12156 = FACE_BOUND('',#12157,.F.);
#12157 = EDGE_LOOP('',(#12158));
#12158 = ORIENTED_EDGE('',*,*,#12159,.T.);
#12159 = EDGE_CURVE('',#12160,#12160,#12162,.T.);
#12160 = VERTEX_POINT('',#12161);
#12161 = CARTESIAN_POINT('',(65.,-92.73,0.));
#12162 = CIRCLE('',#12163,0.5);
#12163 = AXIS2_PLACEMENT_3D('',#12164,#12165,#12166);
#12164 = CARTESIAN_POINT('',(65.,-92.23,0.));
#12165 = DIRECTION('',(-0.,0.,-1.));
#12166 = DIRECTION('',(-0.,-1.,0.));
#12167 = FACE_BOUND('',#12168,.F.);
#12168 = EDGE_LOOP('',(#12169));
#12169 = ORIENTED_EDGE('',*,*,#12170,.T.);
#12170 = EDGE_CURVE('',#12171,#12171,#12173,.T.);
#12171 = VERTEX_POINT('',#12172);
#12172 = CARTESIAN_POINT('',(65.,-90.19,0.));
#12173 = CIRCLE('',#12174,0.5);
#12174 = AXIS2_PLACEMENT_3D('',#12175,#12176,#12177);
#12175 = CARTESIAN_POINT('',(65.,-89.69,0.));
#12176 = DIRECTION('',(-0.,0.,-1.));
#12177 = DIRECTION('',(-0.,-1.,0.));
#12178 = FACE_BOUND('',#12179,.F.);
#12179 = EDGE_LOOP('',(#12180));
#12180 = ORIENTED_EDGE('',*,*,#12181,.T.);
#12181 = EDGE_CURVE('',#12182,#12182,#12184,.T.);
#12182 = VERTEX_POINT('',#12183);
#12183 = CARTESIAN_POINT('',(54.5,-64.248,0.));
#12184 = CIRCLE('',#12185,0.508);
#12185 = AXIS2_PLACEMENT_3D('',#12186,#12187,#12188);
#12186 = CARTESIAN_POINT('',(54.5,-63.74,0.));
#12187 = DIRECTION('',(-0.,0.,-1.));
#12188 = DIRECTION('',(-0.,-1.,0.));
#12189 = FACE_BOUND('',#12190,.F.);
#12190 = EDGE_LOOP('',(#12191));
#12191 = ORIENTED_EDGE('',*,*,#12192,.T.);
#12192 = EDGE_CURVE('',#12193,#12193,#12195,.T.);
#12193 = VERTEX_POINT('',#12194);
#12194 = CARTESIAN_POINT('',(57.04,-64.248,0.));
#12195 = CIRCLE('',#12196,0.508);
#12196 = AXIS2_PLACEMENT_3D('',#12197,#12198,#12199);
#12197 = CARTESIAN_POINT('',(57.04,-63.74,0.));
#12198 = DIRECTION('',(-0.,0.,-1.));
#12199 = DIRECTION('',(-0.,-1.,0.));
#12200 = FACE_BOUND('',#12201,.F.);
#12201 = EDGE_LOOP('',(#12202));
#12202 = ORIENTED_EDGE('',*,*,#12203,.T.);
#12203 = EDGE_CURVE('',#12204,#12204,#12206,.T.);
#12204 = VERTEX_POINT('',#12205);
#12205 = CARTESIAN_POINT('',(59.58,-64.248,0.));
#12206 = CIRCLE('',#12207,0.508);
#12207 = AXIS2_PLACEMENT_3D('',#12208,#12209,#12210);
#12208 = CARTESIAN_POINT('',(59.58,-63.74,0.));
#12209 = DIRECTION('',(-0.,0.,-1.));
#12210 = DIRECTION('',(-0.,-1.,0.));
#12211 = FACE_BOUND('',#12212,.F.);
#12212 = EDGE_LOOP('',(#12213));
#12213 = ORIENTED_EDGE('',*,*,#12214,.T.);
#12214 = EDGE_CURVE('',#12215,#12215,#12217,.T.);
#12215 = VERTEX_POINT('',#12216);
#12216 = CARTESIAN_POINT('',(62.12,-64.248,0.));
#12217 = CIRCLE('',#12218,0.508);
#12218 = AXIS2_PLACEMENT_3D('',#12219,#12220,#12221);
#12219 = CARTESIAN_POINT('',(62.12,-63.74,0.));
#12220 = DIRECTION('',(-0.,0.,-1.));
#12221 = DIRECTION('',(-1.398706172756E-14,-1.,0.));
#12222 = FACE_BOUND('',#12223,.F.);
#12223 = EDGE_LOOP('',(#12224));
#12224 = ORIENTED_EDGE('',*,*,#12225,.T.);
#12225 = EDGE_CURVE('',#12226,#12226,#12228,.T.);
#12226 = VERTEX_POINT('',#12227);
#12227 = CARTESIAN_POINT('',(64.66,-64.248,0.));
#12228 = CIRCLE('',#12229,0.508);
#12229 = AXIS2_PLACEMENT_3D('',#12230,#12231,#12232);
#12230 = CARTESIAN_POINT('',(64.66,-63.74,0.));
#12231 = DIRECTION('',(-0.,0.,-1.));
#12232 = DIRECTION('',(-0.,-1.,0.));
#12233 = FACE_BOUND('',#12234,.F.);
#12234 = EDGE_LOOP('',(#12235));
#12235 = ORIENTED_EDGE('',*,*,#12236,.T.);
#12236 = EDGE_CURVE('',#12237,#12237,#12239,.T.);
#12237 = VERTEX_POINT('',#12238);
#12238 = CARTESIAN_POINT('',(67.2,-64.248,0.));
#12239 = CIRCLE('',#12240,0.508);
#12240 = AXIS2_PLACEMENT_3D('',#12241,#12242,#12243);
#12241 = CARTESIAN_POINT('',(67.2,-63.74,0.));
#12242 = DIRECTION('',(-0.,0.,-1.));
#12243 = DIRECTION('',(2.797412345512E-14,-1.,-0.));
#12244 = FACE_BOUND('',#12245,.F.);
#12245 = EDGE_LOOP('',(#12246));
#12246 = ORIENTED_EDGE('',*,*,#12247,.T.);
#12247 = EDGE_CURVE('',#12248,#12248,#12250,.T.);
#12248 = VERTEX_POINT('',#12249);
#12249 = CARTESIAN_POINT('',(54.5,-49.008,0.));
#12250 = CIRCLE('',#12251,0.508);
#12251 = AXIS2_PLACEMENT_3D('',#12252,#12253,#12254);
#12252 = CARTESIAN_POINT('',(54.5,-48.5,0.));
#12253 = DIRECTION('',(-0.,0.,-1.));
#12254 = DIRECTION('',(-0.,-1.,0.));
#12255 = FACE_BOUND('',#12256,.F.);
#12256 = EDGE_LOOP('',(#12257));
#12257 = ORIENTED_EDGE('',*,*,#12258,.T.);
#12258 = EDGE_CURVE('',#12259,#12259,#12261,.T.);
#12259 = VERTEX_POINT('',#12260);
#12260 = CARTESIAN_POINT('',(57.04,-49.008,0.));
#12261 = CIRCLE('',#12262,0.508);
#12262 = AXIS2_PLACEMENT_3D('',#12263,#12264,#12265);
#12263 = CARTESIAN_POINT('',(57.04,-48.5,0.));
#12264 = DIRECTION('',(-0.,0.,-1.));
#12265 = DIRECTION('',(-0.,-1.,0.));
#12266 = FACE_BOUND('',#12267,.F.);
#12267 = EDGE_LOOP('',(#12268));
#12268 = ORIENTED_EDGE('',*,*,#12269,.T.);
#12269 = EDGE_CURVE('',#12270,#12270,#12272,.T.);
#12270 = VERTEX_POINT('',#12271);
#12271 = CARTESIAN_POINT('',(59.58,-49.008,0.));
#12272 = CIRCLE('',#12273,0.508);
#12273 = AXIS2_PLACEMENT_3D('',#12274,#12275,#12276);
#12274 = CARTESIAN_POINT('',(59.58,-48.5,0.));
#12275 = DIRECTION('',(-0.,0.,-1.));
#12276 = DIRECTION('',(-0.,-1.,0.));
#12277 = FACE_BOUND('',#12278,.F.);
#12278 = EDGE_LOOP('',(#12279));
#12279 = ORIENTED_EDGE('',*,*,#12280,.T.);
#12280 = EDGE_CURVE('',#12281,#12281,#12283,.T.);
#12281 = VERTEX_POINT('',#12282);
#12282 = CARTESIAN_POINT('',(62.12,-49.008,0.));
#12283 = CIRCLE('',#12284,0.508);
#12284 = AXIS2_PLACEMENT_3D('',#12285,#12286,#12287);
#12285 = CARTESIAN_POINT('',(62.12,-48.5,0.));
#12286 = DIRECTION('',(-0.,0.,-1.));
#12287 = DIRECTION('',(-1.398706172756E-14,-1.,0.));
#12288 = FACE_BOUND('',#12289,.F.);
#12289 = EDGE_LOOP('',(#12290));
#12290 = ORIENTED_EDGE('',*,*,#12291,.T.);
#12291 = EDGE_CURVE('',#12292,#12292,#12294,.T.);
#12292 = VERTEX_POINT('',#12293);
#12293 = CARTESIAN_POINT('',(64.66,-49.008,0.));
#12294 = CIRCLE('',#12295,0.508);
#12295 = AXIS2_PLACEMENT_3D('',#12296,#12297,#12298);
#12296 = CARTESIAN_POINT('',(64.66,-48.5,0.));
#12297 = DIRECTION('',(-0.,0.,-1.));
#12298 = DIRECTION('',(-0.,-1.,0.));
#12299 = FACE_BOUND('',#12300,.F.);
#12300 = EDGE_LOOP('',(#12301));
#12301 = ORIENTED_EDGE('',*,*,#12302,.T.);
#12302 = EDGE_CURVE('',#12303,#12303,#12305,.T.);
#12303 = VERTEX_POINT('',#12304);
#12304 = CARTESIAN_POINT('',(67.2,-49.008,0.));
#12305 = CIRCLE('',#12306,0.508);
#12306 = AXIS2_PLACEMENT_3D('',#12307,#12308,#12309);
#12307 = CARTESIAN_POINT('',(67.2,-48.5,0.));
#12308 = DIRECTION('',(-0.,0.,-1.));
#12309 = DIRECTION('',(2.797412345512E-14,-1.,-0.));
#12310 = FACE_BOUND('',#12311,.F.);
#12311 = EDGE_LOOP('',(#12312));
#12312 = ORIENTED_EDGE('',*,*,#12313,.T.);
#12313 = EDGE_CURVE('',#12314,#12314,#12316,.T.);
#12314 = VERTEX_POINT('',#12315);
#12315 = CARTESIAN_POINT('',(69.74,-64.248,0.));
#12316 = CIRCLE('',#12317,0.508);
#12317 = AXIS2_PLACEMENT_3D('',#12318,#12319,#12320);
#12318 = CARTESIAN_POINT('',(69.74,-63.74,0.));
#12319 = DIRECTION('',(-0.,0.,-1.));
#12320 = DIRECTION('',(-2.797412345512E-14,-1.,0.));
#12321 = FACE_BOUND('',#12322,.F.);
#12322 = EDGE_LOOP('',(#12323));
#12323 = ORIENTED_EDGE('',*,*,#12324,.T.);
#12324 = EDGE_CURVE('',#12325,#12325,#12327,.T.);
#12325 = VERTEX_POINT('',#12326);
#12326 = CARTESIAN_POINT('',(69.74,-49.008,0.));
#12327 = CIRCLE('',#12328,0.508);
#12328 = AXIS2_PLACEMENT_3D('',#12329,#12330,#12331);
#12329 = CARTESIAN_POINT('',(69.74,-48.5,0.));
#12330 = DIRECTION('',(-0.,0.,-1.));
#12331 = DIRECTION('',(-2.797412345512E-14,-1.,0.));
#12332 = FACE_BOUND('',#12333,.F.);
#12333 = EDGE_LOOP('',(#12334));
#12334 = ORIENTED_EDGE('',*,*,#12335,.T.);
#12335 = EDGE_CURVE('',#12336,#12336,#12338,.T.);
#12336 = VERTEX_POINT('',#12337);
#12337 = CARTESIAN_POINT('',(79.9,-59.168,0.));
#12338 = CIRCLE('',#12339,0.508);
#12339 = AXIS2_PLACEMENT_3D('',#12340,#12341,#12342);
#12340 = CARTESIAN_POINT('',(79.9,-58.66,0.));
#12341 = DIRECTION('',(-0.,0.,-1.));
#12342 = DIRECTION('',(-0.,-1.,0.));
#12343 = FACE_BOUND('',#12344,.F.);
#12344 = EDGE_LOOP('',(#12345));
#12345 = ORIENTED_EDGE('',*,*,#12346,.T.);
#12346 = EDGE_CURVE('',#12347,#12347,#12349,.T.);
#12347 = VERTEX_POINT('',#12348);
#12348 = CARTESIAN_POINT('',(79.9,-54.088,0.));
#12349 = CIRCLE('',#12350,0.508);
#12350 = AXIS2_PLACEMENT_3D('',#12351,#12352,#12353);
#12351 = CARTESIAN_POINT('',(79.9,-53.58,0.));
#12352 = DIRECTION('',(-0.,0.,-1.));
#12353 = DIRECTION('',(-0.,-1.,0.));
#12354 = FACE_BOUND('',#12355,.F.);
#12355 = EDGE_LOOP('',(#12356));
#12356 = ORIENTED_EDGE('',*,*,#12357,.T.);
#12357 = EDGE_CURVE('',#12358,#12358,#12360,.T.);
#12358 = VERTEX_POINT('',#12359);
#12359 = CARTESIAN_POINT('',(111.,-80.12,0.));
#12360 = CIRCLE('',#12361,0.5);
#12361 = AXIS2_PLACEMENT_3D('',#12362,#12363,#12364);
#12362 = CARTESIAN_POINT('',(111.,-79.62,0.));
#12363 = DIRECTION('',(-0.,0.,-1.));
#12364 = DIRECTION('',(-0.,-1.,0.));
#12365 = FACE_BOUND('',#12366,.F.);
#12366 = EDGE_LOOP('',(#12367));
#12367 = ORIENTED_EDGE('',*,*,#12368,.T.);
#12368 = EDGE_CURVE('',#12369,#12369,#12371,.T.);
#12369 = VERTEX_POINT('',#12370);
#12370 = CARTESIAN_POINT('',(111.,-77.58,0.));
#12371 = CIRCLE('',#12372,0.5);
#12372 = AXIS2_PLACEMENT_3D('',#12373,#12374,#12375);
#12373 = CARTESIAN_POINT('',(111.,-77.08,0.));
#12374 = DIRECTION('',(-0.,0.,-1.));
#12375 = DIRECTION('',(-0.,-1.,0.));
#12376 = FACE_BOUND('',#12377,.F.);
#12377 = EDGE_LOOP('',(#12378));
#12378 = ORIENTED_EDGE('',*,*,#12379,.T.);
#12379 = EDGE_CURVE('',#12380,#12380,#12382,.T.);
#12380 = VERTEX_POINT('',#12381);
#12381 = CARTESIAN_POINT('',(111.,-75.04,0.));
#12382 = CIRCLE('',#12383,0.5);
#12383 = AXIS2_PLACEMENT_3D('',#12384,#12385,#12386);
#12384 = CARTESIAN_POINT('',(111.,-74.54,0.));
#12385 = DIRECTION('',(-0.,0.,-1.));
#12386 = DIRECTION('',(-0.,-1.,0.));
#12387 = FACE_BOUND('',#12388,.F.);
#12388 = EDGE_LOOP('',(#12389));
#12389 = ORIENTED_EDGE('',*,*,#12390,.T.);
#12390 = EDGE_CURVE('',#12391,#12391,#12393,.T.);
#12391 = VERTEX_POINT('',#12392);
#12392 = CARTESIAN_POINT('',(111.,-72.5,0.));
#12393 = CIRCLE('',#12394,0.5);
#12394 = AXIS2_PLACEMENT_3D('',#12395,#12396,#12397);
#12395 = CARTESIAN_POINT('',(111.,-72.,0.));
#12396 = DIRECTION('',(-0.,0.,-1.));
#12397 = DIRECTION('',(-0.,-1.,0.));
#12398 = FACE_BOUND('',#12399,.F.);
#12399 = EDGE_LOOP('',(#12400));
#12400 = ORIENTED_EDGE('',*,*,#12401,.T.);
#12401 = EDGE_CURVE('',#12402,#12402,#12404,.T.);
#12402 = VERTEX_POINT('',#12403);
#12403 = CARTESIAN_POINT('',(111.,-69.96,0.));
#12404 = CIRCLE('',#12405,0.5);
#12405 = AXIS2_PLACEMENT_3D('',#12406,#12407,#12408);
#12406 = CARTESIAN_POINT('',(111.,-69.46,0.));
#12407 = DIRECTION('',(-0.,0.,-1.));
#12408 = DIRECTION('',(-0.,-1.,0.));
#12409 = FACE_BOUND('',#12410,.F.);
#12410 = EDGE_LOOP('',(#12411));
#12411 = ORIENTED_EDGE('',*,*,#12412,.T.);
#12412 = EDGE_CURVE('',#12413,#12413,#12415,.T.);
#12413 = VERTEX_POINT('',#12414);
#12414 = CARTESIAN_POINT('',(111.,-67.42,0.));
#12415 = CIRCLE('',#12416,0.5);
#12416 = AXIS2_PLACEMENT_3D('',#12417,#12418,#12419);
#12417 = CARTESIAN_POINT('',(111.,-66.92,0.));
#12418 = DIRECTION('',(-0.,0.,-1.));
#12419 = DIRECTION('',(-0.,-1.,0.));
#12420 = FACE_BOUND('',#12421,.F.);
#12421 = EDGE_LOOP('',(#12422));
#12422 = ORIENTED_EDGE('',*,*,#12423,.T.);
#12423 = EDGE_CURVE('',#12424,#12424,#12426,.T.);
#12424 = VERTEX_POINT('',#12425);
#12425 = CARTESIAN_POINT('',(111.,-64.88,0.));
#12426 = CIRCLE('',#12427,0.5);
#12427 = AXIS2_PLACEMENT_3D('',#12428,#12429,#12430);
#12428 = CARTESIAN_POINT('',(111.,-64.38,0.));
#12429 = DIRECTION('',(-0.,0.,-1.));
#12430 = DIRECTION('',(-0.,-1.,0.));
#12431 = FACE_BOUND('',#12432,.F.);
#12432 = EDGE_LOOP('',(#12433));
#12433 = ORIENTED_EDGE('',*,*,#12434,.T.);
#12434 = EDGE_CURVE('',#12435,#12435,#12437,.T.);
#12435 = VERTEX_POINT('',#12436);
#12436 = CARTESIAN_POINT('',(112.,-47.6,0.));
#12437 = CIRCLE('',#12438,1.1);
#12438 = AXIS2_PLACEMENT_3D('',#12439,#12440,#12441);
#12439 = CARTESIAN_POINT('',(112.,-46.5,0.));
#12440 = DIRECTION('',(-0.,0.,-1.));
#12441 = DIRECTION('',(-0.,-1.,0.));
#12442 = PLANE('',#12443);
#12443 = AXIS2_PLACEMENT_3D('',#12444,#12445,#12446);
#12444 = CARTESIAN_POINT('',(0.,0.,0.));
#12445 = DIRECTION('',(0.,0.,1.));
#12446 = DIRECTION('',(1.,0.,-0.));
#12447 = ADVANCED_FACE('',(#12448,#12494,#12505,#12516,#12527,#12538,
    #12549,#12560,#12571,#12582,#12593,#12604,#12615,#12626,#12637,
    #12648,#12659,#12670,#12681,#12692,#12703,#12714,#12725,#12736,
    #12747,#12758,#12769,#12780,#12791,#12802,#12813,#12824,#12835),
  #12846,.T.);
#12448 = FACE_BOUND('',#12449,.T.);
#12449 = EDGE_LOOP('',(#12450,#12451,#12452,#12461,#12469,#12478,#12486,
    #12493));
#12450 = ORIENTED_EDGE('',*,*,#11953,.F.);
#12451 = ORIENTED_EDGE('',*,*,#11995,.F.);
#12452 = ORIENTED_EDGE('',*,*,#12453,.F.);
#12453 = EDGE_CURVE('',#12454,#11988,#12456,.T.);
#12454 = VERTEX_POINT('',#12455);
#12455 = CARTESIAN_POINT('',(52.,-46.5,1.51));
#12456 = CIRCLE('',#12457,4.999999678834);
#12457 = AXIS2_PLACEMENT_3D('',#12458,#12459,#12460);
#12458 = CARTESIAN_POINT('',(56.999999678834,-46.49999967883,1.51));
#12459 = DIRECTION('',(0.,0.,-1.));
#12460 = DIRECTION('',(-1.,-6.423314275614E-08,-0.));
#12461 = ORIENTED_EDGE('',*,*,#12462,.F.);
#12462 = EDGE_CURVE('',#12463,#12454,#12465,.T.);
#12463 = VERTEX_POINT('',#12464);
#12464 = CARTESIAN_POINT('',(52.,-151.5,1.51));
#12465 = LINE('',#12466,#12467);
#12466 = CARTESIAN_POINT('',(52.,-151.5,1.51));
#12467 = VECTOR('',#12468,1.);
#12468 = DIRECTION('',(0.,1.,0.));
#12469 = ORIENTED_EDGE('',*,*,#12470,.F.);
#12470 = EDGE_CURVE('',#12471,#12463,#12473,.T.);
#12471 = VERTEX_POINT('',#12472);
#12472 = CARTESIAN_POINT('',(57.,-156.5,1.51));
#12473 = CIRCLE('',#12474,4.999999678834);
#12474 = AXIS2_PLACEMENT_3D('',#12475,#12476,#12477);
#12475 = CARTESIAN_POINT('',(56.999999678834,-151.5000003211,1.51));
#12476 = DIRECTION('',(0.,0.,-1.));
#12477 = DIRECTION('',(6.42331470194E-08,-1.,0.));
#12478 = ORIENTED_EDGE('',*,*,#12479,.F.);
#12479 = EDGE_CURVE('',#12480,#12471,#12482,.T.);
#12480 = VERTEX_POINT('',#12481);
#12481 = CARTESIAN_POINT('',(112.,-156.5,1.51));
#12482 = LINE('',#12483,#12484);
#12483 = CARTESIAN_POINT('',(112.,-156.5,1.51));
#12484 = VECTOR('',#12485,1.);
#12485 = DIRECTION('',(-1.,0.,0.));
#12486 = ORIENTED_EDGE('',*,*,#12487,.F.);
#12487 = EDGE_CURVE('',#12018,#12480,#12488,.T.);
#12488 = CIRCLE('',#12489,4.999999678834);
#12489 = AXIS2_PLACEMENT_3D('',#12490,#12491,#12492);
#12490 = CARTESIAN_POINT('',(112.00000032116,-151.5000003211,1.51));
#12491 = DIRECTION('',(0.,0.,-1.));
#12492 = DIRECTION('',(1.,6.42331470194E-08,0.));
#12493 = ORIENTED_EDGE('',*,*,#12017,.F.);
#12494 = FACE_BOUND('',#12495,.T.);
#12495 = EDGE_LOOP('',(#12496));
#12496 = ORIENTED_EDGE('',*,*,#12497,.T.);
#12497 = EDGE_CURVE('',#12498,#12498,#12500,.T.);
#12498 = VERTEX_POINT('',#12499);
#12499 = CARTESIAN_POINT('',(57.,-139.58,1.51));
#12500 = CIRCLE('',#12501,0.5);
#12501 = AXIS2_PLACEMENT_3D('',#12502,#12503,#12504);
#12502 = CARTESIAN_POINT('',(57.,-139.08,1.51));
#12503 = DIRECTION('',(-0.,0.,-1.));
#12504 = DIRECTION('',(-0.,-1.,0.));
#12505 = FACE_BOUND('',#12506,.T.);
#12506 = EDGE_LOOP('',(#12507));
#12507 = ORIENTED_EDGE('',*,*,#12508,.T.);
#12508 = EDGE_CURVE('',#12509,#12509,#12511,.T.);
#12509 = VERTEX_POINT('',#12510);
#12510 = CARTESIAN_POINT('',(57.,-137.04,1.51));
#12511 = CIRCLE('',#12512,0.5);
#12512 = AXIS2_PLACEMENT_3D('',#12513,#12514,#12515);
#12513 = CARTESIAN_POINT('',(57.,-136.54,1.51));
#12514 = DIRECTION('',(-0.,0.,-1.));
#12515 = DIRECTION('',(-0.,-1.,0.));
#12516 = FACE_BOUND('',#12517,.T.);
#12517 = EDGE_LOOP('',(#12518));
#12518 = ORIENTED_EDGE('',*,*,#12519,.T.);
#12519 = EDGE_CURVE('',#12520,#12520,#12522,.T.);
#12520 = VERTEX_POINT('',#12521);
#12521 = CARTESIAN_POINT('',(57.,-134.5,1.51));
#12522 = CIRCLE('',#12523,0.5);
#12523 = AXIS2_PLACEMENT_3D('',#12524,#12525,#12526);
#12524 = CARTESIAN_POINT('',(57.,-134.,1.51));
#12525 = DIRECTION('',(-0.,0.,-1.));
#12526 = DIRECTION('',(-0.,-1.,0.));
#12527 = FACE_BOUND('',#12528,.T.);
#12528 = EDGE_LOOP('',(#12529));
#12529 = ORIENTED_EDGE('',*,*,#12530,.T.);
#12530 = EDGE_CURVE('',#12531,#12531,#12533,.T.);
#12531 = VERTEX_POINT('',#12532);
#12532 = CARTESIAN_POINT('',(112.,-153.1,1.51));
#12533 = CIRCLE('',#12534,1.1);
#12534 = AXIS2_PLACEMENT_3D('',#12535,#12536,#12537);
#12535 = CARTESIAN_POINT('',(112.,-152.,1.51));
#12536 = DIRECTION('',(-0.,0.,-1.));
#12537 = DIRECTION('',(-0.,-1.,0.));
#12538 = FACE_BOUND('',#12539,.T.);
#12539 = EDGE_LOOP('',(#12540));
#12540 = ORIENTED_EDGE('',*,*,#12541,.T.);
#12541 = EDGE_CURVE('',#12542,#12542,#12544,.T.);
#12542 = VERTEX_POINT('',#12543);
#12543 = CARTESIAN_POINT('',(65.,-97.81,1.51));
#12544 = CIRCLE('',#12545,0.5);
#12545 = AXIS2_PLACEMENT_3D('',#12546,#12547,#12548);
#12546 = CARTESIAN_POINT('',(65.,-97.31,1.51));
#12547 = DIRECTION('',(-0.,0.,-1.));
#12548 = DIRECTION('',(-0.,-1.,0.));
#12549 = FACE_BOUND('',#12550,.T.);
#12550 = EDGE_LOOP('',(#12551));
#12551 = ORIENTED_EDGE('',*,*,#12552,.T.);
#12552 = EDGE_CURVE('',#12553,#12553,#12555,.T.);
#12553 = VERTEX_POINT('',#12554);
#12554 = CARTESIAN_POINT('',(65.,-95.27,1.51));
#12555 = CIRCLE('',#12556,0.5);
#12556 = AXIS2_PLACEMENT_3D('',#12557,#12558,#12559);
#12557 = CARTESIAN_POINT('',(65.,-94.77,1.51));
#12558 = DIRECTION('',(-0.,0.,-1.));
#12559 = DIRECTION('',(-0.,-1.,0.));
#12560 = FACE_BOUND('',#12561,.T.);
#12561 = EDGE_LOOP('',(#12562));
#12562 = ORIENTED_EDGE('',*,*,#12563,.T.);
#12563 = EDGE_CURVE('',#12564,#12564,#12566,.T.);
#12564 = VERTEX_POINT('',#12565);
#12565 = CARTESIAN_POINT('',(65.,-92.73,1.51));
#12566 = CIRCLE('',#12567,0.5);
#12567 = AXIS2_PLACEMENT_3D('',#12568,#12569,#12570);
#12568 = CARTESIAN_POINT('',(65.,-92.23,1.51));
#12569 = DIRECTION('',(-0.,0.,-1.));
#12570 = DIRECTION('',(-0.,-1.,0.));
#12571 = FACE_BOUND('',#12572,.T.);
#12572 = EDGE_LOOP('',(#12573));
#12573 = ORIENTED_EDGE('',*,*,#12574,.T.);
#12574 = EDGE_CURVE('',#12575,#12575,#12577,.T.);
#12575 = VERTEX_POINT('',#12576);
#12576 = CARTESIAN_POINT('',(65.,-90.19,1.51));
#12577 = CIRCLE('',#12578,0.5);
#12578 = AXIS2_PLACEMENT_3D('',#12579,#12580,#12581);
#12579 = CARTESIAN_POINT('',(65.,-89.69,1.51));
#12580 = DIRECTION('',(-0.,0.,-1.));
#12581 = DIRECTION('',(-0.,-1.,0.));
#12582 = FACE_BOUND('',#12583,.T.);
#12583 = EDGE_LOOP('',(#12584));
#12584 = ORIENTED_EDGE('',*,*,#12585,.T.);
#12585 = EDGE_CURVE('',#12586,#12586,#12588,.T.);
#12586 = VERTEX_POINT('',#12587);
#12587 = CARTESIAN_POINT('',(54.5,-64.248,1.51));
#12588 = CIRCLE('',#12589,0.508);
#12589 = AXIS2_PLACEMENT_3D('',#12590,#12591,#12592);
#12590 = CARTESIAN_POINT('',(54.5,-63.74,1.51));
#12591 = DIRECTION('',(-0.,0.,-1.));
#12592 = DIRECTION('',(-0.,-1.,0.));
#12593 = FACE_BOUND('',#12594,.T.);
#12594 = EDGE_LOOP('',(#12595));
#12595 = ORIENTED_EDGE('',*,*,#12596,.T.);
#12596 = EDGE_CURVE('',#12597,#12597,#12599,.T.);
#12597 = VERTEX_POINT('',#12598);
#12598 = CARTESIAN_POINT('',(57.04,-64.248,1.51));
#12599 = CIRCLE('',#12600,0.508);
#12600 = AXIS2_PLACEMENT_3D('',#12601,#12602,#12603);
#12601 = CARTESIAN_POINT('',(57.04,-63.74,1.51));
#12602 = DIRECTION('',(-0.,0.,-1.));
#12603 = DIRECTION('',(-0.,-1.,0.));
#12604 = FACE_BOUND('',#12605,.T.);
#12605 = EDGE_LOOP('',(#12606));
#12606 = ORIENTED_EDGE('',*,*,#12607,.T.);
#12607 = EDGE_CURVE('',#12608,#12608,#12610,.T.);
#12608 = VERTEX_POINT('',#12609);
#12609 = CARTESIAN_POINT('',(59.58,-64.248,1.51));
#12610 = CIRCLE('',#12611,0.508);
#12611 = AXIS2_PLACEMENT_3D('',#12612,#12613,#12614);
#12612 = CARTESIAN_POINT('',(59.58,-63.74,1.51));
#12613 = DIRECTION('',(-0.,0.,-1.));
#12614 = DIRECTION('',(-0.,-1.,0.));
#12615 = FACE_BOUND('',#12616,.T.);
#12616 = EDGE_LOOP('',(#12617));
#12617 = ORIENTED_EDGE('',*,*,#12618,.T.);
#12618 = EDGE_CURVE('',#12619,#12619,#12621,.T.);
#12619 = VERTEX_POINT('',#12620);
#12620 = CARTESIAN_POINT('',(62.12,-64.248,1.51));
#12621 = CIRCLE('',#12622,0.508);
#12622 = AXIS2_PLACEMENT_3D('',#12623,#12624,#12625);
#12623 = CARTESIAN_POINT('',(62.12,-63.74,1.51));
#12624 = DIRECTION('',(-0.,0.,-1.));
#12625 = DIRECTION('',(-1.398706172756E-14,-1.,0.));
#12626 = FACE_BOUND('',#12627,.T.);
#12627 = EDGE_LOOP('',(#12628));
#12628 = ORIENTED_EDGE('',*,*,#12629,.T.);
#12629 = EDGE_CURVE('',#12630,#12630,#12632,.T.);
#12630 = VERTEX_POINT('',#12631);
#12631 = CARTESIAN_POINT('',(64.66,-64.248,1.51));
#12632 = CIRCLE('',#12633,0.508);
#12633 = AXIS2_PLACEMENT_3D('',#12634,#12635,#12636);
#12634 = CARTESIAN_POINT('',(64.66,-63.74,1.51));
#12635 = DIRECTION('',(-0.,0.,-1.));
#12636 = DIRECTION('',(-0.,-1.,0.));
#12637 = FACE_BOUND('',#12638,.T.);
#12638 = EDGE_LOOP('',(#12639));
#12639 = ORIENTED_EDGE('',*,*,#12640,.T.);
#12640 = EDGE_CURVE('',#12641,#12641,#12643,.T.);
#12641 = VERTEX_POINT('',#12642);
#12642 = CARTESIAN_POINT('',(67.2,-64.248,1.51));
#12643 = CIRCLE('',#12644,0.508);
#12644 = AXIS2_PLACEMENT_3D('',#12645,#12646,#12647);
#12645 = CARTESIAN_POINT('',(67.2,-63.74,1.51));
#12646 = DIRECTION('',(-0.,0.,-1.));
#12647 = DIRECTION('',(2.797412345512E-14,-1.,-0.));
#12648 = FACE_BOUND('',#12649,.T.);
#12649 = EDGE_LOOP('',(#12650));
#12650 = ORIENTED_EDGE('',*,*,#12651,.T.);
#12651 = EDGE_CURVE('',#12652,#12652,#12654,.T.);
#12652 = VERTEX_POINT('',#12653);
#12653 = CARTESIAN_POINT('',(54.5,-49.008,1.51));
#12654 = CIRCLE('',#12655,0.508);
#12655 = AXIS2_PLACEMENT_3D('',#12656,#12657,#12658);
#12656 = CARTESIAN_POINT('',(54.5,-48.5,1.51));
#12657 = DIRECTION('',(-0.,0.,-1.));
#12658 = DIRECTION('',(-0.,-1.,0.));
#12659 = FACE_BOUND('',#12660,.T.);
#12660 = EDGE_LOOP('',(#12661));
#12661 = ORIENTED_EDGE('',*,*,#12662,.T.);
#12662 = EDGE_CURVE('',#12663,#12663,#12665,.T.);
#12663 = VERTEX_POINT('',#12664);
#12664 = CARTESIAN_POINT('',(57.04,-49.008,1.51));
#12665 = CIRCLE('',#12666,0.508);
#12666 = AXIS2_PLACEMENT_3D('',#12667,#12668,#12669);
#12667 = CARTESIAN_POINT('',(57.04,-48.5,1.51));
#12668 = DIRECTION('',(-0.,0.,-1.));
#12669 = DIRECTION('',(-0.,-1.,0.));
#12670 = FACE_BOUND('',#12671,.T.);
#12671 = EDGE_LOOP('',(#12672));
#12672 = ORIENTED_EDGE('',*,*,#12673,.T.);
#12673 = EDGE_CURVE('',#12674,#12674,#12676,.T.);
#12674 = VERTEX_POINT('',#12675);
#12675 = CARTESIAN_POINT('',(59.58,-49.008,1.51));
#12676 = CIRCLE('',#12677,0.508);
#12677 = AXIS2_PLACEMENT_3D('',#12678,#12679,#12680);
#12678 = CARTESIAN_POINT('',(59.58,-48.5,1.51));
#12679 = DIRECTION('',(-0.,0.,-1.));
#12680 = DIRECTION('',(-0.,-1.,0.));
#12681 = FACE_BOUND('',#12682,.T.);
#12682 = EDGE_LOOP('',(#12683));
#12683 = ORIENTED_EDGE('',*,*,#12684,.T.);
#12684 = EDGE_CURVE('',#12685,#12685,#12687,.T.);
#12685 = VERTEX_POINT('',#12686);
#12686 = CARTESIAN_POINT('',(62.12,-49.008,1.51));
#12687 = CIRCLE('',#12688,0.508);
#12688 = AXIS2_PLACEMENT_3D('',#12689,#12690,#12691);
#12689 = CARTESIAN_POINT('',(62.12,-48.5,1.51));
#12690 = DIRECTION('',(-0.,0.,-1.));
#12691 = DIRECTION('',(-1.398706172756E-14,-1.,0.));
#12692 = FACE_BOUND('',#12693,.T.);
#12693 = EDGE_LOOP('',(#12694));
#12694 = ORIENTED_EDGE('',*,*,#12695,.T.);
#12695 = EDGE_CURVE('',#12696,#12696,#12698,.T.);
#12696 = VERTEX_POINT('',#12697);
#12697 = CARTESIAN_POINT('',(64.66,-49.008,1.51));
#12698 = CIRCLE('',#12699,0.508);
#12699 = AXIS2_PLACEMENT_3D('',#12700,#12701,#12702);
#12700 = CARTESIAN_POINT('',(64.66,-48.5,1.51));
#12701 = DIRECTION('',(-0.,0.,-1.));
#12702 = DIRECTION('',(-0.,-1.,0.));
#12703 = FACE_BOUND('',#12704,.T.);
#12704 = EDGE_LOOP('',(#12705));
#12705 = ORIENTED_EDGE('',*,*,#12706,.T.);
#12706 = EDGE_CURVE('',#12707,#12707,#12709,.T.);
#12707 = VERTEX_POINT('',#12708);
#12708 = CARTESIAN_POINT('',(67.2,-49.008,1.51));
#12709 = CIRCLE('',#12710,0.508);
#12710 = AXIS2_PLACEMENT_3D('',#12711,#12712,#12713);
#12711 = CARTESIAN_POINT('',(67.2,-48.5,1.51));
#12712 = DIRECTION('',(-0.,0.,-1.));
#12713 = DIRECTION('',(2.797412345512E-14,-1.,-0.));
#12714 = FACE_BOUND('',#12715,.T.);
#12715 = EDGE_LOOP('',(#12716));
#12716 = ORIENTED_EDGE('',*,*,#12717,.T.);
#12717 = EDGE_CURVE('',#12718,#12718,#12720,.T.);
#12718 = VERTEX_POINT('',#12719);
#12719 = CARTESIAN_POINT('',(69.74,-64.248,1.51));
#12720 = CIRCLE('',#12721,0.508);
#12721 = AXIS2_PLACEMENT_3D('',#12722,#12723,#12724);
#12722 = CARTESIAN_POINT('',(69.74,-63.74,1.51));
#12723 = DIRECTION('',(-0.,0.,-1.));
#12724 = DIRECTION('',(-2.797412345512E-14,-1.,0.));
#12725 = FACE_BOUND('',#12726,.T.);
#12726 = EDGE_LOOP('',(#12727));
#12727 = ORIENTED_EDGE('',*,*,#12728,.T.);
#12728 = EDGE_CURVE('',#12729,#12729,#12731,.T.);
#12729 = VERTEX_POINT('',#12730);
#12730 = CARTESIAN_POINT('',(69.74,-49.008,1.51));
#12731 = CIRCLE('',#12732,0.508);
#12732 = AXIS2_PLACEMENT_3D('',#12733,#12734,#12735);
#12733 = CARTESIAN_POINT('',(69.74,-48.5,1.51));
#12734 = DIRECTION('',(-0.,0.,-1.));
#12735 = DIRECTION('',(-2.797412345512E-14,-1.,0.));
#12736 = FACE_BOUND('',#12737,.T.);
#12737 = EDGE_LOOP('',(#12738));
#12738 = ORIENTED_EDGE('',*,*,#12739,.T.);
#12739 = EDGE_CURVE('',#12740,#12740,#12742,.T.);
#12740 = VERTEX_POINT('',#12741);
#12741 = CARTESIAN_POINT('',(79.9,-59.168,1.51));
#12742 = CIRCLE('',#12743,0.508);
#12743 = AXIS2_PLACEMENT_3D('',#12744,#12745,#12746);
#12744 = CARTESIAN_POINT('',(79.9,-58.66,1.51));
#12745 = DIRECTION('',(-0.,0.,-1.));
#12746 = DIRECTION('',(-0.,-1.,0.));
#12747 = FACE_BOUND('',#12748,.T.);
#12748 = EDGE_LOOP('',(#12749));
#12749 = ORIENTED_EDGE('',*,*,#12750,.T.);
#12750 = EDGE_CURVE('',#12751,#12751,#12753,.T.);
#12751 = VERTEX_POINT('',#12752);
#12752 = CARTESIAN_POINT('',(79.9,-54.088,1.51));
#12753 = CIRCLE('',#12754,0.508);
#12754 = AXIS2_PLACEMENT_3D('',#12755,#12756,#12757);
#12755 = CARTESIAN_POINT('',(79.9,-53.58,1.51));
#12756 = DIRECTION('',(-0.,0.,-1.));
#12757 = DIRECTION('',(-0.,-1.,0.));
#12758 = FACE_BOUND('',#12759,.T.);
#12759 = EDGE_LOOP('',(#12760));
#12760 = ORIENTED_EDGE('',*,*,#12761,.T.);
#12761 = EDGE_CURVE('',#12762,#12762,#12764,.T.);
#12762 = VERTEX_POINT('',#12763);
#12763 = CARTESIAN_POINT('',(111.,-80.12,1.51));
#12764 = CIRCLE('',#12765,0.5);
#12765 = AXIS2_PLACEMENT_3D('',#12766,#12767,#12768);
#12766 = CARTESIAN_POINT('',(111.,-79.62,1.51));
#12767 = DIRECTION('',(-0.,0.,-1.));
#12768 = DIRECTION('',(-0.,-1.,0.));
#12769 = FACE_BOUND('',#12770,.T.);
#12770 = EDGE_LOOP('',(#12771));
#12771 = ORIENTED_EDGE('',*,*,#12772,.T.);
#12772 = EDGE_CURVE('',#12773,#12773,#12775,.T.);
#12773 = VERTEX_POINT('',#12774);
#12774 = CARTESIAN_POINT('',(111.,-77.58,1.51));
#12775 = CIRCLE('',#12776,0.5);
#12776 = AXIS2_PLACEMENT_3D('',#12777,#12778,#12779);
#12777 = CARTESIAN_POINT('',(111.,-77.08,1.51));
#12778 = DIRECTION('',(-0.,0.,-1.));
#12779 = DIRECTION('',(-0.,-1.,0.));
#12780 = FACE_BOUND('',#12781,.T.);
#12781 = EDGE_LOOP('',(#12782));
#12782 = ORIENTED_EDGE('',*,*,#12783,.T.);
#12783 = EDGE_CURVE('',#12784,#12784,#12786,.T.);
#12784 = VERTEX_POINT('',#12785);
#12785 = CARTESIAN_POINT('',(111.,-75.04,1.51));
#12786 = CIRCLE('',#12787,0.5);
#12787 = AXIS2_PLACEMENT_3D('',#12788,#12789,#12790);
#12788 = CARTESIAN_POINT('',(111.,-74.54,1.51));
#12789 = DIRECTION('',(-0.,0.,-1.));
#12790 = DIRECTION('',(-0.,-1.,0.));
#12791 = FACE_BOUND('',#12792,.T.);
#12792 = EDGE_LOOP('',(#12793));
#12793 = ORIENTED_EDGE('',*,*,#12794,.T.);
#12794 = EDGE_CURVE('',#12795,#12795,#12797,.T.);
#12795 = VERTEX_POINT('',#12796);
#12796 = CARTESIAN_POINT('',(111.,-72.5,1.51));
#12797 = CIRCLE('',#12798,0.5);
#12798 = AXIS2_PLACEMENT_3D('',#12799,#12800,#12801);
#12799 = CARTESIAN_POINT('',(111.,-72.,1.51));
#12800 = DIRECTION('',(-0.,0.,-1.));
#12801 = DIRECTION('',(-0.,-1.,0.));
#12802 = FACE_BOUND('',#12803,.T.);
#12803 = EDGE_LOOP('',(#12804));
#12804 = ORIENTED_EDGE('',*,*,#12805,.T.);
#12805 = EDGE_CURVE('',#12806,#12806,#12808,.T.);
#12806 = VERTEX_POINT('',#12807);
#12807 = CARTESIAN_POINT('',(111.,-69.96,1.51));
#12808 = CIRCLE('',#12809,0.5);
#12809 = AXIS2_PLACEMENT_3D('',#12810,#12811,#12812);
#12810 = CARTESIAN_POINT('',(111.,-69.46,1.51));
#12811 = DIRECTION('',(-0.,0.,-1.));
#12812 = DIRECTION('',(-0.,-1.,0.));
#12813 = FACE_BOUND('',#12814,.T.);
#12814 = EDGE_LOOP('',(#12815));
#12815 = ORIENTED_EDGE('',*,*,#12816,.T.);
#12816 = EDGE_CURVE('',#12817,#12817,#12819,.T.);
#12817 = VERTEX_POINT('',#12818);
#12818 = CARTESIAN_POINT('',(111.,-67.42,1.51));
#12819 = CIRCLE('',#12820,0.5);
#12820 = AXIS2_PLACEMENT_3D('',#12821,#12822,#12823);
#12821 = CARTESIAN_POINT('',(111.,-66.92,1.51));
#12822 = DIRECTION('',(-0.,0.,-1.));
#12823 = DIRECTION('',(-0.,-1.,0.));
#12824 = FACE_BOUND('',#12825,.T.);
#12825 = EDGE_LOOP('',(#12826));
#12826 = ORIENTED_EDGE('',*,*,#12827,.T.);
#12827 = EDGE_CURVE('',#12828,#12828,#12830,.T.);
#12828 = VERTEX_POINT('',#12829);
#12829 = CARTESIAN_POINT('',(111.,-64.88,1.51));
#12830 = CIRCLE('',#12831,0.5);
#12831 = AXIS2_PLACEMENT_3D('',#12832,#12833,#12834);
#12832 = CARTESIAN_POINT('',(111.,-64.38,1.51));
#12833 = DIRECTION('',(-0.,0.,-1.));
#12834 = DIRECTION('',(-0.,-1.,0.));
#12835 = FACE_BOUND('',#12836,.T.);
#12836 = EDGE_LOOP('',(#12837));
#12837 = ORIENTED_EDGE('',*,*,#12838,.T.);
#12838 = EDGE_CURVE('',#12839,#12839,#12841,.T.);
#12839 = VERTEX_POINT('',#12840);
#12840 = CARTESIAN_POINT('',(112.,-47.6,1.51));
#12841 = CIRCLE('',#12842,1.1);
#12842 = AXIS2_PLACEMENT_3D('',#12843,#12844,#12845);
#12843 = CARTESIAN_POINT('',(112.,-46.5,1.51));
#12844 = DIRECTION('',(-0.,0.,-1.));
#12845 = DIRECTION('',(-0.,-1.,0.));
#12846 = PLANE('',#12847);
#12847 = AXIS2_PLACEMENT_3D('',#12848,#12849,#12850);
#12848 = CARTESIAN_POINT('',(0.,0.,1.51));
#12849 = DIRECTION('',(0.,0.,1.));
#12850 = DIRECTION('',(1.,0.,-0.));
#12851 = ADVANCED_FACE('',(#12852),#12863,.T.);
#12852 = FACE_BOUND('',#12853,.T.);
#12853 = EDGE_LOOP('',(#12854,#12860,#12861,#12862));
#12854 = ORIENTED_EDGE('',*,*,#12855,.T.);
#12855 = EDGE_CURVE('',#12050,#12454,#12856,.T.);
#12856 = LINE('',#12857,#12858);
#12857 = CARTESIAN_POINT('',(52.,-46.5,0.));
#12858 = VECTOR('',#12859,1.);
#12859 = DIRECTION('',(0.,0.,1.));
#12860 = ORIENTED_EDGE('',*,*,#12453,.T.);
#12861 = ORIENTED_EDGE('',*,*,#11985,.F.);
#12862 = ORIENTED_EDGE('',*,*,#12049,.F.);
#12863 = CYLINDRICAL_SURFACE('',#12864,4.999999678834);
#12864 = AXIS2_PLACEMENT_3D('',#12865,#12866,#12867);
#12865 = CARTESIAN_POINT('',(56.999999678834,-46.49999967883,0.));
#12866 = DIRECTION('',(0.,0.,-1.));
#12867 = DIRECTION('',(-1.,-6.423314275614E-08,-0.));
#12868 = ADVANCED_FACE('',(#12869),#12880,.T.);
#12869 = FACE_BOUND('',#12870,.T.);
#12870 = EDGE_LOOP('',(#12871,#12872,#12873,#12879));
#12871 = ORIENTED_EDGE('',*,*,#12025,.T.);
#12872 = ORIENTED_EDGE('',*,*,#12487,.T.);
#12873 = ORIENTED_EDGE('',*,*,#12874,.F.);
#12874 = EDGE_CURVE('',#12076,#12480,#12875,.T.);
#12875 = LINE('',#12876,#12877);
#12876 = CARTESIAN_POINT('',(112.,-156.5,0.));
#12877 = VECTOR('',#12878,1.);
#12878 = DIRECTION('',(0.,0.,1.));
#12879 = ORIENTED_EDGE('',*,*,#12083,.F.);
#12880 = CYLINDRICAL_SURFACE('',#12881,4.999999678834);
#12881 = AXIS2_PLACEMENT_3D('',#12882,#12883,#12884);
#12882 = CARTESIAN_POINT('',(112.00000032116,-151.5000003211,0.));
#12883 = DIRECTION('',(0.,0.,-1.));
#12884 = DIRECTION('',(1.,6.42331470194E-08,0.));
#12885 = ADVANCED_FACE('',(#12886),#12897,.T.);
#12886 = FACE_BOUND('',#12887,.T.);
#12887 = EDGE_LOOP('',(#12888,#12894,#12895,#12896));
#12888 = ORIENTED_EDGE('',*,*,#12889,.T.);
#12889 = EDGE_CURVE('',#12059,#12463,#12890,.T.);
#12890 = LINE('',#12891,#12892);
#12891 = CARTESIAN_POINT('',(52.,-151.5,0.));
#12892 = VECTOR('',#12893,1.);
#12893 = DIRECTION('',(0.,0.,1.));
#12894 = ORIENTED_EDGE('',*,*,#12462,.T.);
#12895 = ORIENTED_EDGE('',*,*,#12855,.F.);
#12896 = ORIENTED_EDGE('',*,*,#12058,.F.);
#12897 = PLANE('',#12898);
#12898 = AXIS2_PLACEMENT_3D('',#12899,#12900,#12901);
#12899 = CARTESIAN_POINT('',(52.,-151.5,0.));
#12900 = DIRECTION('',(-1.,0.,0.));
#12901 = DIRECTION('',(0.,1.,0.));
#12902 = ADVANCED_FACE('',(#12903),#12914,.T.);
#12903 = FACE_BOUND('',#12904,.T.);
#12904 = EDGE_LOOP('',(#12905,#12906,#12907,#12913));
#12905 = ORIENTED_EDGE('',*,*,#12874,.T.);
#12906 = ORIENTED_EDGE('',*,*,#12479,.T.);
#12907 = ORIENTED_EDGE('',*,*,#12908,.F.);
#12908 = EDGE_CURVE('',#12067,#12471,#12909,.T.);
#12909 = LINE('',#12910,#12911);
#12910 = CARTESIAN_POINT('',(57.,-156.5,0.));
#12911 = VECTOR('',#12912,1.);
#12912 = DIRECTION('',(0.,0.,1.));
#12913 = ORIENTED_EDGE('',*,*,#12075,.F.);
#12914 = PLANE('',#12915);
#12915 = AXIS2_PLACEMENT_3D('',#12916,#12917,#12918);
#12916 = CARTESIAN_POINT('',(112.,-156.5,0.));
#12917 = DIRECTION('',(0.,-1.,0.));
#12918 = DIRECTION('',(-1.,0.,0.));
#12919 = ADVANCED_FACE('',(#12920),#12926,.T.);
#12920 = FACE_BOUND('',#12921,.T.);
#12921 = EDGE_LOOP('',(#12922,#12923,#12924,#12925));
#12922 = ORIENTED_EDGE('',*,*,#12908,.T.);
#12923 = ORIENTED_EDGE('',*,*,#12470,.T.);
#12924 = ORIENTED_EDGE('',*,*,#12889,.F.);
#12925 = ORIENTED_EDGE('',*,*,#12066,.F.);
#12926 = CYLINDRICAL_SURFACE('',#12927,4.999999678834);
#12927 = AXIS2_PLACEMENT_3D('',#12928,#12929,#12930);
#12928 = CARTESIAN_POINT('',(56.999999678834,-151.5000003211,0.));
#12929 = DIRECTION('',(0.,0.,-1.));
#12930 = DIRECTION('',(6.42331470194E-08,-1.,0.));
#12931 = ADVANCED_FACE('',(#12932),#12943,.F.);
#12932 = FACE_BOUND('',#12933,.T.);
#12933 = EDGE_LOOP('',(#12934,#12935,#12941,#12942));
#12934 = ORIENTED_EDGE('',*,*,#12093,.T.);
#12935 = ORIENTED_EDGE('',*,*,#12936,.T.);
#12936 = EDGE_CURVE('',#12094,#12498,#12937,.T.);
#12937 = LINE('',#12938,#12939);
#12938 = CARTESIAN_POINT('',(57.,-139.58,-4.6E-02));
#12939 = VECTOR('',#12940,1.);
#12940 = DIRECTION('',(0.,0.,1.));
#12941 = ORIENTED_EDGE('',*,*,#12497,.F.);
#12942 = ORIENTED_EDGE('',*,*,#12936,.F.);
#12943 = CYLINDRICAL_SURFACE('',#12944,0.5);
#12944 = AXIS2_PLACEMENT_3D('',#12945,#12946,#12947);
#12945 = CARTESIAN_POINT('',(57.,-139.08,-4.6E-02));
#12946 = DIRECTION('',(-0.,-0.,-1.));
#12947 = DIRECTION('',(-0.,-1.,0.));
#12948 = ADVANCED_FACE('',(#12949),#12960,.F.);
#12949 = FACE_BOUND('',#12950,.T.);
#12950 = EDGE_LOOP('',(#12951,#12952,#12958,#12959));
#12951 = ORIENTED_EDGE('',*,*,#12104,.T.);
#12952 = ORIENTED_EDGE('',*,*,#12953,.T.);
#12953 = EDGE_CURVE('',#12105,#12509,#12954,.T.);
#12954 = LINE('',#12955,#12956);
#12955 = CARTESIAN_POINT('',(57.,-137.04,-4.6E-02));
#12956 = VECTOR('',#12957,1.);
#12957 = DIRECTION('',(0.,0.,1.));
#12958 = ORIENTED_EDGE('',*,*,#12508,.F.);
#12959 = ORIENTED_EDGE('',*,*,#12953,.F.);
#12960 = CYLINDRICAL_SURFACE('',#12961,0.5);
#12961 = AXIS2_PLACEMENT_3D('',#12962,#12963,#12964);
#12962 = CARTESIAN_POINT('',(57.,-136.54,-4.6E-02));
#12963 = DIRECTION('',(-0.,-0.,-1.));
#12964 = DIRECTION('',(-0.,-1.,0.));
#12965 = ADVANCED_FACE('',(#12966),#12977,.F.);
#12966 = FACE_BOUND('',#12967,.T.);
#12967 = EDGE_LOOP('',(#12968,#12969,#12975,#12976));
#12968 = ORIENTED_EDGE('',*,*,#12115,.T.);
#12969 = ORIENTED_EDGE('',*,*,#12970,.T.);
#12970 = EDGE_CURVE('',#12116,#12520,#12971,.T.);
#12971 = LINE('',#12972,#12973);
#12972 = CARTESIAN_POINT('',(57.,-134.5,-4.6E-02));
#12973 = VECTOR('',#12974,1.);
#12974 = DIRECTION('',(0.,0.,1.));
#12975 = ORIENTED_EDGE('',*,*,#12519,.F.);
#12976 = ORIENTED_EDGE('',*,*,#12970,.F.);
#12977 = CYLINDRICAL_SURFACE('',#12978,0.5);
#12978 = AXIS2_PLACEMENT_3D('',#12979,#12980,#12981);
#12979 = CARTESIAN_POINT('',(57.,-134.,-4.6E-02));
#12980 = DIRECTION('',(-0.,-0.,-1.));
#12981 = DIRECTION('',(-0.,-1.,0.));
#12982 = ADVANCED_FACE('',(#12983),#12994,.F.);
#12983 = FACE_BOUND('',#12984,.T.);
#12984 = EDGE_LOOP('',(#12985,#12986,#12992,#12993));
#12985 = ORIENTED_EDGE('',*,*,#12126,.T.);
#12986 = ORIENTED_EDGE('',*,*,#12987,.T.);
#12987 = EDGE_CURVE('',#12127,#12531,#12988,.T.);
#12988 = LINE('',#12989,#12990);
#12989 = CARTESIAN_POINT('',(112.,-153.1,-4.6E-02));
#12990 = VECTOR('',#12991,1.);
#12991 = DIRECTION('',(0.,0.,1.));
#12992 = ORIENTED_EDGE('',*,*,#12530,.F.);
#12993 = ORIENTED_EDGE('',*,*,#12987,.F.);
#12994 = CYLINDRICAL_SURFACE('',#12995,1.1);
#12995 = AXIS2_PLACEMENT_3D('',#12996,#12997,#12998);
#12996 = CARTESIAN_POINT('',(112.,-152.,-4.6E-02));
#12997 = DIRECTION('',(-0.,-0.,-1.));
#12998 = DIRECTION('',(-0.,-1.,0.));
#12999 = ADVANCED_FACE('',(#13000),#13011,.F.);
#13000 = FACE_BOUND('',#13001,.T.);
#13001 = EDGE_LOOP('',(#13002,#13003,#13009,#13010));
#13002 = ORIENTED_EDGE('',*,*,#12137,.T.);
#13003 = ORIENTED_EDGE('',*,*,#13004,.T.);
#13004 = EDGE_CURVE('',#12138,#12542,#13005,.T.);
#13005 = LINE('',#13006,#13007);
#13006 = CARTESIAN_POINT('',(65.,-97.81,-4.6E-02));
#13007 = VECTOR('',#13008,1.);
#13008 = DIRECTION('',(0.,0.,1.));
#13009 = ORIENTED_EDGE('',*,*,#12541,.F.);
#13010 = ORIENTED_EDGE('',*,*,#13004,.F.);
#13011 = CYLINDRICAL_SURFACE('',#13012,0.5);
#13012 = AXIS2_PLACEMENT_3D('',#13013,#13014,#13015);
#13013 = CARTESIAN_POINT('',(65.,-97.31,-4.6E-02));
#13014 = DIRECTION('',(-0.,-0.,-1.));
#13015 = DIRECTION('',(-0.,-1.,0.));
#13016 = ADVANCED_FACE('',(#13017),#13028,.F.);
#13017 = FACE_BOUND('',#13018,.T.);
#13018 = EDGE_LOOP('',(#13019,#13020,#13026,#13027));
#13019 = ORIENTED_EDGE('',*,*,#12148,.T.);
#13020 = ORIENTED_EDGE('',*,*,#13021,.T.);
#13021 = EDGE_CURVE('',#12149,#12553,#13022,.T.);
#13022 = LINE('',#13023,#13024);
#13023 = CARTESIAN_POINT('',(65.,-95.27,-4.6E-02));
#13024 = VECTOR('',#13025,1.);
#13025 = DIRECTION('',(0.,0.,1.));
#13026 = ORIENTED_EDGE('',*,*,#12552,.F.);
#13027 = ORIENTED_EDGE('',*,*,#13021,.F.);
#13028 = CYLINDRICAL_SURFACE('',#13029,0.5);
#13029 = AXIS2_PLACEMENT_3D('',#13030,#13031,#13032);
#13030 = CARTESIAN_POINT('',(65.,-94.77,-4.6E-02));
#13031 = DIRECTION('',(-0.,-0.,-1.));
#13032 = DIRECTION('',(-0.,-1.,0.));
#13033 = ADVANCED_FACE('',(#13034),#13045,.F.);
#13034 = FACE_BOUND('',#13035,.T.);
#13035 = EDGE_LOOP('',(#13036,#13037,#13043,#13044));
#13036 = ORIENTED_EDGE('',*,*,#12159,.T.);
#13037 = ORIENTED_EDGE('',*,*,#13038,.T.);
#13038 = EDGE_CURVE('',#12160,#12564,#13039,.T.);
#13039 = LINE('',#13040,#13041);
#13040 = CARTESIAN_POINT('',(65.,-92.73,-4.6E-02));
#13041 = VECTOR('',#13042,1.);
#13042 = DIRECTION('',(0.,0.,1.));
#13043 = ORIENTED_EDGE('',*,*,#12563,.F.);
#13044 = ORIENTED_EDGE('',*,*,#13038,.F.);
#13045 = CYLINDRICAL_SURFACE('',#13046,0.5);
#13046 = AXIS2_PLACEMENT_3D('',#13047,#13048,#13049);
#13047 = CARTESIAN_POINT('',(65.,-92.23,-4.6E-02));
#13048 = DIRECTION('',(-0.,-0.,-1.));
#13049 = DIRECTION('',(-0.,-1.,0.));
#13050 = ADVANCED_FACE('',(#13051),#13062,.F.);
#13051 = FACE_BOUND('',#13052,.T.);
#13052 = EDGE_LOOP('',(#13053,#13054,#13060,#13061));
#13053 = ORIENTED_EDGE('',*,*,#12170,.T.);
#13054 = ORIENTED_EDGE('',*,*,#13055,.T.);
#13055 = EDGE_CURVE('',#12171,#12575,#13056,.T.);
#13056 = LINE('',#13057,#13058);
#13057 = CARTESIAN_POINT('',(65.,-90.19,-4.6E-02));
#13058 = VECTOR('',#13059,1.);
#13059 = DIRECTION('',(0.,0.,1.));
#13060 = ORIENTED_EDGE('',*,*,#12574,.F.);
#13061 = ORIENTED_EDGE('',*,*,#13055,.F.);
#13062 = CYLINDRICAL_SURFACE('',#13063,0.5);
#13063 = AXIS2_PLACEMENT_3D('',#13064,#13065,#13066);
#13064 = CARTESIAN_POINT('',(65.,-89.69,-4.6E-02));
#13065 = DIRECTION('',(-0.,-0.,-1.));
#13066 = DIRECTION('',(-0.,-1.,0.));
#13067 = ADVANCED_FACE('',(#13068),#13079,.F.);
#13068 = FACE_BOUND('',#13069,.T.);
#13069 = EDGE_LOOP('',(#13070,#13071,#13077,#13078));
#13070 = ORIENTED_EDGE('',*,*,#12181,.T.);
#13071 = ORIENTED_EDGE('',*,*,#13072,.T.);
#13072 = EDGE_CURVE('',#12182,#12586,#13073,.T.);
#13073 = LINE('',#13074,#13075);
#13074 = CARTESIAN_POINT('',(54.5,-64.248,-4.6E-02));
#13075 = VECTOR('',#13076,1.);
#13076 = DIRECTION('',(0.,0.,1.));
#13077 = ORIENTED_EDGE('',*,*,#12585,.F.);
#13078 = ORIENTED_EDGE('',*,*,#13072,.F.);
#13079 = CYLINDRICAL_SURFACE('',#13080,0.508);
#13080 = AXIS2_PLACEMENT_3D('',#13081,#13082,#13083);
#13081 = CARTESIAN_POINT('',(54.5,-63.74,-4.6E-02));
#13082 = DIRECTION('',(-0.,-0.,-1.));
#13083 = DIRECTION('',(-0.,-1.,0.));
#13084 = ADVANCED_FACE('',(#13085),#13096,.F.);
#13085 = FACE_BOUND('',#13086,.T.);
#13086 = EDGE_LOOP('',(#13087,#13088,#13094,#13095));
#13087 = ORIENTED_EDGE('',*,*,#12192,.T.);
#13088 = ORIENTED_EDGE('',*,*,#13089,.T.);
#13089 = EDGE_CURVE('',#12193,#12597,#13090,.T.);
#13090 = LINE('',#13091,#13092);
#13091 = CARTESIAN_POINT('',(57.04,-64.248,-4.6E-02));
#13092 = VECTOR('',#13093,1.);
#13093 = DIRECTION('',(0.,0.,1.));
#13094 = ORIENTED_EDGE('',*,*,#12596,.F.);
#13095 = ORIENTED_EDGE('',*,*,#13089,.F.);
#13096 = CYLINDRICAL_SURFACE('',#13097,0.508);
#13097 = AXIS2_PLACEMENT_3D('',#13098,#13099,#13100);
#13098 = CARTESIAN_POINT('',(57.04,-63.74,-4.6E-02));
#13099 = DIRECTION('',(-0.,-0.,-1.));
#13100 = DIRECTION('',(-0.,-1.,0.));
#13101 = ADVANCED_FACE('',(#13102),#13113,.F.);
#13102 = FACE_BOUND('',#13103,.T.);
#13103 = EDGE_LOOP('',(#13104,#13105,#13111,#13112));
#13104 = ORIENTED_EDGE('',*,*,#12203,.T.);
#13105 = ORIENTED_EDGE('',*,*,#13106,.T.);
#13106 = EDGE_CURVE('',#12204,#12608,#13107,.T.);
#13107 = LINE('',#13108,#13109);
#13108 = CARTESIAN_POINT('',(59.58,-64.248,-4.6E-02));
#13109 = VECTOR('',#13110,1.);
#13110 = DIRECTION('',(0.,0.,1.));
#13111 = ORIENTED_EDGE('',*,*,#12607,.F.);
#13112 = ORIENTED_EDGE('',*,*,#13106,.F.);
#13113 = CYLINDRICAL_SURFACE('',#13114,0.508);
#13114 = AXIS2_PLACEMENT_3D('',#13115,#13116,#13117);
#13115 = CARTESIAN_POINT('',(59.58,-63.74,-4.6E-02));
#13116 = DIRECTION('',(-0.,-0.,-1.));
#13117 = DIRECTION('',(-0.,-1.,0.));
#13118 = ADVANCED_FACE('',(#13119),#13130,.F.);
#13119 = FACE_BOUND('',#13120,.T.);
#13120 = EDGE_LOOP('',(#13121,#13122,#13128,#13129));
#13121 = ORIENTED_EDGE('',*,*,#12214,.T.);
#13122 = ORIENTED_EDGE('',*,*,#13123,.T.);
#13123 = EDGE_CURVE('',#12215,#12619,#13124,.T.);
#13124 = LINE('',#13125,#13126);
#13125 = CARTESIAN_POINT('',(62.12,-64.248,-4.6E-02));
#13126 = VECTOR('',#13127,1.);
#13127 = DIRECTION('',(0.,0.,1.));
#13128 = ORIENTED_EDGE('',*,*,#12618,.F.);
#13129 = ORIENTED_EDGE('',*,*,#13123,.F.);
#13130 = CYLINDRICAL_SURFACE('',#13131,0.508);
#13131 = AXIS2_PLACEMENT_3D('',#13132,#13133,#13134);
#13132 = CARTESIAN_POINT('',(62.12,-63.74,-4.6E-02));
#13133 = DIRECTION('',(-0.,-0.,-1.));
#13134 = DIRECTION('',(-1.398706172756E-14,-1.,0.));
#13135 = ADVANCED_FACE('',(#13136),#13147,.F.);
#13136 = FACE_BOUND('',#13137,.T.);
#13137 = EDGE_LOOP('',(#13138,#13139,#13145,#13146));
#13138 = ORIENTED_EDGE('',*,*,#12225,.T.);
#13139 = ORIENTED_EDGE('',*,*,#13140,.T.);
#13140 = EDGE_CURVE('',#12226,#12630,#13141,.T.);
#13141 = LINE('',#13142,#13143);
#13142 = CARTESIAN_POINT('',(64.66,-64.248,-4.6E-02));
#13143 = VECTOR('',#13144,1.);
#13144 = DIRECTION('',(0.,0.,1.));
#13145 = ORIENTED_EDGE('',*,*,#12629,.F.);
#13146 = ORIENTED_EDGE('',*,*,#13140,.F.);
#13147 = CYLINDRICAL_SURFACE('',#13148,0.508);
#13148 = AXIS2_PLACEMENT_3D('',#13149,#13150,#13151);
#13149 = CARTESIAN_POINT('',(64.66,-63.74,-4.6E-02));
#13150 = DIRECTION('',(-0.,-0.,-1.));
#13151 = DIRECTION('',(-0.,-1.,0.));
#13152 = ADVANCED_FACE('',(#13153),#13164,.F.);
#13153 = FACE_BOUND('',#13154,.T.);
#13154 = EDGE_LOOP('',(#13155,#13156,#13162,#13163));
#13155 = ORIENTED_EDGE('',*,*,#12236,.T.);
#13156 = ORIENTED_EDGE('',*,*,#13157,.T.);
#13157 = EDGE_CURVE('',#12237,#12641,#13158,.T.);
#13158 = LINE('',#13159,#13160);
#13159 = CARTESIAN_POINT('',(67.2,-64.248,-4.6E-02));
#13160 = VECTOR('',#13161,1.);
#13161 = DIRECTION('',(0.,0.,1.));
#13162 = ORIENTED_EDGE('',*,*,#12640,.F.);
#13163 = ORIENTED_EDGE('',*,*,#13157,.F.);
#13164 = CYLINDRICAL_SURFACE('',#13165,0.508);
#13165 = AXIS2_PLACEMENT_3D('',#13166,#13167,#13168);
#13166 = CARTESIAN_POINT('',(67.2,-63.74,-4.6E-02));
#13167 = DIRECTION('',(-0.,0.,-1.));
#13168 = DIRECTION('',(2.797412345512E-14,-1.,-0.));
#13169 = ADVANCED_FACE('',(#13170),#13181,.F.);
#13170 = FACE_BOUND('',#13171,.T.);
#13171 = EDGE_LOOP('',(#13172,#13173,#13179,#13180));
#13172 = ORIENTED_EDGE('',*,*,#12247,.T.);
#13173 = ORIENTED_EDGE('',*,*,#13174,.T.);
#13174 = EDGE_CURVE('',#12248,#12652,#13175,.T.);
#13175 = LINE('',#13176,#13177);
#13176 = CARTESIAN_POINT('',(54.5,-49.008,-4.6E-02));
#13177 = VECTOR('',#13178,1.);
#13178 = DIRECTION('',(0.,0.,1.));
#13179 = ORIENTED_EDGE('',*,*,#12651,.F.);
#13180 = ORIENTED_EDGE('',*,*,#13174,.F.);
#13181 = CYLINDRICAL_SURFACE('',#13182,0.508);
#13182 = AXIS2_PLACEMENT_3D('',#13183,#13184,#13185);
#13183 = CARTESIAN_POINT('',(54.5,-48.5,-4.6E-02));
#13184 = DIRECTION('',(-0.,-0.,-1.));
#13185 = DIRECTION('',(-0.,-1.,0.));
#13186 = ADVANCED_FACE('',(#13187),#13198,.F.);
#13187 = FACE_BOUND('',#13188,.T.);
#13188 = EDGE_LOOP('',(#13189,#13190,#13196,#13197));
#13189 = ORIENTED_EDGE('',*,*,#12258,.T.);
#13190 = ORIENTED_EDGE('',*,*,#13191,.T.);
#13191 = EDGE_CURVE('',#12259,#12663,#13192,.T.);
#13192 = LINE('',#13193,#13194);
#13193 = CARTESIAN_POINT('',(57.04,-49.008,-4.6E-02));
#13194 = VECTOR('',#13195,1.);
#13195 = DIRECTION('',(0.,0.,1.));
#13196 = ORIENTED_EDGE('',*,*,#12662,.F.);
#13197 = ORIENTED_EDGE('',*,*,#13191,.F.);
#13198 = CYLINDRICAL_SURFACE('',#13199,0.508);
#13199 = AXIS2_PLACEMENT_3D('',#13200,#13201,#13202);
#13200 = CARTESIAN_POINT('',(57.04,-48.5,-4.6E-02));
#13201 = DIRECTION('',(-0.,-0.,-1.));
#13202 = DIRECTION('',(-0.,-1.,0.));
#13203 = ADVANCED_FACE('',(#13204),#13215,.F.);
#13204 = FACE_BOUND('',#13205,.T.);
#13205 = EDGE_LOOP('',(#13206,#13207,#13213,#13214));
#13206 = ORIENTED_EDGE('',*,*,#12269,.T.);
#13207 = ORIENTED_EDGE('',*,*,#13208,.T.);
#13208 = EDGE_CURVE('',#12270,#12674,#13209,.T.);
#13209 = LINE('',#13210,#13211);
#13210 = CARTESIAN_POINT('',(59.58,-49.008,-4.6E-02));
#13211 = VECTOR('',#13212,1.);
#13212 = DIRECTION('',(0.,0.,1.));
#13213 = ORIENTED_EDGE('',*,*,#12673,.F.);
#13214 = ORIENTED_EDGE('',*,*,#13208,.F.);
#13215 = CYLINDRICAL_SURFACE('',#13216,0.508);
#13216 = AXIS2_PLACEMENT_3D('',#13217,#13218,#13219);
#13217 = CARTESIAN_POINT('',(59.58,-48.5,-4.6E-02));
#13218 = DIRECTION('',(-0.,-0.,-1.));
#13219 = DIRECTION('',(-0.,-1.,0.));
#13220 = ADVANCED_FACE('',(#13221),#13232,.F.);
#13221 = FACE_BOUND('',#13222,.T.);
#13222 = EDGE_LOOP('',(#13223,#13224,#13230,#13231));
#13223 = ORIENTED_EDGE('',*,*,#12280,.T.);
#13224 = ORIENTED_EDGE('',*,*,#13225,.T.);
#13225 = EDGE_CURVE('',#12281,#12685,#13226,.T.);
#13226 = LINE('',#13227,#13228);
#13227 = CARTESIAN_POINT('',(62.12,-49.008,-4.6E-02));
#13228 = VECTOR('',#13229,1.);
#13229 = DIRECTION('',(0.,0.,1.));
#13230 = ORIENTED_EDGE('',*,*,#12684,.F.);
#13231 = ORIENTED_EDGE('',*,*,#13225,.F.);
#13232 = CYLINDRICAL_SURFACE('',#13233,0.508);
#13233 = AXIS2_PLACEMENT_3D('',#13234,#13235,#13236);
#13234 = CARTESIAN_POINT('',(62.12,-48.5,-4.6E-02));
#13235 = DIRECTION('',(-0.,-0.,-1.));
#13236 = DIRECTION('',(-1.398706172756E-14,-1.,0.));
#13237 = ADVANCED_FACE('',(#13238),#13249,.F.);
#13238 = FACE_BOUND('',#13239,.T.);
#13239 = EDGE_LOOP('',(#13240,#13241,#13247,#13248));
#13240 = ORIENTED_EDGE('',*,*,#12291,.T.);
#13241 = ORIENTED_EDGE('',*,*,#13242,.T.);
#13242 = EDGE_CURVE('',#12292,#12696,#13243,.T.);
#13243 = LINE('',#13244,#13245);
#13244 = CARTESIAN_POINT('',(64.66,-49.008,-4.6E-02));
#13245 = VECTOR('',#13246,1.);
#13246 = DIRECTION('',(0.,0.,1.));
#13247 = ORIENTED_EDGE('',*,*,#12695,.F.);
#13248 = ORIENTED_EDGE('',*,*,#13242,.F.);
#13249 = CYLINDRICAL_SURFACE('',#13250,0.508);
#13250 = AXIS2_PLACEMENT_3D('',#13251,#13252,#13253);
#13251 = CARTESIAN_POINT('',(64.66,-48.5,-4.6E-02));
#13252 = DIRECTION('',(-0.,-0.,-1.));
#13253 = DIRECTION('',(-0.,-1.,0.));
#13254 = ADVANCED_FACE('',(#13255),#13266,.F.);
#13255 = FACE_BOUND('',#13256,.T.);
#13256 = EDGE_LOOP('',(#13257,#13258,#13264,#13265));
#13257 = ORIENTED_EDGE('',*,*,#12302,.T.);
#13258 = ORIENTED_EDGE('',*,*,#13259,.T.);
#13259 = EDGE_CURVE('',#12303,#12707,#13260,.T.);
#13260 = LINE('',#13261,#13262);
#13261 = CARTESIAN_POINT('',(67.2,-49.008,-4.6E-02));
#13262 = VECTOR('',#13263,1.);
#13263 = DIRECTION('',(0.,0.,1.));
#13264 = ORIENTED_EDGE('',*,*,#12706,.F.);
#13265 = ORIENTED_EDGE('',*,*,#13259,.F.);
#13266 = CYLINDRICAL_SURFACE('',#13267,0.508);
#13267 = AXIS2_PLACEMENT_3D('',#13268,#13269,#13270);
#13268 = CARTESIAN_POINT('',(67.2,-48.5,-4.6E-02));
#13269 = DIRECTION('',(-0.,0.,-1.));
#13270 = DIRECTION('',(2.797412345512E-14,-1.,-0.));
#13271 = ADVANCED_FACE('',(#13272),#13283,.F.);
#13272 = FACE_BOUND('',#13273,.T.);
#13273 = EDGE_LOOP('',(#13274,#13275,#13281,#13282));
#13274 = ORIENTED_EDGE('',*,*,#12313,.T.);
#13275 = ORIENTED_EDGE('',*,*,#13276,.T.);
#13276 = EDGE_CURVE('',#12314,#12718,#13277,.T.);
#13277 = LINE('',#13278,#13279);
#13278 = CARTESIAN_POINT('',(69.74,-64.248,-4.6E-02));
#13279 = VECTOR('',#13280,1.);
#13280 = DIRECTION('',(0.,0.,1.));
#13281 = ORIENTED_EDGE('',*,*,#12717,.F.);
#13282 = ORIENTED_EDGE('',*,*,#13276,.F.);
#13283 = CYLINDRICAL_SURFACE('',#13284,0.508);
#13284 = AXIS2_PLACEMENT_3D('',#13285,#13286,#13287);
#13285 = CARTESIAN_POINT('',(69.74,-63.74,-4.6E-02));
#13286 = DIRECTION('',(-0.,-0.,-1.));
#13287 = DIRECTION('',(-2.797412345512E-14,-1.,0.));
#13288 = ADVANCED_FACE('',(#13289),#13300,.F.);
#13289 = FACE_BOUND('',#13290,.T.);
#13290 = EDGE_LOOP('',(#13291,#13292,#13298,#13299));
#13291 = ORIENTED_EDGE('',*,*,#12324,.T.);
#13292 = ORIENTED_EDGE('',*,*,#13293,.T.);
#13293 = EDGE_CURVE('',#12325,#12729,#13294,.T.);
#13294 = LINE('',#13295,#13296);
#13295 = CARTESIAN_POINT('',(69.74,-49.008,-4.6E-02));
#13296 = VECTOR('',#13297,1.);
#13297 = DIRECTION('',(0.,0.,1.));
#13298 = ORIENTED_EDGE('',*,*,#12728,.F.);
#13299 = ORIENTED_EDGE('',*,*,#13293,.F.);
#13300 = CYLINDRICAL_SURFACE('',#13301,0.508);
#13301 = AXIS2_PLACEMENT_3D('',#13302,#13303,#13304);
#13302 = CARTESIAN_POINT('',(69.74,-48.5,-4.6E-02));
#13303 = DIRECTION('',(-0.,-0.,-1.));
#13304 = DIRECTION('',(-2.797412345512E-14,-1.,0.));
#13305 = ADVANCED_FACE('',(#13306),#13317,.F.);
#13306 = FACE_BOUND('',#13307,.T.);
#13307 = EDGE_LOOP('',(#13308,#13309,#13315,#13316));
#13308 = ORIENTED_EDGE('',*,*,#12335,.T.);
#13309 = ORIENTED_EDGE('',*,*,#13310,.T.);
#13310 = EDGE_CURVE('',#12336,#12740,#13311,.T.);
#13311 = LINE('',#13312,#13313);
#13312 = CARTESIAN_POINT('',(79.9,-59.168,-4.6E-02));
#13313 = VECTOR('',#13314,1.);
#13314 = DIRECTION('',(0.,0.,1.));
#13315 = ORIENTED_EDGE('',*,*,#12739,.F.);
#13316 = ORIENTED_EDGE('',*,*,#13310,.F.);
#13317 = CYLINDRICAL_SURFACE('',#13318,0.508);
#13318 = AXIS2_PLACEMENT_3D('',#13319,#13320,#13321);
#13319 = CARTESIAN_POINT('',(79.9,-58.66,-4.6E-02));
#13320 = DIRECTION('',(-0.,-0.,-1.));
#13321 = DIRECTION('',(-0.,-1.,0.));
#13322 = ADVANCED_FACE('',(#13323),#13334,.F.);
#13323 = FACE_BOUND('',#13324,.T.);
#13324 = EDGE_LOOP('',(#13325,#13326,#13332,#13333));
#13325 = ORIENTED_EDGE('',*,*,#12346,.T.);
#13326 = ORIENTED_EDGE('',*,*,#13327,.T.);
#13327 = EDGE_CURVE('',#12347,#12751,#13328,.T.);
#13328 = LINE('',#13329,#13330);
#13329 = CARTESIAN_POINT('',(79.9,-54.088,-4.6E-02));
#13330 = VECTOR('',#13331,1.);
#13331 = DIRECTION('',(0.,0.,1.));
#13332 = ORIENTED_EDGE('',*,*,#12750,.F.);
#13333 = ORIENTED_EDGE('',*,*,#13327,.F.);
#13334 = CYLINDRICAL_SURFACE('',#13335,0.508);
#13335 = AXIS2_PLACEMENT_3D('',#13336,#13337,#13338);
#13336 = CARTESIAN_POINT('',(79.9,-53.58,-4.6E-02));
#13337 = DIRECTION('',(-0.,-0.,-1.));
#13338 = DIRECTION('',(-0.,-1.,0.));
#13339 = ADVANCED_FACE('',(#13340),#13351,.F.);
#13340 = FACE_BOUND('',#13341,.T.);
#13341 = EDGE_LOOP('',(#13342,#13343,#13349,#13350));
#13342 = ORIENTED_EDGE('',*,*,#12357,.T.);
#13343 = ORIENTED_EDGE('',*,*,#13344,.T.);
#13344 = EDGE_CURVE('',#12358,#12762,#13345,.T.);
#13345 = LINE('',#13346,#13347);
#13346 = CARTESIAN_POINT('',(111.,-80.12,-4.6E-02));
#13347 = VECTOR('',#13348,1.);
#13348 = DIRECTION('',(0.,0.,1.));
#13349 = ORIENTED_EDGE('',*,*,#12761,.F.);
#13350 = ORIENTED_EDGE('',*,*,#13344,.F.);
#13351 = CYLINDRICAL_SURFACE('',#13352,0.5);
#13352 = AXIS2_PLACEMENT_3D('',#13353,#13354,#13355);
#13353 = CARTESIAN_POINT('',(111.,-79.62,-4.6E-02));
#13354 = DIRECTION('',(-0.,-0.,-1.));
#13355 = DIRECTION('',(-0.,-1.,0.));
#13356 = ADVANCED_FACE('',(#13357),#13368,.F.);
#13357 = FACE_BOUND('',#13358,.T.);
#13358 = EDGE_LOOP('',(#13359,#13360,#13366,#13367));
#13359 = ORIENTED_EDGE('',*,*,#12368,.T.);
#13360 = ORIENTED_EDGE('',*,*,#13361,.T.);
#13361 = EDGE_CURVE('',#12369,#12773,#13362,.T.);
#13362 = LINE('',#13363,#13364);
#13363 = CARTESIAN_POINT('',(111.,-77.58,-4.6E-02));
#13364 = VECTOR('',#13365,1.);
#13365 = DIRECTION('',(0.,0.,1.));
#13366 = ORIENTED_EDGE('',*,*,#12772,.F.);
#13367 = ORIENTED_EDGE('',*,*,#13361,.F.);
#13368 = CYLINDRICAL_SURFACE('',#13369,0.5);
#13369 = AXIS2_PLACEMENT_3D('',#13370,#13371,#13372);
#13370 = CARTESIAN_POINT('',(111.,-77.08,-4.6E-02));
#13371 = DIRECTION('',(-0.,-0.,-1.));
#13372 = DIRECTION('',(-0.,-1.,0.));
#13373 = ADVANCED_FACE('',(#13374),#13385,.F.);
#13374 = FACE_BOUND('',#13375,.T.);
#13375 = EDGE_LOOP('',(#13376,#13377,#13383,#13384));
#13376 = ORIENTED_EDGE('',*,*,#12379,.T.);
#13377 = ORIENTED_EDGE('',*,*,#13378,.T.);
#13378 = EDGE_CURVE('',#12380,#12784,#13379,.T.);
#13379 = LINE('',#13380,#13381);
#13380 = CARTESIAN_POINT('',(111.,-75.04,-4.6E-02));
#13381 = VECTOR('',#13382,1.);
#13382 = DIRECTION('',(0.,0.,1.));
#13383 = ORIENTED_EDGE('',*,*,#12783,.F.);
#13384 = ORIENTED_EDGE('',*,*,#13378,.F.);
#13385 = CYLINDRICAL_SURFACE('',#13386,0.5);
#13386 = AXIS2_PLACEMENT_3D('',#13387,#13388,#13389);
#13387 = CARTESIAN_POINT('',(111.,-74.54,-4.6E-02));
#13388 = DIRECTION('',(-0.,-0.,-1.));
#13389 = DIRECTION('',(-0.,-1.,0.));
#13390 = ADVANCED_FACE('',(#13391),#13402,.F.);
#13391 = FACE_BOUND('',#13392,.T.);
#13392 = EDGE_LOOP('',(#13393,#13394,#13400,#13401));
#13393 = ORIENTED_EDGE('',*,*,#12390,.T.);
#13394 = ORIENTED_EDGE('',*,*,#13395,.T.);
#13395 = EDGE_CURVE('',#12391,#12795,#13396,.T.);
#13396 = LINE('',#13397,#13398);
#13397 = CARTESIAN_POINT('',(111.,-72.5,-4.6E-02));
#13398 = VECTOR('',#13399,1.);
#13399 = DIRECTION('',(0.,0.,1.));
#13400 = ORIENTED_EDGE('',*,*,#12794,.F.);
#13401 = ORIENTED_EDGE('',*,*,#13395,.F.);
#13402 = CYLINDRICAL_SURFACE('',#13403,0.5);
#13403 = AXIS2_PLACEMENT_3D('',#13404,#13405,#13406);
#13404 = CARTESIAN_POINT('',(111.,-72.,-4.6E-02));
#13405 = DIRECTION('',(-0.,-0.,-1.));
#13406 = DIRECTION('',(-0.,-1.,0.));
#13407 = ADVANCED_FACE('',(#13408),#13419,.F.);
#13408 = FACE_BOUND('',#13409,.T.);
#13409 = EDGE_LOOP('',(#13410,#13411,#13417,#13418));
#13410 = ORIENTED_EDGE('',*,*,#12401,.T.);
#13411 = ORIENTED_EDGE('',*,*,#13412,.T.);
#13412 = EDGE_CURVE('',#12402,#12806,#13413,.T.);
#13413 = LINE('',#13414,#13415);
#13414 = CARTESIAN_POINT('',(111.,-69.96,-4.6E-02));
#13415 = VECTOR('',#13416,1.);
#13416 = DIRECTION('',(0.,0.,1.));
#13417 = ORIENTED_EDGE('',*,*,#12805,.F.);
#13418 = ORIENTED_EDGE('',*,*,#13412,.F.);
#13419 = CYLINDRICAL_SURFACE('',#13420,0.5);
#13420 = AXIS2_PLACEMENT_3D('',#13421,#13422,#13423);
#13421 = CARTESIAN_POINT('',(111.,-69.46,-4.6E-02));
#13422 = DIRECTION('',(-0.,-0.,-1.));
#13423 = DIRECTION('',(-0.,-1.,0.));
#13424 = ADVANCED_FACE('',(#13425),#13436,.F.);
#13425 = FACE_BOUND('',#13426,.T.);
#13426 = EDGE_LOOP('',(#13427,#13428,#13434,#13435));
#13427 = ORIENTED_EDGE('',*,*,#12412,.T.);
#13428 = ORIENTED_EDGE('',*,*,#13429,.T.);
#13429 = EDGE_CURVE('',#12413,#12817,#13430,.T.);
#13430 = LINE('',#13431,#13432);
#13431 = CARTESIAN_POINT('',(111.,-67.42,-4.6E-02));
#13432 = VECTOR('',#13433,1.);
#13433 = DIRECTION('',(0.,0.,1.));
#13434 = ORIENTED_EDGE('',*,*,#12816,.F.);
#13435 = ORIENTED_EDGE('',*,*,#13429,.F.);
#13436 = CYLINDRICAL_SURFACE('',#13437,0.5);
#13437 = AXIS2_PLACEMENT_3D('',#13438,#13439,#13440);
#13438 = CARTESIAN_POINT('',(111.,-66.92,-4.6E-02));
#13439 = DIRECTION('',(-0.,-0.,-1.));
#13440 = DIRECTION('',(-0.,-1.,0.));
#13441 = ADVANCED_FACE('',(#13442),#13453,.F.);
#13442 = FACE_BOUND('',#13443,.T.);
#13443 = EDGE_LOOP('',(#13444,#13445,#13451,#13452));
#13444 = ORIENTED_EDGE('',*,*,#12423,.T.);
#13445 = ORIENTED_EDGE('',*,*,#13446,.T.);
#13446 = EDGE_CURVE('',#12424,#12828,#13447,.T.);
#13447 = LINE('',#13448,#13449);
#13448 = CARTESIAN_POINT('',(111.,-64.88,-4.6E-02));
#13449 = VECTOR('',#13450,1.);
#13450 = DIRECTION('',(0.,0.,1.));
#13451 = ORIENTED_EDGE('',*,*,#12827,.F.);
#13452 = ORIENTED_EDGE('',*,*,#13446,.F.);
#13453 = CYLINDRICAL_SURFACE('',#13454,0.5);
#13454 = AXIS2_PLACEMENT_3D('',#13455,#13456,#13457);
#13455 = CARTESIAN_POINT('',(111.,-64.38,-4.6E-02));
#13456 = DIRECTION('',(-0.,-0.,-1.));
#13457 = DIRECTION('',(-0.,-1.,0.));
#13458 = ADVANCED_FACE('',(#13459),#13470,.F.);
#13459 = FACE_BOUND('',#13460,.T.);
#13460 = EDGE_LOOP('',(#13461,#13462,#13468,#13469));
#13461 = ORIENTED_EDGE('',*,*,#12434,.T.);
#13462 = ORIENTED_EDGE('',*,*,#13463,.T.);
#13463 = EDGE_CURVE('',#12435,#12839,#13464,.T.);
#13464 = LINE('',#13465,#13466);
#13465 = CARTESIAN_POINT('',(112.,-47.6,-4.6E-02));
#13466 = VECTOR('',#13467,1.);
#13467 = DIRECTION('',(0.,0.,1.));
#13468 = ORIENTED_EDGE('',*,*,#12838,.F.);
#13469 = ORIENTED_EDGE('',*,*,#13463,.F.);
#13470 = CYLINDRICAL_SURFACE('',#13471,1.1);
#13471 = AXIS2_PLACEMENT_3D('',#13472,#13473,#13474);
#13472 = CARTESIAN_POINT('',(112.,-46.5,-4.6E-02));
#13473 = DIRECTION('',(-0.,-0.,-1.));
#13474 = DIRECTION('',(-0.,-1.,0.));
#13475 = ( GEOMETRIC_REPRESENTATION_CONTEXT(3) 
GLOBAL_UNCERTAINTY_ASSIGNED_CONTEXT((#13479)) 
GLOBAL_UNIT_ASSIGNED_CONTEXT((#13476,#13477,#13478)) 
REPRESENTATION_CONTEXT('Context #1',
  '3D Context with UNIT and UNCERTAINTY') );
#13476 = ( LENGTH_UNIT() NAMED_UNIT(*) SI_UNIT(.MILLI.,.METRE.) );
#13477 = ( NAMED_UNIT(*) PLANE_ANGLE_UNIT() SI_UNIT($,.RADIAN.) );
#13478 = ( NAMED_UNIT(*) SI_UNIT($,.STERADIAN.) SOLID_ANGLE_UNIT() );
#13479 = UNCERTAINTY_MEASURE_WITH_UNIT(LENGTH_MEASURE(1.E-07),#13476,
  'distance_accuracy_value','confusion accuracy');
#13480 = CONTEXT_DEPENDENT_SHAPE_REPRESENTATION(#13481,#13483);
#13481 = ( REPRESENTATION_RELATIONSHIP('','',#11936,#10) 
REPRESENTATION_RELATIONSHIP_WITH_TRANSFORMATION(#13482) 
SHAPE_REPRESENTATION_RELATIONSHIP() );
#13482 = ITEM_DEFINED_TRANSFORMATION('','',#11,#31);
#13483 = PRODUCT_DEFINITION_SHAPE('Placement','Placement of an item',
  #13484);
#13484 = NEXT_ASSEMBLY_USAGE_OCCURRENCE('5','=>[0:1:1:6]','',#5,#11931,$
  );
#13485 = PRODUCT_RELATED_PRODUCT_CATEGORY('part',$,(#11933));
#13486 = MECHANICAL_DESIGN_GEOMETRIC_PRESENTATION_REPRESENTATION('',(
    #13487,#13495,#13502,#13509,#13516,#13523,#13530,#13537,#13544,
    #13551,#13558,#13565,#13572,#13579,#13586,#13593,#13600,#13607,
    #13614,#13621,#13628,#13635,#13642,#13649,#13656,#13663,#13670,
    #13677,#13684,#13692,#13699,#13706,#13713,#13720,#13727,#13734,
    #13741,#13748,#13755,#13762,#13769,#13776,#13783,#13790,#13797,
    #13804,#13811,#13818,#13825,#13832,#13839,#13846,#13853,#13860,
    #13867,#13874,#13881,#13888,#13895,#13902,#13909,#13916,#13923,
    #13930,#13937,#13944,#13951,#13958,#13965,#13972,#13979,#13986,
    #13993,#14000,#14007,#14014,#14021,#14028,#14035,#14042,#14049,
    #14056,#14063,#14070,#14077,#14084,#14091,#14098,#14105,#14112,
    #14119,#14126,#14133,#14140,#14147,#14154,#14161,#14168,#14175,
    #14182),#2829);
#13487 = STYLED_ITEM('color',(#13488),#51);
#13488 = PRESENTATION_STYLE_ASSIGNMENT((#13489));
#13489 = SURFACE_STYLE_USAGE(.BOTH.,#13490);
#13490 = SURFACE_SIDE_STYLE('',(#13491));
#13491 = SURFACE_STYLE_FILL_AREA(#13492);
#13492 = FILL_AREA_STYLE('',(#13493));
#13493 = FILL_AREA_STYLE_COLOUR('',#13494);
#13494 = COLOUR_RGB('',0.147999998088,0.144999993226,0.144999993226);
#13495 = STYLED_ITEM('color',(#13496),#91);
#13496 = PRESENTATION_STYLE_ASSIGNMENT((#13497));
#13497 = SURFACE_STYLE_USAGE(.BOTH.,#13498);
#13498 = SURFACE_SIDE_STYLE('',(#13499));
#13499 = SURFACE_STYLE_FILL_AREA(#13500);
#13500 = FILL_AREA_STYLE('',(#13501));
#13501 = FILL_AREA_STYLE_COLOUR('',#13494);
#13502 = STYLED_ITEM('color',(#13503),#122);
#13503 = PRESENTATION_STYLE_ASSIGNMENT((#13504));
#13504 = SURFACE_STYLE_USAGE(.BOTH.,#13505);
#13505 = SURFACE_SIDE_STYLE('',(#13506));
#13506 = SURFACE_STYLE_FILL_AREA(#13507);
#13507 = FILL_AREA_STYLE('',(#13508));
#13508 = FILL_AREA_STYLE_COLOUR('',#13494);
#13509 = STYLED_ITEM('color',(#13510),#153);
#13510 = PRESENTATION_STYLE_ASSIGNMENT((#13511));
#13511 = SURFACE_STYLE_USAGE(.BOTH.,#13512);
#13512 = SURFACE_SIDE_STYLE('',(#13513));
#13513 = SURFACE_STYLE_FILL_AREA(#13514);
#13514 = FILL_AREA_STYLE('',(#13515));
#13515 = FILL_AREA_STYLE_COLOUR('',#13494);
#13516 = STYLED_ITEM('color',(#13517),#482);
#13517 = PRESENTATION_STYLE_ASSIGNMENT((#13518));
#13518 = SURFACE_STYLE_USAGE(.BOTH.,#13519);
#13519 = SURFACE_SIDE_STYLE('',(#13520));
#13520 = SURFACE_STYLE_FILL_AREA(#13521);
#13521 = FILL_AREA_STYLE('',(#13522));
#13522 = FILL_AREA_STYLE_COLOUR('',#13494);
#13523 = STYLED_ITEM('color',(#13524),#811);
#13524 = PRESENTATION_STYLE_ASSIGNMENT((#13525));
#13525 = SURFACE_STYLE_USAGE(.BOTH.,#13526);
#13526 = SURFACE_SIDE_STYLE('',(#13527));
#13527 = SURFACE_STYLE_FILL_AREA(#13528);
#13528 = FILL_AREA_STYLE('',(#13529));
#13529 = FILL_AREA_STYLE_COLOUR('',#13494);
#13530 = STYLED_ITEM('color',(#13531),#828);
#13531 = PRESENTATION_STYLE_ASSIGNMENT((#13532));
#13532 = SURFACE_STYLE_USAGE(.BOTH.,#13533);
#13533 = SURFACE_SIDE_STYLE('',(#13534));
#13534 = SURFACE_STYLE_FILL_AREA(#13535);
#13535 = FILL_AREA_STYLE('',(#13536));
#13536 = FILL_AREA_STYLE_COLOUR('',#13494);
#13537 = STYLED_ITEM('color',(#13538),#845);
#13538 = PRESENTATION_STYLE_ASSIGNMENT((#13539));
#13539 = SURFACE_STYLE_USAGE(.BOTH.,#13540);
#13540 = SURFACE_SIDE_STYLE('',(#13541));
#13541 = SURFACE_STYLE_FILL_AREA(#13542);
#13542 = FILL_AREA_STYLE('',(#13543));
#13543 = FILL_AREA_STYLE_COLOUR('',#13494);
#13544 = STYLED_ITEM('color',(#13545),#862);
#13545 = PRESENTATION_STYLE_ASSIGNMENT((#13546));
#13546 = SURFACE_STYLE_USAGE(.BOTH.,#13547);
#13547 = SURFACE_SIDE_STYLE('',(#13548));
#13548 = SURFACE_STYLE_FILL_AREA(#13549);
#13549 = FILL_AREA_STYLE('',(#13550));
#13550 = FILL_AREA_STYLE_COLOUR('',#13494);
#13551 = STYLED_ITEM('color',(#13552),#879);
#13552 = PRESENTATION_STYLE_ASSIGNMENT((#13553));
#13553 = SURFACE_STYLE_USAGE(.BOTH.,#13554);
#13554 = SURFACE_SIDE_STYLE('',(#13555));
#13555 = SURFACE_STYLE_FILL_AREA(#13556);
#13556 = FILL_AREA_STYLE('',(#13557));
#13557 = FILL_AREA_STYLE_COLOUR('',#13494);
#13558 = STYLED_ITEM('color',(#13559),#896);
#13559 = PRESENTATION_STYLE_ASSIGNMENT((#13560));
#13560 = SURFACE_STYLE_USAGE(.BOTH.,#13561);
#13561 = SURFACE_SIDE_STYLE('',(#13562));
#13562 = SURFACE_STYLE_FILL_AREA(#13563);
#13563 = FILL_AREA_STYLE('',(#13564));
#13564 = FILL_AREA_STYLE_COLOUR('',#13494);
#13565 = STYLED_ITEM('color',(#13566),#913);
#13566 = PRESENTATION_STYLE_ASSIGNMENT((#13567));
#13567 = SURFACE_STYLE_USAGE(.BOTH.,#13568);
#13568 = SURFACE_SIDE_STYLE('',(#13569));
#13569 = SURFACE_STYLE_FILL_AREA(#13570);
#13570 = FILL_AREA_STYLE('',(#13571));
#13571 = FILL_AREA_STYLE_COLOUR('',#13494);
#13572 = STYLED_ITEM('color',(#13573),#930);
#13573 = PRESENTATION_STYLE_ASSIGNMENT((#13574));
#13574 = SURFACE_STYLE_USAGE(.BOTH.,#13575);
#13575 = SURFACE_SIDE_STYLE('',(#13576));
#13576 = SURFACE_STYLE_FILL_AREA(#13577);
#13577 = FILL_AREA_STYLE('',(#13578));
#13578 = FILL_AREA_STYLE_COLOUR('',#13494);
#13579 = STYLED_ITEM('color',(#13580),#947);
#13580 = PRESENTATION_STYLE_ASSIGNMENT((#13581));
#13581 = SURFACE_STYLE_USAGE(.BOTH.,#13582);
#13582 = SURFACE_SIDE_STYLE('',(#13583));
#13583 = SURFACE_STYLE_FILL_AREA(#13584);
#13584 = FILL_AREA_STYLE('',(#13585));
#13585 = FILL_AREA_STYLE_COLOUR('',#13494);
#13586 = STYLED_ITEM('color',(#13587),#964);
#13587 = PRESENTATION_STYLE_ASSIGNMENT((#13588));
#13588 = SURFACE_STYLE_USAGE(.BOTH.,#13589);
#13589 = SURFACE_SIDE_STYLE('',(#13590));
#13590 = SURFACE_STYLE_FILL_AREA(#13591);
#13591 = FILL_AREA_STYLE('',(#13592));
#13592 = FILL_AREA_STYLE_COLOUR('',#13494);
#13593 = STYLED_ITEM('color',(#13594),#981);
#13594 = PRESENTATION_STYLE_ASSIGNMENT((#13595));
#13595 = SURFACE_STYLE_USAGE(.BOTH.,#13596);
#13596 = SURFACE_SIDE_STYLE('',(#13597));
#13597 = SURFACE_STYLE_FILL_AREA(#13598);
#13598 = FILL_AREA_STYLE('',(#13599));
#13599 = FILL_AREA_STYLE_COLOUR('',#13494);
#13600 = STYLED_ITEM('color',(#13601),#998);
#13601 = PRESENTATION_STYLE_ASSIGNMENT((#13602));
#13602 = SURFACE_STYLE_USAGE(.BOTH.,#13603);
#13603 = SURFACE_SIDE_STYLE('',(#13604));
#13604 = SURFACE_STYLE_FILL_AREA(#13605);
#13605 = FILL_AREA_STYLE('',(#13606));
#13606 = FILL_AREA_STYLE_COLOUR('',#13494);
#13607 = STYLED_ITEM('color',(#13608),#1015);
#13608 = PRESENTATION_STYLE_ASSIGNMENT((#13609));
#13609 = SURFACE_STYLE_USAGE(.BOTH.,#13610);
#13610 = SURFACE_SIDE_STYLE('',(#13611));
#13611 = SURFACE_STYLE_FILL_AREA(#13612);
#13612 = FILL_AREA_STYLE('',(#13613));
#13613 = FILL_AREA_STYLE_COLOUR('',#13494);
#13614 = STYLED_ITEM('color',(#13615),#1032);
#13615 = PRESENTATION_STYLE_ASSIGNMENT((#13616));
#13616 = SURFACE_STYLE_USAGE(.BOTH.,#13617);
#13617 = SURFACE_SIDE_STYLE('',(#13618));
#13618 = SURFACE_STYLE_FILL_AREA(#13619);
#13619 = FILL_AREA_STYLE('',(#13620));
#13620 = FILL_AREA_STYLE_COLOUR('',#13494);
#13621 = STYLED_ITEM('color',(#13622),#1049);
#13622 = PRESENTATION_STYLE_ASSIGNMENT((#13623));
#13623 = SURFACE_STYLE_USAGE(.BOTH.,#13624);
#13624 = SURFACE_SIDE_STYLE('',(#13625));
#13625 = SURFACE_STYLE_FILL_AREA(#13626);
#13626 = FILL_AREA_STYLE('',(#13627));
#13627 = FILL_AREA_STYLE_COLOUR('',#13494);
#13628 = STYLED_ITEM('color',(#13629),#1066);
#13629 = PRESENTATION_STYLE_ASSIGNMENT((#13630));
#13630 = SURFACE_STYLE_USAGE(.BOTH.,#13631);
#13631 = SURFACE_SIDE_STYLE('',(#13632));
#13632 = SURFACE_STYLE_FILL_AREA(#13633);
#13633 = FILL_AREA_STYLE('',(#13634));
#13634 = FILL_AREA_STYLE_COLOUR('',#13494);
#13635 = STYLED_ITEM('color',(#13636),#1083);
#13636 = PRESENTATION_STYLE_ASSIGNMENT((#13637));
#13637 = SURFACE_STYLE_USAGE(.BOTH.,#13638);
#13638 = SURFACE_SIDE_STYLE('',(#13639));
#13639 = SURFACE_STYLE_FILL_AREA(#13640);
#13640 = FILL_AREA_STYLE('',(#13641));
#13641 = FILL_AREA_STYLE_COLOUR('',#13494);
#13642 = STYLED_ITEM('color',(#13643),#1100);
#13643 = PRESENTATION_STYLE_ASSIGNMENT((#13644));
#13644 = SURFACE_STYLE_USAGE(.BOTH.,#13645);
#13645 = SURFACE_SIDE_STYLE('',(#13646));
#13646 = SURFACE_STYLE_FILL_AREA(#13647);
#13647 = FILL_AREA_STYLE('',(#13648));
#13648 = FILL_AREA_STYLE_COLOUR('',#13494);
#13649 = STYLED_ITEM('color',(#13650),#1117);
#13650 = PRESENTATION_STYLE_ASSIGNMENT((#13651));
#13651 = SURFACE_STYLE_USAGE(.BOTH.,#13652);
#13652 = SURFACE_SIDE_STYLE('',(#13653));
#13653 = SURFACE_STYLE_FILL_AREA(#13654);
#13654 = FILL_AREA_STYLE('',(#13655));
#13655 = FILL_AREA_STYLE_COLOUR('',#13494);
#13656 = STYLED_ITEM('color',(#13657),#1134);
#13657 = PRESENTATION_STYLE_ASSIGNMENT((#13658));
#13658 = SURFACE_STYLE_USAGE(.BOTH.,#13659);
#13659 = SURFACE_SIDE_STYLE('',(#13660));
#13660 = SURFACE_STYLE_FILL_AREA(#13661);
#13661 = FILL_AREA_STYLE('',(#13662));
#13662 = FILL_AREA_STYLE_COLOUR('',#13494);
#13663 = STYLED_ITEM('color',(#13664),#1151);
#13664 = PRESENTATION_STYLE_ASSIGNMENT((#13665));
#13665 = SURFACE_STYLE_USAGE(.BOTH.,#13666);
#13666 = SURFACE_SIDE_STYLE('',(#13667));
#13667 = SURFACE_STYLE_FILL_AREA(#13668);
#13668 = FILL_AREA_STYLE('',(#13669));
#13669 = FILL_AREA_STYLE_COLOUR('',#13494);
#13670 = STYLED_ITEM('color',(#13671),#1168);
#13671 = PRESENTATION_STYLE_ASSIGNMENT((#13672));
#13672 = SURFACE_STYLE_USAGE(.BOTH.,#13673);
#13673 = SURFACE_SIDE_STYLE('',(#13674));
#13674 = SURFACE_STYLE_FILL_AREA(#13675);
#13675 = FILL_AREA_STYLE('',(#13676));
#13676 = FILL_AREA_STYLE_COLOUR('',#13494);
#13677 = STYLED_ITEM('color',(#13678),#1185);
#13678 = PRESENTATION_STYLE_ASSIGNMENT((#13679));
#13679 = SURFACE_STYLE_USAGE(.BOTH.,#13680);
#13680 = SURFACE_SIDE_STYLE('',(#13681));
#13681 = SURFACE_STYLE_FILL_AREA(#13682);
#13682 = FILL_AREA_STYLE('',(#13683));
#13683 = FILL_AREA_STYLE_COLOUR('',#13494);
#13684 = STYLED_ITEM('color',(#13685),#1197);
#13685 = PRESENTATION_STYLE_ASSIGNMENT((#13686));
#13686 = SURFACE_STYLE_USAGE(.BOTH.,#13687);
#13687 = SURFACE_SIDE_STYLE('',(#13688));
#13688 = SURFACE_STYLE_FILL_AREA(#13689);
#13689 = FILL_AREA_STYLE('',(#13690));
#13690 = FILL_AREA_STYLE_COLOUR('',#13691);
#13691 = COLOUR_RGB('',0.859000020776,0.737999965183,0.495999988746);
#13692 = STYLED_ITEM('color',(#13693),#1228);
#13693 = PRESENTATION_STYLE_ASSIGNMENT((#13694));
#13694 = SURFACE_STYLE_USAGE(.BOTH.,#13695);
#13695 = SURFACE_SIDE_STYLE('',(#13696));
#13696 = SURFACE_STYLE_FILL_AREA(#13697);
#13697 = FILL_AREA_STYLE('',(#13698));
#13698 = FILL_AREA_STYLE_COLOUR('',#13691);
#13699 = STYLED_ITEM('color',(#13700),#1252);
#13700 = PRESENTATION_STYLE_ASSIGNMENT((#13701));
#13701 = SURFACE_STYLE_USAGE(.BOTH.,#13702);
#13702 = SURFACE_SIDE_STYLE('',(#13703));
#13703 = SURFACE_STYLE_FILL_AREA(#13704);
#13704 = FILL_AREA_STYLE('',(#13705));
#13705 = FILL_AREA_STYLE_COLOUR('',#13691);
#13706 = STYLED_ITEM('color',(#13707),#1276);
#13707 = PRESENTATION_STYLE_ASSIGNMENT((#13708));
#13708 = SURFACE_STYLE_USAGE(.BOTH.,#13709);
#13709 = SURFACE_SIDE_STYLE('',(#13710));
#13710 = SURFACE_STYLE_FILL_AREA(#13711);
#13711 = FILL_AREA_STYLE('',(#13712));
#13712 = FILL_AREA_STYLE_COLOUR('',#13691);
#13713 = STYLED_ITEM('color',(#13714),#1293);
#13714 = PRESENTATION_STYLE_ASSIGNMENT((#13715));
#13715 = SURFACE_STYLE_USAGE(.BOTH.,#13716);
#13716 = SURFACE_SIDE_STYLE('',(#13717));
#13717 = SURFACE_STYLE_FILL_AREA(#13718);
#13718 = FILL_AREA_STYLE('',(#13719));
#13719 = FILL_AREA_STYLE_COLOUR('',#13691);
#13720 = STYLED_ITEM('color',(#13721),#1324);
#13721 = PRESENTATION_STYLE_ASSIGNMENT((#13722));
#13722 = SURFACE_STYLE_USAGE(.BOTH.,#13723);
#13723 = SURFACE_SIDE_STYLE('',(#13724));
#13724 = SURFACE_STYLE_FILL_AREA(#13725);
#13725 = FILL_AREA_STYLE('',(#13726));
#13726 = FILL_AREA_STYLE_COLOUR('',#13691);
#13727 = STYLED_ITEM('color',(#13728),#1348);
#13728 = PRESENTATION_STYLE_ASSIGNMENT((#13729));
#13729 = SURFACE_STYLE_USAGE(.BOTH.,#13730);
#13730 = SURFACE_SIDE_STYLE('',(#13731));
#13731 = SURFACE_STYLE_FILL_AREA(#13732);
#13732 = FILL_AREA_STYLE('',(#13733));
#13733 = FILL_AREA_STYLE_COLOUR('',#13691);
#13734 = STYLED_ITEM('color',(#13735),#1372);
#13735 = PRESENTATION_STYLE_ASSIGNMENT((#13736));
#13736 = SURFACE_STYLE_USAGE(.BOTH.,#13737);
#13737 = SURFACE_SIDE_STYLE('',(#13738));
#13738 = SURFACE_STYLE_FILL_AREA(#13739);
#13739 = FILL_AREA_STYLE('',(#13740));
#13740 = FILL_AREA_STYLE_COLOUR('',#13691);
#13741 = STYLED_ITEM('color',(#13742),#1389);
#13742 = PRESENTATION_STYLE_ASSIGNMENT((#13743));
#13743 = SURFACE_STYLE_USAGE(.BOTH.,#13744);
#13744 = SURFACE_SIDE_STYLE('',(#13745));
#13745 = SURFACE_STYLE_FILL_AREA(#13746);
#13746 = FILL_AREA_STYLE('',(#13747));
#13747 = FILL_AREA_STYLE_COLOUR('',#13691);
#13748 = STYLED_ITEM('color',(#13749),#1420);
#13749 = PRESENTATION_STYLE_ASSIGNMENT((#13750));
#13750 = SURFACE_STYLE_USAGE(.BOTH.,#13751);
#13751 = SURFACE_SIDE_STYLE('',(#13752));
#13752 = SURFACE_STYLE_FILL_AREA(#13753);
#13753 = FILL_AREA_STYLE('',(#13754));
#13754 = FILL_AREA_STYLE_COLOUR('',#13691);
#13755 = STYLED_ITEM('color',(#13756),#1444);
#13756 = PRESENTATION_STYLE_ASSIGNMENT((#13757));
#13757 = SURFACE_STYLE_USAGE(.BOTH.,#13758);
#13758 = SURFACE_SIDE_STYLE('',(#13759));
#13759 = SURFACE_STYLE_FILL_AREA(#13760);
#13760 = FILL_AREA_STYLE('',(#13761));
#13761 = FILL_AREA_STYLE_COLOUR('',#13691);
#13762 = STYLED_ITEM('color',(#13763),#1468);
#13763 = PRESENTATION_STYLE_ASSIGNMENT((#13764));
#13764 = SURFACE_STYLE_USAGE(.BOTH.,#13765);
#13765 = SURFACE_SIDE_STYLE('',(#13766));
#13766 = SURFACE_STYLE_FILL_AREA(#13767);
#13767 = FILL_AREA_STYLE('',(#13768));
#13768 = FILL_AREA_STYLE_COLOUR('',#13691);
#13769 = STYLED_ITEM('color',(#13770),#1485);
#13770 = PRESENTATION_STYLE_ASSIGNMENT((#13771));
#13771 = SURFACE_STYLE_USAGE(.BOTH.,#13772);
#13772 = SURFACE_SIDE_STYLE('',(#13773));
#13773 = SURFACE_STYLE_FILL_AREA(#13774);
#13774 = FILL_AREA_STYLE('',(#13775));
#13775 = FILL_AREA_STYLE_COLOUR('',#13691);
#13776 = STYLED_ITEM('color',(#13777),#1516);
#13777 = PRESENTATION_STYLE_ASSIGNMENT((#13778));
#13778 = SURFACE_STYLE_USAGE(.BOTH.,#13779);
#13779 = SURFACE_SIDE_STYLE('',(#13780));
#13780 = SURFACE_STYLE_FILL_AREA(#13781);
#13781 = FILL_AREA_STYLE('',(#13782));
#13782 = FILL_AREA_STYLE_COLOUR('',#13691);
#13783 = STYLED_ITEM('color',(#13784),#1540);
#13784 = PRESENTATION_STYLE_ASSIGNMENT((#13785));
#13785 = SURFACE_STYLE_USAGE(.BOTH.,#13786);
#13786 = SURFACE_SIDE_STYLE('',(#13787));
#13787 = SURFACE_STYLE_FILL_AREA(#13788);
#13788 = FILL_AREA_STYLE('',(#13789));
#13789 = FILL_AREA_STYLE_COLOUR('',#13691);
#13790 = STYLED_ITEM('color',(#13791),#1564);
#13791 = PRESENTATION_STYLE_ASSIGNMENT((#13792));
#13792 = SURFACE_STYLE_USAGE(.BOTH.,#13793);
#13793 = SURFACE_SIDE_STYLE('',(#13794));
#13794 = SURFACE_STYLE_FILL_AREA(#13795);
#13795 = FILL_AREA_STYLE('',(#13796));
#13796 = FILL_AREA_STYLE_COLOUR('',#13691);
#13797 = STYLED_ITEM('color',(#13798),#1581);
#13798 = PRESENTATION_STYLE_ASSIGNMENT((#13799));
#13799 = SURFACE_STYLE_USAGE(.BOTH.,#13800);
#13800 = SURFACE_SIDE_STYLE('',(#13801));
#13801 = SURFACE_STYLE_FILL_AREA(#13802);
#13802 = FILL_AREA_STYLE('',(#13803));
#13803 = FILL_AREA_STYLE_COLOUR('',#13691);
#13804 = STYLED_ITEM('color',(#13805),#1612);
#13805 = PRESENTATION_STYLE_ASSIGNMENT((#13806));
#13806 = SURFACE_STYLE_USAGE(.BOTH.,#13807);
#13807 = SURFACE_SIDE_STYLE('',(#13808));
#13808 = SURFACE_STYLE_FILL_AREA(#13809);
#13809 = FILL_AREA_STYLE('',(#13810));
#13810 = FILL_AREA_STYLE_COLOUR('',#13691);
#13811 = STYLED_ITEM('color',(#13812),#1636);
#13812 = PRESENTATION_STYLE_ASSIGNMENT((#13813));
#13813 = SURFACE_STYLE_USAGE(.BOTH.,#13814);
#13814 = SURFACE_SIDE_STYLE('',(#13815));
#13815 = SURFACE_STYLE_FILL_AREA(#13816);
#13816 = FILL_AREA_STYLE('',(#13817));
#13817 = FILL_AREA_STYLE_COLOUR('',#13691);
#13818 = STYLED_ITEM('color',(#13819),#1660);
#13819 = PRESENTATION_STYLE_ASSIGNMENT((#13820));
#13820 = SURFACE_STYLE_USAGE(.BOTH.,#13821);
#13821 = SURFACE_SIDE_STYLE('',(#13822));
#13822 = SURFACE_STYLE_FILL_AREA(#13823);
#13823 = FILL_AREA_STYLE('',(#13824));
#13824 = FILL_AREA_STYLE_COLOUR('',#13691);
#13825 = STYLED_ITEM('color',(#13826),#1677);
#13826 = PRESENTATION_STYLE_ASSIGNMENT((#13827));
#13827 = SURFACE_STYLE_USAGE(.BOTH.,#13828);
#13828 = SURFACE_SIDE_STYLE('',(#13829));
#13829 = SURFACE_STYLE_FILL_AREA(#13830);
#13830 = FILL_AREA_STYLE('',(#13831));
#13831 = FILL_AREA_STYLE_COLOUR('',#13691);
#13832 = STYLED_ITEM('color',(#13833),#1708);
#13833 = PRESENTATION_STYLE_ASSIGNMENT((#13834));
#13834 = SURFACE_STYLE_USAGE(.BOTH.,#13835);
#13835 = SURFACE_SIDE_STYLE('',(#13836));
#13836 = SURFACE_STYLE_FILL_AREA(#13837);
#13837 = FILL_AREA_STYLE('',(#13838));
#13838 = FILL_AREA_STYLE_COLOUR('',#13691);
#13839 = STYLED_ITEM('color',(#13840),#1732);
#13840 = PRESENTATION_STYLE_ASSIGNMENT((#13841));
#13841 = SURFACE_STYLE_USAGE(.BOTH.,#13842);
#13842 = SURFACE_SIDE_STYLE('',(#13843));
#13843 = SURFACE_STYLE_FILL_AREA(#13844);
#13844 = FILL_AREA_STYLE('',(#13845));
#13845 = FILL_AREA_STYLE_COLOUR('',#13691);
#13846 = STYLED_ITEM('color',(#13847),#1756);
#13847 = PRESENTATION_STYLE_ASSIGNMENT((#13848));
#13848 = SURFACE_STYLE_USAGE(.BOTH.,#13849);
#13849 = SURFACE_SIDE_STYLE('',(#13850));
#13850 = SURFACE_STYLE_FILL_AREA(#13851);
#13851 = FILL_AREA_STYLE('',(#13852));
#13852 = FILL_AREA_STYLE_COLOUR('',#13691);
#13853 = STYLED_ITEM('color',(#13854),#1773);
#13854 = PRESENTATION_STYLE_ASSIGNMENT((#13855));
#13855 = SURFACE_STYLE_USAGE(.BOTH.,#13856);
#13856 = SURFACE_SIDE_STYLE('',(#13857));
#13857 = SURFACE_STYLE_FILL_AREA(#13858);
#13858 = FILL_AREA_STYLE('',(#13859));
#13859 = FILL_AREA_STYLE_COLOUR('',#13691);
#13860 = STYLED_ITEM('color',(#13861),#1804);
#13861 = PRESENTATION_STYLE_ASSIGNMENT((#13862));
#13862 = SURFACE_STYLE_USAGE(.BOTH.,#13863);
#13863 = SURFACE_SIDE_STYLE('',(#13864));
#13864 = SURFACE_STYLE_FILL_AREA(#13865);
#13865 = FILL_AREA_STYLE('',(#13866));
#13866 = FILL_AREA_STYLE_COLOUR('',#13691);
#13867 = STYLED_ITEM('color',(#13868),#1828);
#13868 = PRESENTATION_STYLE_ASSIGNMENT((#13869));
#13869 = SURFACE_STYLE_USAGE(.BOTH.,#13870);
#13870 = SURFACE_SIDE_STYLE('',(#13871));
#13871 = SURFACE_STYLE_FILL_AREA(#13872);
#13872 = FILL_AREA_STYLE('',(#13873));
#13873 = FILL_AREA_STYLE_COLOUR('',#13691);
#13874 = STYLED_ITEM('color',(#13875),#1852);
#13875 = PRESENTATION_STYLE_ASSIGNMENT((#13876));
#13876 = SURFACE_STYLE_USAGE(.BOTH.,#13877);
#13877 = SURFACE_SIDE_STYLE('',(#13878));
#13878 = SURFACE_STYLE_FILL_AREA(#13879);
#13879 = FILL_AREA_STYLE('',(#13880));
#13880 = FILL_AREA_STYLE_COLOUR('',#13691);
#13881 = STYLED_ITEM('color',(#13882),#1869);
#13882 = PRESENTATION_STYLE_ASSIGNMENT((#13883));
#13883 = SURFACE_STYLE_USAGE(.BOTH.,#13884);
#13884 = SURFACE_SIDE_STYLE('',(#13885));
#13885 = SURFACE_STYLE_FILL_AREA(#13886);
#13886 = FILL_AREA_STYLE('',(#13887));
#13887 = FILL_AREA_STYLE_COLOUR('',#13691);
#13888 = STYLED_ITEM('color',(#13889),#1900);
#13889 = PRESENTATION_STYLE_ASSIGNMENT((#13890));
#13890 = SURFACE_STYLE_USAGE(.BOTH.,#13891);
#13891 = SURFACE_SIDE_STYLE('',(#13892));
#13892 = SURFACE_STYLE_FILL_AREA(#13893);
#13893 = FILL_AREA_STYLE('',(#13894));
#13894 = FILL_AREA_STYLE_COLOUR('',#13691);
#13895 = STYLED_ITEM('color',(#13896),#1924);
#13896 = PRESENTATION_STYLE_ASSIGNMENT((#13897));
#13897 = SURFACE_STYLE_USAGE(.BOTH.,#13898);
#13898 = SURFACE_SIDE_STYLE('',(#13899));
#13899 = SURFACE_STYLE_FILL_AREA(#13900);
#13900 = FILL_AREA_STYLE('',(#13901));
#13901 = FILL_AREA_STYLE_COLOUR('',#13691);
#13902 = STYLED_ITEM('color',(#13903),#1948);
#13903 = PRESENTATION_STYLE_ASSIGNMENT((#13904));
#13904 = SURFACE_STYLE_USAGE(.BOTH.,#13905);
#13905 = SURFACE_SIDE_STYLE('',(#13906));
#13906 = SURFACE_STYLE_FILL_AREA(#13907);
#13907 = FILL_AREA_STYLE('',(#13908));
#13908 = FILL_AREA_STYLE_COLOUR('',#13691);
#13909 = STYLED_ITEM('color',(#13910),#1965);
#13910 = PRESENTATION_STYLE_ASSIGNMENT((#13911));
#13911 = SURFACE_STYLE_USAGE(.BOTH.,#13912);
#13912 = SURFACE_SIDE_STYLE('',(#13913));
#13913 = SURFACE_STYLE_FILL_AREA(#13914);
#13914 = FILL_AREA_STYLE('',(#13915));
#13915 = FILL_AREA_STYLE_COLOUR('',#13691);
#13916 = STYLED_ITEM('color',(#13917),#1996);
#13917 = PRESENTATION_STYLE_ASSIGNMENT((#13918));
#13918 = SURFACE_STYLE_USAGE(.BOTH.,#13919);
#13919 = SURFACE_SIDE_STYLE('',(#13920));
#13920 = SURFACE_STYLE_FILL_AREA(#13921);
#13921 = FILL_AREA_STYLE('',(#13922));
#13922 = FILL_AREA_STYLE_COLOUR('',#13691);
#13923 = STYLED_ITEM('color',(#13924),#2020);
#13924 = PRESENTATION_STYLE_ASSIGNMENT((#13925));
#13925 = SURFACE_STYLE_USAGE(.BOTH.,#13926);
#13926 = SURFACE_SIDE_STYLE('',(#13927));
#13927 = SURFACE_STYLE_FILL_AREA(#13928);
#13928 = FILL_AREA_STYLE('',(#13929));
#13929 = FILL_AREA_STYLE_COLOUR('',#13691);
#13930 = STYLED_ITEM('color',(#13931),#2044);
#13931 = PRESENTATION_STYLE_ASSIGNMENT((#13932));
#13932 = SURFACE_STYLE_USAGE(.BOTH.,#13933);
#13933 = SURFACE_SIDE_STYLE('',(#13934));
#13934 = SURFACE_STYLE_FILL_AREA(#13935);
#13935 = FILL_AREA_STYLE('',(#13936));
#13936 = FILL_AREA_STYLE_COLOUR('',#13691);
#13937 = STYLED_ITEM('color',(#13938),#2061);
#13938 = PRESENTATION_STYLE_ASSIGNMENT((#13939));
#13939 = SURFACE_STYLE_USAGE(.BOTH.,#13940);
#13940 = SURFACE_SIDE_STYLE('',(#13941));
#13941 = SURFACE_STYLE_FILL_AREA(#13942);
#13942 = FILL_AREA_STYLE('',(#13943));
#13943 = FILL_AREA_STYLE_COLOUR('',#13691);
#13944 = STYLED_ITEM('color',(#13945),#2092);
#13945 = PRESENTATION_STYLE_ASSIGNMENT((#13946));
#13946 = SURFACE_STYLE_USAGE(.BOTH.,#13947);
#13947 = SURFACE_SIDE_STYLE('',(#13948));
#13948 = SURFACE_STYLE_FILL_AREA(#13949);
#13949 = FILL_AREA_STYLE('',(#13950));
#13950 = FILL_AREA_STYLE_COLOUR('',#13691);
#13951 = STYLED_ITEM('color',(#13952),#2116);
#13952 = PRESENTATION_STYLE_ASSIGNMENT((#13953));
#13953 = SURFACE_STYLE_USAGE(.BOTH.,#13954);
#13954 = SURFACE_SIDE_STYLE('',(#13955));
#13955 = SURFACE_STYLE_FILL_AREA(#13956);
#13956 = FILL_AREA_STYLE('',(#13957));
#13957 = FILL_AREA_STYLE_COLOUR('',#13691);
#13958 = STYLED_ITEM('color',(#13959),#2140);
#13959 = PRESENTATION_STYLE_ASSIGNMENT((#13960));
#13960 = SURFACE_STYLE_USAGE(.BOTH.,#13961);
#13961 = SURFACE_SIDE_STYLE('',(#13962));
#13962 = SURFACE_STYLE_FILL_AREA(#13963);
#13963 = FILL_AREA_STYLE('',(#13964));
#13964 = FILL_AREA_STYLE_COLOUR('',#13691);
#13965 = STYLED_ITEM('color',(#13966),#2157);
#13966 = PRESENTATION_STYLE_ASSIGNMENT((#13967));
#13967 = SURFACE_STYLE_USAGE(.BOTH.,#13968);
#13968 = SURFACE_SIDE_STYLE('',(#13969));
#13969 = SURFACE_STYLE_FILL_AREA(#13970);
#13970 = FILL_AREA_STYLE('',(#13971));
#13971 = FILL_AREA_STYLE_COLOUR('',#13691);
#13972 = STYLED_ITEM('color',(#13973),#2188);
#13973 = PRESENTATION_STYLE_ASSIGNMENT((#13974));
#13974 = SURFACE_STYLE_USAGE(.BOTH.,#13975);
#13975 = SURFACE_SIDE_STYLE('',(#13976));
#13976 = SURFACE_STYLE_FILL_AREA(#13977);
#13977 = FILL_AREA_STYLE('',(#13978));
#13978 = FILL_AREA_STYLE_COLOUR('',#13691);
#13979 = STYLED_ITEM('color',(#13980),#2212);
#13980 = PRESENTATION_STYLE_ASSIGNMENT((#13981));
#13981 = SURFACE_STYLE_USAGE(.BOTH.,#13982);
#13982 = SURFACE_SIDE_STYLE('',(#13983));
#13983 = SURFACE_STYLE_FILL_AREA(#13984);
#13984 = FILL_AREA_STYLE('',(#13985));
#13985 = FILL_AREA_STYLE_COLOUR('',#13691);
#13986 = STYLED_ITEM('color',(#13987),#2236);
#13987 = PRESENTATION_STYLE_ASSIGNMENT((#13988));
#13988 = SURFACE_STYLE_USAGE(.BOTH.,#13989);
#13989 = SURFACE_SIDE_STYLE('',(#13990));
#13990 = SURFACE_STYLE_FILL_AREA(#13991);
#13991 = FILL_AREA_STYLE('',(#13992));
#13992 = FILL_AREA_STYLE_COLOUR('',#13691);
#13993 = STYLED_ITEM('color',(#13994),#2253);
#13994 = PRESENTATION_STYLE_ASSIGNMENT((#13995));
#13995 = SURFACE_STYLE_USAGE(.BOTH.,#13996);
#13996 = SURFACE_SIDE_STYLE('',(#13997));
#13997 = SURFACE_STYLE_FILL_AREA(#13998);
#13998 = FILL_AREA_STYLE('',(#13999));
#13999 = FILL_AREA_STYLE_COLOUR('',#13691);
#14000 = STYLED_ITEM('color',(#14001),#2284);
#14001 = PRESENTATION_STYLE_ASSIGNMENT((#14002));
#14002 = SURFACE_STYLE_USAGE(.BOTH.,#14003);
#14003 = SURFACE_SIDE_STYLE('',(#14004));
#14004 = SURFACE_STYLE_FILL_AREA(#14005);
#14005 = FILL_AREA_STYLE('',(#14006));
#14006 = FILL_AREA_STYLE_COLOUR('',#13691);
#14007 = STYLED_ITEM('color',(#14008),#2308);
#14008 = PRESENTATION_STYLE_ASSIGNMENT((#14009));
#14009 = SURFACE_STYLE_USAGE(.BOTH.,#14010);
#14010 = SURFACE_SIDE_STYLE('',(#14011));
#14011 = SURFACE_STYLE_FILL_AREA(#14012);
#14012 = FILL_AREA_STYLE('',(#14013));
#14013 = FILL_AREA_STYLE_COLOUR('',#13691);
#14014 = STYLED_ITEM('color',(#14015),#2332);
#14015 = PRESENTATION_STYLE_ASSIGNMENT((#14016));
#14016 = SURFACE_STYLE_USAGE(.BOTH.,#14017);
#14017 = SURFACE_SIDE_STYLE('',(#14018));
#14018 = SURFACE_STYLE_FILL_AREA(#14019);
#14019 = FILL_AREA_STYLE('',(#14020));
#14020 = FILL_AREA_STYLE_COLOUR('',#13691);
#14021 = STYLED_ITEM('color',(#14022),#2349);
#14022 = PRESENTATION_STYLE_ASSIGNMENT((#14023));
#14023 = SURFACE_STYLE_USAGE(.BOTH.,#14024);
#14024 = SURFACE_SIDE_STYLE('',(#14025));
#14025 = SURFACE_STYLE_FILL_AREA(#14026);
#14026 = FILL_AREA_STYLE('',(#14027));
#14027 = FILL_AREA_STYLE_COLOUR('',#13691);
#14028 = STYLED_ITEM('color',(#14029),#2380);
#14029 = PRESENTATION_STYLE_ASSIGNMENT((#14030));
#14030 = SURFACE_STYLE_USAGE(.BOTH.,#14031);
#14031 = SURFACE_SIDE_STYLE('',(#14032));
#14032 = SURFACE_STYLE_FILL_AREA(#14033);
#14033 = FILL_AREA_STYLE('',(#14034));
#14034 = FILL_AREA_STYLE_COLOUR('',#13691);
#14035 = STYLED_ITEM('color',(#14036),#2404);
#14036 = PRESENTATION_STYLE_ASSIGNMENT((#14037));
#14037 = SURFACE_STYLE_USAGE(.BOTH.,#14038);
#14038 = SURFACE_SIDE_STYLE('',(#14039));
#14039 = SURFACE_STYLE_FILL_AREA(#14040);
#14040 = FILL_AREA_STYLE('',(#14041));
#14041 = FILL_AREA_STYLE_COLOUR('',#13691);
#14042 = STYLED_ITEM('color',(#14043),#2428);
#14043 = PRESENTATION_STYLE_ASSIGNMENT((#14044));
#14044 = SURFACE_STYLE_USAGE(.BOTH.,#14045);
#14045 = SURFACE_SIDE_STYLE('',(#14046));
#14046 = SURFACE_STYLE_FILL_AREA(#14047);
#14047 = FILL_AREA_STYLE('',(#14048));
#14048 = FILL_AREA_STYLE_COLOUR('',#13691);
#14049 = STYLED_ITEM('color',(#14050),#2445);
#14050 = PRESENTATION_STYLE_ASSIGNMENT((#14051));
#14051 = SURFACE_STYLE_USAGE(.BOTH.,#14052);
#14052 = SURFACE_SIDE_STYLE('',(#14053));
#14053 = SURFACE_STYLE_FILL_AREA(#14054);
#14054 = FILL_AREA_STYLE('',(#14055));
#14055 = FILL_AREA_STYLE_COLOUR('',#13691);
#14056 = STYLED_ITEM('color',(#14057),#2476);
#14057 = PRESENTATION_STYLE_ASSIGNMENT((#14058));
#14058 = SURFACE_STYLE_USAGE(.BOTH.,#14059);
#14059 = SURFACE_SIDE_STYLE('',(#14060));
#14060 = SURFACE_STYLE_FILL_AREA(#14061);
#14061 = FILL_AREA_STYLE('',(#14062));
#14062 = FILL_AREA_STYLE_COLOUR('',#13691);
#14063 = STYLED_ITEM('color',(#14064),#2500);
#14064 = PRESENTATION_STYLE_ASSIGNMENT((#14065));
#14065 = SURFACE_STYLE_USAGE(.BOTH.,#14066);
#14066 = SURFACE_SIDE_STYLE('',(#14067));
#14067 = SURFACE_STYLE_FILL_AREA(#14068);
#14068 = FILL_AREA_STYLE('',(#14069));
#14069 = FILL_AREA_STYLE_COLOUR('',#13691);
#14070 = STYLED_ITEM('color',(#14071),#2524);
#14071 = PRESENTATION_STYLE_ASSIGNMENT((#14072));
#14072 = SURFACE_STYLE_USAGE(.BOTH.,#14073);
#14073 = SURFACE_SIDE_STYLE('',(#14074));
#14074 = SURFACE_STYLE_FILL_AREA(#14075);
#14075 = FILL_AREA_STYLE('',(#14076));
#14076 = FILL_AREA_STYLE_COLOUR('',#13691);
#14077 = STYLED_ITEM('color',(#14078),#2541);
#14078 = PRESENTATION_STYLE_ASSIGNMENT((#14079));
#14079 = SURFACE_STYLE_USAGE(.BOTH.,#14080);
#14080 = SURFACE_SIDE_STYLE('',(#14081));
#14081 = SURFACE_STYLE_FILL_AREA(#14082);
#14082 = FILL_AREA_STYLE('',(#14083));
#14083 = FILL_AREA_STYLE_COLOUR('',#13691);
#14084 = STYLED_ITEM('color',(#14085),#2572);
#14085 = PRESENTATION_STYLE_ASSIGNMENT((#14086));
#14086 = SURFACE_STYLE_USAGE(.BOTH.,#14087);
#14087 = SURFACE_SIDE_STYLE('',(#14088));
#14088 = SURFACE_STYLE_FILL_AREA(#14089);
#14089 = FILL_AREA_STYLE('',(#14090));
#14090 = FILL_AREA_STYLE_COLOUR('',#13691);
#14091 = STYLED_ITEM('color',(#14092),#2596);
#14092 = PRESENTATION_STYLE_ASSIGNMENT((#14093));
#14093 = SURFACE_STYLE_USAGE(.BOTH.,#14094);
#14094 = SURFACE_SIDE_STYLE('',(#14095));
#14095 = SURFACE_STYLE_FILL_AREA(#14096);
#14096 = FILL_AREA_STYLE('',(#14097));
#14097 = FILL_AREA_STYLE_COLOUR('',#13691);
#14098 = STYLED_ITEM('color',(#14099),#2620);
#14099 = PRESENTATION_STYLE_ASSIGNMENT((#14100));
#14100 = SURFACE_STYLE_USAGE(.BOTH.,#14101);
#14101 = SURFACE_SIDE_STYLE('',(#14102));
#14102 = SURFACE_STYLE_FILL_AREA(#14103);
#14103 = FILL_AREA_STYLE('',(#14104));
#14104 = FILL_AREA_STYLE_COLOUR('',#13691);
#14105 = STYLED_ITEM('color',(#14106),#2637);
#14106 = PRESENTATION_STYLE_ASSIGNMENT((#14107));
#14107 = SURFACE_STYLE_USAGE(.BOTH.,#14108);
#14108 = SURFACE_SIDE_STYLE('',(#14109));
#14109 = SURFACE_STYLE_FILL_AREA(#14110);
#14110 = FILL_AREA_STYLE('',(#14111));
#14111 = FILL_AREA_STYLE_COLOUR('',#13691);
#14112 = STYLED_ITEM('color',(#14113),#2668);
#14113 = PRESENTATION_STYLE_ASSIGNMENT((#14114));
#14114 = SURFACE_STYLE_USAGE(.BOTH.,#14115);
#14115 = SURFACE_SIDE_STYLE('',(#14116));
#14116 = SURFACE_STYLE_FILL_AREA(#14117);
#14117 = FILL_AREA_STYLE('',(#14118));
#14118 = FILL_AREA_STYLE_COLOUR('',#13691);
#14119 = STYLED_ITEM('color',(#14120),#2692);
#14120 = PRESENTATION_STYLE_ASSIGNMENT((#14121));
#14121 = SURFACE_STYLE_USAGE(.BOTH.,#14122);
#14122 = SURFACE_SIDE_STYLE('',(#14123));
#14123 = SURFACE_STYLE_FILL_AREA(#14124);
#14124 = FILL_AREA_STYLE('',(#14125));
#14125 = FILL_AREA_STYLE_COLOUR('',#13691);
#14126 = STYLED_ITEM('color',(#14127),#2716);
#14127 = PRESENTATION_STYLE_ASSIGNMENT((#14128));
#14128 = SURFACE_STYLE_USAGE(.BOTH.,#14129);
#14129 = SURFACE_SIDE_STYLE('',(#14130));
#14130 = SURFACE_STYLE_FILL_AREA(#14131);
#14131 = FILL_AREA_STYLE('',(#14132));
#14132 = FILL_AREA_STYLE_COLOUR('',#13691);
#14133 = STYLED_ITEM('color',(#14134),#2733);
#14134 = PRESENTATION_STYLE_ASSIGNMENT((#14135));
#14135 = SURFACE_STYLE_USAGE(.BOTH.,#14136);
#14136 = SURFACE_SIDE_STYLE('',(#14137));
#14137 = SURFACE_STYLE_FILL_AREA(#14138);
#14138 = FILL_AREA_STYLE('',(#14139));
#14139 = FILL_AREA_STYLE_COLOUR('',#13691);
#14140 = STYLED_ITEM('color',(#14141),#2745);
#14141 = PRESENTATION_STYLE_ASSIGNMENT((#14142));
#14142 = SURFACE_STYLE_USAGE(.BOTH.,#14143);
#14143 = SURFACE_SIDE_STYLE('',(#14144));
#14144 = SURFACE_STYLE_FILL_AREA(#14145);
#14145 = FILL_AREA_STYLE('',(#14146));
#14146 = FILL_AREA_STYLE_COLOUR('',#13691);
#14147 = STYLED_ITEM('color',(#14148),#2757);
#14148 = PRESENTATION_STYLE_ASSIGNMENT((#14149));
#14149 = SURFACE_STYLE_USAGE(.BOTH.,#14150);
#14150 = SURFACE_SIDE_STYLE('',(#14151));
#14151 = SURFACE_STYLE_FILL_AREA(#14152);
#14152 = FILL_AREA_STYLE('',(#14153));
#14153 = FILL_AREA_STYLE_COLOUR('',#13691);
#14154 = STYLED_ITEM('color',(#14155),#2769);
#14155 = PRESENTATION_STYLE_ASSIGNMENT((#14156));
#14156 = SURFACE_STYLE_USAGE(.BOTH.,#14157);
#14157 = SURFACE_SIDE_STYLE('',(#14158));
#14158 = SURFACE_STYLE_FILL_AREA(#14159);
#14159 = FILL_AREA_STYLE('',(#14160));
#14160 = FILL_AREA_STYLE_COLOUR('',#13691);
#14161 = STYLED_ITEM('color',(#14162),#2781);
#14162 = PRESENTATION_STYLE_ASSIGNMENT((#14163));
#14163 = SURFACE_STYLE_USAGE(.BOTH.,#14164);
#14164 = SURFACE_SIDE_STYLE('',(#14165));
#14165 = SURFACE_STYLE_FILL_AREA(#14166);
#14166 = FILL_AREA_STYLE('',(#14167));
#14167 = FILL_AREA_STYLE_COLOUR('',#13691);
#14168 = STYLED_ITEM('color',(#14169),#2793);
#14169 = PRESENTATION_STYLE_ASSIGNMENT((#14170));
#14170 = SURFACE_STYLE_USAGE(.BOTH.,#14171);
#14171 = SURFACE_SIDE_STYLE('',(#14172));
#14172 = SURFACE_STYLE_FILL_AREA(#14173);
#14173 = FILL_AREA_STYLE('',(#14174));
#14174 = FILL_AREA_STYLE_COLOUR('',#13691);
#14175 = STYLED_ITEM('color',(#14176),#2805);
#14176 = PRESENTATION_STYLE_ASSIGNMENT((#14177));
#14177 = SURFACE_STYLE_USAGE(.BOTH.,#14178);
#14178 = SURFACE_SIDE_STYLE('',(#14179));
#14179 = SURFACE_STYLE_FILL_AREA(#14180);
#14180 = FILL_AREA_STYLE('',(#14181));
#14181 = FILL_AREA_STYLE_COLOUR('',#13691);
#14182 = STYLED_ITEM('color',(#14183),#2817);
#14183 = PRESENTATION_STYLE_ASSIGNMENT((#14184));
#14184 = SURFACE_STYLE_USAGE(.BOTH.,#14185);
#14185 = SURFACE_SIDE_STYLE('',(#14186));
#14186 = SURFACE_STYLE_FILL_AREA(#14187);
#14187 = FILL_AREA_STYLE('',(#14188));
#14188 = FILL_AREA_STYLE_COLOUR('',#13691);
#14189 = MECHANICAL_DESIGN_GEOMETRIC_PRESENTATION_REPRESENTATION('',(
    #14190),#13475);
#14190 = STYLED_ITEM('color',(#14191),#11937);
#14191 = PRESENTATION_STYLE_ASSIGNMENT((#14192));
#14192 = SURFACE_STYLE_USAGE(.BOTH.,#14193);
#14193 = SURFACE_SIDE_STYLE('',(#14194));
#14194 = SURFACE_STYLE_FILL_AREA(#14195);
#14195 = FILL_AREA_STYLE('',(#14196));
#14196 = FILL_AREA_STYLE_COLOUR('',#14197);
#14197 = COLOUR_RGB('',0.313304153717,0.484529207832,0.410020903123);
#14198 = MECHANICAL_DESIGN_GEOMETRIC_PRESENTATION_REPRESENTATION('',(
    #14199,#14206,#14213,#14220,#14227,#14234,#14241,#14248,#14255,
    #14262,#14269,#14276,#14283,#14290,#14297,#14304,#14311,#14318,
    #14325,#14332,#14339,#14346,#14353,#14360,#14367,#14374,#14381,
    #14388,#14395,#14402,#14409,#14416,#14423,#14430,#14437,#14444,
    #14451,#14458,#14465,#14472,#14479,#14486,#14493,#14500,#14507,
    #14514,#14521,#14528,#14535,#14542,#14549,#14556,#14563,#14570,
    #14577,#14584,#14591,#14598,#14605,#14612,#14619,#14626,#14633,
    #14640,#14647,#14654,#14661,#14668,#14675,#14682,#14689,#14696,
    #14703,#14710,#14717,#14724),#4954);
#14199 = STYLED_ITEM('color',(#14200),#2850);
#14200 = PRESENTATION_STYLE_ASSIGNMENT((#14201));
#14201 = SURFACE_STYLE_USAGE(.BOTH.,#14202);
#14202 = SURFACE_SIDE_STYLE('',(#14203));
#14203 = SURFACE_STYLE_FILL_AREA(#14204);
#14204 = FILL_AREA_STYLE('',(#14205));
#14205 = FILL_AREA_STYLE_COLOUR('',#13494);
#14206 = STYLED_ITEM('color',(#14207),#2890);
#14207 = PRESENTATION_STYLE_ASSIGNMENT((#14208));
#14208 = SURFACE_STYLE_USAGE(.BOTH.,#14209);
#14209 = SURFACE_SIDE_STYLE('',(#14210));
#14210 = SURFACE_STYLE_FILL_AREA(#14211);
#14211 = FILL_AREA_STYLE('',(#14212));
#14212 = FILL_AREA_STYLE_COLOUR('',#13494);
#14213 = STYLED_ITEM('color',(#14214),#2921);
#14214 = PRESENTATION_STYLE_ASSIGNMENT((#14215));
#14215 = SURFACE_STYLE_USAGE(.BOTH.,#14216);
#14216 = SURFACE_SIDE_STYLE('',(#14217));
#14217 = SURFACE_STYLE_FILL_AREA(#14218);
#14218 = FILL_AREA_STYLE('',(#14219));
#14219 = FILL_AREA_STYLE_COLOUR('',#13494);
#14220 = STYLED_ITEM('color',(#14221),#2952);
#14221 = PRESENTATION_STYLE_ASSIGNMENT((#14222));
#14222 = SURFACE_STYLE_USAGE(.BOTH.,#14223);
#14223 = SURFACE_SIDE_STYLE('',(#14224));
#14224 = SURFACE_STYLE_FILL_AREA(#14225);
#14225 = FILL_AREA_STYLE('',(#14226));
#14226 = FILL_AREA_STYLE_COLOUR('',#13494);
#14227 = STYLED_ITEM('color',(#14228),#3199);
#14228 = PRESENTATION_STYLE_ASSIGNMENT((#14229));
#14229 = SURFACE_STYLE_USAGE(.BOTH.,#14230);
#14230 = SURFACE_SIDE_STYLE('',(#14231));
#14231 = SURFACE_STYLE_FILL_AREA(#14232);
#14232 = FILL_AREA_STYLE('',(#14233));
#14233 = FILL_AREA_STYLE_COLOUR('',#13494);
#14234 = STYLED_ITEM('color',(#14235),#3446);
#14235 = PRESENTATION_STYLE_ASSIGNMENT((#14236));
#14236 = SURFACE_STYLE_USAGE(.BOTH.,#14237);
#14237 = SURFACE_SIDE_STYLE('',(#14238));
#14238 = SURFACE_STYLE_FILL_AREA(#14239);
#14239 = FILL_AREA_STYLE('',(#14240));
#14240 = FILL_AREA_STYLE_COLOUR('',#13494);
#14241 = STYLED_ITEM('color',(#14242),#3463);
#14242 = PRESENTATION_STYLE_ASSIGNMENT((#14243));
#14243 = SURFACE_STYLE_USAGE(.BOTH.,#14244);
#14244 = SURFACE_SIDE_STYLE('',(#14245));
#14245 = SURFACE_STYLE_FILL_AREA(#14246);
#14246 = FILL_AREA_STYLE('',(#14247));
#14247 = FILL_AREA_STYLE_COLOUR('',#13494);
#14248 = STYLED_ITEM('color',(#14249),#3480);
#14249 = PRESENTATION_STYLE_ASSIGNMENT((#14250));
#14250 = SURFACE_STYLE_USAGE(.BOTH.,#14251);
#14251 = SURFACE_SIDE_STYLE('',(#14252));
#14252 = SURFACE_STYLE_FILL_AREA(#14253);
#14253 = FILL_AREA_STYLE('',(#14254));
#14254 = FILL_AREA_STYLE_COLOUR('',#13494);
#14255 = STYLED_ITEM('color',(#14256),#3497);
#14256 = PRESENTATION_STYLE_ASSIGNMENT((#14257));
#14257 = SURFACE_STYLE_USAGE(.BOTH.,#14258);
#14258 = SURFACE_SIDE_STYLE('',(#14259));
#14259 = SURFACE_STYLE_FILL_AREA(#14260);
#14260 = FILL_AREA_STYLE('',(#14261));
#14261 = FILL_AREA_STYLE_COLOUR('',#13494);
#14262 = STYLED_ITEM('color',(#14263),#3514);
#14263 = PRESENTATION_STYLE_ASSIGNMENT((#14264));
#14264 = SURFACE_STYLE_USAGE(.BOTH.,#14265);
#14265 = SURFACE_SIDE_STYLE('',(#14266));
#14266 = SURFACE_STYLE_FILL_AREA(#14267);
#14267 = FILL_AREA_STYLE('',(#14268));
#14268 = FILL_AREA_STYLE_COLOUR('',#13494);
#14269 = STYLED_ITEM('color',(#14270),#3531);
#14270 = PRESENTATION_STYLE_ASSIGNMENT((#14271));
#14271 = SURFACE_STYLE_USAGE(.BOTH.,#14272);
#14272 = SURFACE_SIDE_STYLE('',(#14273));
#14273 = SURFACE_STYLE_FILL_AREA(#14274);
#14274 = FILL_AREA_STYLE('',(#14275));
#14275 = FILL_AREA_STYLE_COLOUR('',#13494);
#14276 = STYLED_ITEM('color',(#14277),#3548);
#14277 = PRESENTATION_STYLE_ASSIGNMENT((#14278));
#14278 = SURFACE_STYLE_USAGE(.BOTH.,#14279);
#14279 = SURFACE_SIDE_STYLE('',(#14280));
#14280 = SURFACE_STYLE_FILL_AREA(#14281);
#14281 = FILL_AREA_STYLE('',(#14282));
#14282 = FILL_AREA_STYLE_COLOUR('',#13494);
#14283 = STYLED_ITEM('color',(#14284),#3565);
#14284 = PRESENTATION_STYLE_ASSIGNMENT((#14285));
#14285 = SURFACE_STYLE_USAGE(.BOTH.,#14286);
#14286 = SURFACE_SIDE_STYLE('',(#14287));
#14287 = SURFACE_STYLE_FILL_AREA(#14288);
#14288 = FILL_AREA_STYLE('',(#14289));
#14289 = FILL_AREA_STYLE_COLOUR('',#13494);
#14290 = STYLED_ITEM('color',(#14291),#3582);
#14291 = PRESENTATION_STYLE_ASSIGNMENT((#14292));
#14292 = SURFACE_STYLE_USAGE(.BOTH.,#14293);
#14293 = SURFACE_SIDE_STYLE('',(#14294));
#14294 = SURFACE_STYLE_FILL_AREA(#14295);
#14295 = FILL_AREA_STYLE('',(#14296));
#14296 = FILL_AREA_STYLE_COLOUR('',#13494);
#14297 = STYLED_ITEM('color',(#14298),#3599);
#14298 = PRESENTATION_STYLE_ASSIGNMENT((#14299));
#14299 = SURFACE_STYLE_USAGE(.BOTH.,#14300);
#14300 = SURFACE_SIDE_STYLE('',(#14301));
#14301 = SURFACE_STYLE_FILL_AREA(#14302);
#14302 = FILL_AREA_STYLE('',(#14303));
#14303 = FILL_AREA_STYLE_COLOUR('',#13494);
#14304 = STYLED_ITEM('color',(#14305),#3616);
#14305 = PRESENTATION_STYLE_ASSIGNMENT((#14306));
#14306 = SURFACE_STYLE_USAGE(.BOTH.,#14307);
#14307 = SURFACE_SIDE_STYLE('',(#14308));
#14308 = SURFACE_STYLE_FILL_AREA(#14309);
#14309 = FILL_AREA_STYLE('',(#14310));
#14310 = FILL_AREA_STYLE_COLOUR('',#13494);
#14311 = STYLED_ITEM('color',(#14312),#3633);
#14312 = PRESENTATION_STYLE_ASSIGNMENT((#14313));
#14313 = SURFACE_STYLE_USAGE(.BOTH.,#14314);
#14314 = SURFACE_SIDE_STYLE('',(#14315));
#14315 = SURFACE_STYLE_FILL_AREA(#14316);
#14316 = FILL_AREA_STYLE('',(#14317));
#14317 = FILL_AREA_STYLE_COLOUR('',#13494);
#14318 = STYLED_ITEM('color',(#14319),#3650);
#14319 = PRESENTATION_STYLE_ASSIGNMENT((#14320));
#14320 = SURFACE_STYLE_USAGE(.BOTH.,#14321);
#14321 = SURFACE_SIDE_STYLE('',(#14322));
#14322 = SURFACE_STYLE_FILL_AREA(#14323);
#14323 = FILL_AREA_STYLE('',(#14324));
#14324 = FILL_AREA_STYLE_COLOUR('',#13494);
#14325 = STYLED_ITEM('color',(#14326),#3667);
#14326 = PRESENTATION_STYLE_ASSIGNMENT((#14327));
#14327 = SURFACE_STYLE_USAGE(.BOTH.,#14328);
#14328 = SURFACE_SIDE_STYLE('',(#14329));
#14329 = SURFACE_STYLE_FILL_AREA(#14330);
#14330 = FILL_AREA_STYLE('',(#14331));
#14331 = FILL_AREA_STYLE_COLOUR('',#13494);
#14332 = STYLED_ITEM('color',(#14333),#3684);
#14333 = PRESENTATION_STYLE_ASSIGNMENT((#14334));
#14334 = SURFACE_STYLE_USAGE(.BOTH.,#14335);
#14335 = SURFACE_SIDE_STYLE('',(#14336));
#14336 = SURFACE_STYLE_FILL_AREA(#14337);
#14337 = FILL_AREA_STYLE('',(#14338));
#14338 = FILL_AREA_STYLE_COLOUR('',#13494);
#14339 = STYLED_ITEM('color',(#14340),#3701);
#14340 = PRESENTATION_STYLE_ASSIGNMENT((#14341));
#14341 = SURFACE_STYLE_USAGE(.BOTH.,#14342);
#14342 = SURFACE_SIDE_STYLE('',(#14343));
#14343 = SURFACE_STYLE_FILL_AREA(#14344);
#14344 = FILL_AREA_STYLE('',(#14345));
#14345 = FILL_AREA_STYLE_COLOUR('',#13494);
#14346 = STYLED_ITEM('color',(#14347),#3718);
#14347 = PRESENTATION_STYLE_ASSIGNMENT((#14348));
#14348 = SURFACE_STYLE_USAGE(.BOTH.,#14349);
#14349 = SURFACE_SIDE_STYLE('',(#14350));
#14350 = SURFACE_STYLE_FILL_AREA(#14351);
#14351 = FILL_AREA_STYLE('',(#14352));
#14352 = FILL_AREA_STYLE_COLOUR('',#13494);
#14353 = STYLED_ITEM('color',(#14354),#3730);
#14354 = PRESENTATION_STYLE_ASSIGNMENT((#14355));
#14355 = SURFACE_STYLE_USAGE(.BOTH.,#14356);
#14356 = SURFACE_SIDE_STYLE('',(#14357));
#14357 = SURFACE_STYLE_FILL_AREA(#14358);
#14358 = FILL_AREA_STYLE('',(#14359));
#14359 = FILL_AREA_STYLE_COLOUR('',#13691);
#14360 = STYLED_ITEM('color',(#14361),#3761);
#14361 = PRESENTATION_STYLE_ASSIGNMENT((#14362));
#14362 = SURFACE_STYLE_USAGE(.BOTH.,#14363);
#14363 = SURFACE_SIDE_STYLE('',(#14364));
#14364 = SURFACE_STYLE_FILL_AREA(#14365);
#14365 = FILL_AREA_STYLE('',(#14366));
#14366 = FILL_AREA_STYLE_COLOUR('',#13691);
#14367 = STYLED_ITEM('color',(#14368),#3785);
#14368 = PRESENTATION_STYLE_ASSIGNMENT((#14369));
#14369 = SURFACE_STYLE_USAGE(.BOTH.,#14370);
#14370 = SURFACE_SIDE_STYLE('',(#14371));
#14371 = SURFACE_STYLE_FILL_AREA(#14372);
#14372 = FILL_AREA_STYLE('',(#14373));
#14373 = FILL_AREA_STYLE_COLOUR('',#13691);
#14374 = STYLED_ITEM('color',(#14375),#3809);
#14375 = PRESENTATION_STYLE_ASSIGNMENT((#14376));
#14376 = SURFACE_STYLE_USAGE(.BOTH.,#14377);
#14377 = SURFACE_SIDE_STYLE('',(#14378));
#14378 = SURFACE_STYLE_FILL_AREA(#14379);
#14379 = FILL_AREA_STYLE('',(#14380));
#14380 = FILL_AREA_STYLE_COLOUR('',#13691);
#14381 = STYLED_ITEM('color',(#14382),#3826);
#14382 = PRESENTATION_STYLE_ASSIGNMENT((#14383));
#14383 = SURFACE_STYLE_USAGE(.BOTH.,#14384);
#14384 = SURFACE_SIDE_STYLE('',(#14385));
#14385 = SURFACE_STYLE_FILL_AREA(#14386);
#14386 = FILL_AREA_STYLE('',(#14387));
#14387 = FILL_AREA_STYLE_COLOUR('',#13691);
#14388 = STYLED_ITEM('color',(#14389),#3857);
#14389 = PRESENTATION_STYLE_ASSIGNMENT((#14390));
#14390 = SURFACE_STYLE_USAGE(.BOTH.,#14391);
#14391 = SURFACE_SIDE_STYLE('',(#14392));
#14392 = SURFACE_STYLE_FILL_AREA(#14393);
#14393 = FILL_AREA_STYLE('',(#14394));
#14394 = FILL_AREA_STYLE_COLOUR('',#13691);
#14395 = STYLED_ITEM('color',(#14396),#3881);
#14396 = PRESENTATION_STYLE_ASSIGNMENT((#14397));
#14397 = SURFACE_STYLE_USAGE(.BOTH.,#14398);
#14398 = SURFACE_SIDE_STYLE('',(#14399));
#14399 = SURFACE_STYLE_FILL_AREA(#14400);
#14400 = FILL_AREA_STYLE('',(#14401));
#14401 = FILL_AREA_STYLE_COLOUR('',#13691);
#14402 = STYLED_ITEM('color',(#14403),#3905);
#14403 = PRESENTATION_STYLE_ASSIGNMENT((#14404));
#14404 = SURFACE_STYLE_USAGE(.BOTH.,#14405);
#14405 = SURFACE_SIDE_STYLE('',(#14406));
#14406 = SURFACE_STYLE_FILL_AREA(#14407);
#14407 = FILL_AREA_STYLE('',(#14408));
#14408 = FILL_AREA_STYLE_COLOUR('',#13691);
#14409 = STYLED_ITEM('color',(#14410),#3922);
#14410 = PRESENTATION_STYLE_ASSIGNMENT((#14411));
#14411 = SURFACE_STYLE_USAGE(.BOTH.,#14412);
#14412 = SURFACE_SIDE_STYLE('',(#14413));
#14413 = SURFACE_STYLE_FILL_AREA(#14414);
#14414 = FILL_AREA_STYLE('',(#14415));
#14415 = FILL_AREA_STYLE_COLOUR('',#13691);
#14416 = STYLED_ITEM('color',(#14417),#3953);
#14417 = PRESENTATION_STYLE_ASSIGNMENT((#14418));
#14418 = SURFACE_STYLE_USAGE(.BOTH.,#14419);
#14419 = SURFACE_SIDE_STYLE('',(#14420));
#14420 = SURFACE_STYLE_FILL_AREA(#14421);
#14421 = FILL_AREA_STYLE('',(#14422));
#14422 = FILL_AREA_STYLE_COLOUR('',#13691);
#14423 = STYLED_ITEM('color',(#14424),#3977);
#14424 = PRESENTATION_STYLE_ASSIGNMENT((#14425));
#14425 = SURFACE_STYLE_USAGE(.BOTH.,#14426);
#14426 = SURFACE_SIDE_STYLE('',(#14427));
#14427 = SURFACE_STYLE_FILL_AREA(#14428);
#14428 = FILL_AREA_STYLE('',(#14429));
#14429 = FILL_AREA_STYLE_COLOUR('',#13691);
#14430 = STYLED_ITEM('color',(#14431),#4001);
#14431 = PRESENTATION_STYLE_ASSIGNMENT((#14432));
#14432 = SURFACE_STYLE_USAGE(.BOTH.,#14433);
#14433 = SURFACE_SIDE_STYLE('',(#14434));
#14434 = SURFACE_STYLE_FILL_AREA(#14435);
#14435 = FILL_AREA_STYLE('',(#14436));
#14436 = FILL_AREA_STYLE_COLOUR('',#13691);
#14437 = STYLED_ITEM('color',(#14438),#4018);
#14438 = PRESENTATION_STYLE_ASSIGNMENT((#14439));
#14439 = SURFACE_STYLE_USAGE(.BOTH.,#14440);
#14440 = SURFACE_SIDE_STYLE('',(#14441));
#14441 = SURFACE_STYLE_FILL_AREA(#14442);
#14442 = FILL_AREA_STYLE('',(#14443));
#14443 = FILL_AREA_STYLE_COLOUR('',#13691);
#14444 = STYLED_ITEM('color',(#14445),#4049);
#14445 = PRESENTATION_STYLE_ASSIGNMENT((#14446));
#14446 = SURFACE_STYLE_USAGE(.BOTH.,#14447);
#14447 = SURFACE_SIDE_STYLE('',(#14448));
#14448 = SURFACE_STYLE_FILL_AREA(#14449);
#14449 = FILL_AREA_STYLE('',(#14450));
#14450 = FILL_AREA_STYLE_COLOUR('',#13691);
#14451 = STYLED_ITEM('color',(#14452),#4073);
#14452 = PRESENTATION_STYLE_ASSIGNMENT((#14453));
#14453 = SURFACE_STYLE_USAGE(.BOTH.,#14454);
#14454 = SURFACE_SIDE_STYLE('',(#14455));
#14455 = SURFACE_STYLE_FILL_AREA(#14456);
#14456 = FILL_AREA_STYLE('',(#14457));
#14457 = FILL_AREA_STYLE_COLOUR('',#13691);
#14458 = STYLED_ITEM('color',(#14459),#4097);
#14459 = PRESENTATION_STYLE_ASSIGNMENT((#14460));
#14460 = SURFACE_STYLE_USAGE(.BOTH.,#14461);
#14461 = SURFACE_SIDE_STYLE('',(#14462));
#14462 = SURFACE_STYLE_FILL_AREA(#14463);
#14463 = FILL_AREA_STYLE('',(#14464));
#14464 = FILL_AREA_STYLE_COLOUR('',#13691);
#14465 = STYLED_ITEM('color',(#14466),#4114);
#14466 = PRESENTATION_STYLE_ASSIGNMENT((#14467));
#14467 = SURFACE_STYLE_USAGE(.BOTH.,#14468);
#14468 = SURFACE_SIDE_STYLE('',(#14469));
#14469 = SURFACE_STYLE_FILL_AREA(#14470);
#14470 = FILL_AREA_STYLE('',(#14471));
#14471 = FILL_AREA_STYLE_COLOUR('',#13691);
#14472 = STYLED_ITEM('color',(#14473),#4145);
#14473 = PRESENTATION_STYLE_ASSIGNMENT((#14474));
#14474 = SURFACE_STYLE_USAGE(.BOTH.,#14475);
#14475 = SURFACE_SIDE_STYLE('',(#14476));
#14476 = SURFACE_STYLE_FILL_AREA(#14477);
#14477 = FILL_AREA_STYLE('',(#14478));
#14478 = FILL_AREA_STYLE_COLOUR('',#13691);
#14479 = STYLED_ITEM('color',(#14480),#4169);
#14480 = PRESENTATION_STYLE_ASSIGNMENT((#14481));
#14481 = SURFACE_STYLE_USAGE(.BOTH.,#14482);
#14482 = SURFACE_SIDE_STYLE('',(#14483));
#14483 = SURFACE_STYLE_FILL_AREA(#14484);
#14484 = FILL_AREA_STYLE('',(#14485));
#14485 = FILL_AREA_STYLE_COLOUR('',#13691);
#14486 = STYLED_ITEM('color',(#14487),#4193);
#14487 = PRESENTATION_STYLE_ASSIGNMENT((#14488));
#14488 = SURFACE_STYLE_USAGE(.BOTH.,#14489);
#14489 = SURFACE_SIDE_STYLE('',(#14490));
#14490 = SURFACE_STYLE_FILL_AREA(#14491);
#14491 = FILL_AREA_STYLE('',(#14492));
#14492 = FILL_AREA_STYLE_COLOUR('',#13691);
#14493 = STYLED_ITEM('color',(#14494),#4210);
#14494 = PRESENTATION_STYLE_ASSIGNMENT((#14495));
#14495 = SURFACE_STYLE_USAGE(.BOTH.,#14496);
#14496 = SURFACE_SIDE_STYLE('',(#14497));
#14497 = SURFACE_STYLE_FILL_AREA(#14498);
#14498 = FILL_AREA_STYLE('',(#14499));
#14499 = FILL_AREA_STYLE_COLOUR('',#13691);
#14500 = STYLED_ITEM('color',(#14501),#4241);
#14501 = PRESENTATION_STYLE_ASSIGNMENT((#14502));
#14502 = SURFACE_STYLE_USAGE(.BOTH.,#14503);
#14503 = SURFACE_SIDE_STYLE('',(#14504));
#14504 = SURFACE_STYLE_FILL_AREA(#14505);
#14505 = FILL_AREA_STYLE('',(#14506));
#14506 = FILL_AREA_STYLE_COLOUR('',#13691);
#14507 = STYLED_ITEM('color',(#14508),#4265);
#14508 = PRESENTATION_STYLE_ASSIGNMENT((#14509));
#14509 = SURFACE_STYLE_USAGE(.BOTH.,#14510);
#14510 = SURFACE_SIDE_STYLE('',(#14511));
#14511 = SURFACE_STYLE_FILL_AREA(#14512);
#14512 = FILL_AREA_STYLE('',(#14513));
#14513 = FILL_AREA_STYLE_COLOUR('',#13691);
#14514 = STYLED_ITEM('color',(#14515),#4289);
#14515 = PRESENTATION_STYLE_ASSIGNMENT((#14516));
#14516 = SURFACE_STYLE_USAGE(.BOTH.,#14517);
#14517 = SURFACE_SIDE_STYLE('',(#14518));
#14518 = SURFACE_STYLE_FILL_AREA(#14519);
#14519 = FILL_AREA_STYLE('',(#14520));
#14520 = FILL_AREA_STYLE_COLOUR('',#13691);
#14521 = STYLED_ITEM('color',(#14522),#4306);
#14522 = PRESENTATION_STYLE_ASSIGNMENT((#14523));
#14523 = SURFACE_STYLE_USAGE(.BOTH.,#14524);
#14524 = SURFACE_SIDE_STYLE('',(#14525));
#14525 = SURFACE_STYLE_FILL_AREA(#14526);
#14526 = FILL_AREA_STYLE('',(#14527));
#14527 = FILL_AREA_STYLE_COLOUR('',#13691);
#14528 = STYLED_ITEM('color',(#14529),#4337);
#14529 = PRESENTATION_STYLE_ASSIGNMENT((#14530));
#14530 = SURFACE_STYLE_USAGE(.BOTH.,#14531);
#14531 = SURFACE_SIDE_STYLE('',(#14532));
#14532 = SURFACE_STYLE_FILL_AREA(#14533);
#14533 = FILL_AREA_STYLE('',(#14534));
#14534 = FILL_AREA_STYLE_COLOUR('',#13691);
#14535 = STYLED_ITEM('color',(#14536),#4361);
#14536 = PRESENTATION_STYLE_ASSIGNMENT((#14537));
#14537 = SURFACE_STYLE_USAGE(.BOTH.,#14538);
#14538 = SURFACE_SIDE_STYLE('',(#14539));
#14539 = SURFACE_STYLE_FILL_AREA(#14540);
#14540 = FILL_AREA_STYLE('',(#14541));
#14541 = FILL_AREA_STYLE_COLOUR('',#13691);
#14542 = STYLED_ITEM('color',(#14543),#4385);
#14543 = PRESENTATION_STYLE_ASSIGNMENT((#14544));
#14544 = SURFACE_STYLE_USAGE(.BOTH.,#14545);
#14545 = SURFACE_SIDE_STYLE('',(#14546));
#14546 = SURFACE_STYLE_FILL_AREA(#14547);
#14547 = FILL_AREA_STYLE('',(#14548));
#14548 = FILL_AREA_STYLE_COLOUR('',#13691);
#14549 = STYLED_ITEM('color',(#14550),#4402);
#14550 = PRESENTATION_STYLE_ASSIGNMENT((#14551));
#14551 = SURFACE_STYLE_USAGE(.BOTH.,#14552);
#14552 = SURFACE_SIDE_STYLE('',(#14553));
#14553 = SURFACE_STYLE_FILL_AREA(#14554);
#14554 = FILL_AREA_STYLE('',(#14555));
#14555 = FILL_AREA_STYLE_COLOUR('',#13691);
#14556 = STYLED_ITEM('color',(#14557),#4433);
#14557 = PRESENTATION_STYLE_ASSIGNMENT((#14558));
#14558 = SURFACE_STYLE_USAGE(.BOTH.,#14559);
#14559 = SURFACE_SIDE_STYLE('',(#14560));
#14560 = SURFACE_STYLE_FILL_AREA(#14561);
#14561 = FILL_AREA_STYLE('',(#14562));
#14562 = FILL_AREA_STYLE_COLOUR('',#13691);
#14563 = STYLED_ITEM('color',(#14564),#4457);
#14564 = PRESENTATION_STYLE_ASSIGNMENT((#14565));
#14565 = SURFACE_STYLE_USAGE(.BOTH.,#14566);
#14566 = SURFACE_SIDE_STYLE('',(#14567));
#14567 = SURFACE_STYLE_FILL_AREA(#14568);
#14568 = FILL_AREA_STYLE('',(#14569));
#14569 = FILL_AREA_STYLE_COLOUR('',#13691);
#14570 = STYLED_ITEM('color',(#14571),#4481);
#14571 = PRESENTATION_STYLE_ASSIGNMENT((#14572));
#14572 = SURFACE_STYLE_USAGE(.BOTH.,#14573);
#14573 = SURFACE_SIDE_STYLE('',(#14574));
#14574 = SURFACE_STYLE_FILL_AREA(#14575);
#14575 = FILL_AREA_STYLE('',(#14576));
#14576 = FILL_AREA_STYLE_COLOUR('',#13691);
#14577 = STYLED_ITEM('color',(#14578),#4498);
#14578 = PRESENTATION_STYLE_ASSIGNMENT((#14579));
#14579 = SURFACE_STYLE_USAGE(.BOTH.,#14580);
#14580 = SURFACE_SIDE_STYLE('',(#14581));
#14581 = SURFACE_STYLE_FILL_AREA(#14582);
#14582 = FILL_AREA_STYLE('',(#14583));
#14583 = FILL_AREA_STYLE_COLOUR('',#13691);
#14584 = STYLED_ITEM('color',(#14585),#4529);
#14585 = PRESENTATION_STYLE_ASSIGNMENT((#14586));
#14586 = SURFACE_STYLE_USAGE(.BOTH.,#14587);
#14587 = SURFACE_SIDE_STYLE('',(#14588));
#14588 = SURFACE_STYLE_FILL_AREA(#14589);
#14589 = FILL_AREA_STYLE('',(#14590));
#14590 = FILL_AREA_STYLE_COLOUR('',#13691);
#14591 = STYLED_ITEM('color',(#14592),#4553);
#14592 = PRESENTATION_STYLE_ASSIGNMENT((#14593));
#14593 = SURFACE_STYLE_USAGE(.BOTH.,#14594);
#14594 = SURFACE_SIDE_STYLE('',(#14595));
#14595 = SURFACE_STYLE_FILL_AREA(#14596);
#14596 = FILL_AREA_STYLE('',(#14597));
#14597 = FILL_AREA_STYLE_COLOUR('',#13691);
#14598 = STYLED_ITEM('color',(#14599),#4577);
#14599 = PRESENTATION_STYLE_ASSIGNMENT((#14600));
#14600 = SURFACE_STYLE_USAGE(.BOTH.,#14601);
#14601 = SURFACE_SIDE_STYLE('',(#14602));
#14602 = SURFACE_STYLE_FILL_AREA(#14603);
#14603 = FILL_AREA_STYLE('',(#14604));
#14604 = FILL_AREA_STYLE_COLOUR('',#13691);
#14605 = STYLED_ITEM('color',(#14606),#4594);
#14606 = PRESENTATION_STYLE_ASSIGNMENT((#14607));
#14607 = SURFACE_STYLE_USAGE(.BOTH.,#14608);
#14608 = SURFACE_SIDE_STYLE('',(#14609));
#14609 = SURFACE_STYLE_FILL_AREA(#14610);
#14610 = FILL_AREA_STYLE('',(#14611));
#14611 = FILL_AREA_STYLE_COLOUR('',#13691);
#14612 = STYLED_ITEM('color',(#14613),#4625);
#14613 = PRESENTATION_STYLE_ASSIGNMENT((#14614));
#14614 = SURFACE_STYLE_USAGE(.BOTH.,#14615);
#14615 = SURFACE_SIDE_STYLE('',(#14616));
#14616 = SURFACE_STYLE_FILL_AREA(#14617);
#14617 = FILL_AREA_STYLE('',(#14618));
#14618 = FILL_AREA_STYLE_COLOUR('',#13691);
#14619 = STYLED_ITEM('color',(#14620),#4649);
#14620 = PRESENTATION_STYLE_ASSIGNMENT((#14621));
#14621 = SURFACE_STYLE_USAGE(.BOTH.,#14622);
#14622 = SURFACE_SIDE_STYLE('',(#14623));
#14623 = SURFACE_STYLE_FILL_AREA(#14624);
#14624 = FILL_AREA_STYLE('',(#14625));
#14625 = FILL_AREA_STYLE_COLOUR('',#13691);
#14626 = STYLED_ITEM('color',(#14627),#4673);
#14627 = PRESENTATION_STYLE_ASSIGNMENT((#14628));
#14628 = SURFACE_STYLE_USAGE(.BOTH.,#14629);
#14629 = SURFACE_SIDE_STYLE('',(#14630));
#14630 = SURFACE_STYLE_FILL_AREA(#14631);
#14631 = FILL_AREA_STYLE('',(#14632));
#14632 = FILL_AREA_STYLE_COLOUR('',#13691);
#14633 = STYLED_ITEM('color',(#14634),#4690);
#14634 = PRESENTATION_STYLE_ASSIGNMENT((#14635));
#14635 = SURFACE_STYLE_USAGE(.BOTH.,#14636);
#14636 = SURFACE_SIDE_STYLE('',(#14637));
#14637 = SURFACE_STYLE_FILL_AREA(#14638);
#14638 = FILL_AREA_STYLE('',(#14639));
#14639 = FILL_AREA_STYLE_COLOUR('',#13691);
#14640 = STYLED_ITEM('color',(#14641),#4721);
#14641 = PRESENTATION_STYLE_ASSIGNMENT((#14642));
#14642 = SURFACE_STYLE_USAGE(.BOTH.,#14643);
#14643 = SURFACE_SIDE_STYLE('',(#14644));
#14644 = SURFACE_STYLE_FILL_AREA(#14645);
#14645 = FILL_AREA_STYLE('',(#14646));
#14646 = FILL_AREA_STYLE_COLOUR('',#13691);
#14647 = STYLED_ITEM('color',(#14648),#4745);
#14648 = PRESENTATION_STYLE_ASSIGNMENT((#14649));
#14649 = SURFACE_STYLE_USAGE(.BOTH.,#14650);
#14650 = SURFACE_SIDE_STYLE('',(#14651));
#14651 = SURFACE_STYLE_FILL_AREA(#14652);
#14652 = FILL_AREA_STYLE('',(#14653));
#14653 = FILL_AREA_STYLE_COLOUR('',#13691);
#14654 = STYLED_ITEM('color',(#14655),#4769);
#14655 = PRESENTATION_STYLE_ASSIGNMENT((#14656));
#14656 = SURFACE_STYLE_USAGE(.BOTH.,#14657);
#14657 = SURFACE_SIDE_STYLE('',(#14658));
#14658 = SURFACE_STYLE_FILL_AREA(#14659);
#14659 = FILL_AREA_STYLE('',(#14660));
#14660 = FILL_AREA_STYLE_COLOUR('',#13691);
#14661 = STYLED_ITEM('color',(#14662),#4786);
#14662 = PRESENTATION_STYLE_ASSIGNMENT((#14663));
#14663 = SURFACE_STYLE_USAGE(.BOTH.,#14664);
#14664 = SURFACE_SIDE_STYLE('',(#14665));
#14665 = SURFACE_STYLE_FILL_AREA(#14666);
#14666 = FILL_AREA_STYLE('',(#14667));
#14667 = FILL_AREA_STYLE_COLOUR('',#13691);
#14668 = STYLED_ITEM('color',(#14669),#4817);
#14669 = PRESENTATION_STYLE_ASSIGNMENT((#14670));
#14670 = SURFACE_STYLE_USAGE(.BOTH.,#14671);
#14671 = SURFACE_SIDE_STYLE('',(#14672));
#14672 = SURFACE_STYLE_FILL_AREA(#14673);
#14673 = FILL_AREA_STYLE('',(#14674));
#14674 = FILL_AREA_STYLE_COLOUR('',#13691);
#14675 = STYLED_ITEM('color',(#14676),#4841);
#14676 = PRESENTATION_STYLE_ASSIGNMENT((#14677));
#14677 = SURFACE_STYLE_USAGE(.BOTH.,#14678);
#14678 = SURFACE_SIDE_STYLE('',(#14679));
#14679 = SURFACE_STYLE_FILL_AREA(#14680);
#14680 = FILL_AREA_STYLE('',(#14681));
#14681 = FILL_AREA_STYLE_COLOUR('',#13691);
#14682 = STYLED_ITEM('color',(#14683),#4865);
#14683 = PRESENTATION_STYLE_ASSIGNMENT((#14684));
#14684 = SURFACE_STYLE_USAGE(.BOTH.,#14685);
#14685 = SURFACE_SIDE_STYLE('',(#14686));
#14686 = SURFACE_STYLE_FILL_AREA(#14687);
#14687 = FILL_AREA_STYLE('',(#14688));
#14688 = FILL_AREA_STYLE_COLOUR('',#13691);
#14689 = STYLED_ITEM('color',(#14690),#4882);
#14690 = PRESENTATION_STYLE_ASSIGNMENT((#14691));
#14691 = SURFACE_STYLE_USAGE(.BOTH.,#14692);
#14692 = SURFACE_SIDE_STYLE('',(#14693));
#14693 = SURFACE_STYLE_FILL_AREA(#14694);
#14694 = FILL_AREA_STYLE('',(#14695));
#14695 = FILL_AREA_STYLE_COLOUR('',#13691);
#14696 = STYLED_ITEM('color',(#14697),#4894);
#14697 = PRESENTATION_STYLE_ASSIGNMENT((#14698));
#14698 = SURFACE_STYLE_USAGE(.BOTH.,#14699);
#14699 = SURFACE_SIDE_STYLE('',(#14700));
#14700 = SURFACE_STYLE_FILL_AREA(#14701);
#14701 = FILL_AREA_STYLE('',(#14702));
#14702 = FILL_AREA_STYLE_COLOUR('',#13691);
#14703 = STYLED_ITEM('color',(#14704),#4906);
#14704 = PRESENTATION_STYLE_ASSIGNMENT((#14705));
#14705 = SURFACE_STYLE_USAGE(.BOTH.,#14706);
#14706 = SURFACE_SIDE_STYLE('',(#14707));
#14707 = SURFACE_STYLE_FILL_AREA(#14708);
#14708 = FILL_AREA_STYLE('',(#14709));
#14709 = FILL_AREA_STYLE_COLOUR('',#13691);
#14710 = STYLED_ITEM('color',(#14711),#4918);
#14711 = PRESENTATION_STYLE_ASSIGNMENT((#14712));
#14712 = SURFACE_STYLE_USAGE(.BOTH.,#14713);
#14713 = SURFACE_SIDE_STYLE('',(#14714));
#14714 = SURFACE_STYLE_FILL_AREA(#14715);
#14715 = FILL_AREA_STYLE('',(#14716));
#14716 = FILL_AREA_STYLE_COLOUR('',#13691);
#14717 = STYLED_ITEM('color',(#14718),#4930);
#14718 = PRESENTATION_STYLE_ASSIGNMENT((#14719));
#14719 = SURFACE_STYLE_USAGE(.BOTH.,#14720);
#14720 = SURFACE_SIDE_STYLE('',(#14721));
#14721 = SURFACE_STYLE_FILL_AREA(#14722);
#14722 = FILL_AREA_STYLE('',(#14723));
#14723 = FILL_AREA_STYLE_COLOUR('',#13691);
#14724 = STYLED_ITEM('color',(#14725),#4942);
#14725 = PRESENTATION_STYLE_ASSIGNMENT((#14726));
#14726 = SURFACE_STYLE_USAGE(.BOTH.,#14727);
#14727 = SURFACE_SIDE_STYLE('',(#14728));
#14728 = SURFACE_STYLE_FILL_AREA(#14729);
#14729 = FILL_AREA_STYLE('',(#14730));
#14730 = FILL_AREA_STYLE_COLOUR('',#13691);
#14731 = MECHANICAL_DESIGN_GEOMETRIC_PRESENTATION_REPRESENTATION('',(
    #14732,#14742,#14751,#14760,#14769,#14778,#14787,#14796,#14805,
    #14814,#14823,#14832,#14841,#14850,#14859,#14868,#14878,#14887,
    #14896,#14905,#14914,#14923,#14932,#14941,#14950,#14959,#14968,
    #14977,#14986,#14995,#15004,#15013,#15022,#15031,#15040,#15049,
    #15058,#15067,#15076,#15085,#15094,#15103,#15112,#15121,#15130,
    #15139,#15148,#15157,#15166,#15175,#15184,#15193,#15202,#15211,
    #15220,#15229,#15238,#15247,#15256,#15265,#15274,#15283,#15292,
    #15301,#15310,#15319,#15328,#15337,#15346),#11918);
#14732 = STYLED_ITEM('color',(#14733),#9796);
#14733 = PRESENTATION_STYLE_ASSIGNMENT((#14734,#14740));
#14734 = SURFACE_STYLE_USAGE(.BOTH.,#14735);
#14735 = SURFACE_SIDE_STYLE('',(#14736));
#14736 = SURFACE_STYLE_FILL_AREA(#14737);
#14737 = FILL_AREA_STYLE('',(#14738));
#14738 = FILL_AREA_STYLE_COLOUR('',#14739);
#14739 = COLOUR_RGB('',0.894999996726,0.890999991539,0.812999995914);
#14740 = CURVE_STYLE('',#14741,POSITIVE_LENGTH_MEASURE(0.1),#14739);
#14741 = DRAUGHTING_PRE_DEFINED_CURVE_FONT('continuous');
#14742 = STYLED_ITEM('color',(#14743),#9900);
#14743 = PRESENTATION_STYLE_ASSIGNMENT((#14744,#14749));
#14744 = SURFACE_STYLE_USAGE(.BOTH.,#14745);
#14745 = SURFACE_SIDE_STYLE('',(#14746));
#14746 = SURFACE_STYLE_FILL_AREA(#14747);
#14747 = FILL_AREA_STYLE('',(#14748));
#14748 = FILL_AREA_STYLE_COLOUR('',#14739);
#14749 = CURVE_STYLE('',#14750,POSITIVE_LENGTH_MEASURE(0.1),#14739);
#14750 = DRAUGHTING_PRE_DEFINED_CURVE_FONT('continuous');
#14751 = STYLED_ITEM('color',(#14752),#10043);
#14752 = PRESENTATION_STYLE_ASSIGNMENT((#14753,#14758));
#14753 = SURFACE_STYLE_USAGE(.BOTH.,#14754);
#14754 = SURFACE_SIDE_STYLE('',(#14755));
#14755 = SURFACE_STYLE_FILL_AREA(#14756);
#14756 = FILL_AREA_STYLE('',(#14757));
#14757 = FILL_AREA_STYLE_COLOUR('',#14739);
#14758 = CURVE_STYLE('',#14759,POSITIVE_LENGTH_MEASURE(0.1),#14739);
#14759 = DRAUGHTING_PRE_DEFINED_CURVE_FONT('continuous');
#14760 = STYLED_ITEM('color',(#14761),#10067);
#14761 = PRESENTATION_STYLE_ASSIGNMENT((#14762,#14767));
#14762 = SURFACE_STYLE_USAGE(.BOTH.,#14763);
#14763 = SURFACE_SIDE_STYLE('',(#14764));
#14764 = SURFACE_STYLE_FILL_AREA(#14765);
#14765 = FILL_AREA_STYLE('',(#14766));
#14766 = FILL_AREA_STYLE_COLOUR('',#14739);
#14767 = CURVE_STYLE('',#14768,POSITIVE_LENGTH_MEASURE(0.1),#14739);
#14768 = DRAUGHTING_PRE_DEFINED_CURVE_FONT('continuous');
#14769 = STYLED_ITEM('color',(#14770),#10091);
#14770 = PRESENTATION_STYLE_ASSIGNMENT((#14771,#14776));
#14771 = SURFACE_STYLE_USAGE(.BOTH.,#14772);
#14772 = SURFACE_SIDE_STYLE('',(#14773));
#14773 = SURFACE_STYLE_FILL_AREA(#14774);
#14774 = FILL_AREA_STYLE('',(#14775));
#14775 = FILL_AREA_STYLE_COLOUR('',#14739);
#14776 = CURVE_STYLE('',#14777,POSITIVE_LENGTH_MEASURE(0.1),#14739);
#14777 = DRAUGHTING_PRE_DEFINED_CURVE_FONT('continuous');
#14778 = STYLED_ITEM('color',(#14779),#10115);
#14779 = PRESENTATION_STYLE_ASSIGNMENT((#14780,#14785));
#14780 = SURFACE_STYLE_USAGE(.BOTH.,#14781);
#14781 = SURFACE_SIDE_STYLE('',(#14782));
#14782 = SURFACE_STYLE_FILL_AREA(#14783);
#14783 = FILL_AREA_STYLE('',(#14784));
#14784 = FILL_AREA_STYLE_COLOUR('',#14739);
#14785 = CURVE_STYLE('',#14786,POSITIVE_LENGTH_MEASURE(0.1),#14739);
#14786 = DRAUGHTING_PRE_DEFINED_CURVE_FONT('continuous');
#14787 = STYLED_ITEM('color',(#14788),#10139);
#14788 = PRESENTATION_STYLE_ASSIGNMENT((#14789,#14794));
#14789 = SURFACE_STYLE_USAGE(.BOTH.,#14790);
#14790 = SURFACE_SIDE_STYLE('',(#14791));
#14791 = SURFACE_STYLE_FILL_AREA(#14792);
#14792 = FILL_AREA_STYLE('',(#14793));
#14793 = FILL_AREA_STYLE_COLOUR('',#14739);
#14794 = CURVE_STYLE('',#14795,POSITIVE_LENGTH_MEASURE(0.1),#14739);
#14795 = DRAUGHTING_PRE_DEFINED_CURVE_FONT('continuous');
#14796 = STYLED_ITEM('color',(#14797),#10300);
#14797 = PRESENTATION_STYLE_ASSIGNMENT((#14798,#14803));
#14798 = SURFACE_STYLE_USAGE(.BOTH.,#14799);
#14799 = SURFACE_SIDE_STYLE('',(#14800));
#14800 = SURFACE_STYLE_FILL_AREA(#14801);
#14801 = FILL_AREA_STYLE('',(#14802));
#14802 = FILL_AREA_STYLE_COLOUR('',#14739);
#14803 = CURVE_STYLE('',#14804,POSITIVE_LENGTH_MEASURE(0.1),#14739);
#14804 = DRAUGHTING_PRE_DEFINED_CURVE_FONT('continuous');
#14805 = STYLED_ITEM('color',(#14806),#10356);
#14806 = PRESENTATION_STYLE_ASSIGNMENT((#14807,#14812));
#14807 = SURFACE_STYLE_USAGE(.BOTH.,#14808);
#14808 = SURFACE_SIDE_STYLE('',(#14809));
#14809 = SURFACE_STYLE_FILL_AREA(#14810);
#14810 = FILL_AREA_STYLE('',(#14811));
#14811 = FILL_AREA_STYLE_COLOUR('',#14739);
#14812 = CURVE_STYLE('',#14813,POSITIVE_LENGTH_MEASURE(0.1),#14739);
#14813 = DRAUGHTING_PRE_DEFINED_CURVE_FONT('continuous');
#14814 = STYLED_ITEM('color',(#14815),#10380);
#14815 = PRESENTATION_STYLE_ASSIGNMENT((#14816,#14821));
#14816 = SURFACE_STYLE_USAGE(.BOTH.,#14817);
#14817 = SURFACE_SIDE_STYLE('',(#14818));
#14818 = SURFACE_STYLE_FILL_AREA(#14819);
#14819 = FILL_AREA_STYLE('',(#14820));
#14820 = FILL_AREA_STYLE_COLOUR('',#14739);
#14821 = CURVE_STYLE('',#14822,POSITIVE_LENGTH_MEASURE(0.1),#14739);
#14822 = DRAUGHTING_PRE_DEFINED_CURVE_FONT('continuous');
#14823 = STYLED_ITEM('color',(#14824),#10404);
#14824 = PRESENTATION_STYLE_ASSIGNMENT((#14825,#14830));
#14825 = SURFACE_STYLE_USAGE(.BOTH.,#14826);
#14826 = SURFACE_SIDE_STYLE('',(#14827));
#14827 = SURFACE_STYLE_FILL_AREA(#14828);
#14828 = FILL_AREA_STYLE('',(#14829));
#14829 = FILL_AREA_STYLE_COLOUR('',#14739);
#14830 = CURVE_STYLE('',#14831,POSITIVE_LENGTH_MEASURE(0.1),#14739);
#14831 = DRAUGHTING_PRE_DEFINED_CURVE_FONT('continuous');
#14832 = STYLED_ITEM('color',(#14833),#10428);
#14833 = PRESENTATION_STYLE_ASSIGNMENT((#14834,#14839));
#14834 = SURFACE_STYLE_USAGE(.BOTH.,#14835);
#14835 = SURFACE_SIDE_STYLE('',(#14836));
#14836 = SURFACE_STYLE_FILL_AREA(#14837);
#14837 = FILL_AREA_STYLE('',(#14838));
#14838 = FILL_AREA_STYLE_COLOUR('',#14739);
#14839 = CURVE_STYLE('',#14840,POSITIVE_LENGTH_MEASURE(0.1),#14739);
#14840 = DRAUGHTING_PRE_DEFINED_CURVE_FONT('continuous');
#14841 = STYLED_ITEM('color',(#14842),#10452);
#14842 = PRESENTATION_STYLE_ASSIGNMENT((#14843,#14848));
#14843 = SURFACE_STYLE_USAGE(.BOTH.,#14844);
#14844 = SURFACE_SIDE_STYLE('',(#14845));
#14845 = SURFACE_STYLE_FILL_AREA(#14846);
#14846 = FILL_AREA_STYLE('',(#14847));
#14847 = FILL_AREA_STYLE_COLOUR('',#14739);
#14848 = CURVE_STYLE('',#14849,POSITIVE_LENGTH_MEASURE(0.1),#14739);
#14849 = DRAUGHTING_PRE_DEFINED_CURVE_FONT('continuous');
#14850 = STYLED_ITEM('color',(#14851),#10538);
#14851 = PRESENTATION_STYLE_ASSIGNMENT((#14852,#14857));
#14852 = SURFACE_STYLE_USAGE(.BOTH.,#14853);
#14853 = SURFACE_SIDE_STYLE('',(#14854));
#14854 = SURFACE_STYLE_FILL_AREA(#14855);
#14855 = FILL_AREA_STYLE('',(#14856));
#14856 = FILL_AREA_STYLE_COLOUR('',#14739);
#14857 = CURVE_STYLE('',#14858,POSITIVE_LENGTH_MEASURE(0.1),#14739);
#14858 = DRAUGHTING_PRE_DEFINED_CURVE_FONT('continuous');
#14859 = STYLED_ITEM('color',(#14860),#10610);
#14860 = PRESENTATION_STYLE_ASSIGNMENT((#14861,#14866));
#14861 = SURFACE_STYLE_USAGE(.BOTH.,#14862);
#14862 = SURFACE_SIDE_STYLE('',(#14863));
#14863 = SURFACE_STYLE_FILL_AREA(#14864);
#14864 = FILL_AREA_STYLE('',(#14865));
#14865 = FILL_AREA_STYLE_COLOUR('',#14739);
#14866 = CURVE_STYLE('',#14867,POSITIVE_LENGTH_MEASURE(0.1),#14739);
#14867 = DRAUGHTING_PRE_DEFINED_CURVE_FONT('continuous');
#14868 = STYLED_ITEM('color',(#14869),#10634);
#14869 = PRESENTATION_STYLE_ASSIGNMENT((#14870,#14876));
#14870 = SURFACE_STYLE_USAGE(.BOTH.,#14871);
#14871 = SURFACE_SIDE_STYLE('',(#14872));
#14872 = SURFACE_STYLE_FILL_AREA(#14873);
#14873 = FILL_AREA_STYLE('',(#14874));
#14874 = FILL_AREA_STYLE_COLOUR('',#14875);
#14875 = COLOUR_RGB('',0.823999987314,0.819999987296,0.781000009244);
#14876 = CURVE_STYLE('',#14877,POSITIVE_LENGTH_MEASURE(0.1),#14875);
#14877 = DRAUGHTING_PRE_DEFINED_CURVE_FONT('continuous');
#14878 = STYLED_ITEM('color',(#14879),#10665);
#14879 = PRESENTATION_STYLE_ASSIGNMENT((#14880,#14885));
#14880 = SURFACE_STYLE_USAGE(.BOTH.,#14881);
#14881 = SURFACE_SIDE_STYLE('',(#14882));
#14882 = SURFACE_STYLE_FILL_AREA(#14883);
#14883 = FILL_AREA_STYLE('',(#14884));
#14884 = FILL_AREA_STYLE_COLOUR('',#14875);
#14885 = CURVE_STYLE('',#14886,POSITIVE_LENGTH_MEASURE(0.1),#14875);
#14886 = DRAUGHTING_PRE_DEFINED_CURVE_FONT('continuous');
#14887 = STYLED_ITEM('color',(#14888),#10689);
#14888 = PRESENTATION_STYLE_ASSIGNMENT((#14889,#14894));
#14889 = SURFACE_STYLE_USAGE(.BOTH.,#14890);
#14890 = SURFACE_SIDE_STYLE('',(#14891));
#14891 = SURFACE_STYLE_FILL_AREA(#14892);
#14892 = FILL_AREA_STYLE('',(#14893));
#14893 = FILL_AREA_STYLE_COLOUR('',#14875);
#14894 = CURVE_STYLE('',#14895,POSITIVE_LENGTH_MEASURE(0.1),#14875);
#14895 = DRAUGHTING_PRE_DEFINED_CURVE_FONT('continuous');
#14896 = STYLED_ITEM('color',(#14897),#10720);
#14897 = PRESENTATION_STYLE_ASSIGNMENT((#14898,#14903));
#14898 = SURFACE_STYLE_USAGE(.BOTH.,#14899);
#14899 = SURFACE_SIDE_STYLE('',(#14900));
#14900 = SURFACE_STYLE_FILL_AREA(#14901);
#14901 = FILL_AREA_STYLE('',(#14902));
#14902 = FILL_AREA_STYLE_COLOUR('',#14875);
#14903 = CURVE_STYLE('',#14904,POSITIVE_LENGTH_MEASURE(0.1),#14875);
#14904 = DRAUGHTING_PRE_DEFINED_CURVE_FONT('continuous');
#14905 = STYLED_ITEM('color',(#14906),#10744);
#14906 = PRESENTATION_STYLE_ASSIGNMENT((#14907,#14912));
#14907 = SURFACE_STYLE_USAGE(.BOTH.,#14908);
#14908 = SURFACE_SIDE_STYLE('',(#14909));
#14909 = SURFACE_STYLE_FILL_AREA(#14910);
#14910 = FILL_AREA_STYLE('',(#14911));
#14911 = FILL_AREA_STYLE_COLOUR('',#14875);
#14912 = CURVE_STYLE('',#14913,POSITIVE_LENGTH_MEASURE(0.1),#14875);
#14913 = DRAUGHTING_PRE_DEFINED_CURVE_FONT('continuous');
#14914 = STYLED_ITEM('color',(#14915),#10784);
#14915 = PRESENTATION_STYLE_ASSIGNMENT((#14916,#14921));
#14916 = SURFACE_STYLE_USAGE(.BOTH.,#14917);
#14917 = SURFACE_SIDE_STYLE('',(#14918));
#14918 = SURFACE_STYLE_FILL_AREA(#14919);
#14919 = FILL_AREA_STYLE('',(#14920));
#14920 = FILL_AREA_STYLE_COLOUR('',#14875);
#14921 = CURVE_STYLE('',#14922,POSITIVE_LENGTH_MEASURE(0.1),#14875);
#14922 = DRAUGHTING_PRE_DEFINED_CURVE_FONT('continuous');
#14923 = STYLED_ITEM('color',(#14924),#10808);
#14924 = PRESENTATION_STYLE_ASSIGNMENT((#14925,#14930));
#14925 = SURFACE_STYLE_USAGE(.BOTH.,#14926);
#14926 = SURFACE_SIDE_STYLE('',(#14927));
#14927 = SURFACE_STYLE_FILL_AREA(#14928);
#14928 = FILL_AREA_STYLE('',(#14929));
#14929 = FILL_AREA_STYLE_COLOUR('',#14875);
#14930 = CURVE_STYLE('',#14931,POSITIVE_LENGTH_MEASURE(0.1),#14875);
#14931 = DRAUGHTING_PRE_DEFINED_CURVE_FONT('continuous');
#14932 = STYLED_ITEM('color',(#14933),#10841);
#14933 = PRESENTATION_STYLE_ASSIGNMENT((#14934,#14939));
#14934 = SURFACE_STYLE_USAGE(.BOTH.,#14935);
#14935 = SURFACE_SIDE_STYLE('',(#14936));
#14936 = SURFACE_STYLE_FILL_AREA(#14937);
#14937 = FILL_AREA_STYLE('',(#14938));
#14938 = FILL_AREA_STYLE_COLOUR('',#14875);
#14939 = CURVE_STYLE('',#14940,POSITIVE_LENGTH_MEASURE(0.1),#14875);
#14940 = DRAUGHTING_PRE_DEFINED_CURVE_FONT('continuous');
#14941 = STYLED_ITEM('color',(#14942),#10881);
#14942 = PRESENTATION_STYLE_ASSIGNMENT((#14943,#14948));
#14943 = SURFACE_STYLE_USAGE(.BOTH.,#14944);
#14944 = SURFACE_SIDE_STYLE('',(#14945));
#14945 = SURFACE_STYLE_FILL_AREA(#14946);
#14946 = FILL_AREA_STYLE('',(#14947));
#14947 = FILL_AREA_STYLE_COLOUR('',#14875);
#14948 = CURVE_STYLE('',#14949,POSITIVE_LENGTH_MEASURE(0.1),#14875);
#14949 = DRAUGHTING_PRE_DEFINED_CURVE_FONT('continuous');
#14950 = STYLED_ITEM('color',(#14951),#10905);
#14951 = PRESENTATION_STYLE_ASSIGNMENT((#14952,#14957));
#14952 = SURFACE_STYLE_USAGE(.BOTH.,#14953);
#14953 = SURFACE_SIDE_STYLE('',(#14954));
#14954 = SURFACE_STYLE_FILL_AREA(#14955);
#14955 = FILL_AREA_STYLE('',(#14956));
#14956 = FILL_AREA_STYLE_COLOUR('',#14875);
#14957 = CURVE_STYLE('',#14958,POSITIVE_LENGTH_MEASURE(0.1),#14875);
#14958 = DRAUGHTING_PRE_DEFINED_CURVE_FONT('continuous');
#14959 = STYLED_ITEM('color',(#14960),#10938);
#14960 = PRESENTATION_STYLE_ASSIGNMENT((#14961,#14966));
#14961 = SURFACE_STYLE_USAGE(.BOTH.,#14962);
#14962 = SURFACE_SIDE_STYLE('',(#14963));
#14963 = SURFACE_STYLE_FILL_AREA(#14964);
#14964 = FILL_AREA_STYLE('',(#14965));
#14965 = FILL_AREA_STYLE_COLOUR('',#14875);
#14966 = CURVE_STYLE('',#14967,POSITIVE_LENGTH_MEASURE(0.1),#14875);
#14967 = DRAUGHTING_PRE_DEFINED_CURVE_FONT('continuous');
#14968 = STYLED_ITEM('color',(#14969),#10965);
#14969 = PRESENTATION_STYLE_ASSIGNMENT((#14970,#14975));
#14970 = SURFACE_STYLE_USAGE(.BOTH.,#14971);
#14971 = SURFACE_SIDE_STYLE('',(#14972));
#14972 = SURFACE_STYLE_FILL_AREA(#14973);
#14973 = FILL_AREA_STYLE('',(#14974));
#14974 = FILL_AREA_STYLE_COLOUR('',#14875);
#14975 = CURVE_STYLE('',#14976,POSITIVE_LENGTH_MEASURE(0.1),#14875);
#14976 = DRAUGHTING_PRE_DEFINED_CURVE_FONT('continuous');
#14977 = STYLED_ITEM('color',(#14978),#10983);
#14978 = PRESENTATION_STYLE_ASSIGNMENT((#14979,#14984));
#14979 = SURFACE_STYLE_USAGE(.BOTH.,#14980);
#14980 = SURFACE_SIDE_STYLE('',(#14981));
#14981 = SURFACE_STYLE_FILL_AREA(#14982);
#14982 = FILL_AREA_STYLE('',(#14983));
#14983 = FILL_AREA_STYLE_COLOUR('',#14875);
#14984 = CURVE_STYLE('',#14985,POSITIVE_LENGTH_MEASURE(0.1),#14875);
#14985 = DRAUGHTING_PRE_DEFINED_CURVE_FONT('continuous');
#14986 = STYLED_ITEM('color',(#14987),#11008);
#14987 = PRESENTATION_STYLE_ASSIGNMENT((#14988,#14993));
#14988 = SURFACE_STYLE_USAGE(.BOTH.,#14989);
#14989 = SURFACE_SIDE_STYLE('',(#14990));
#14990 = SURFACE_STYLE_FILL_AREA(#14991);
#14991 = FILL_AREA_STYLE('',(#14992));
#14992 = FILL_AREA_STYLE_COLOUR('',#14739);
#14993 = CURVE_STYLE('',#14994,POSITIVE_LENGTH_MEASURE(0.1),#14739);
#14994 = DRAUGHTING_PRE_DEFINED_CURVE_FONT('continuous');
#14995 = STYLED_ITEM('color',(#14996),#11032);
#14996 = PRESENTATION_STYLE_ASSIGNMENT((#14997,#15002));
#14997 = SURFACE_STYLE_USAGE(.BOTH.,#14998);
#14998 = SURFACE_SIDE_STYLE('',(#14999));
#14999 = SURFACE_STYLE_FILL_AREA(#15000);
#15000 = FILL_AREA_STYLE('',(#15001));
#15001 = FILL_AREA_STYLE_COLOUR('',#14739);
#15002 = CURVE_STYLE('',#15003,POSITIVE_LENGTH_MEASURE(0.1),#14739);
#15003 = DRAUGHTING_PRE_DEFINED_CURVE_FONT('continuous');
#15004 = STYLED_ITEM('color',(#15005),#11086);
#15005 = PRESENTATION_STYLE_ASSIGNMENT((#15006,#15011));
#15006 = SURFACE_STYLE_USAGE(.BOTH.,#15007);
#15007 = SURFACE_SIDE_STYLE('',(#15008));
#15008 = SURFACE_STYLE_FILL_AREA(#15009);
#15009 = FILL_AREA_STYLE('',(#15010));
#15010 = FILL_AREA_STYLE_COLOUR('',#14739);
#15011 = CURVE_STYLE('',#15012,POSITIVE_LENGTH_MEASURE(0.1),#14739);
#15012 = DRAUGHTING_PRE_DEFINED_CURVE_FONT('continuous');
#15013 = STYLED_ITEM('color',(#15014),#11110);
#15014 = PRESENTATION_STYLE_ASSIGNMENT((#15015,#15020));
#15015 = SURFACE_STYLE_USAGE(.BOTH.,#15016);
#15016 = SURFACE_SIDE_STYLE('',(#15017));
#15017 = SURFACE_STYLE_FILL_AREA(#15018);
#15018 = FILL_AREA_STYLE('',(#15019));
#15019 = FILL_AREA_STYLE_COLOUR('',#14739);
#15020 = CURVE_STYLE('',#15021,POSITIVE_LENGTH_MEASURE(0.1),#14739);
#15021 = DRAUGHTING_PRE_DEFINED_CURVE_FONT('continuous');
#15022 = STYLED_ITEM('color',(#15023),#11134);
#15023 = PRESENTATION_STYLE_ASSIGNMENT((#15024,#15029));
#15024 = SURFACE_STYLE_USAGE(.BOTH.,#15025);
#15025 = SURFACE_SIDE_STYLE('',(#15026));
#15026 = SURFACE_STYLE_FILL_AREA(#15027);
#15027 = FILL_AREA_STYLE('',(#15028));
#15028 = FILL_AREA_STYLE_COLOUR('',#14739);
#15029 = CURVE_STYLE('',#15030,POSITIVE_LENGTH_MEASURE(0.1),#14739);
#15030 = DRAUGHTING_PRE_DEFINED_CURVE_FONT('continuous');
#15031 = STYLED_ITEM('color',(#15032),#11151);
#15032 = PRESENTATION_STYLE_ASSIGNMENT((#15033,#15038));
#15033 = SURFACE_STYLE_USAGE(.BOTH.,#15034);
#15034 = SURFACE_SIDE_STYLE('',(#15035));
#15035 = SURFACE_STYLE_FILL_AREA(#15036);
#15036 = FILL_AREA_STYLE('',(#15037));
#15037 = FILL_AREA_STYLE_COLOUR('',#14739);
#15038 = CURVE_STYLE('',#15039,POSITIVE_LENGTH_MEASURE(0.1),#14739);
#15039 = DRAUGHTING_PRE_DEFINED_CURVE_FONT('continuous');
#15040 = STYLED_ITEM('color',(#15041),#11175);
#15041 = PRESENTATION_STYLE_ASSIGNMENT((#15042,#15047));
#15042 = SURFACE_STYLE_USAGE(.BOTH.,#15043);
#15043 = SURFACE_SIDE_STYLE('',(#15044));
#15044 = SURFACE_STYLE_FILL_AREA(#15045);
#15045 = FILL_AREA_STYLE('',(#15046));
#15046 = FILL_AREA_STYLE_COLOUR('',#14739);
#15047 = CURVE_STYLE('',#15048,POSITIVE_LENGTH_MEASURE(0.1),#14739);
#15048 = DRAUGHTING_PRE_DEFINED_CURVE_FONT('continuous');
#15049 = STYLED_ITEM('color',(#15050),#11222);
#15050 = PRESENTATION_STYLE_ASSIGNMENT((#15051,#15056));
#15051 = SURFACE_STYLE_USAGE(.BOTH.,#15052);
#15052 = SURFACE_SIDE_STYLE('',(#15053));
#15053 = SURFACE_STYLE_FILL_AREA(#15054);
#15054 = FILL_AREA_STYLE('',(#15055));
#15055 = FILL_AREA_STYLE_COLOUR('',#14739);
#15056 = CURVE_STYLE('',#15057,POSITIVE_LENGTH_MEASURE(0.1),#14739);
#15057 = DRAUGHTING_PRE_DEFINED_CURVE_FONT('continuous');
#15058 = STYLED_ITEM('color',(#15059),#11246);
#15059 = PRESENTATION_STYLE_ASSIGNMENT((#15060,#15065));
#15060 = SURFACE_STYLE_USAGE(.BOTH.,#15061);
#15061 = SURFACE_SIDE_STYLE('',(#15062));
#15062 = SURFACE_STYLE_FILL_AREA(#15063);
#15063 = FILL_AREA_STYLE('',(#15064));
#15064 = FILL_AREA_STYLE_COLOUR('',#14739);
#15065 = CURVE_STYLE('',#15066,POSITIVE_LENGTH_MEASURE(0.1),#14739);
#15066 = DRAUGHTING_PRE_DEFINED_CURVE_FONT('continuous');
#15067 = STYLED_ITEM('color',(#15068),#11270);
#15068 = PRESENTATION_STYLE_ASSIGNMENT((#15069,#15074));
#15069 = SURFACE_STYLE_USAGE(.BOTH.,#15070);
#15070 = SURFACE_SIDE_STYLE('',(#15071));
#15071 = SURFACE_STYLE_FILL_AREA(#15072);
#15072 = FILL_AREA_STYLE('',(#15073));
#15073 = FILL_AREA_STYLE_COLOUR('',#14739);
#15074 = CURVE_STYLE('',#15075,POSITIVE_LENGTH_MEASURE(0.1),#14739);
#15075 = DRAUGHTING_PRE_DEFINED_CURVE_FONT('continuous');
#15076 = STYLED_ITEM('color',(#15077),#11287);
#15077 = PRESENTATION_STYLE_ASSIGNMENT((#15078,#15083));
#15078 = SURFACE_STYLE_USAGE(.BOTH.,#15079);
#15079 = SURFACE_SIDE_STYLE('',(#15080));
#15080 = SURFACE_STYLE_FILL_AREA(#15081);
#15081 = FILL_AREA_STYLE('',(#15082));
#15082 = FILL_AREA_STYLE_COLOUR('',#14739);
#15083 = CURVE_STYLE('',#15084,POSITIVE_LENGTH_MEASURE(0.1),#14739);
#15084 = DRAUGHTING_PRE_DEFINED_CURVE_FONT('continuous');
#15085 = STYLED_ITEM('color',(#15086),#11304);
#15086 = PRESENTATION_STYLE_ASSIGNMENT((#15087,#15092));
#15087 = SURFACE_STYLE_USAGE(.BOTH.,#15088);
#15088 = SURFACE_SIDE_STYLE('',(#15089));
#15089 = SURFACE_STYLE_FILL_AREA(#15090);
#15090 = FILL_AREA_STYLE('',(#15091));
#15091 = FILL_AREA_STYLE_COLOUR('',#14739);
#15092 = CURVE_STYLE('',#15093,POSITIVE_LENGTH_MEASURE(0.1),#14739);
#15093 = DRAUGHTING_PRE_DEFINED_CURVE_FONT('continuous');
#15094 = STYLED_ITEM('color',(#15095),#11344);
#15095 = PRESENTATION_STYLE_ASSIGNMENT((#15096,#15101));
#15096 = SURFACE_STYLE_USAGE(.BOTH.,#15097);
#15097 = SURFACE_SIDE_STYLE('',(#15098));
#15098 = SURFACE_STYLE_FILL_AREA(#15099);
#15099 = FILL_AREA_STYLE('',(#15100));
#15100 = FILL_AREA_STYLE_COLOUR('',#14739);
#15101 = CURVE_STYLE('',#15102,POSITIVE_LENGTH_MEASURE(0.1),#14739);
#15102 = DRAUGHTING_PRE_DEFINED_CURVE_FONT('continuous');
#15103 = STYLED_ITEM('color',(#15104),#11361);
#15104 = PRESENTATION_STYLE_ASSIGNMENT((#15105,#15110));
#15105 = SURFACE_STYLE_USAGE(.BOTH.,#15106);
#15106 = SURFACE_SIDE_STYLE('',(#15107));
#15107 = SURFACE_STYLE_FILL_AREA(#15108);
#15108 = FILL_AREA_STYLE('',(#15109));
#15109 = FILL_AREA_STYLE_COLOUR('',#14739);
#15110 = CURVE_STYLE('',#15111,POSITIVE_LENGTH_MEASURE(0.1),#14739);
#15111 = DRAUGHTING_PRE_DEFINED_CURVE_FONT('continuous');
#15112 = STYLED_ITEM('color',(#15113),#11375);
#15113 = PRESENTATION_STYLE_ASSIGNMENT((#15114,#15119));
#15114 = SURFACE_STYLE_USAGE(.BOTH.,#15115);
#15115 = SURFACE_SIDE_STYLE('',(#15116));
#15116 = SURFACE_STYLE_FILL_AREA(#15117);
#15117 = FILL_AREA_STYLE('',(#15118));
#15118 = FILL_AREA_STYLE_COLOUR('',#14739);
#15119 = CURVE_STYLE('',#15120,POSITIVE_LENGTH_MEASURE(0.1),#14739);
#15120 = DRAUGHTING_PRE_DEFINED_CURVE_FONT('continuous');
#15121 = STYLED_ITEM('color',(#15122),#11392);
#15122 = PRESENTATION_STYLE_ASSIGNMENT((#15123,#15128));
#15123 = SURFACE_STYLE_USAGE(.BOTH.,#15124);
#15124 = SURFACE_SIDE_STYLE('',(#15125));
#15125 = SURFACE_STYLE_FILL_AREA(#15126);
#15126 = FILL_AREA_STYLE('',(#15127));
#15127 = FILL_AREA_STYLE_COLOUR('',#14875);
#15128 = CURVE_STYLE('',#15129,POSITIVE_LENGTH_MEASURE(0.1),#14875);
#15129 = DRAUGHTING_PRE_DEFINED_CURVE_FONT('continuous');
#15130 = STYLED_ITEM('color',(#15131),#11409);
#15131 = PRESENTATION_STYLE_ASSIGNMENT((#15132,#15137));
#15132 = SURFACE_STYLE_USAGE(.BOTH.,#15133);
#15133 = SURFACE_SIDE_STYLE('',(#15134));
#15134 = SURFACE_STYLE_FILL_AREA(#15135);
#15135 = FILL_AREA_STYLE('',(#15136));
#15136 = FILL_AREA_STYLE_COLOUR('',#14875);
#15137 = CURVE_STYLE('',#15138,POSITIVE_LENGTH_MEASURE(0.1),#14875);
#15138 = DRAUGHTING_PRE_DEFINED_CURVE_FONT('continuous');
#15139 = STYLED_ITEM('color',(#15140),#11426);
#15140 = PRESENTATION_STYLE_ASSIGNMENT((#15141,#15146));
#15141 = SURFACE_STYLE_USAGE(.BOTH.,#15142);
#15142 = SURFACE_SIDE_STYLE('',(#15143));
#15143 = SURFACE_STYLE_FILL_AREA(#15144);
#15144 = FILL_AREA_STYLE('',(#15145));
#15145 = FILL_AREA_STYLE_COLOUR('',#14739);
#15146 = CURVE_STYLE('',#15147,POSITIVE_LENGTH_MEASURE(0.1),#14739);
#15147 = DRAUGHTING_PRE_DEFINED_CURVE_FONT('continuous');
#15148 = STYLED_ITEM('color',(#15149),#11450);
#15149 = PRESENTATION_STYLE_ASSIGNMENT((#15150,#15155));
#15150 = SURFACE_STYLE_USAGE(.BOTH.,#15151);
#15151 = SURFACE_SIDE_STYLE('',(#15152));
#15152 = SURFACE_STYLE_FILL_AREA(#15153);
#15153 = FILL_AREA_STYLE('',(#15154));
#15154 = FILL_AREA_STYLE_COLOUR('',#14739);
#15155 = CURVE_STYLE('',#15156,POSITIVE_LENGTH_MEASURE(0.1),#14739);
#15156 = DRAUGHTING_PRE_DEFINED_CURVE_FONT('continuous');
#15157 = STYLED_ITEM('color',(#15158),#11467);
#15158 = PRESENTATION_STYLE_ASSIGNMENT((#15159,#15164));
#15159 = SURFACE_STYLE_USAGE(.BOTH.,#15160);
#15160 = SURFACE_SIDE_STYLE('',(#15161));
#15161 = SURFACE_STYLE_FILL_AREA(#15162);
#15162 = FILL_AREA_STYLE('',(#15163));
#15163 = FILL_AREA_STYLE_COLOUR('',#14739);
#15164 = CURVE_STYLE('',#15165,POSITIVE_LENGTH_MEASURE(0.1),#14739);
#15165 = DRAUGHTING_PRE_DEFINED_CURVE_FONT('continuous');
#15166 = STYLED_ITEM('color',(#15167),#11484);
#15167 = PRESENTATION_STYLE_ASSIGNMENT((#15168,#15173));
#15168 = SURFACE_STYLE_USAGE(.BOTH.,#15169);
#15169 = SURFACE_SIDE_STYLE('',(#15170));
#15170 = SURFACE_STYLE_FILL_AREA(#15171);
#15171 = FILL_AREA_STYLE('',(#15172));
#15172 = FILL_AREA_STYLE_COLOUR('',#14739);
#15173 = CURVE_STYLE('',#15174,POSITIVE_LENGTH_MEASURE(0.1),#14739);
#15174 = DRAUGHTING_PRE_DEFINED_CURVE_FONT('continuous');
#15175 = STYLED_ITEM('color',(#15176),#11496);
#15176 = PRESENTATION_STYLE_ASSIGNMENT((#15177,#15182));
#15177 = SURFACE_STYLE_USAGE(.BOTH.,#15178);
#15178 = SURFACE_SIDE_STYLE('',(#15179));
#15179 = SURFACE_STYLE_FILL_AREA(#15180);
#15180 = FILL_AREA_STYLE('',(#15181));
#15181 = FILL_AREA_STYLE_COLOUR('',#14875);
#15182 = CURVE_STYLE('',#15183,POSITIVE_LENGTH_MEASURE(0.1),#14875);
#15183 = DRAUGHTING_PRE_DEFINED_CURVE_FONT('continuous');
#15184 = STYLED_ITEM('color',(#15185),#11516);
#15185 = PRESENTATION_STYLE_ASSIGNMENT((#15186,#15191));
#15186 = SURFACE_STYLE_USAGE(.BOTH.,#15187);
#15187 = SURFACE_SIDE_STYLE('',(#15188));
#15188 = SURFACE_STYLE_FILL_AREA(#15189);
#15189 = FILL_AREA_STYLE('',(#15190));
#15190 = FILL_AREA_STYLE_COLOUR('',#14875);
#15191 = CURVE_STYLE('',#15192,POSITIVE_LENGTH_MEASURE(0.1),#14875);
#15192 = DRAUGHTING_PRE_DEFINED_CURVE_FONT('continuous');
#15193 = STYLED_ITEM('color',(#15194),#11528);
#15194 = PRESENTATION_STYLE_ASSIGNMENT((#15195,#15200));
#15195 = SURFACE_STYLE_USAGE(.BOTH.,#15196);
#15196 = SURFACE_SIDE_STYLE('',(#15197));
#15197 = SURFACE_STYLE_FILL_AREA(#15198);
#15198 = FILL_AREA_STYLE('',(#15199));
#15199 = FILL_AREA_STYLE_COLOUR('',#14875);
#15200 = CURVE_STYLE('',#15201,POSITIVE_LENGTH_MEASURE(0.1),#14875);
#15201 = DRAUGHTING_PRE_DEFINED_CURVE_FONT('continuous');
#15202 = STYLED_ITEM('color',(#15203),#11540);
#15203 = PRESENTATION_STYLE_ASSIGNMENT((#15204,#15209));
#15204 = SURFACE_STYLE_USAGE(.BOTH.,#15205);
#15205 = SURFACE_SIDE_STYLE('',(#15206));
#15206 = SURFACE_STYLE_FILL_AREA(#15207);
#15207 = FILL_AREA_STYLE('',(#15208));
#15208 = FILL_AREA_STYLE_COLOUR('',#14875);
#15209 = CURVE_STYLE('',#15210,POSITIVE_LENGTH_MEASURE(0.1),#14875);
#15210 = DRAUGHTING_PRE_DEFINED_CURVE_FONT('continuous');
#15211 = STYLED_ITEM('color',(#15212),#11557);
#15212 = PRESENTATION_STYLE_ASSIGNMENT((#15213,#15218));
#15213 = SURFACE_STYLE_USAGE(.BOTH.,#15214);
#15214 = SURFACE_SIDE_STYLE('',(#15215));
#15215 = SURFACE_STYLE_FILL_AREA(#15216);
#15216 = FILL_AREA_STYLE('',(#15217));
#15217 = FILL_AREA_STYLE_COLOUR('',#14875);
#15218 = CURVE_STYLE('',#15219,POSITIVE_LENGTH_MEASURE(0.1),#14875);
#15219 = DRAUGHTING_PRE_DEFINED_CURVE_FONT('continuous');
#15220 = STYLED_ITEM('color',(#15221),#11569);
#15221 = PRESENTATION_STYLE_ASSIGNMENT((#15222,#15227));
#15222 = SURFACE_STYLE_USAGE(.BOTH.,#15223);
#15223 = SURFACE_SIDE_STYLE('',(#15224));
#15224 = SURFACE_STYLE_FILL_AREA(#15225);
#15225 = FILL_AREA_STYLE('',(#15226));
#15226 = FILL_AREA_STYLE_COLOUR('',#14875);
#15227 = CURVE_STYLE('',#15228,POSITIVE_LENGTH_MEASURE(0.1),#14875);
#15228 = DRAUGHTING_PRE_DEFINED_CURVE_FONT('continuous');
#15229 = STYLED_ITEM('color',(#15230),#11586);
#15230 = PRESENTATION_STYLE_ASSIGNMENT((#15231,#15236));
#15231 = SURFACE_STYLE_USAGE(.BOTH.,#15232);
#15232 = SURFACE_SIDE_STYLE('',(#15233));
#15233 = SURFACE_STYLE_FILL_AREA(#15234);
#15234 = FILL_AREA_STYLE('',(#15235));
#15235 = FILL_AREA_STYLE_COLOUR('',#14875);
#15236 = CURVE_STYLE('',#15237,POSITIVE_LENGTH_MEASURE(0.1),#14875);
#15237 = DRAUGHTING_PRE_DEFINED_CURVE_FONT('continuous');
#15238 = STYLED_ITEM('color',(#15239),#11598);
#15239 = PRESENTATION_STYLE_ASSIGNMENT((#15240,#15245));
#15240 = SURFACE_STYLE_USAGE(.BOTH.,#15241);
#15241 = SURFACE_SIDE_STYLE('',(#15242));
#15242 = SURFACE_STYLE_FILL_AREA(#15243);
#15243 = FILL_AREA_STYLE('',(#15244));
#15244 = FILL_AREA_STYLE_COLOUR('',#14739);
#15245 = CURVE_STYLE('',#15246,POSITIVE_LENGTH_MEASURE(0.1),#14739);
#15246 = DRAUGHTING_PRE_DEFINED_CURVE_FONT('continuous');
#15247 = STYLED_ITEM('color',(#15248),#11610);
#15248 = PRESENTATION_STYLE_ASSIGNMENT((#15249,#15254));
#15249 = SURFACE_STYLE_USAGE(.BOTH.,#15250);
#15250 = SURFACE_SIDE_STYLE('',(#15251));
#15251 = SURFACE_STYLE_FILL_AREA(#15252);
#15252 = FILL_AREA_STYLE('',(#15253));
#15253 = FILL_AREA_STYLE_COLOUR('',#14739);
#15254 = CURVE_STYLE('',#15255,POSITIVE_LENGTH_MEASURE(0.1),#14739);
#15255 = DRAUGHTING_PRE_DEFINED_CURVE_FONT('continuous');
#15256 = STYLED_ITEM('color',(#15257),#11690);
#15257 = PRESENTATION_STYLE_ASSIGNMENT((#15258,#15263));
#15258 = SURFACE_STYLE_USAGE(.BOTH.,#15259);
#15259 = SURFACE_SIDE_STYLE('',(#15260));
#15260 = SURFACE_STYLE_FILL_AREA(#15261);
#15261 = FILL_AREA_STYLE('',(#15262));
#15262 = FILL_AREA_STYLE_COLOUR('',#14739);
#15263 = CURVE_STYLE('',#15264,POSITIVE_LENGTH_MEASURE(0.1),#14739);
#15264 = DRAUGHTING_PRE_DEFINED_CURVE_FONT('continuous');
#15265 = STYLED_ITEM('color',(#15266),#11702);
#15266 = PRESENTATION_STYLE_ASSIGNMENT((#15267,#15272));
#15267 = SURFACE_STYLE_USAGE(.BOTH.,#15268);
#15268 = SURFACE_SIDE_STYLE('',(#15269));
#15269 = SURFACE_STYLE_FILL_AREA(#15270);
#15270 = FILL_AREA_STYLE('',(#15271));
#15271 = FILL_AREA_STYLE_COLOUR('',#14875);
#15272 = CURVE_STYLE('',#15273,POSITIVE_LENGTH_MEASURE(0.1),#14875);
#15273 = DRAUGHTING_PRE_DEFINED_CURVE_FONT('continuous');
#15274 = STYLED_ITEM('color',(#15275),#11733);
#15275 = PRESENTATION_STYLE_ASSIGNMENT((#15276,#15281));
#15276 = SURFACE_STYLE_USAGE(.BOTH.,#15277);
#15277 = SURFACE_SIDE_STYLE('',(#15278));
#15278 = SURFACE_STYLE_FILL_AREA(#15279);
#15279 = FILL_AREA_STYLE('',(#15280));
#15280 = FILL_AREA_STYLE_COLOUR('',#14875);
#15281 = CURVE_STYLE('',#15282,POSITIVE_LENGTH_MEASURE(0.1),#14875);
#15282 = DRAUGHTING_PRE_DEFINED_CURVE_FONT('continuous');
#15283 = STYLED_ITEM('color',(#15284),#11757);
#15284 = PRESENTATION_STYLE_ASSIGNMENT((#15285,#15290));
#15285 = SURFACE_STYLE_USAGE(.BOTH.,#15286);
#15286 = SURFACE_SIDE_STYLE('',(#15287));
#15287 = SURFACE_STYLE_FILL_AREA(#15288);
#15288 = FILL_AREA_STYLE('',(#15289));
#15289 = FILL_AREA_STYLE_COLOUR('',#14875);
#15290 = CURVE_STYLE('',#15291,POSITIVE_LENGTH_MEASURE(0.1),#14875);
#15291 = DRAUGHTING_PRE_DEFINED_CURVE_FONT('continuous');
#15292 = STYLED_ITEM('color',(#15293),#11781);
#15293 = PRESENTATION_STYLE_ASSIGNMENT((#15294,#15299));
#15294 = SURFACE_STYLE_USAGE(.BOTH.,#15295);
#15295 = SURFACE_SIDE_STYLE('',(#15296));
#15296 = SURFACE_STYLE_FILL_AREA(#15297);
#15297 = FILL_AREA_STYLE('',(#15298));
#15298 = FILL_AREA_STYLE_COLOUR('',#14875);
#15299 = CURVE_STYLE('',#15300,POSITIVE_LENGTH_MEASURE(0.1),#14875);
#15300 = DRAUGHTING_PRE_DEFINED_CURVE_FONT('continuous');
#15301 = STYLED_ITEM('color',(#15302),#11798);
#15302 = PRESENTATION_STYLE_ASSIGNMENT((#15303,#15308));
#15303 = SURFACE_STYLE_USAGE(.BOTH.,#15304);
#15304 = SURFACE_SIDE_STYLE('',(#15305));
#15305 = SURFACE_STYLE_FILL_AREA(#15306);
#15306 = FILL_AREA_STYLE('',(#15307));
#15307 = FILL_AREA_STYLE_COLOUR('',#14875);
#15308 = CURVE_STYLE('',#15309,POSITIVE_LENGTH_MEASURE(0.1),#14875);
#15309 = DRAUGHTING_PRE_DEFINED_CURVE_FONT('continuous');
#15310 = STYLED_ITEM('color',(#15311),#11829);
#15311 = PRESENTATION_STYLE_ASSIGNMENT((#15312,#15317));
#15312 = SURFACE_STYLE_USAGE(.BOTH.,#15313);
#15313 = SURFACE_SIDE_STYLE('',(#15314));
#15314 = SURFACE_STYLE_FILL_AREA(#15315);
#15315 = FILL_AREA_STYLE('',(#15316));
#15316 = FILL_AREA_STYLE_COLOUR('',#14875);
#15317 = CURVE_STYLE('',#15318,POSITIVE_LENGTH_MEASURE(0.1),#14875);
#15318 = DRAUGHTING_PRE_DEFINED_CURVE_FONT('continuous');
#15319 = STYLED_ITEM('color',(#15320),#11853);
#15320 = PRESENTATION_STYLE_ASSIGNMENT((#15321,#15326));
#15321 = SURFACE_STYLE_USAGE(.BOTH.,#15322);
#15322 = SURFACE_SIDE_STYLE('',(#15323));
#15323 = SURFACE_STYLE_FILL_AREA(#15324);
#15324 = FILL_AREA_STYLE('',(#15325));
#15325 = FILL_AREA_STYLE_COLOUR('',#14875);
#15326 = CURVE_STYLE('',#15327,POSITIVE_LENGTH_MEASURE(0.1),#14875);
#15327 = DRAUGHTING_PRE_DEFINED_CURVE_FONT('continuous');
#15328 = STYLED_ITEM('color',(#15329),#11877);
#15329 = PRESENTATION_STYLE_ASSIGNMENT((#15330,#15335));
#15330 = SURFACE_STYLE_USAGE(.BOTH.,#15331);
#15331 = SURFACE_SIDE_STYLE('',(#15332));
#15332 = SURFACE_STYLE_FILL_AREA(#15333);
#15333 = FILL_AREA_STYLE('',(#15334));
#15334 = FILL_AREA_STYLE_COLOUR('',#14875);
#15335 = CURVE_STYLE('',#15336,POSITIVE_LENGTH_MEASURE(0.1),#14875);
#15336 = DRAUGHTING_PRE_DEFINED_CURVE_FONT('continuous');
#15337 = STYLED_ITEM('color',(#15338),#11894);
#15338 = PRESENTATION_STYLE_ASSIGNMENT((#15339,#15344));
#15339 = SURFACE_STYLE_USAGE(.BOTH.,#15340);
#15340 = SURFACE_SIDE_STYLE('',(#15341));
#15341 = SURFACE_STYLE_FILL_AREA(#15342);
#15342 = FILL_AREA_STYLE('',(#15343));
#15343 = FILL_AREA_STYLE_COLOUR('',#14875);
#15344 = CURVE_STYLE('',#15345,POSITIVE_LENGTH_MEASURE(0.1),#14875);
#15345 = DRAUGHTING_PRE_DEFINED_CURVE_FONT('continuous');
#15346 = STYLED_ITEM('color',(#15347),#11906);
#15347 = PRESENTATION_STYLE_ASSIGNMENT((#15348,#15353));
#15348 = SURFACE_STYLE_USAGE(.BOTH.,#15349);
#15349 = SURFACE_SIDE_STYLE('',(#15350));
#15350 = SURFACE_STYLE_FILL_AREA(#15351);
#15351 = FILL_AREA_STYLE('',(#15352));
#15352 = FILL_AREA_STYLE_COLOUR('',#14875);
#15353 = CURVE_STYLE('',#15354,POSITIVE_LENGTH_MEASURE(0.1),#14875);
#15354 = DRAUGHTING_PRE_DEFINED_CURVE_FONT('continuous');
#15355 = MECHANICAL_DESIGN_GEOMETRIC_PRESENTATION_REPRESENTATION('',(
    #15356,#15363,#15370,#15377,#15384,#15391,#15398,#15405,#15412,
    #15419,#15426,#15433,#15440,#15447,#15454,#15461,#15468,#15475,
    #15482,#15489,#15496,#15503,#15510,#15517,#15524,#15531,#15538,
    #15545,#15552,#15559,#15566,#15573,#15580,#15587,#15594,#15601,
    #15608,#15615,#15622,#15629,#15636,#15643,#15650,#15657,#15664,
    #15671,#15678,#15685,#15692,#15699,#15706,#15713,#15720,#15727,
    #15734,#15741,#15748,#15755,#15762,#15769,#15776,#15783,#15790,
    #15797,#15804,#15811,#15818,#15825,#15832,#15839,#15846,#15853,
    #15860,#15867,#15874,#15881,#15888,#15895,#15902,#15909,#15916,
    #15923,#15930,#15937,#15944,#15951,#15958,#15965,#15972,#15979,
    #15986,#15993,#16000,#16007,#16014,#16021,#16028,#16035,#16042,
    #16049,#16056,#16063,#16070,#16077,#16084,#16091,#16098,#16105,
    #16112,#16119,#16126,#16133,#16140,#16147,#16154,#16161,#16168,
    #16175,#16182,#16189,#16196,#16203,#16210,#16217,#16224,#16231,
    #16238,#16245,#16252,#16259,#16266,#16273,#16280,#16287,#16294,
    #16301,#16308,#16315,#16322,#16329,#16336,#16343,#16350,#16357,
    #16364,#16371,#16378,#16385,#16392,#16399,#16406,#16413,#16420,
    #16427,#16434,#16441,#16448,#16455,#16462,#16469,#16476,#16483,
    #16490,#16497,#16504,#16511,#16518,#16525,#16532,#16539,#16546,
    #16553),#9775);
#15356 = STYLED_ITEM('color',(#15357),#4975);
#15357 = PRESENTATION_STYLE_ASSIGNMENT((#15358));
#15358 = SURFACE_STYLE_USAGE(.BOTH.,#15359);
#15359 = SURFACE_SIDE_STYLE('',(#15360));
#15360 = SURFACE_STYLE_FILL_AREA(#15361);
#15361 = FILL_AREA_STYLE('',(#15362));
#15362 = FILL_AREA_STYLE_COLOUR('',#13494);
#15363 = STYLED_ITEM('color',(#15364),#5015);
#15364 = PRESENTATION_STYLE_ASSIGNMENT((#15365));
#15365 = SURFACE_STYLE_USAGE(.BOTH.,#15366);
#15366 = SURFACE_SIDE_STYLE('',(#15367));
#15367 = SURFACE_STYLE_FILL_AREA(#15368);
#15368 = FILL_AREA_STYLE('',(#15369));
#15369 = FILL_AREA_STYLE_COLOUR('',#13494);
#15370 = STYLED_ITEM('color',(#15371),#5046);
#15371 = PRESENTATION_STYLE_ASSIGNMENT((#15372));
#15372 = SURFACE_STYLE_USAGE(.BOTH.,#15373);
#15373 = SURFACE_SIDE_STYLE('',(#15374));
#15374 = SURFACE_STYLE_FILL_AREA(#15375);
#15375 = FILL_AREA_STYLE('',(#15376));
#15376 = FILL_AREA_STYLE_COLOUR('',#13494);
#15377 = STYLED_ITEM('color',(#15378),#5077);
#15378 = PRESENTATION_STYLE_ASSIGNMENT((#15379));
#15379 = SURFACE_STYLE_USAGE(.BOTH.,#15380);
#15380 = SURFACE_SIDE_STYLE('',(#15381));
#15381 = SURFACE_STYLE_FILL_AREA(#15382);
#15382 = FILL_AREA_STYLE('',(#15383));
#15383 = FILL_AREA_STYLE_COLOUR('',#13494);
#15384 = STYLED_ITEM('color',(#15385),#5652);
#15385 = PRESENTATION_STYLE_ASSIGNMENT((#15386));
#15386 = SURFACE_STYLE_USAGE(.BOTH.,#15387);
#15387 = SURFACE_SIDE_STYLE('',(#15388));
#15388 = SURFACE_STYLE_FILL_AREA(#15389);
#15389 = FILL_AREA_STYLE('',(#15390));
#15390 = FILL_AREA_STYLE_COLOUR('',#13494);
#15391 = STYLED_ITEM('color',(#15392),#6227);
#15392 = PRESENTATION_STYLE_ASSIGNMENT((#15393));
#15393 = SURFACE_STYLE_USAGE(.BOTH.,#15394);
#15394 = SURFACE_SIDE_STYLE('',(#15395));
#15395 = SURFACE_STYLE_FILL_AREA(#15396);
#15396 = FILL_AREA_STYLE('',(#15397));
#15397 = FILL_AREA_STYLE_COLOUR('',#13494);
#15398 = STYLED_ITEM('color',(#15399),#6244);
#15399 = PRESENTATION_STYLE_ASSIGNMENT((#15400));
#15400 = SURFACE_STYLE_USAGE(.BOTH.,#15401);
#15401 = SURFACE_SIDE_STYLE('',(#15402));
#15402 = SURFACE_STYLE_FILL_AREA(#15403);
#15403 = FILL_AREA_STYLE('',(#15404));
#15404 = FILL_AREA_STYLE_COLOUR('',#13494);
#15405 = STYLED_ITEM('color',(#15406),#6261);
#15406 = PRESENTATION_STYLE_ASSIGNMENT((#15407));
#15407 = SURFACE_STYLE_USAGE(.BOTH.,#15408);
#15408 = SURFACE_SIDE_STYLE('',(#15409));
#15409 = SURFACE_STYLE_FILL_AREA(#15410);
#15410 = FILL_AREA_STYLE('',(#15411));
#15411 = FILL_AREA_STYLE_COLOUR('',#13494);
#15412 = STYLED_ITEM('color',(#15413),#6278);
#15413 = PRESENTATION_STYLE_ASSIGNMENT((#15414));
#15414 = SURFACE_STYLE_USAGE(.BOTH.,#15415);
#15415 = SURFACE_SIDE_STYLE('',(#15416));
#15416 = SURFACE_STYLE_FILL_AREA(#15417);
#15417 = FILL_AREA_STYLE('',(#15418));
#15418 = FILL_AREA_STYLE_COLOUR('',#13494);
#15419 = STYLED_ITEM('color',(#15420),#6295);
#15420 = PRESENTATION_STYLE_ASSIGNMENT((#15421));
#15421 = SURFACE_STYLE_USAGE(.BOTH.,#15422);
#15422 = SURFACE_SIDE_STYLE('',(#15423));
#15423 = SURFACE_STYLE_FILL_AREA(#15424);
#15424 = FILL_AREA_STYLE('',(#15425));
#15425 = FILL_AREA_STYLE_COLOUR('',#13494);
#15426 = STYLED_ITEM('color',(#15427),#6312);
#15427 = PRESENTATION_STYLE_ASSIGNMENT((#15428));
#15428 = SURFACE_STYLE_USAGE(.BOTH.,#15429);
#15429 = SURFACE_SIDE_STYLE('',(#15430));
#15430 = SURFACE_STYLE_FILL_AREA(#15431);
#15431 = FILL_AREA_STYLE('',(#15432));
#15432 = FILL_AREA_STYLE_COLOUR('',#13494);
#15433 = STYLED_ITEM('color',(#15434),#6329);
#15434 = PRESENTATION_STYLE_ASSIGNMENT((#15435));
#15435 = SURFACE_STYLE_USAGE(.BOTH.,#15436);
#15436 = SURFACE_SIDE_STYLE('',(#15437));
#15437 = SURFACE_STYLE_FILL_AREA(#15438);
#15438 = FILL_AREA_STYLE('',(#15439));
#15439 = FILL_AREA_STYLE_COLOUR('',#13494);
#15440 = STYLED_ITEM('color',(#15441),#6346);
#15441 = PRESENTATION_STYLE_ASSIGNMENT((#15442));
#15442 = SURFACE_STYLE_USAGE(.BOTH.,#15443);
#15443 = SURFACE_SIDE_STYLE('',(#15444));
#15444 = SURFACE_STYLE_FILL_AREA(#15445);
#15445 = FILL_AREA_STYLE('',(#15446));
#15446 = FILL_AREA_STYLE_COLOUR('',#13494);
#15447 = STYLED_ITEM('color',(#15448),#6363);
#15448 = PRESENTATION_STYLE_ASSIGNMENT((#15449));
#15449 = SURFACE_STYLE_USAGE(.BOTH.,#15450);
#15450 = SURFACE_SIDE_STYLE('',(#15451));
#15451 = SURFACE_STYLE_FILL_AREA(#15452);
#15452 = FILL_AREA_STYLE('',(#15453));
#15453 = FILL_AREA_STYLE_COLOUR('',#13494);
#15454 = STYLED_ITEM('color',(#15455),#6380);
#15455 = PRESENTATION_STYLE_ASSIGNMENT((#15456));
#15456 = SURFACE_STYLE_USAGE(.BOTH.,#15457);
#15457 = SURFACE_SIDE_STYLE('',(#15458));
#15458 = SURFACE_STYLE_FILL_AREA(#15459);
#15459 = FILL_AREA_STYLE('',(#15460));
#15460 = FILL_AREA_STYLE_COLOUR('',#13494);
#15461 = STYLED_ITEM('color',(#15462),#6397);
#15462 = PRESENTATION_STYLE_ASSIGNMENT((#15463));
#15463 = SURFACE_STYLE_USAGE(.BOTH.,#15464);
#15464 = SURFACE_SIDE_STYLE('',(#15465));
#15465 = SURFACE_STYLE_FILL_AREA(#15466);
#15466 = FILL_AREA_STYLE('',(#15467));
#15467 = FILL_AREA_STYLE_COLOUR('',#13494);
#15468 = STYLED_ITEM('color',(#15469),#6414);
#15469 = PRESENTATION_STYLE_ASSIGNMENT((#15470));
#15470 = SURFACE_STYLE_USAGE(.BOTH.,#15471);
#15471 = SURFACE_SIDE_STYLE('',(#15472));
#15472 = SURFACE_STYLE_FILL_AREA(#15473);
#15473 = FILL_AREA_STYLE('',(#15474));
#15474 = FILL_AREA_STYLE_COLOUR('',#13494);
#15475 = STYLED_ITEM('color',(#15476),#6431);
#15476 = PRESENTATION_STYLE_ASSIGNMENT((#15477));
#15477 = SURFACE_STYLE_USAGE(.BOTH.,#15478);
#15478 = SURFACE_SIDE_STYLE('',(#15479));
#15479 = SURFACE_STYLE_FILL_AREA(#15480);
#15480 = FILL_AREA_STYLE('',(#15481));
#15481 = FILL_AREA_STYLE_COLOUR('',#13494);
#15482 = STYLED_ITEM('color',(#15483),#6448);
#15483 = PRESENTATION_STYLE_ASSIGNMENT((#15484));
#15484 = SURFACE_STYLE_USAGE(.BOTH.,#15485);
#15485 = SURFACE_SIDE_STYLE('',(#15486));
#15486 = SURFACE_STYLE_FILL_AREA(#15487);
#15487 = FILL_AREA_STYLE('',(#15488));
#15488 = FILL_AREA_STYLE_COLOUR('',#13494);
#15489 = STYLED_ITEM('color',(#15490),#6465);
#15490 = PRESENTATION_STYLE_ASSIGNMENT((#15491));
#15491 = SURFACE_STYLE_USAGE(.BOTH.,#15492);
#15492 = SURFACE_SIDE_STYLE('',(#15493));
#15493 = SURFACE_STYLE_FILL_AREA(#15494);
#15494 = FILL_AREA_STYLE('',(#15495));
#15495 = FILL_AREA_STYLE_COLOUR('',#13494);
#15496 = STYLED_ITEM('color',(#15497),#6482);
#15497 = PRESENTATION_STYLE_ASSIGNMENT((#15498));
#15498 = SURFACE_STYLE_USAGE(.BOTH.,#15499);
#15499 = SURFACE_SIDE_STYLE('',(#15500));
#15500 = SURFACE_STYLE_FILL_AREA(#15501);
#15501 = FILL_AREA_STYLE('',(#15502));
#15502 = FILL_AREA_STYLE_COLOUR('',#13494);
#15503 = STYLED_ITEM('color',(#15504),#6499);
#15504 = PRESENTATION_STYLE_ASSIGNMENT((#15505));
#15505 = SURFACE_STYLE_USAGE(.BOTH.,#15506);
#15506 = SURFACE_SIDE_STYLE('',(#15507));
#15507 = SURFACE_STYLE_FILL_AREA(#15508);
#15508 = FILL_AREA_STYLE('',(#15509));
#15509 = FILL_AREA_STYLE_COLOUR('',#13494);
#15510 = STYLED_ITEM('color',(#15511),#6516);
#15511 = PRESENTATION_STYLE_ASSIGNMENT((#15512));
#15512 = SURFACE_STYLE_USAGE(.BOTH.,#15513);
#15513 = SURFACE_SIDE_STYLE('',(#15514));
#15514 = SURFACE_STYLE_FILL_AREA(#15515);
#15515 = FILL_AREA_STYLE('',(#15516));
#15516 = FILL_AREA_STYLE_COLOUR('',#13494);
#15517 = STYLED_ITEM('color',(#15518),#6533);
#15518 = PRESENTATION_STYLE_ASSIGNMENT((#15519));
#15519 = SURFACE_STYLE_USAGE(.BOTH.,#15520);
#15520 = SURFACE_SIDE_STYLE('',(#15521));
#15521 = SURFACE_STYLE_FILL_AREA(#15522);
#15522 = FILL_AREA_STYLE('',(#15523));
#15523 = FILL_AREA_STYLE_COLOUR('',#13494);
#15524 = STYLED_ITEM('color',(#15525),#6550);
#15525 = PRESENTATION_STYLE_ASSIGNMENT((#15526));
#15526 = SURFACE_STYLE_USAGE(.BOTH.,#15527);
#15527 = SURFACE_SIDE_STYLE('',(#15528));
#15528 = SURFACE_STYLE_FILL_AREA(#15529);
#15529 = FILL_AREA_STYLE('',(#15530));
#15530 = FILL_AREA_STYLE_COLOUR('',#13494);
#15531 = STYLED_ITEM('color',(#15532),#6567);
#15532 = PRESENTATION_STYLE_ASSIGNMENT((#15533));
#15533 = SURFACE_STYLE_USAGE(.BOTH.,#15534);
#15534 = SURFACE_SIDE_STYLE('',(#15535));
#15535 = SURFACE_STYLE_FILL_AREA(#15536);
#15536 = FILL_AREA_STYLE('',(#15537));
#15537 = FILL_AREA_STYLE_COLOUR('',#13494);
#15538 = STYLED_ITEM('color',(#15539),#6584);
#15539 = PRESENTATION_STYLE_ASSIGNMENT((#15540));
#15540 = SURFACE_STYLE_USAGE(.BOTH.,#15541);
#15541 = SURFACE_SIDE_STYLE('',(#15542));
#15542 = SURFACE_STYLE_FILL_AREA(#15543);
#15543 = FILL_AREA_STYLE('',(#15544));
#15544 = FILL_AREA_STYLE_COLOUR('',#13494);
#15545 = STYLED_ITEM('color',(#15546),#6601);
#15546 = PRESENTATION_STYLE_ASSIGNMENT((#15547));
#15547 = SURFACE_STYLE_USAGE(.BOTH.,#15548);
#15548 = SURFACE_SIDE_STYLE('',(#15549));
#15549 = SURFACE_STYLE_FILL_AREA(#15550);
#15550 = FILL_AREA_STYLE('',(#15551));
#15551 = FILL_AREA_STYLE_COLOUR('',#13494);
#15552 = STYLED_ITEM('color',(#15553),#6618);
#15553 = PRESENTATION_STYLE_ASSIGNMENT((#15554));
#15554 = SURFACE_STYLE_USAGE(.BOTH.,#15555);
#15555 = SURFACE_SIDE_STYLE('',(#15556));
#15556 = SURFACE_STYLE_FILL_AREA(#15557);
#15557 = FILL_AREA_STYLE('',(#15558));
#15558 = FILL_AREA_STYLE_COLOUR('',#13494);
#15559 = STYLED_ITEM('color',(#15560),#6635);
#15560 = PRESENTATION_STYLE_ASSIGNMENT((#15561));
#15561 = SURFACE_STYLE_USAGE(.BOTH.,#15562);
#15562 = SURFACE_SIDE_STYLE('',(#15563));
#15563 = SURFACE_STYLE_FILL_AREA(#15564);
#15564 = FILL_AREA_STYLE('',(#15565));
#15565 = FILL_AREA_STYLE_COLOUR('',#13494);
#15566 = STYLED_ITEM('color',(#15567),#6652);
#15567 = PRESENTATION_STYLE_ASSIGNMENT((#15568));
#15568 = SURFACE_STYLE_USAGE(.BOTH.,#15569);
#15569 = SURFACE_SIDE_STYLE('',(#15570));
#15570 = SURFACE_STYLE_FILL_AREA(#15571);
#15571 = FILL_AREA_STYLE('',(#15572));
#15572 = FILL_AREA_STYLE_COLOUR('',#13494);
#15573 = STYLED_ITEM('color',(#15574),#6669);
#15574 = PRESENTATION_STYLE_ASSIGNMENT((#15575));
#15575 = SURFACE_STYLE_USAGE(.BOTH.,#15576);
#15576 = SURFACE_SIDE_STYLE('',(#15577));
#15577 = SURFACE_STYLE_FILL_AREA(#15578);
#15578 = FILL_AREA_STYLE('',(#15579));
#15579 = FILL_AREA_STYLE_COLOUR('',#13494);
#15580 = STYLED_ITEM('color',(#15581),#6686);
#15581 = PRESENTATION_STYLE_ASSIGNMENT((#15582));
#15582 = SURFACE_STYLE_USAGE(.BOTH.,#15583);
#15583 = SURFACE_SIDE_STYLE('',(#15584));
#15584 = SURFACE_STYLE_FILL_AREA(#15585);
#15585 = FILL_AREA_STYLE('',(#15586));
#15586 = FILL_AREA_STYLE_COLOUR('',#13494);
#15587 = STYLED_ITEM('color',(#15588),#6703);
#15588 = PRESENTATION_STYLE_ASSIGNMENT((#15589));
#15589 = SURFACE_STYLE_USAGE(.BOTH.,#15590);
#15590 = SURFACE_SIDE_STYLE('',(#15591));
#15591 = SURFACE_STYLE_FILL_AREA(#15592);
#15592 = FILL_AREA_STYLE('',(#15593));
#15593 = FILL_AREA_STYLE_COLOUR('',#13494);
#15594 = STYLED_ITEM('color',(#15595),#6720);
#15595 = PRESENTATION_STYLE_ASSIGNMENT((#15596));
#15596 = SURFACE_STYLE_USAGE(.BOTH.,#15597);
#15597 = SURFACE_SIDE_STYLE('',(#15598));
#15598 = SURFACE_STYLE_FILL_AREA(#15599);
#15599 = FILL_AREA_STYLE('',(#15600));
#15600 = FILL_AREA_STYLE_COLOUR('',#13494);
#15601 = STYLED_ITEM('color',(#15602),#6737);
#15602 = PRESENTATION_STYLE_ASSIGNMENT((#15603));
#15603 = SURFACE_STYLE_USAGE(.BOTH.,#15604);
#15604 = SURFACE_SIDE_STYLE('',(#15605));
#15605 = SURFACE_STYLE_FILL_AREA(#15606);
#15606 = FILL_AREA_STYLE('',(#15607));
#15607 = FILL_AREA_STYLE_COLOUR('',#13494);
#15608 = STYLED_ITEM('color',(#15609),#6754);
#15609 = PRESENTATION_STYLE_ASSIGNMENT((#15610));
#15610 = SURFACE_STYLE_USAGE(.BOTH.,#15611);
#15611 = SURFACE_SIDE_STYLE('',(#15612));
#15612 = SURFACE_STYLE_FILL_AREA(#15613);
#15613 = FILL_AREA_STYLE('',(#15614));
#15614 = FILL_AREA_STYLE_COLOUR('',#13494);
#15615 = STYLED_ITEM('color',(#15616),#6771);
#15616 = PRESENTATION_STYLE_ASSIGNMENT((#15617));
#15617 = SURFACE_STYLE_USAGE(.BOTH.,#15618);
#15618 = SURFACE_SIDE_STYLE('',(#15619));
#15619 = SURFACE_STYLE_FILL_AREA(#15620);
#15620 = FILL_AREA_STYLE('',(#15621));
#15621 = FILL_AREA_STYLE_COLOUR('',#13494);
#15622 = STYLED_ITEM('color',(#15623),#6788);
#15623 = PRESENTATION_STYLE_ASSIGNMENT((#15624));
#15624 = SURFACE_STYLE_USAGE(.BOTH.,#15625);
#15625 = SURFACE_SIDE_STYLE('',(#15626));
#15626 = SURFACE_STYLE_FILL_AREA(#15627);
#15627 = FILL_AREA_STYLE('',(#15628));
#15628 = FILL_AREA_STYLE_COLOUR('',#13494);
#15629 = STYLED_ITEM('color',(#15630),#6805);
#15630 = PRESENTATION_STYLE_ASSIGNMENT((#15631));
#15631 = SURFACE_STYLE_USAGE(.BOTH.,#15632);
#15632 = SURFACE_SIDE_STYLE('',(#15633));
#15633 = SURFACE_STYLE_FILL_AREA(#15634);
#15634 = FILL_AREA_STYLE('',(#15635));
#15635 = FILL_AREA_STYLE_COLOUR('',#13494);
#15636 = STYLED_ITEM('color',(#15637),#6822);
#15637 = PRESENTATION_STYLE_ASSIGNMENT((#15638));
#15638 = SURFACE_STYLE_USAGE(.BOTH.,#15639);
#15639 = SURFACE_SIDE_STYLE('',(#15640));
#15640 = SURFACE_STYLE_FILL_AREA(#15641);
#15641 = FILL_AREA_STYLE('',(#15642));
#15642 = FILL_AREA_STYLE_COLOUR('',#13494);
#15643 = STYLED_ITEM('color',(#15644),#6839);
#15644 = PRESENTATION_STYLE_ASSIGNMENT((#15645));
#15645 = SURFACE_STYLE_USAGE(.BOTH.,#15646);
#15646 = SURFACE_SIDE_STYLE('',(#15647));
#15647 = SURFACE_STYLE_FILL_AREA(#15648);
#15648 = FILL_AREA_STYLE('',(#15649));
#15649 = FILL_AREA_STYLE_COLOUR('',#13494);
#15650 = STYLED_ITEM('color',(#15651),#6856);
#15651 = PRESENTATION_STYLE_ASSIGNMENT((#15652));
#15652 = SURFACE_STYLE_USAGE(.BOTH.,#15653);
#15653 = SURFACE_SIDE_STYLE('',(#15654));
#15654 = SURFACE_STYLE_FILL_AREA(#15655);
#15655 = FILL_AREA_STYLE('',(#15656));
#15656 = FILL_AREA_STYLE_COLOUR('',#13494);
#15657 = STYLED_ITEM('color',(#15658),#6873);
#15658 = PRESENTATION_STYLE_ASSIGNMENT((#15659));
#15659 = SURFACE_STYLE_USAGE(.BOTH.,#15660);
#15660 = SURFACE_SIDE_STYLE('',(#15661));
#15661 = SURFACE_STYLE_FILL_AREA(#15662);
#15662 = FILL_AREA_STYLE('',(#15663));
#15663 = FILL_AREA_STYLE_COLOUR('',#13494);
#15664 = STYLED_ITEM('color',(#15665),#6890);
#15665 = PRESENTATION_STYLE_ASSIGNMENT((#15666));
#15666 = SURFACE_STYLE_USAGE(.BOTH.,#15667);
#15667 = SURFACE_SIDE_STYLE('',(#15668));
#15668 = SURFACE_STYLE_FILL_AREA(#15669);
#15669 = FILL_AREA_STYLE('',(#15670));
#15670 = FILL_AREA_STYLE_COLOUR('',#13494);
#15671 = STYLED_ITEM('color',(#15672),#6907);
#15672 = PRESENTATION_STYLE_ASSIGNMENT((#15673));
#15673 = SURFACE_STYLE_USAGE(.BOTH.,#15674);
#15674 = SURFACE_SIDE_STYLE('',(#15675));
#15675 = SURFACE_STYLE_FILL_AREA(#15676);
#15676 = FILL_AREA_STYLE('',(#15677));
#15677 = FILL_AREA_STYLE_COLOUR('',#13494);
#15678 = STYLED_ITEM('color',(#15679),#6919);
#15679 = PRESENTATION_STYLE_ASSIGNMENT((#15680));
#15680 = SURFACE_STYLE_USAGE(.BOTH.,#15681);
#15681 = SURFACE_SIDE_STYLE('',(#15682));
#15682 = SURFACE_STYLE_FILL_AREA(#15683);
#15683 = FILL_AREA_STYLE('',(#15684));
#15684 = FILL_AREA_STYLE_COLOUR('',#13691);
#15685 = STYLED_ITEM('color',(#15686),#6950);
#15686 = PRESENTATION_STYLE_ASSIGNMENT((#15687));
#15687 = SURFACE_STYLE_USAGE(.BOTH.,#15688);
#15688 = SURFACE_SIDE_STYLE('',(#15689));
#15689 = SURFACE_STYLE_FILL_AREA(#15690);
#15690 = FILL_AREA_STYLE('',(#15691));
#15691 = FILL_AREA_STYLE_COLOUR('',#13691);
#15692 = STYLED_ITEM('color',(#15693),#6974);
#15693 = PRESENTATION_STYLE_ASSIGNMENT((#15694));
#15694 = SURFACE_STYLE_USAGE(.BOTH.,#15695);
#15695 = SURFACE_SIDE_STYLE('',(#15696));
#15696 = SURFACE_STYLE_FILL_AREA(#15697);
#15697 = FILL_AREA_STYLE('',(#15698));
#15698 = FILL_AREA_STYLE_COLOUR('',#13691);
#15699 = STYLED_ITEM('color',(#15700),#6998);
#15700 = PRESENTATION_STYLE_ASSIGNMENT((#15701));
#15701 = SURFACE_STYLE_USAGE(.BOTH.,#15702);
#15702 = SURFACE_SIDE_STYLE('',(#15703));
#15703 = SURFACE_STYLE_FILL_AREA(#15704);
#15704 = FILL_AREA_STYLE('',(#15705));
#15705 = FILL_AREA_STYLE_COLOUR('',#13691);
#15706 = STYLED_ITEM('color',(#15707),#7015);
#15707 = PRESENTATION_STYLE_ASSIGNMENT((#15708));
#15708 = SURFACE_STYLE_USAGE(.BOTH.,#15709);
#15709 = SURFACE_SIDE_STYLE('',(#15710));
#15710 = SURFACE_STYLE_FILL_AREA(#15711);
#15711 = FILL_AREA_STYLE('',(#15712));
#15712 = FILL_AREA_STYLE_COLOUR('',#13691);
#15713 = STYLED_ITEM('color',(#15714),#7046);
#15714 = PRESENTATION_STYLE_ASSIGNMENT((#15715));
#15715 = SURFACE_STYLE_USAGE(.BOTH.,#15716);
#15716 = SURFACE_SIDE_STYLE('',(#15717));
#15717 = SURFACE_STYLE_FILL_AREA(#15718);
#15718 = FILL_AREA_STYLE('',(#15719));
#15719 = FILL_AREA_STYLE_COLOUR('',#13691);
#15720 = STYLED_ITEM('color',(#15721),#7070);
#15721 = PRESENTATION_STYLE_ASSIGNMENT((#15722));
#15722 = SURFACE_STYLE_USAGE(.BOTH.,#15723);
#15723 = SURFACE_SIDE_STYLE('',(#15724));
#15724 = SURFACE_STYLE_FILL_AREA(#15725);
#15725 = FILL_AREA_STYLE('',(#15726));
#15726 = FILL_AREA_STYLE_COLOUR('',#13691);
#15727 = STYLED_ITEM('color',(#15728),#7094);
#15728 = PRESENTATION_STYLE_ASSIGNMENT((#15729));
#15729 = SURFACE_STYLE_USAGE(.BOTH.,#15730);
#15730 = SURFACE_SIDE_STYLE('',(#15731));
#15731 = SURFACE_STYLE_FILL_AREA(#15732);
#15732 = FILL_AREA_STYLE('',(#15733));
#15733 = FILL_AREA_STYLE_COLOUR('',#13691);
#15734 = STYLED_ITEM('color',(#15735),#7111);
#15735 = PRESENTATION_STYLE_ASSIGNMENT((#15736));
#15736 = SURFACE_STYLE_USAGE(.BOTH.,#15737);
#15737 = SURFACE_SIDE_STYLE('',(#15738));
#15738 = SURFACE_STYLE_FILL_AREA(#15739);
#15739 = FILL_AREA_STYLE('',(#15740));
#15740 = FILL_AREA_STYLE_COLOUR('',#13691);
#15741 = STYLED_ITEM('color',(#15742),#7142);
#15742 = PRESENTATION_STYLE_ASSIGNMENT((#15743));
#15743 = SURFACE_STYLE_USAGE(.BOTH.,#15744);
#15744 = SURFACE_SIDE_STYLE('',(#15745));
#15745 = SURFACE_STYLE_FILL_AREA(#15746);
#15746 = FILL_AREA_STYLE('',(#15747));
#15747 = FILL_AREA_STYLE_COLOUR('',#13691);
#15748 = STYLED_ITEM('color',(#15749),#7166);
#15749 = PRESENTATION_STYLE_ASSIGNMENT((#15750));
#15750 = SURFACE_STYLE_USAGE(.BOTH.,#15751);
#15751 = SURFACE_SIDE_STYLE('',(#15752));
#15752 = SURFACE_STYLE_FILL_AREA(#15753);
#15753 = FILL_AREA_STYLE('',(#15754));
#15754 = FILL_AREA_STYLE_COLOUR('',#13691);
#15755 = STYLED_ITEM('color',(#15756),#7190);
#15756 = PRESENTATION_STYLE_ASSIGNMENT((#15757));
#15757 = SURFACE_STYLE_USAGE(.BOTH.,#15758);
#15758 = SURFACE_SIDE_STYLE('',(#15759));
#15759 = SURFACE_STYLE_FILL_AREA(#15760);
#15760 = FILL_AREA_STYLE('',(#15761));
#15761 = FILL_AREA_STYLE_COLOUR('',#13691);
#15762 = STYLED_ITEM('color',(#15763),#7207);
#15763 = PRESENTATION_STYLE_ASSIGNMENT((#15764));
#15764 = SURFACE_STYLE_USAGE(.BOTH.,#15765);
#15765 = SURFACE_SIDE_STYLE('',(#15766));
#15766 = SURFACE_STYLE_FILL_AREA(#15767);
#15767 = FILL_AREA_STYLE('',(#15768));
#15768 = FILL_AREA_STYLE_COLOUR('',#13691);
#15769 = STYLED_ITEM('color',(#15770),#7238);
#15770 = PRESENTATION_STYLE_ASSIGNMENT((#15771));
#15771 = SURFACE_STYLE_USAGE(.BOTH.,#15772);
#15772 = SURFACE_SIDE_STYLE('',(#15773));
#15773 = SURFACE_STYLE_FILL_AREA(#15774);
#15774 = FILL_AREA_STYLE('',(#15775));
#15775 = FILL_AREA_STYLE_COLOUR('',#13691);
#15776 = STYLED_ITEM('color',(#15777),#7262);
#15777 = PRESENTATION_STYLE_ASSIGNMENT((#15778));
#15778 = SURFACE_STYLE_USAGE(.BOTH.,#15779);
#15779 = SURFACE_SIDE_STYLE('',(#15780));
#15780 = SURFACE_STYLE_FILL_AREA(#15781);
#15781 = FILL_AREA_STYLE('',(#15782));
#15782 = FILL_AREA_STYLE_COLOUR('',#13691);
#15783 = STYLED_ITEM('color',(#15784),#7286);
#15784 = PRESENTATION_STYLE_ASSIGNMENT((#15785));
#15785 = SURFACE_STYLE_USAGE(.BOTH.,#15786);
#15786 = SURFACE_SIDE_STYLE('',(#15787));
#15787 = SURFACE_STYLE_FILL_AREA(#15788);
#15788 = FILL_AREA_STYLE('',(#15789));
#15789 = FILL_AREA_STYLE_COLOUR('',#13691);
#15790 = STYLED_ITEM('color',(#15791),#7303);
#15791 = PRESENTATION_STYLE_ASSIGNMENT((#15792));
#15792 = SURFACE_STYLE_USAGE(.BOTH.,#15793);
#15793 = SURFACE_SIDE_STYLE('',(#15794));
#15794 = SURFACE_STYLE_FILL_AREA(#15795);
#15795 = FILL_AREA_STYLE('',(#15796));
#15796 = FILL_AREA_STYLE_COLOUR('',#13691);
#15797 = STYLED_ITEM('color',(#15798),#7334);
#15798 = PRESENTATION_STYLE_ASSIGNMENT((#15799));
#15799 = SURFACE_STYLE_USAGE(.BOTH.,#15800);
#15800 = SURFACE_SIDE_STYLE('',(#15801));
#15801 = SURFACE_STYLE_FILL_AREA(#15802);
#15802 = FILL_AREA_STYLE('',(#15803));
#15803 = FILL_AREA_STYLE_COLOUR('',#13691);
#15804 = STYLED_ITEM('color',(#15805),#7358);
#15805 = PRESENTATION_STYLE_ASSIGNMENT((#15806));
#15806 = SURFACE_STYLE_USAGE(.BOTH.,#15807);
#15807 = SURFACE_SIDE_STYLE('',(#15808));
#15808 = SURFACE_STYLE_FILL_AREA(#15809);
#15809 = FILL_AREA_STYLE('',(#15810));
#15810 = FILL_AREA_STYLE_COLOUR('',#13691);
#15811 = STYLED_ITEM('color',(#15812),#7382);
#15812 = PRESENTATION_STYLE_ASSIGNMENT((#15813));
#15813 = SURFACE_STYLE_USAGE(.BOTH.,#15814);
#15814 = SURFACE_SIDE_STYLE('',(#15815));
#15815 = SURFACE_STYLE_FILL_AREA(#15816);
#15816 = FILL_AREA_STYLE('',(#15817));
#15817 = FILL_AREA_STYLE_COLOUR('',#13691);
#15818 = STYLED_ITEM('color',(#15819),#7399);
#15819 = PRESENTATION_STYLE_ASSIGNMENT((#15820));
#15820 = SURFACE_STYLE_USAGE(.BOTH.,#15821);
#15821 = SURFACE_SIDE_STYLE('',(#15822));
#15822 = SURFACE_STYLE_FILL_AREA(#15823);
#15823 = FILL_AREA_STYLE('',(#15824));
#15824 = FILL_AREA_STYLE_COLOUR('',#13691);
#15825 = STYLED_ITEM('color',(#15826),#7430);
#15826 = PRESENTATION_STYLE_ASSIGNMENT((#15827));
#15827 = SURFACE_STYLE_USAGE(.BOTH.,#15828);
#15828 = SURFACE_SIDE_STYLE('',(#15829));
#15829 = SURFACE_STYLE_FILL_AREA(#15830);
#15830 = FILL_AREA_STYLE('',(#15831));
#15831 = FILL_AREA_STYLE_COLOUR('',#13691);
#15832 = STYLED_ITEM('color',(#15833),#7454);
#15833 = PRESENTATION_STYLE_ASSIGNMENT((#15834));
#15834 = SURFACE_STYLE_USAGE(.BOTH.,#15835);
#15835 = SURFACE_SIDE_STYLE('',(#15836));
#15836 = SURFACE_STYLE_FILL_AREA(#15837);
#15837 = FILL_AREA_STYLE('',(#15838));
#15838 = FILL_AREA_STYLE_COLOUR('',#13691);
#15839 = STYLED_ITEM('color',(#15840),#7478);
#15840 = PRESENTATION_STYLE_ASSIGNMENT((#15841));
#15841 = SURFACE_STYLE_USAGE(.BOTH.,#15842);
#15842 = SURFACE_SIDE_STYLE('',(#15843));
#15843 = SURFACE_STYLE_FILL_AREA(#15844);
#15844 = FILL_AREA_STYLE('',(#15845));
#15845 = FILL_AREA_STYLE_COLOUR('',#13691);
#15846 = STYLED_ITEM('color',(#15847),#7495);
#15847 = PRESENTATION_STYLE_ASSIGNMENT((#15848));
#15848 = SURFACE_STYLE_USAGE(.BOTH.,#15849);
#15849 = SURFACE_SIDE_STYLE('',(#15850));
#15850 = SURFACE_STYLE_FILL_AREA(#15851);
#15851 = FILL_AREA_STYLE('',(#15852));
#15852 = FILL_AREA_STYLE_COLOUR('',#13691);
#15853 = STYLED_ITEM('color',(#15854),#7526);
#15854 = PRESENTATION_STYLE_ASSIGNMENT((#15855));
#15855 = SURFACE_STYLE_USAGE(.BOTH.,#15856);
#15856 = SURFACE_SIDE_STYLE('',(#15857));
#15857 = SURFACE_STYLE_FILL_AREA(#15858);
#15858 = FILL_AREA_STYLE('',(#15859));
#15859 = FILL_AREA_STYLE_COLOUR('',#13691);
#15860 = STYLED_ITEM('color',(#15861),#7550);
#15861 = PRESENTATION_STYLE_ASSIGNMENT((#15862));
#15862 = SURFACE_STYLE_USAGE(.BOTH.,#15863);
#15863 = SURFACE_SIDE_STYLE('',(#15864));
#15864 = SURFACE_STYLE_FILL_AREA(#15865);
#15865 = FILL_AREA_STYLE('',(#15866));
#15866 = FILL_AREA_STYLE_COLOUR('',#13691);
#15867 = STYLED_ITEM('color',(#15868),#7574);
#15868 = PRESENTATION_STYLE_ASSIGNMENT((#15869));
#15869 = SURFACE_STYLE_USAGE(.BOTH.,#15870);
#15870 = SURFACE_SIDE_STYLE('',(#15871));
#15871 = SURFACE_STYLE_FILL_AREA(#15872);
#15872 = FILL_AREA_STYLE('',(#15873));
#15873 = FILL_AREA_STYLE_COLOUR('',#13691);
#15874 = STYLED_ITEM('color',(#15875),#7591);
#15875 = PRESENTATION_STYLE_ASSIGNMENT((#15876));
#15876 = SURFACE_STYLE_USAGE(.BOTH.,#15877);
#15877 = SURFACE_SIDE_STYLE('',(#15878));
#15878 = SURFACE_STYLE_FILL_AREA(#15879);
#15879 = FILL_AREA_STYLE('',(#15880));
#15880 = FILL_AREA_STYLE_COLOUR('',#13691);
#15881 = STYLED_ITEM('color',(#15882),#7622);
#15882 = PRESENTATION_STYLE_ASSIGNMENT((#15883));
#15883 = SURFACE_STYLE_USAGE(.BOTH.,#15884);
#15884 = SURFACE_SIDE_STYLE('',(#15885));
#15885 = SURFACE_STYLE_FILL_AREA(#15886);
#15886 = FILL_AREA_STYLE('',(#15887));
#15887 = FILL_AREA_STYLE_COLOUR('',#13691);
#15888 = STYLED_ITEM('color',(#15889),#7646);
#15889 = PRESENTATION_STYLE_ASSIGNMENT((#15890));
#15890 = SURFACE_STYLE_USAGE(.BOTH.,#15891);
#15891 = SURFACE_SIDE_STYLE('',(#15892));
#15892 = SURFACE_STYLE_FILL_AREA(#15893);
#15893 = FILL_AREA_STYLE('',(#15894));
#15894 = FILL_AREA_STYLE_COLOUR('',#13691);
#15895 = STYLED_ITEM('color',(#15896),#7670);
#15896 = PRESENTATION_STYLE_ASSIGNMENT((#15897));
#15897 = SURFACE_STYLE_USAGE(.BOTH.,#15898);
#15898 = SURFACE_SIDE_STYLE('',(#15899));
#15899 = SURFACE_STYLE_FILL_AREA(#15900);
#15900 = FILL_AREA_STYLE('',(#15901));
#15901 = FILL_AREA_STYLE_COLOUR('',#13691);
#15902 = STYLED_ITEM('color',(#15903),#7687);
#15903 = PRESENTATION_STYLE_ASSIGNMENT((#15904));
#15904 = SURFACE_STYLE_USAGE(.BOTH.,#15905);
#15905 = SURFACE_SIDE_STYLE('',(#15906));
#15906 = SURFACE_STYLE_FILL_AREA(#15907);
#15907 = FILL_AREA_STYLE('',(#15908));
#15908 = FILL_AREA_STYLE_COLOUR('',#13691);
#15909 = STYLED_ITEM('color',(#15910),#7718);
#15910 = PRESENTATION_STYLE_ASSIGNMENT((#15911));
#15911 = SURFACE_STYLE_USAGE(.BOTH.,#15912);
#15912 = SURFACE_SIDE_STYLE('',(#15913));
#15913 = SURFACE_STYLE_FILL_AREA(#15914);
#15914 = FILL_AREA_STYLE('',(#15915));
#15915 = FILL_AREA_STYLE_COLOUR('',#13691);
#15916 = STYLED_ITEM('color',(#15917),#7742);
#15917 = PRESENTATION_STYLE_ASSIGNMENT((#15918));
#15918 = SURFACE_STYLE_USAGE(.BOTH.,#15919);
#15919 = SURFACE_SIDE_STYLE('',(#15920));
#15920 = SURFACE_STYLE_FILL_AREA(#15921);
#15921 = FILL_AREA_STYLE('',(#15922));
#15922 = FILL_AREA_STYLE_COLOUR('',#13691);
#15923 = STYLED_ITEM('color',(#15924),#7766);
#15924 = PRESENTATION_STYLE_ASSIGNMENT((#15925));
#15925 = SURFACE_STYLE_USAGE(.BOTH.,#15926);
#15926 = SURFACE_SIDE_STYLE('',(#15927));
#15927 = SURFACE_STYLE_FILL_AREA(#15928);
#15928 = FILL_AREA_STYLE('',(#15929));
#15929 = FILL_AREA_STYLE_COLOUR('',#13691);
#15930 = STYLED_ITEM('color',(#15931),#7783);
#15931 = PRESENTATION_STYLE_ASSIGNMENT((#15932));
#15932 = SURFACE_STYLE_USAGE(.BOTH.,#15933);
#15933 = SURFACE_SIDE_STYLE('',(#15934));
#15934 = SURFACE_STYLE_FILL_AREA(#15935);
#15935 = FILL_AREA_STYLE('',(#15936));
#15936 = FILL_AREA_STYLE_COLOUR('',#13691);
#15937 = STYLED_ITEM('color',(#15938),#7814);
#15938 = PRESENTATION_STYLE_ASSIGNMENT((#15939));
#15939 = SURFACE_STYLE_USAGE(.BOTH.,#15940);
#15940 = SURFACE_SIDE_STYLE('',(#15941));
#15941 = SURFACE_STYLE_FILL_AREA(#15942);
#15942 = FILL_AREA_STYLE('',(#15943));
#15943 = FILL_AREA_STYLE_COLOUR('',#13691);
#15944 = STYLED_ITEM('color',(#15945),#7838);
#15945 = PRESENTATION_STYLE_ASSIGNMENT((#15946));
#15946 = SURFACE_STYLE_USAGE(.BOTH.,#15947);
#15947 = SURFACE_SIDE_STYLE('',(#15948));
#15948 = SURFACE_STYLE_FILL_AREA(#15949);
#15949 = FILL_AREA_STYLE('',(#15950));
#15950 = FILL_AREA_STYLE_COLOUR('',#13691);
#15951 = STYLED_ITEM('color',(#15952),#7862);
#15952 = PRESENTATION_STYLE_ASSIGNMENT((#15953));
#15953 = SURFACE_STYLE_USAGE(.BOTH.,#15954);
#15954 = SURFACE_SIDE_STYLE('',(#15955));
#15955 = SURFACE_STYLE_FILL_AREA(#15956);
#15956 = FILL_AREA_STYLE('',(#15957));
#15957 = FILL_AREA_STYLE_COLOUR('',#13691);
#15958 = STYLED_ITEM('color',(#15959),#7879);
#15959 = PRESENTATION_STYLE_ASSIGNMENT((#15960));
#15960 = SURFACE_STYLE_USAGE(.BOTH.,#15961);
#15961 = SURFACE_SIDE_STYLE('',(#15962));
#15962 = SURFACE_STYLE_FILL_AREA(#15963);
#15963 = FILL_AREA_STYLE('',(#15964));
#15964 = FILL_AREA_STYLE_COLOUR('',#13691);
#15965 = STYLED_ITEM('color',(#15966),#7910);
#15966 = PRESENTATION_STYLE_ASSIGNMENT((#15967));
#15967 = SURFACE_STYLE_USAGE(.BOTH.,#15968);
#15968 = SURFACE_SIDE_STYLE('',(#15969));
#15969 = SURFACE_STYLE_FILL_AREA(#15970);
#15970 = FILL_AREA_STYLE('',(#15971));
#15971 = FILL_AREA_STYLE_COLOUR('',#13691);
#15972 = STYLED_ITEM('color',(#15973),#7934);
#15973 = PRESENTATION_STYLE_ASSIGNMENT((#15974));
#15974 = SURFACE_STYLE_USAGE(.BOTH.,#15975);
#15975 = SURFACE_SIDE_STYLE('',(#15976));
#15976 = SURFACE_STYLE_FILL_AREA(#15977);
#15977 = FILL_AREA_STYLE('',(#15978));
#15978 = FILL_AREA_STYLE_COLOUR('',#13691);
#15979 = STYLED_ITEM('color',(#15980),#7958);
#15980 = PRESENTATION_STYLE_ASSIGNMENT((#15981));
#15981 = SURFACE_STYLE_USAGE(.BOTH.,#15982);
#15982 = SURFACE_SIDE_STYLE('',(#15983));
#15983 = SURFACE_STYLE_FILL_AREA(#15984);
#15984 = FILL_AREA_STYLE('',(#15985));
#15985 = FILL_AREA_STYLE_COLOUR('',#13691);
#15986 = STYLED_ITEM('color',(#15987),#7975);
#15987 = PRESENTATION_STYLE_ASSIGNMENT((#15988));
#15988 = SURFACE_STYLE_USAGE(.BOTH.,#15989);
#15989 = SURFACE_SIDE_STYLE('',(#15990));
#15990 = SURFACE_STYLE_FILL_AREA(#15991);
#15991 = FILL_AREA_STYLE('',(#15992));
#15992 = FILL_AREA_STYLE_COLOUR('',#13691);
#15993 = STYLED_ITEM('color',(#15994),#8006);
#15994 = PRESENTATION_STYLE_ASSIGNMENT((#15995));
#15995 = SURFACE_STYLE_USAGE(.BOTH.,#15996);
#15996 = SURFACE_SIDE_STYLE('',(#15997));
#15997 = SURFACE_STYLE_FILL_AREA(#15998);
#15998 = FILL_AREA_STYLE('',(#15999));
#15999 = FILL_AREA_STYLE_COLOUR('',#13691);
#16000 = STYLED_ITEM('color',(#16001),#8030);
#16001 = PRESENTATION_STYLE_ASSIGNMENT((#16002));
#16002 = SURFACE_STYLE_USAGE(.BOTH.,#16003);
#16003 = SURFACE_SIDE_STYLE('',(#16004));
#16004 = SURFACE_STYLE_FILL_AREA(#16005);
#16005 = FILL_AREA_STYLE('',(#16006));
#16006 = FILL_AREA_STYLE_COLOUR('',#13691);
#16007 = STYLED_ITEM('color',(#16008),#8054);
#16008 = PRESENTATION_STYLE_ASSIGNMENT((#16009));
#16009 = SURFACE_STYLE_USAGE(.BOTH.,#16010);
#16010 = SURFACE_SIDE_STYLE('',(#16011));
#16011 = SURFACE_STYLE_FILL_AREA(#16012);
#16012 = FILL_AREA_STYLE('',(#16013));
#16013 = FILL_AREA_STYLE_COLOUR('',#13691);
#16014 = STYLED_ITEM('color',(#16015),#8071);
#16015 = PRESENTATION_STYLE_ASSIGNMENT((#16016));
#16016 = SURFACE_STYLE_USAGE(.BOTH.,#16017);
#16017 = SURFACE_SIDE_STYLE('',(#16018));
#16018 = SURFACE_STYLE_FILL_AREA(#16019);
#16019 = FILL_AREA_STYLE('',(#16020));
#16020 = FILL_AREA_STYLE_COLOUR('',#13691);
#16021 = STYLED_ITEM('color',(#16022),#8102);
#16022 = PRESENTATION_STYLE_ASSIGNMENT((#16023));
#16023 = SURFACE_STYLE_USAGE(.BOTH.,#16024);
#16024 = SURFACE_SIDE_STYLE('',(#16025));
#16025 = SURFACE_STYLE_FILL_AREA(#16026);
#16026 = FILL_AREA_STYLE('',(#16027));
#16027 = FILL_AREA_STYLE_COLOUR('',#13691);
#16028 = STYLED_ITEM('color',(#16029),#8126);
#16029 = PRESENTATION_STYLE_ASSIGNMENT((#16030));
#16030 = SURFACE_STYLE_USAGE(.BOTH.,#16031);
#16031 = SURFACE_SIDE_STYLE('',(#16032));
#16032 = SURFACE_STYLE_FILL_AREA(#16033);
#16033 = FILL_AREA_STYLE('',(#16034));
#16034 = FILL_AREA_STYLE_COLOUR('',#13691);
#16035 = STYLED_ITEM('color',(#16036),#8150);
#16036 = PRESENTATION_STYLE_ASSIGNMENT((#16037));
#16037 = SURFACE_STYLE_USAGE(.BOTH.,#16038);
#16038 = SURFACE_SIDE_STYLE('',(#16039));
#16039 = SURFACE_STYLE_FILL_AREA(#16040);
#16040 = FILL_AREA_STYLE('',(#16041));
#16041 = FILL_AREA_STYLE_COLOUR('',#13691);
#16042 = STYLED_ITEM('color',(#16043),#8167);
#16043 = PRESENTATION_STYLE_ASSIGNMENT((#16044));
#16044 = SURFACE_STYLE_USAGE(.BOTH.,#16045);
#16045 = SURFACE_SIDE_STYLE('',(#16046));
#16046 = SURFACE_STYLE_FILL_AREA(#16047);
#16047 = FILL_AREA_STYLE('',(#16048));
#16048 = FILL_AREA_STYLE_COLOUR('',#13691);
#16049 = STYLED_ITEM('color',(#16050),#8198);
#16050 = PRESENTATION_STYLE_ASSIGNMENT((#16051));
#16051 = SURFACE_STYLE_USAGE(.BOTH.,#16052);
#16052 = SURFACE_SIDE_STYLE('',(#16053));
#16053 = SURFACE_STYLE_FILL_AREA(#16054);
#16054 = FILL_AREA_STYLE('',(#16055));
#16055 = FILL_AREA_STYLE_COLOUR('',#13691);
#16056 = STYLED_ITEM('color',(#16057),#8222);
#16057 = PRESENTATION_STYLE_ASSIGNMENT((#16058));
#16058 = SURFACE_STYLE_USAGE(.BOTH.,#16059);
#16059 = SURFACE_SIDE_STYLE('',(#16060));
#16060 = SURFACE_STYLE_FILL_AREA(#16061);
#16061 = FILL_AREA_STYLE('',(#16062));
#16062 = FILL_AREA_STYLE_COLOUR('',#13691);
#16063 = STYLED_ITEM('color',(#16064),#8246);
#16064 = PRESENTATION_STYLE_ASSIGNMENT((#16065));
#16065 = SURFACE_STYLE_USAGE(.BOTH.,#16066);
#16066 = SURFACE_SIDE_STYLE('',(#16067));
#16067 = SURFACE_STYLE_FILL_AREA(#16068);
#16068 = FILL_AREA_STYLE('',(#16069));
#16069 = FILL_AREA_STYLE_COLOUR('',#13691);
#16070 = STYLED_ITEM('color',(#16071),#8263);
#16071 = PRESENTATION_STYLE_ASSIGNMENT((#16072));
#16072 = SURFACE_STYLE_USAGE(.BOTH.,#16073);
#16073 = SURFACE_SIDE_STYLE('',(#16074));
#16074 = SURFACE_STYLE_FILL_AREA(#16075);
#16075 = FILL_AREA_STYLE('',(#16076));
#16076 = FILL_AREA_STYLE_COLOUR('',#13691);
#16077 = STYLED_ITEM('color',(#16078),#8294);
#16078 = PRESENTATION_STYLE_ASSIGNMENT((#16079));
#16079 = SURFACE_STYLE_USAGE(.BOTH.,#16080);
#16080 = SURFACE_SIDE_STYLE('',(#16081));
#16081 = SURFACE_STYLE_FILL_AREA(#16082);
#16082 = FILL_AREA_STYLE('',(#16083));
#16083 = FILL_AREA_STYLE_COLOUR('',#13691);
#16084 = STYLED_ITEM('color',(#16085),#8318);
#16085 = PRESENTATION_STYLE_ASSIGNMENT((#16086));
#16086 = SURFACE_STYLE_USAGE(.BOTH.,#16087);
#16087 = SURFACE_SIDE_STYLE('',(#16088));
#16088 = SURFACE_STYLE_FILL_AREA(#16089);
#16089 = FILL_AREA_STYLE('',(#16090));
#16090 = FILL_AREA_STYLE_COLOUR('',#13691);
#16091 = STYLED_ITEM('color',(#16092),#8342);
#16092 = PRESENTATION_STYLE_ASSIGNMENT((#16093));
#16093 = SURFACE_STYLE_USAGE(.BOTH.,#16094);
#16094 = SURFACE_SIDE_STYLE('',(#16095));
#16095 = SURFACE_STYLE_FILL_AREA(#16096);
#16096 = FILL_AREA_STYLE('',(#16097));
#16097 = FILL_AREA_STYLE_COLOUR('',#13691);
#16098 = STYLED_ITEM('color',(#16099),#8359);
#16099 = PRESENTATION_STYLE_ASSIGNMENT((#16100));
#16100 = SURFACE_STYLE_USAGE(.BOTH.,#16101);
#16101 = SURFACE_SIDE_STYLE('',(#16102));
#16102 = SURFACE_STYLE_FILL_AREA(#16103);
#16103 = FILL_AREA_STYLE('',(#16104));
#16104 = FILL_AREA_STYLE_COLOUR('',#13691);
#16105 = STYLED_ITEM('color',(#16106),#8390);
#16106 = PRESENTATION_STYLE_ASSIGNMENT((#16107));
#16107 = SURFACE_STYLE_USAGE(.BOTH.,#16108);
#16108 = SURFACE_SIDE_STYLE('',(#16109));
#16109 = SURFACE_STYLE_FILL_AREA(#16110);
#16110 = FILL_AREA_STYLE('',(#16111));
#16111 = FILL_AREA_STYLE_COLOUR('',#13691);
#16112 = STYLED_ITEM('color',(#16113),#8414);
#16113 = PRESENTATION_STYLE_ASSIGNMENT((#16114));
#16114 = SURFACE_STYLE_USAGE(.BOTH.,#16115);
#16115 = SURFACE_SIDE_STYLE('',(#16116));
#16116 = SURFACE_STYLE_FILL_AREA(#16117);
#16117 = FILL_AREA_STYLE('',(#16118));
#16118 = FILL_AREA_STYLE_COLOUR('',#13691);
#16119 = STYLED_ITEM('color',(#16120),#8438);
#16120 = PRESENTATION_STYLE_ASSIGNMENT((#16121));
#16121 = SURFACE_STYLE_USAGE(.BOTH.,#16122);
#16122 = SURFACE_SIDE_STYLE('',(#16123));
#16123 = SURFACE_STYLE_FILL_AREA(#16124);
#16124 = FILL_AREA_STYLE('',(#16125));
#16125 = FILL_AREA_STYLE_COLOUR('',#13691);
#16126 = STYLED_ITEM('color',(#16127),#8455);
#16127 = PRESENTATION_STYLE_ASSIGNMENT((#16128));
#16128 = SURFACE_STYLE_USAGE(.BOTH.,#16129);
#16129 = SURFACE_SIDE_STYLE('',(#16130));
#16130 = SURFACE_STYLE_FILL_AREA(#16131);
#16131 = FILL_AREA_STYLE('',(#16132));
#16132 = FILL_AREA_STYLE_COLOUR('',#13691);
#16133 = STYLED_ITEM('color',(#16134),#8486);
#16134 = PRESENTATION_STYLE_ASSIGNMENT((#16135));
#16135 = SURFACE_STYLE_USAGE(.BOTH.,#16136);
#16136 = SURFACE_SIDE_STYLE('',(#16137));
#16137 = SURFACE_STYLE_FILL_AREA(#16138);
#16138 = FILL_AREA_STYLE('',(#16139));
#16139 = FILL_AREA_STYLE_COLOUR('',#13691);
#16140 = STYLED_ITEM('color',(#16141),#8510);
#16141 = PRESENTATION_STYLE_ASSIGNMENT((#16142));
#16142 = SURFACE_STYLE_USAGE(.BOTH.,#16143);
#16143 = SURFACE_SIDE_STYLE('',(#16144));
#16144 = SURFACE_STYLE_FILL_AREA(#16145);
#16145 = FILL_AREA_STYLE('',(#16146));
#16146 = FILL_AREA_STYLE_COLOUR('',#13691);
#16147 = STYLED_ITEM('color',(#16148),#8534);
#16148 = PRESENTATION_STYLE_ASSIGNMENT((#16149));
#16149 = SURFACE_STYLE_USAGE(.BOTH.,#16150);
#16150 = SURFACE_SIDE_STYLE('',(#16151));
#16151 = SURFACE_STYLE_FILL_AREA(#16152);
#16152 = FILL_AREA_STYLE('',(#16153));
#16153 = FILL_AREA_STYLE_COLOUR('',#13691);
#16154 = STYLED_ITEM('color',(#16155),#8551);
#16155 = PRESENTATION_STYLE_ASSIGNMENT((#16156));
#16156 = SURFACE_STYLE_USAGE(.BOTH.,#16157);
#16157 = SURFACE_SIDE_STYLE('',(#16158));
#16158 = SURFACE_STYLE_FILL_AREA(#16159);
#16159 = FILL_AREA_STYLE('',(#16160));
#16160 = FILL_AREA_STYLE_COLOUR('',#13691);
#16161 = STYLED_ITEM('color',(#16162),#8582);
#16162 = PRESENTATION_STYLE_ASSIGNMENT((#16163));
#16163 = SURFACE_STYLE_USAGE(.BOTH.,#16164);
#16164 = SURFACE_SIDE_STYLE('',(#16165));
#16165 = SURFACE_STYLE_FILL_AREA(#16166);
#16166 = FILL_AREA_STYLE('',(#16167));
#16167 = FILL_AREA_STYLE_COLOUR('',#13691);
#16168 = STYLED_ITEM('color',(#16169),#8606);
#16169 = PRESENTATION_STYLE_ASSIGNMENT((#16170));
#16170 = SURFACE_STYLE_USAGE(.BOTH.,#16171);
#16171 = SURFACE_SIDE_STYLE('',(#16172));
#16172 = SURFACE_STYLE_FILL_AREA(#16173);
#16173 = FILL_AREA_STYLE('',(#16174));
#16174 = FILL_AREA_STYLE_COLOUR('',#13691);
#16175 = STYLED_ITEM('color',(#16176),#8630);
#16176 = PRESENTATION_STYLE_ASSIGNMENT((#16177));
#16177 = SURFACE_STYLE_USAGE(.BOTH.,#16178);
#16178 = SURFACE_SIDE_STYLE('',(#16179));
#16179 = SURFACE_STYLE_FILL_AREA(#16180);
#16180 = FILL_AREA_STYLE('',(#16181));
#16181 = FILL_AREA_STYLE_COLOUR('',#13691);
#16182 = STYLED_ITEM('color',(#16183),#8647);
#16183 = PRESENTATION_STYLE_ASSIGNMENT((#16184));
#16184 = SURFACE_STYLE_USAGE(.BOTH.,#16185);
#16185 = SURFACE_SIDE_STYLE('',(#16186));
#16186 = SURFACE_STYLE_FILL_AREA(#16187);
#16187 = FILL_AREA_STYLE('',(#16188));
#16188 = FILL_AREA_STYLE_COLOUR('',#13691);
#16189 = STYLED_ITEM('color',(#16190),#8678);
#16190 = PRESENTATION_STYLE_ASSIGNMENT((#16191));
#16191 = SURFACE_STYLE_USAGE(.BOTH.,#16192);
#16192 = SURFACE_SIDE_STYLE('',(#16193));
#16193 = SURFACE_STYLE_FILL_AREA(#16194);
#16194 = FILL_AREA_STYLE('',(#16195));
#16195 = FILL_AREA_STYLE_COLOUR('',#13691);
#16196 = STYLED_ITEM('color',(#16197),#8702);
#16197 = PRESENTATION_STYLE_ASSIGNMENT((#16198));
#16198 = SURFACE_STYLE_USAGE(.BOTH.,#16199);
#16199 = SURFACE_SIDE_STYLE('',(#16200));
#16200 = SURFACE_STYLE_FILL_AREA(#16201);
#16201 = FILL_AREA_STYLE('',(#16202));
#16202 = FILL_AREA_STYLE_COLOUR('',#13691);
#16203 = STYLED_ITEM('color',(#16204),#8726);
#16204 = PRESENTATION_STYLE_ASSIGNMENT((#16205));
#16205 = SURFACE_STYLE_USAGE(.BOTH.,#16206);
#16206 = SURFACE_SIDE_STYLE('',(#16207));
#16207 = SURFACE_STYLE_FILL_AREA(#16208);
#16208 = FILL_AREA_STYLE('',(#16209));
#16209 = FILL_AREA_STYLE_COLOUR('',#13691);
#16210 = STYLED_ITEM('color',(#16211),#8743);
#16211 = PRESENTATION_STYLE_ASSIGNMENT((#16212));
#16212 = SURFACE_STYLE_USAGE(.BOTH.,#16213);
#16213 = SURFACE_SIDE_STYLE('',(#16214));
#16214 = SURFACE_STYLE_FILL_AREA(#16215);
#16215 = FILL_AREA_STYLE('',(#16216));
#16216 = FILL_AREA_STYLE_COLOUR('',#13691);
#16217 = STYLED_ITEM('color',(#16218),#8774);
#16218 = PRESENTATION_STYLE_ASSIGNMENT((#16219));
#16219 = SURFACE_STYLE_USAGE(.BOTH.,#16220);
#16220 = SURFACE_SIDE_STYLE('',(#16221));
#16221 = SURFACE_STYLE_FILL_AREA(#16222);
#16222 = FILL_AREA_STYLE('',(#16223));
#16223 = FILL_AREA_STYLE_COLOUR('',#13691);
#16224 = STYLED_ITEM('color',(#16225),#8798);
#16225 = PRESENTATION_STYLE_ASSIGNMENT((#16226));
#16226 = SURFACE_STYLE_USAGE(.BOTH.,#16227);
#16227 = SURFACE_SIDE_STYLE('',(#16228));
#16228 = SURFACE_STYLE_FILL_AREA(#16229);
#16229 = FILL_AREA_STYLE('',(#16230));
#16230 = FILL_AREA_STYLE_COLOUR('',#13691);
#16231 = STYLED_ITEM('color',(#16232),#8822);
#16232 = PRESENTATION_STYLE_ASSIGNMENT((#16233));
#16233 = SURFACE_STYLE_USAGE(.BOTH.,#16234);
#16234 = SURFACE_SIDE_STYLE('',(#16235));
#16235 = SURFACE_STYLE_FILL_AREA(#16236);
#16236 = FILL_AREA_STYLE('',(#16237));
#16237 = FILL_AREA_STYLE_COLOUR('',#13691);
#16238 = STYLED_ITEM('color',(#16239),#8839);
#16239 = PRESENTATION_STYLE_ASSIGNMENT((#16240));
#16240 = SURFACE_STYLE_USAGE(.BOTH.,#16241);
#16241 = SURFACE_SIDE_STYLE('',(#16242));
#16242 = SURFACE_STYLE_FILL_AREA(#16243);
#16243 = FILL_AREA_STYLE('',(#16244));
#16244 = FILL_AREA_STYLE_COLOUR('',#13691);
#16245 = STYLED_ITEM('color',(#16246),#8870);
#16246 = PRESENTATION_STYLE_ASSIGNMENT((#16247));
#16247 = SURFACE_STYLE_USAGE(.BOTH.,#16248);
#16248 = SURFACE_SIDE_STYLE('',(#16249));
#16249 = SURFACE_STYLE_FILL_AREA(#16250);
#16250 = FILL_AREA_STYLE('',(#16251));
#16251 = FILL_AREA_STYLE_COLOUR('',#13691);
#16252 = STYLED_ITEM('color',(#16253),#8894);
#16253 = PRESENTATION_STYLE_ASSIGNMENT((#16254));
#16254 = SURFACE_STYLE_USAGE(.BOTH.,#16255);
#16255 = SURFACE_SIDE_STYLE('',(#16256));
#16256 = SURFACE_STYLE_FILL_AREA(#16257);
#16257 = FILL_AREA_STYLE('',(#16258));
#16258 = FILL_AREA_STYLE_COLOUR('',#13691);
#16259 = STYLED_ITEM('color',(#16260),#8918);
#16260 = PRESENTATION_STYLE_ASSIGNMENT((#16261));
#16261 = SURFACE_STYLE_USAGE(.BOTH.,#16262);
#16262 = SURFACE_SIDE_STYLE('',(#16263));
#16263 = SURFACE_STYLE_FILL_AREA(#16264);
#16264 = FILL_AREA_STYLE('',(#16265));
#16265 = FILL_AREA_STYLE_COLOUR('',#13691);
#16266 = STYLED_ITEM('color',(#16267),#8935);
#16267 = PRESENTATION_STYLE_ASSIGNMENT((#16268));
#16268 = SURFACE_STYLE_USAGE(.BOTH.,#16269);
#16269 = SURFACE_SIDE_STYLE('',(#16270));
#16270 = SURFACE_STYLE_FILL_AREA(#16271);
#16271 = FILL_AREA_STYLE('',(#16272));
#16272 = FILL_AREA_STYLE_COLOUR('',#13691);
#16273 = STYLED_ITEM('color',(#16274),#8966);
#16274 = PRESENTATION_STYLE_ASSIGNMENT((#16275));
#16275 = SURFACE_STYLE_USAGE(.BOTH.,#16276);
#16276 = SURFACE_SIDE_STYLE('',(#16277));
#16277 = SURFACE_STYLE_FILL_AREA(#16278);
#16278 = FILL_AREA_STYLE('',(#16279));
#16279 = FILL_AREA_STYLE_COLOUR('',#13691);
#16280 = STYLED_ITEM('color',(#16281),#8990);
#16281 = PRESENTATION_STYLE_ASSIGNMENT((#16282));
#16282 = SURFACE_STYLE_USAGE(.BOTH.,#16283);
#16283 = SURFACE_SIDE_STYLE('',(#16284));
#16284 = SURFACE_STYLE_FILL_AREA(#16285);
#16285 = FILL_AREA_STYLE('',(#16286));
#16286 = FILL_AREA_STYLE_COLOUR('',#13691);
#16287 = STYLED_ITEM('color',(#16288),#9014);
#16288 = PRESENTATION_STYLE_ASSIGNMENT((#16289));
#16289 = SURFACE_STYLE_USAGE(.BOTH.,#16290);
#16290 = SURFACE_SIDE_STYLE('',(#16291));
#16291 = SURFACE_STYLE_FILL_AREA(#16292);
#16292 = FILL_AREA_STYLE('',(#16293));
#16293 = FILL_AREA_STYLE_COLOUR('',#13691);
#16294 = STYLED_ITEM('color',(#16295),#9031);
#16295 = PRESENTATION_STYLE_ASSIGNMENT((#16296));
#16296 = SURFACE_STYLE_USAGE(.BOTH.,#16297);
#16297 = SURFACE_SIDE_STYLE('',(#16298));
#16298 = SURFACE_STYLE_FILL_AREA(#16299);
#16299 = FILL_AREA_STYLE('',(#16300));
#16300 = FILL_AREA_STYLE_COLOUR('',#13691);
#16301 = STYLED_ITEM('color',(#16302),#9062);
#16302 = PRESENTATION_STYLE_ASSIGNMENT((#16303));
#16303 = SURFACE_STYLE_USAGE(.BOTH.,#16304);
#16304 = SURFACE_SIDE_STYLE('',(#16305));
#16305 = SURFACE_STYLE_FILL_AREA(#16306);
#16306 = FILL_AREA_STYLE('',(#16307));
#16307 = FILL_AREA_STYLE_COLOUR('',#13691);
#16308 = STYLED_ITEM('color',(#16309),#9086);
#16309 = PRESENTATION_STYLE_ASSIGNMENT((#16310));
#16310 = SURFACE_STYLE_USAGE(.BOTH.,#16311);
#16311 = SURFACE_SIDE_STYLE('',(#16312));
#16312 = SURFACE_STYLE_FILL_AREA(#16313);
#16313 = FILL_AREA_STYLE('',(#16314));
#16314 = FILL_AREA_STYLE_COLOUR('',#13691);
#16315 = STYLED_ITEM('color',(#16316),#9110);
#16316 = PRESENTATION_STYLE_ASSIGNMENT((#16317));
#16317 = SURFACE_STYLE_USAGE(.BOTH.,#16318);
#16318 = SURFACE_SIDE_STYLE('',(#16319));
#16319 = SURFACE_STYLE_FILL_AREA(#16320);
#16320 = FILL_AREA_STYLE('',(#16321));
#16321 = FILL_AREA_STYLE_COLOUR('',#13691);
#16322 = STYLED_ITEM('color',(#16323),#9127);
#16323 = PRESENTATION_STYLE_ASSIGNMENT((#16324));
#16324 = SURFACE_STYLE_USAGE(.BOTH.,#16325);
#16325 = SURFACE_SIDE_STYLE('',(#16326));
#16326 = SURFACE_STYLE_FILL_AREA(#16327);
#16327 = FILL_AREA_STYLE('',(#16328));
#16328 = FILL_AREA_STYLE_COLOUR('',#13691);
#16329 = STYLED_ITEM('color',(#16330),#9158);
#16330 = PRESENTATION_STYLE_ASSIGNMENT((#16331));
#16331 = SURFACE_STYLE_USAGE(.BOTH.,#16332);
#16332 = SURFACE_SIDE_STYLE('',(#16333));
#16333 = SURFACE_STYLE_FILL_AREA(#16334);
#16334 = FILL_AREA_STYLE('',(#16335));
#16335 = FILL_AREA_STYLE_COLOUR('',#13691);
#16336 = STYLED_ITEM('color',(#16337),#9182);
#16337 = PRESENTATION_STYLE_ASSIGNMENT((#16338));
#16338 = SURFACE_STYLE_USAGE(.BOTH.,#16339);
#16339 = SURFACE_SIDE_STYLE('',(#16340));
#16340 = SURFACE_STYLE_FILL_AREA(#16341);
#16341 = FILL_AREA_STYLE('',(#16342));
#16342 = FILL_AREA_STYLE_COLOUR('',#13691);
#16343 = STYLED_ITEM('color',(#16344),#9206);
#16344 = PRESENTATION_STYLE_ASSIGNMENT((#16345));
#16345 = SURFACE_STYLE_USAGE(.BOTH.,#16346);
#16346 = SURFACE_SIDE_STYLE('',(#16347));
#16347 = SURFACE_STYLE_FILL_AREA(#16348);
#16348 = FILL_AREA_STYLE('',(#16349));
#16349 = FILL_AREA_STYLE_COLOUR('',#13691);
#16350 = STYLED_ITEM('color',(#16351),#9223);
#16351 = PRESENTATION_STYLE_ASSIGNMENT((#16352));
#16352 = SURFACE_STYLE_USAGE(.BOTH.,#16353);
#16353 = SURFACE_SIDE_STYLE('',(#16354));
#16354 = SURFACE_STYLE_FILL_AREA(#16355);
#16355 = FILL_AREA_STYLE('',(#16356));
#16356 = FILL_AREA_STYLE_COLOUR('',#13691);
#16357 = STYLED_ITEM('color',(#16358),#9254);
#16358 = PRESENTATION_STYLE_ASSIGNMENT((#16359));
#16359 = SURFACE_STYLE_USAGE(.BOTH.,#16360);
#16360 = SURFACE_SIDE_STYLE('',(#16361));
#16361 = SURFACE_STYLE_FILL_AREA(#16362);
#16362 = FILL_AREA_STYLE('',(#16363));
#16363 = FILL_AREA_STYLE_COLOUR('',#13691);
#16364 = STYLED_ITEM('color',(#16365),#9278);
#16365 = PRESENTATION_STYLE_ASSIGNMENT((#16366));
#16366 = SURFACE_STYLE_USAGE(.BOTH.,#16367);
#16367 = SURFACE_SIDE_STYLE('',(#16368));
#16368 = SURFACE_STYLE_FILL_AREA(#16369);
#16369 = FILL_AREA_STYLE('',(#16370));
#16370 = FILL_AREA_STYLE_COLOUR('',#13691);
#16371 = STYLED_ITEM('color',(#16372),#9302);
#16372 = PRESENTATION_STYLE_ASSIGNMENT((#16373));
#16373 = SURFACE_STYLE_USAGE(.BOTH.,#16374);
#16374 = SURFACE_SIDE_STYLE('',(#16375));
#16375 = SURFACE_STYLE_FILL_AREA(#16376);
#16376 = FILL_AREA_STYLE('',(#16377));
#16377 = FILL_AREA_STYLE_COLOUR('',#13691);
#16378 = STYLED_ITEM('color',(#16379),#9319);
#16379 = PRESENTATION_STYLE_ASSIGNMENT((#16380));
#16380 = SURFACE_STYLE_USAGE(.BOTH.,#16381);
#16381 = SURFACE_SIDE_STYLE('',(#16382));
#16382 = SURFACE_STYLE_FILL_AREA(#16383);
#16383 = FILL_AREA_STYLE('',(#16384));
#16384 = FILL_AREA_STYLE_COLOUR('',#13691);
#16385 = STYLED_ITEM('color',(#16386),#9350);
#16386 = PRESENTATION_STYLE_ASSIGNMENT((#16387));
#16387 = SURFACE_STYLE_USAGE(.BOTH.,#16388);
#16388 = SURFACE_SIDE_STYLE('',(#16389));
#16389 = SURFACE_STYLE_FILL_AREA(#16390);
#16390 = FILL_AREA_STYLE('',(#16391));
#16391 = FILL_AREA_STYLE_COLOUR('',#13691);
#16392 = STYLED_ITEM('color',(#16393),#9374);
#16393 = PRESENTATION_STYLE_ASSIGNMENT((#16394));
#16394 = SURFACE_STYLE_USAGE(.BOTH.,#16395);
#16395 = SURFACE_SIDE_STYLE('',(#16396));
#16396 = SURFACE_STYLE_FILL_AREA(#16397);
#16397 = FILL_AREA_STYLE('',(#16398));
#16398 = FILL_AREA_STYLE_COLOUR('',#13691);
#16399 = STYLED_ITEM('color',(#16400),#9398);
#16400 = PRESENTATION_STYLE_ASSIGNMENT((#16401));
#16401 = SURFACE_STYLE_USAGE(.BOTH.,#16402);
#16402 = SURFACE_SIDE_STYLE('',(#16403));
#16403 = SURFACE_STYLE_FILL_AREA(#16404);
#16404 = FILL_AREA_STYLE('',(#16405));
#16405 = FILL_AREA_STYLE_COLOUR('',#13691);
#16406 = STYLED_ITEM('color',(#16407),#9415);
#16407 = PRESENTATION_STYLE_ASSIGNMENT((#16408));
#16408 = SURFACE_STYLE_USAGE(.BOTH.,#16409);
#16409 = SURFACE_SIDE_STYLE('',(#16410));
#16410 = SURFACE_STYLE_FILL_AREA(#16411);
#16411 = FILL_AREA_STYLE('',(#16412));
#16412 = FILL_AREA_STYLE_COLOUR('',#13691);
#16413 = STYLED_ITEM('color',(#16414),#9446);
#16414 = PRESENTATION_STYLE_ASSIGNMENT((#16415));
#16415 = SURFACE_STYLE_USAGE(.BOTH.,#16416);
#16416 = SURFACE_SIDE_STYLE('',(#16417));
#16417 = SURFACE_STYLE_FILL_AREA(#16418);
#16418 = FILL_AREA_STYLE('',(#16419));
#16419 = FILL_AREA_STYLE_COLOUR('',#13691);
#16420 = STYLED_ITEM('color',(#16421),#9470);
#16421 = PRESENTATION_STYLE_ASSIGNMENT((#16422));
#16422 = SURFACE_STYLE_USAGE(.BOTH.,#16423);
#16423 = SURFACE_SIDE_STYLE('',(#16424));
#16424 = SURFACE_STYLE_FILL_AREA(#16425);
#16425 = FILL_AREA_STYLE('',(#16426));
#16426 = FILL_AREA_STYLE_COLOUR('',#13691);
#16427 = STYLED_ITEM('color',(#16428),#9494);
#16428 = PRESENTATION_STYLE_ASSIGNMENT((#16429));
#16429 = SURFACE_STYLE_USAGE(.BOTH.,#16430);
#16430 = SURFACE_SIDE_STYLE('',(#16431));
#16431 = SURFACE_STYLE_FILL_AREA(#16432);
#16432 = FILL_AREA_STYLE('',(#16433));
#16433 = FILL_AREA_STYLE_COLOUR('',#13691);
#16434 = STYLED_ITEM('color',(#16435),#9511);
#16435 = PRESENTATION_STYLE_ASSIGNMENT((#16436));
#16436 = SURFACE_STYLE_USAGE(.BOTH.,#16437);
#16437 = SURFACE_SIDE_STYLE('',(#16438));
#16438 = SURFACE_STYLE_FILL_AREA(#16439);
#16439 = FILL_AREA_STYLE('',(#16440));
#16440 = FILL_AREA_STYLE_COLOUR('',#13691);
#16441 = STYLED_ITEM('color',(#16442),#9542);
#16442 = PRESENTATION_STYLE_ASSIGNMENT((#16443));
#16443 = SURFACE_STYLE_USAGE(.BOTH.,#16444);
#16444 = SURFACE_SIDE_STYLE('',(#16445));
#16445 = SURFACE_STYLE_FILL_AREA(#16446);
#16446 = FILL_AREA_STYLE('',(#16447));
#16447 = FILL_AREA_STYLE_COLOUR('',#13691);
#16448 = STYLED_ITEM('color',(#16449),#9566);
#16449 = PRESENTATION_STYLE_ASSIGNMENT((#16450));
#16450 = SURFACE_STYLE_USAGE(.BOTH.,#16451);
#16451 = SURFACE_SIDE_STYLE('',(#16452));
#16452 = SURFACE_STYLE_FILL_AREA(#16453);
#16453 = FILL_AREA_STYLE('',(#16454));
#16454 = FILL_AREA_STYLE_COLOUR('',#13691);
#16455 = STYLED_ITEM('color',(#16456),#9590);
#16456 = PRESENTATION_STYLE_ASSIGNMENT((#16457));
#16457 = SURFACE_STYLE_USAGE(.BOTH.,#16458);
#16458 = SURFACE_SIDE_STYLE('',(#16459));
#16459 = SURFACE_STYLE_FILL_AREA(#16460);
#16460 = FILL_AREA_STYLE('',(#16461));
#16461 = FILL_AREA_STYLE_COLOUR('',#13691);
#16462 = STYLED_ITEM('color',(#16463),#9607);
#16463 = PRESENTATION_STYLE_ASSIGNMENT((#16464));
#16464 = SURFACE_STYLE_USAGE(.BOTH.,#16465);
#16465 = SURFACE_SIDE_STYLE('',(#16466));
#16466 = SURFACE_STYLE_FILL_AREA(#16467);
#16467 = FILL_AREA_STYLE('',(#16468));
#16468 = FILL_AREA_STYLE_COLOUR('',#13691);
#16469 = STYLED_ITEM('color',(#16470),#9619);
#16470 = PRESENTATION_STYLE_ASSIGNMENT((#16471));
#16471 = SURFACE_STYLE_USAGE(.BOTH.,#16472);
#16472 = SURFACE_SIDE_STYLE('',(#16473));
#16473 = SURFACE_STYLE_FILL_AREA(#16474);
#16474 = FILL_AREA_STYLE('',(#16475));
#16475 = FILL_AREA_STYLE_COLOUR('',#13691);
#16476 = STYLED_ITEM('color',(#16477),#9631);
#16477 = PRESENTATION_STYLE_ASSIGNMENT((#16478));
#16478 = SURFACE_STYLE_USAGE(.BOTH.,#16479);
#16479 = SURFACE_SIDE_STYLE('',(#16480));
#16480 = SURFACE_STYLE_FILL_AREA(#16481);
#16481 = FILL_AREA_STYLE('',(#16482));
#16482 = FILL_AREA_STYLE_COLOUR('',#13691);
#16483 = STYLED_ITEM('color',(#16484),#9643);
#16484 = PRESENTATION_STYLE_ASSIGNMENT((#16485));
#16485 = SURFACE_STYLE_USAGE(.BOTH.,#16486);
#16486 = SURFACE_SIDE_STYLE('',(#16487));
#16487 = SURFACE_STYLE_FILL_AREA(#16488);
#16488 = FILL_AREA_STYLE('',(#16489));
#16489 = FILL_AREA_STYLE_COLOUR('',#13691);
#16490 = STYLED_ITEM('color',(#16491),#9655);
#16491 = PRESENTATION_STYLE_ASSIGNMENT((#16492));
#16492 = SURFACE_STYLE_USAGE(.BOTH.,#16493);
#16493 = SURFACE_SIDE_STYLE('',(#16494));
#16494 = SURFACE_STYLE_FILL_AREA(#16495);
#16495 = FILL_AREA_STYLE('',(#16496));
#16496 = FILL_AREA_STYLE_COLOUR('',#13691);
#16497 = STYLED_ITEM('color',(#16498),#9667);
#16498 = PRESENTATION_STYLE_ASSIGNMENT((#16499));
#16499 = SURFACE_STYLE_USAGE(.BOTH.,#16500);
#16500 = SURFACE_SIDE_STYLE('',(#16501));
#16501 = SURFACE_STYLE_FILL_AREA(#16502);
#16502 = FILL_AREA_STYLE('',(#16503));
#16503 = FILL_AREA_STYLE_COLOUR('',#13691);
#16504 = STYLED_ITEM('color',(#16505),#9679);
#16505 = PRESENTATION_STYLE_ASSIGNMENT((#16506));
#16506 = SURFACE_STYLE_USAGE(.BOTH.,#16507);
#16507 = SURFACE_SIDE_STYLE('',(#16508));
#16508 = SURFACE_STYLE_FILL_AREA(#16509);
#16509 = FILL_AREA_STYLE('',(#16510));
#16510 = FILL_AREA_STYLE_COLOUR('',#13691);
#16511 = STYLED_ITEM('color',(#16512),#9691);
#16512 = PRESENTATION_STYLE_ASSIGNMENT((#16513));
#16513 = SURFACE_STYLE_USAGE(.BOTH.,#16514);
#16514 = SURFACE_SIDE_STYLE('',(#16515));
#16515 = SURFACE_STYLE_FILL_AREA(#16516);
#16516 = FILL_AREA_STYLE('',(#16517));
#16517 = FILL_AREA_STYLE_COLOUR('',#13691);
#16518 = STYLED_ITEM('color',(#16519),#9703);
#16519 = PRESENTATION_STYLE_ASSIGNMENT((#16520));
#16520 = SURFACE_STYLE_USAGE(.BOTH.,#16521);
#16521 = SURFACE_SIDE_STYLE('',(#16522));
#16522 = SURFACE_STYLE_FILL_AREA(#16523);
#16523 = FILL_AREA_STYLE('',(#16524));
#16524 = FILL_AREA_STYLE_COLOUR('',#13691);
#16525 = STYLED_ITEM('color',(#16526),#9715);
#16526 = PRESENTATION_STYLE_ASSIGNMENT((#16527));
#16527 = SURFACE_STYLE_USAGE(.BOTH.,#16528);
#16528 = SURFACE_SIDE_STYLE('',(#16529));
#16529 = SURFACE_STYLE_FILL_AREA(#16530);
#16530 = FILL_AREA_STYLE('',(#16531));
#16531 = FILL_AREA_STYLE_COLOUR('',#13691);
#16532 = STYLED_ITEM('color',(#16533),#9727);
#16533 = PRESENTATION_STYLE_ASSIGNMENT((#16534));
#16534 = SURFACE_STYLE_USAGE(.BOTH.,#16535);
#16535 = SURFACE_SIDE_STYLE('',(#16536));
#16536 = SURFACE_STYLE_FILL_AREA(#16537);
#16537 = FILL_AREA_STYLE('',(#16538));
#16538 = FILL_AREA_STYLE_COLOUR('',#13691);
#16539 = STYLED_ITEM('color',(#16540),#9739);
#16540 = PRESENTATION_STYLE_ASSIGNMENT((#16541));
#16541 = SURFACE_STYLE_USAGE(.BOTH.,#16542);
#16542 = SURFACE_SIDE_STYLE('',(#16543));
#16543 = SURFACE_STYLE_FILL_AREA(#16544);
#16544 = FILL_AREA_STYLE('',(#16545));
#16545 = FILL_AREA_STYLE_COLOUR('',#13691);
#16546 = STYLED_ITEM('color',(#16547),#9751);
#16547 = PRESENTATION_STYLE_ASSIGNMENT((#16548));
#16548 = SURFACE_STYLE_USAGE(.BOTH.,#16549);
#16549 = SURFACE_SIDE_STYLE('',(#16550));
#16550 = SURFACE_STYLE_FILL_AREA(#16551);
#16551 = FILL_AREA_STYLE('',(#16552));
#16552 = FILL_AREA_STYLE_COLOUR('',#13691);
#16553 = STYLED_ITEM('color',(#16554),#9763);
#16554 = PRESENTATION_STYLE_ASSIGNMENT((#16555));
#16555 = SURFACE_STYLE_USAGE(.BOTH.,#16556);
#16556 = SURFACE_SIDE_STYLE('',(#16557));
#16557 = SURFACE_STYLE_FILL_AREA(#16558);
#16558 = FILL_AREA_STYLE('',(#16559));
#16559 = FILL_AREA_STYLE_COLOUR('',#13691);
ENDSEC;
END-ISO-10303-21;
